{"type":"FeatureCollection","features":[{"type":"Feature","geometry":{"type":"Polygon","coordinates":[[[-107.60857395004878,25.335430519182044],[-107.60830636128641,25.33543049665799],[-107.60830193609479,25.335430515339475],[-107.60829742059322,25.335430545106238],[-107.60829742059322,25.335426086806496],[-107.60829742059322,25.335421628506698],[-107.60829742059322,25.334877628062806],[-107.60802992241334,25.33487759326078],[-107.60802549722622,25.33487761192259],[-107.60802098172923,25.33487309593945],[-107.60802098172923,25.33486863762741],[-107.60801655654225,25.334868656288734],[-107.60801655654225,25.334601157452045],[-107.60801655654225,25.33459669913627],[-107.60774896832928,25.334596674499277],[-107.60774454314672,25.3345966931459],[-107.60774454314672,25.33459223482535],[-107.60774011796425,25.334592166053678],[-107.60774011796427,25.334587707733],[-107.60774011796425,25.334320208382042],[-107.6071960919998,25.334320193941885],[-107.60719157651661,25.334320223647673],[-107.60718715134317,25.334320242268983],[-107.60718715134317,25.334315783935068],[-107.60718715134317,25.33431132560108],[-107.60718715134317,25.334043738034058],[-107.60636217383845,25.334043759054698],[-107.60635774867852,25.33404377764066],[-107.60635774867852,25.334039319288667],[-107.60635332351866,25.33403925045572],[-107.60635332351866,25.33403479210358],[-107.60635332351866,25.33376729086554],[-107.60608573694545,25.33376726164683],[-107.60608131179004,25.333767280217856],[-107.60608131179004,25.33376282185734],[-107.6060767963254,25.33376285151147],[-107.6060767963254,25.333758393150823],[-107.60607237117011,25.33375832430253],[-107.60607237117011,25.33375386594174],[-107.60607237117011,25.333486364184843],[-107.60580478487397,25.333486334045933],[-107.60580035972312,25.33348635260178],[-107.60580035972312,25.333481894232623],[-107.60579593457236,25.33348191278823],[-107.60579593457236,25.333477454418937],[-107.60579593457236,25.333209864732456],[-107.60552834854883,25.333209921107223],[-107.6055239234025,25.333209852228954],[-107.6055239234025,25.33320539385129],[-107.60551940794713,25.33320542347473],[-107.60551940794713,25.333200965096925],[-107.60551940794713,25.332933462318884],[-107.60525191250537,25.33293341928642],[-107.60524739705453,25.33293344889487],[-107.60524739705453,25.33292899050869],[-107.60524297191277,25.332929009034423],[-107.60524297191277,25.332924550648116],[-107.60524297191279,25.332920092261737],[-107.60524297191277,25.33237608125447],[-107.6052385467711,25.33237601235108],[-107.60497096129733,25.332376066613506],[-107.60496653616009,25.332375997699984],[-107.60496653616009,25.33237153930144],[-107.604962020714,25.332371568889354],[-107.604962020714,25.332367110490676],[-107.604962020714,25.33126570933733],[-107.60469452582184,25.331265750746883],[-107.60469001038028,25.33126569288533],[-107.60469001038028,25.331261234467043],[-107.60468558524762,25.331261252943648],[-107.60468558524762,25.33125679452523],[-107.60468558524762,25.330431898664493],[-107.60441809062806,25.330431851170268],[-107.6044135751911,25.330431880703735],[-107.60440915006296,25.330427440721568],[-107.60440915006296,25.330422982287132],[-107.60440915006296,25.329878965415823],[-107.60440915006296,25.32987450697402],[-107.60414156540739,25.329874469363727],[-107.60413714028367,25.329874487796346],[-107.60413262485139,25.329874517309527],[-107.60413262485139,25.329870058862866],[-107.60412819972781,25.32986998987456],[-107.60412819972781,25.329865531427757],[-107.60412819972781,25.329321513047603],[-107.60386061534943,25.32932156165541],[-107.6038561902303,25.329321580068186],[-107.60385619023032,25.329317121609304],[-107.60385176511126,25.32931705260108],[-107.60385176511126,25.32931259414206],[-107.60385176511126,25.329045086490876],[-107.60358418100563,25.32904513419353],[-107.603579755891,25.32904060670306],[-107.60357524046802,25.329040636180736],[-107.60357524046802,25.329036177713203],[-107.60357524046802,25.329031719245616],[-107.60357524046802,25.328764211080543],[-107.60330774694361,25.32876415937236],[-107.60330323152513,25.328764188834977],[-107.60329880641511,25.32876420721765],[-107.60329880641511,25.32875974874161],[-107.60329880641511,25.32875529026552],[-107.60329438130516,25.32875522122677],[-107.60329438130516,25.328487712546853],[-107.60302679774954,25.32848767100319],[-107.60302237264402,25.328487689370927],[-107.60302237264402,25.32848323088639],[-107.60301785723031,25.32848326033338],[-107.60301785723031,25.3284788018487],[-107.60301785723031,25.327653893730574],[-107.60275036425578,25.327653839623494],[-107.60274584884658,25.327653869045783],[-107.60274584884658,25.327649410545245],[-107.60274142374567,25.327649428888257],[-107.60274142374567,25.32764497038758],[-107.60274142374567,25.32710094543349],[-107.60219740780583,25.327100893021328],[-107.60219298271386,25.327096452817162],[-107.60218846731395,25.327096482208773],[-107.60218404222212,25.327092042003997],[-107.60218404222212,25.327087583486172],[-107.60218404222212,25.326819984885415],[-107.60136359532129,25.326820006349102],[-107.6013590799352,25.32682003570469],[-107.60135465485689,25.32681996656005],[-107.60135465485689,25.32681550802422],[-107.60135022977869,25.326811067765654],[-107.60135022977867,25.32654355549814],[-107.60024874877998,25.32654351004812],[-107.60024432371982,25.326543528280045],[-107.60024432371982,25.32653906972129],[-107.60023989865972,25.32653908795297],[-107.60023989865972,25.326534629394086],[-107.60023989865972,25.32626702832811],[-107.59941936733803,25.32626704577894],[-107.5994149422914,25.32626706397553],[-107.5994149422914,25.326262605398707],[-107.59941051724486,25.32626262359505],[-107.59941051724486,25.326258165018093],[-107.59940600189132,25.32625819429041],[-107.59940600189132,25.32625373571332],[-107.59940600189132,25.325986133554757],[-107.59886199264757,25.325986151048987],[-107.59885756761005,25.325986169220194],[-107.59885305226572,25.325986111043633],[-107.59885305226571,25.325981652453315],[-107.59885305226571,25.32597719386293],[-107.59885305226572,25.32570967833045],[-107.5983046191041,25.3257097108737],[-107.5983001940757,25.325709641596006],[-107.5983001940757,25.325705182992404],[-107.59829567874066,25.325705212213318],[-107.59829567874066,25.32570075360958],[-107.59829567874066,25.325433237275554],[-107.59802819042781,25.32543325773064],[-107.59802367509732,25.32543319951282],[-107.59802367509732,25.325428740900723],[-107.59801925007349,25.32542875903145],[-107.59801925007349,25.32542430041921],[-107.59801925007349,25.32515678357525],[-107.59801925007349,25.325152324959355],[-107.59775167172718,25.325152268155872],[-107.59774724670783,25.325152286271823],[-107.59774273138201,25.325152315462304],[-107.59774273138201,25.32514785684157],[-107.59774273138201,25.325143398220767],[-107.59774273138201,25.324875793439208],[-107.59773830636279,25.324875811550104],[-107.59719430046913,25.324875819120134],[-107.59718987545887,25.32487583721079],[-107.59718536014235,25.324871407741394],[-107.59718536014235,25.324866949107236],[-107.59718536014235,25.324599343523946],[-107.59664135535978,25.324599347997058],[-107.59663693035854,25.324599366062582],[-107.59663241505125,25.324594936554284],[-107.59663241505126,25.324590477906845],[-107.59662799005018,25.32459040854742],[-107.59662799005018,25.324322889586902],[-107.59608398638774,25.32432289094306],[-107.59607956139561,25.32431845032263],[-107.59607504609762,25.324318479435835],[-107.59607504609762,25.32431402077504],[-107.59607504609762,25.324309562114184],[-107.59607504609762,25.32404195492851],[-107.5955266185635,25.324041971193445],[-107.59552210327473,25.324042000281036],[-107.59552210327473,25.324037541606963],[-107.5955176782918,25.32403755962157],[-107.5955176782918,25.32403310094736],[-107.5955176782918,25.323765492960042],[-107.59525010241825,25.323765516548313],[-107.59524567743978,25.32376553454823],[-107.59524567743978,25.323761075865654],[-107.59524125246138,25.32376109386533],[-107.59524125246138,25.32375663518262],[-107.59524125246138,25.32348902668534],[-107.59469725158648,25.32348901997852],[-107.59469273631156,25.323489049025287],[-107.59468831134218,25.323484608303968],[-107.59468831134218,25.323480149607985],[-107.59468379606741,25.323480178654254],[-107.59468379606741,25.323475719958132],[-107.59468379606741,25.323208110655585],[-107.5944163113239,25.32320812072944],[-107.59441179605365,25.32320814976074],[-107.59440737108889,25.323203709015623],[-107.59440737108889,25.323199250311003],[-107.59440737108889,25.322931640498528],[-107.5938633718907,25.32293162882529],[-107.59385885662968,25.32293165783098],[-107.59385443167396,25.32293167576528],[-107.59385443167396,25.322927217047443],[-107.59385443167396,25.322922758329543],[-107.59385000671831,25.322922776263532],[-107.59385000671831,25.322655165649532],[-107.59330600864102,25.32265515085955],[-107.5933014933893,25.322655179839455],[-107.5933014933893,25.32265072110834],[-107.59329706844271,25.322650739017273],[-107.59329706844272,25.32264628028602],[-107.59329706844271,25.322378756301266],[-107.59275307147756,25.32237873841485],[-107.59274855623508,25.32237430862475],[-107.59274413129755,25.32237423908219],[-107.59273970636005,25.32236979822122],[-107.59273970636005,25.322365339476548],[-107.59273970636005,25.32209781468699],[-107.59247213323431,25.32209783033422],[-107.59246761799653,25.322097859273047],[-107.59246319306358,25.32209333096212],[-107.59246319306358,25.322088872208955],[-107.59246319306358,25.321821346909648],[-107.59191919777594,25.32182132405707],[-107.59191477285196,25.3218213419008],[-107.59191025762348,25.321821370813847],[-107.59191025762348,25.32181691204747],[-107.59190583269965,25.321812383697488],[-107.59190583269965,25.32154485759703],[-107.5916382603991,25.321544870806342],[-107.5916382603991,25.321540412031545],[-107.59163383547971,25.32154042986011],[-107.59162932025593,25.321540458757696],[-107.59162932025593,25.321535999982682],[-107.59162932025593,25.321531541207612],[-107.59162932025593,25.321263927166886],[-107.59136183853344,25.32126392839765],[-107.59135732331421,25.321263957280184],[-107.59135289839942,25.321263975093654],[-107.59135289839942,25.321259516310153],[-107.59135289839942,25.321255057526592],[-107.59135289839942,25.32043455290473],[-107.59135289839942,25.320430094110087],[-107.59108532664615,25.320430104926572],[-107.59108090173582,25.32043012271573],[-107.59107638652127,25.320430151573177],[-107.59107638652127,25.320425692773696],[-107.59107638652127,25.320421233974155],[-107.59107638652127,25.319877172553433],[-107.59107196161109,25.319877190332814],[-107.5908043901359,25.319877199947562],[-107.59079996523018,25.31987275890521],[-107.59079545002031,25.319868241502874],[-107.59079545002031,25.31931980719215],[-107.59052796912296,25.319319804542715],[-107.59052345391767,25.319319833360023],[-107.59051902901652,25.319315304857508],[-107.5905190290165,25.31931084603342],[-107.5905190290165,25.319043316478755],[-107.59025145808873,25.319043323992243],[-107.59024703319204,25.31904334172691],[-107.59024260829544,25.31903890062891],[-107.59024260829544,25.31903444179633],[-107.59024260829544,25.318485917504947],[-107.58997503764132,25.318485923822166],[-107.58997052244524,25.31848595260414],[-107.58996609755316,25.318485970318914],[-107.58996609755316,25.318481511474133],[-107.58996167266116,25.318481441760337],[-107.58996167266116,25.318476982915417],[-107.58996167266116,25.318209452111024],[-107.58969410228521,25.318209457513415],[-107.58968967739766,25.31820947521326],[-107.58968967739766,25.318205016359993],[-107.58968516220634,25.31820504512634],[-107.58968516220634,25.31820058627293],[-107.58968516220634,25.315712361885293],[-107.58968516220634,25.315707902998444],[-107.58914117250981,25.315707942051414],[-107.58913674763131,25.31570787225872],[-107.58913223244924,25.315707900960767],[-107.58913223244924,25.3157034420643],[-107.58912780757089,25.31569900080395],[-107.58912780757089,25.31543146689862],[-107.58829836991895,25.315431419951498],[-107.58829836991895,25.31569904214702],[-107.58829836991895,25.315703501057957],[-107.58829394505425,25.315703431233807],[-107.58829394505425,25.31570789014476],[-107.58828952018963,25.315707907750163],[-107.58828500502172,25.315707936420342],[-107.58552038188662,25.31570795579039],[-107.58552038188662,25.31571241474924],[-107.58552038188662,25.315975493215607],[-107.58552038188662,25.31597995217087],[-107.58551595706746,25.315979882248094],[-107.58551595706746,25.31598434120338],[-107.58551144194593,25.315988828729378],[-107.58550701712689,25.31598884623692],[-107.58468653051003,25.31598881741012],[-107.58468653051003,25.316256355474273],[-107.58468653051003,25.316260814440184],[-107.58468210570453,25.316260831921948],[-107.58468210570453,25.31626529088787],[-107.58467759059695,25.316265319432116],[-107.58412909589016,25.316265277999896],[-107.58412909589016,25.316532816419762],[-107.58412909589016,25.3165372753916],[-107.58412909589016,25.31654173436338],[-107.58412467109382,25.31654175182938],[-107.58412024629752,25.31654176929522],[-107.58329524881268,25.316541761219916],[-107.58329524881268,25.316809300282117],[-107.58329524881268,25.316813759264672],[-107.58329524881268,25.316818218247153],[-107.58329082403,25.31681823568712],[-107.58328639924738,25.316822712109502],[-107.58274233214243,25.31682273550004],[-107.58274233214243,25.317090274909543],[-107.58274233214243,25.317094733897882],[-107.58273790736881,25.31709466389103],[-107.58273790736881,25.317099122879377],[-107.58273348259527,25.317099140303583],[-107.58272896752031,25.317099168789074],[-107.58190848935156,25.31709912445426],[-107.58190848935158,25.31736666450607],[-107.58190848935158,25.317371123505108],[-107.58190406459163,25.31737114090337],[-107.58190406459164,25.317375599902423],[-107.58189954953055,25.31737562836154],[-107.58164092695779,25.317375656473015],[-107.58163650220224,25.317375586430035],[-107.58163207744677,25.317375603818334],[-107.58163207744677,25.317371144814576],[-107.58163207744677,25.31736668581076],[-107.58163207744677,25.317099145472316],[-107.58162756239022,25.31709917391638],[-107.58080708757255,25.317099122032886],[-107.58080266283069,25.317099139385856],[-107.58079814778804,25.31709470877686],[-107.58079814778804,25.31709024975492],[-107.58079814778804,25.316822708329145],[-107.58053067679683,25.31682268075178],[-107.58052616175874,25.31682270914962],[-107.58052616175874,25.316818250119333],[-107.58052173702148,25.31681826745714],[-107.58052173702148,25.316813808426712],[-107.58051722198356,25.316813749392086],[-107.58051722198356,25.316809290361533],[-107.58051722198356,25.316541748418288],[-107.58024975127105,25.316541807354096],[-107.58024523623767,25.316541748304342],[-107.58024081150504,25.316537306588064],[-107.58024081150504,25.31653284754902],[-107.58024081150504,25.316265305096657],[-107.57997325076623,25.316265286755367],[-107.57996882603805,25.316265304063315],[-107.57996431100936,25.316260873382845],[-107.57996431100936,25.31625641433531],[-107.57996431100936,25.31543148951241],[-107.57886291717362,25.315431462085655],[-107.57885849246367,25.315431479338397],[-107.57885397745359,25.31542696113839],[-107.57885397745359,25.315422502060482],[-107.57885397745359,25.315154957276576],[-107.57884955274379,25.31515497452425],[-107.57830558489246,25.315154963177402],[-107.57830106989164,25.315154991462535],[-107.57830106989164,25.31515053237143],[-107.57829664519092,25.31515054959863],[-107.57829664519092,25.31514609050739],[-107.57829664519092,25.314878544923204],[-107.57802908638234,25.314878520798754],[-107.57802466168609,25.314878538011268],[-107.57802466168609,25.31487407891168],[-107.57802014669001,25.314874107181353],[-107.57802014669001,25.31486964808162],[-107.57802014669001,25.31486518898183],[-107.57802014669001,25.31459764288498],[-107.5774716655263,25.314597567405436],[-107.57746724083921,25.314597584592594],[-107.57746281615219,25.314593142666514],[-107.57746281615219,25.31458868355338],[-107.57746281615219,25.314321136656243],[-107.57691876080132,25.31432112830739],[-107.5769143361233,25.314321145469428],[-107.5769098211458,25.314316714561393],[-107.5769098211458,25.314312255435],[-107.5769098211458,25.314044707742152],[-107.57690539646794,25.31404463746521],[-107.5758084397975,25.314044646296622],[-107.57580401513772,25.314044663412975],[-107.57580401513772,25.314040204263826],[-107.57579950017885,25.314040232435485],[-107.57579507551922,25.314035790402073],[-107.57579507551922,25.31403133125265],[-107.57579507551922,25.313763782178107],[-107.57552751919569,25.313763751307217],[-107.57552309454053,25.3137637684084],[-107.57551857958637,25.31375933740684],[-107.57551857958637,25.313754878248936],[-107.57551857958637,25.313210860536405],[-107.57525102353759,25.313210828474315],[-107.57524659888699,25.313210845555844],[-107.57524659888699,25.31320638638589],[-107.57524217423645,25.313206403467188],[-107.57524217423645,25.3132019442971],[-107.57524217423645,25.312653465920402],[-107.57497461846238,25.31265343266269],[-107.5749701035174,25.312653460779025],[-107.57496567887141,25.312653477840666],[-107.57496567887141,25.312649018658387],[-107.57496125422549,25.31264448910243],[-107.57496125422549,25.312385856420217],[-107.57496567887141,25.312381467612465],[-107.57496567887141,25.312377008426548],[-107.5749701035174,25.31237699136963],[-107.57497461846238,25.31237696325811],[-107.57524217423645,25.31237699680248],[-107.57524217423645,25.308212182972987],[-107.57524217423645,25.308207723736015],[-107.57497461846238,25.30820768586864],[-107.5749701035174,25.308207713907567],[-107.57496567887141,25.308207730893216],[-107.57496567887141,25.30820327165141],[-107.57496125422549,25.308203288636815],[-107.57496125422549,25.308198829394872],[-107.57496125422549,25.307654801429923],[-107.57469369873063,25.307654762361537],[-107.57468918379037,25.307654790380273],[-107.57468918379037,25.307650331126297],[-107.57468475914898,25.307650348092054],[-107.57468475914898,25.30764588883793],[-107.574684759149,25.307378333481477],[-107.57441720392893,25.307378293508638],[-107.57441277929203,25.307373851197262],[-107.57440826435648,25.307373879200544],[-107.57440826435648,25.30736941993794],[-107.57440826435648,25.30736496067529],[-107.57440826435648,25.30682093018347],[-107.57414070941127,25.306820976451654],[-107.5741362847789,25.30682090594625],[-107.57413186014662,25.306816463602665],[-107.57413186014662,25.306812004327842],[-107.57413186014662,25.305987037457918],[-107.57412734521577,25.305987065426496],[-107.57386430547616,25.305987082244215],[-107.57385979054982,25.305987110202736],[-107.57385536592209,25.305987039672402],[-107.57385536592209,25.305982580381702],[-107.57385094129441,25.3059825972882],[-107.57385094129441,25.30597813799736],[-107.57385094129441,25.304885697382446],[-107.57385094129441,25.304881238076945],[-107.57385536592209,25.304881221189273],[-107.57385536592209,25.304876761883786],[-107.57385979054982,25.30487674499603],[-107.57386430547616,25.304876804494203],[-107.57412734521577,25.30487678880806],[-107.57413186014661,25.304876760858807],[-107.57413186014662,25.304332725724777],[-107.57413186014662,25.304328266416743],[-107.57413186014662,25.304323807108634],[-107.5741362847789,25.30432387765755],[-107.5741362847789,25.304319418349465],[-107.57414070941127,25.304319401460877],[-107.57440826435648,25.30431935778585],[-107.57440826435648,25.304042880859487],[-107.57414070941127,25.304042924247906],[-107.5741362847789,25.30404294113177],[-107.57413186014662,25.304038411266063],[-107.57413186014662,25.30403395195409],[-107.57413186014662,25.303775399194983],[-107.57413186014661,25.30377093987949],[-107.57413186014661,25.303766480563933],[-107.5741362847789,25.303766463684962],[-107.57414070941127,25.30376644680583],[-107.57440826435648,25.303766491141484],[-107.57440826435648,25.30349893238587],[-107.57440826435648,25.303494473071453],[-107.57440826435648,25.303490013756985],[-107.57441277929202,25.303489985821322],[-107.57441720392893,25.30348996893671],[-107.57441720392893,25.303485509622337],[-107.57524217423645,25.30348553317991],[-107.57524217423645,25.30321797506363],[-107.57524217423645,25.303213515759875],[-107.57524659888699,25.3032134988494],[-107.57524659888699,25.303209039545663],[-107.57525102353759,25.30320902263511],[-107.57551857958636,25.303209065068195],[-107.57551857958637,25.302656111525636],[-107.57525102353759,25.302656155956637],[-107.57524659888699,25.302651713546545],[-107.57524217423645,25.30265164300994],[-107.57524217423645,25.302647183698618],[-107.57524217423645,25.302642724387237],[-107.57524217423645,25.30016351291185],[-107.57524217423645,25.300159053567292],[-107.57524659888699,25.30015457736451],[-107.57525102353759,25.30015456050617],[-107.57551857958637,25.30015460610668],[-107.57551857958636,25.29932070851105],[-107.57525102353759,25.299320749484135],[-107.57524659888699,25.299320766328208],[-107.57524217423645,25.299316236377976],[-107.57524217423645,25.29931177702212],[-107.57524217423645,25.299044215561423],[-107.57497461846238,25.29904425563048],[-107.5749701035174,25.29904428350985],[-107.57496567887141,25.29903984097458],[-107.57496567887141,25.299035381610246],[-107.57496125422549,25.299035311000413],[-107.57496125422549,25.29876774902705],[-107.57496125422549,25.29876328965901],[-107.57469369873063,25.298763328809397],[-107.57468918379037,25.298763356673312],[-107.57468918379037,25.298758897300512],[-107.574684759149,25.29875891411427],[-107.574684759149,25.29875445474134],[-107.574684759149,25.298486892256406],[-107.57441720392895,25.298486843063838],[-107.57441277929202,25.298486859862916],[-107.57440826435648,25.29848242833012],[-107.57440826435648,25.29847796894872],[-107.57440826435648,25.29821040595573],[-107.57414070941127,25.298210443297833],[-107.5741362847789,25.298210372642977],[-107.57413186014661,25.298205930037163],[-107.57413186014662,25.2982014706473],[-107.57413186014662,25.29793390714636],[-107.57412734521577,25.297933934974722],[-107.57386430547616,25.29793394358448],[-107.57385979054982,25.297933971402784],[-107.57385979054982,25.297929512004586],[-107.57385536592209,25.2979294413344],[-107.57385094129441,25.29792499870482],[-107.57385094129441,25.29792053930635],[-107.57385094129441,25.2968325317409],[-107.57385094129441,25.29682807232786],[-107.57385536592209,25.29682359616482],[-107.57385979054982,25.296823666854205],[-107.57385979054982,25.29681920744119],[-107.57386430547616,25.296819179642306],[-107.57412734521577,25.296819172168796],[-107.57413186014662,25.29681914435984],[-107.57413186014661,25.29654266092857],[-107.57412734521577,25.296542688732707],[-107.57386430547616,25.296542695924398],[-107.57385979054982,25.296542723718478],[-107.57385536592209,25.29654274046377],[-107.57385536592209,25.296538281046942],[-107.57385094129441,25.29653821035244],[-107.57385094129441,25.29653375093547],[-107.57385094129441,25.29598978905873],[-107.57358338690325,25.29598973541422],[-107.57358338690324,25.295985275985316],[-107.57357887198161,25.295985303759128],[-107.57357444735848,25.29598532048453],[-107.57357444735848,25.295980861055412],[-107.57357444735848,25.29597640162623],[-107.57357444735848,25.295708835766636],[-107.57330689324222,25.295708868653158],[-107.57330246862355,25.295708885363805],[-107.57329795370664,25.295708825682297],[-107.57329795370664,25.295704366244717],[-107.57329795370664,25.295699906807073],[-107.57329795370664,25.295432427879636],[-107.57303039986529,25.295432372422],[-107.57302597525118,25.295432389117718],[-107.57302155063714,25.295432405813287],[-107.57302155063714,25.29542794636724],[-107.57301703572494,25.295423514664055],[-107.57301703572494,25.294888380690388],[-107.57301703572494,25.294883921237016],[-107.57302155063714,25.294883893503492],[-107.57302155063714,25.294879434050127],[-107.57302597525118,25.29487941736402],[-107.57302597525118,25.294874957910675],[-107.57303039986529,25.294875028664737],[-107.57329795370664,25.29487499726013],[-107.57329795370664,25.294331031520134],[-107.57329795370664,25.294326572064186],[-107.57329795370664,25.294322112608175],[-107.57330246862357,25.29432208487388],[-107.57330689324222,25.29432206818694],[-107.57411849595157,25.29432210244638],[-107.57412292058365,25.294322085729352],[-107.57412734521577,25.294322069012168],[-107.57412734521579,25.294326528453848],[-107.57413186014662,25.294330960129837],[-107.57413186014661,25.294598526513603],[-107.57439941508304,25.294598492935798],[-107.57440383971971,25.294598563643554],[-107.57440383971971,25.294603023076768],[-107.57440826435648,25.294603006344428],[-107.57440826435648,25.2946074657775],[-107.57440826435648,25.29487503165354],[-107.57551857958637,25.294874968316552],[-107.57551857958637,25.294607491031257],[-107.57551857958636,25.294603031617367],[-107.57552309454053,25.294603003794727],[-107.57552309454053,25.294598544380854],[-107.57552751919569,25.294598527607313],[-107.57579507551922,25.294598578352016],[-107.57579507551922,25.294054529987072],[-107.57579507551922,25.294050070570588],[-107.57579950017885,25.294045594379934],[-107.57580401513772,25.294045566556445],[-107.5758084397975,25.294041177805166],[-107.57607599640016,25.29404114106098],[-107.57607599640016,25.293773576247453],[-107.57607599640016,25.29376911683208],[-107.5760804210644,25.293769187491854],[-107.5760804210644,25.2937647280765],[-107.57608493602801,25.29376470024734],[-107.5763524929054,25.293764663172343],[-107.5763524929054,25.29322070206656],[-107.5763524929054,25.293216242648597],[-107.57635691757417,25.293211766450174],[-107.57636134224305,25.293211749669602],[-107.57662889939505,25.293211799990143],[-107.57662889939505,25.29320734057684],[-107.57662889939505,25.292663291708436],[-107.57662889939505,25.292658832287827],[-107.57663341436783,25.292658804457318],[-107.57663341436783,25.29265434503673],[-107.57663783904124,25.292654328255498],[-107.57690539646794,25.292654378536604],[-107.5769098211458,25.29265436174534],[-107.5769098211458,25.29238679668793],[-107.5769098211458,25.2923823372685],[-107.5769098211458,25.292377877849],[-107.5769143361233,25.29237793745242],[-107.57691876080132,25.29237792066556],[-107.57718631850709,25.2923778831664],[-107.57718631850709,25.29155297786191],[-107.57718631850709,25.29154851843615],[-107.57718631850709,25.291544059010324],[-107.57719074318958,25.291544042227688],[-107.57719525817177,25.291544014395487],[-107.57746281615219,25.29154406458321],[-107.57746281615219,25.291276499212074],[-107.57746281615219,25.291272039787412],[-107.57746724083921,25.29126756357459],[-107.57747166552632,25.29126763422603],[-107.57773922378128,25.29126759664347],[-107.57773922378128,25.291263137223467],[-107.57773922378128,25.29099557191455],[-107.57774373877267,25.290995544071297],[-107.57774373877267,25.290991084647747],[-107.57774816346432,25.290986695870167],[-107.57775258815603,25.29098667907635],[-107.57856420426518,25.290986693709684],[-107.5785686289703,25.290986676885783],[-107.5785686289703,25.29099113629513],[-107.57857305367548,25.290991119471],[-107.57857305367548,25.290995578880207],[-107.57857305367548,25.291263143324308],[-107.57857305367548,25.291267602729896],[-107.57884955274379,25.291267605398623],[-107.57885397745359,25.291267588559407],[-107.57885397745359,25.291263129158672],[-107.57885397745359,25.29071908182354],[-107.57885397745359,25.290714622415503],[-107.57885849246368,25.2907102225666],[-107.57886291717362,25.290710205736573],[-107.57968338607385,25.290710179997543],[-107.57968338607385,25.290442616263363],[-107.57968338607385,25.29043815686599],[-107.57968790109783,25.290438216398538],[-107.57968790109783,25.290433757001175],[-107.5796923258214,25.290433740145307],[-107.57969675054504,25.290433723289276],[-107.58024081150504,25.29043376939337],[-107.58024081150504,25.28987634545068],[-107.57997325076623,25.28987638717669],[-107.57996882603805,25.289876316594167],[-107.57996431100936,25.28987188510149],[-107.57996431100936,25.28986742570137],[-107.57996431100936,25.289042523097475],[-107.57969675054504,25.28904247590174],[-107.5796923258214,25.28904249273398],[-107.57968790109783,25.289042509566052],[-107.57968790109783,25.289038050150126],[-107.57968338607385,25.28903361861627],[-107.57968338607385,25.288774972382512],[-107.57968790109783,25.288770485085376],[-107.57968790109783,25.288766025665815],[-107.5796923258214,25.288766008838472],[-107.57969675054504,25.288766079450557],[-107.57996431100936,25.288766039493517],[-107.57996431100936,25.2876646496664],[-107.57996431100936,25.28766019023691],[-107.57996431100936,25.287655730807362],[-107.57996882603805,25.28765570293866],[-107.57997325076623,25.28765568611995],[-107.58024081150504,25.287655734136834],[-107.58024081150504,25.287107224438213],[-107.58024081150504,25.287102765006093],[-107.58024523623767,25.287102748186808],[-107.58024523623767,25.2870982887547],[-107.58024975127105,25.287098348325006],[-107.58079814778804,25.287098305724662],[-107.58079814778804,25.286830827703177],[-107.58079814778804,25.28682636827702],[-107.58079814778804,25.2868219088508],[-107.58080266283069,25.28682188096529],[-107.58080708757255,25.286821864130108],[-107.58107464913893,25.286821823710238],[-107.58107464913893,25.286554345754976],[-107.58107464913893,25.286549886329915],[-107.58107907388526,25.286545410064317],[-107.5810835889326,25.28654538217307],[-107.58162756239022,25.286545441232498],[-107.58163207744677,25.286540953905106],[-107.58163207744677,25.28627338886434],[-107.58163207744677,25.286268929445185],[-107.58163650220224,25.286268912588874],[-107.58163650220224,25.28626445316974],[-107.58164092695779,25.28626443631335],[-107.58190848935158,25.286264482049305],[-107.58190848935158,25.28572043304349],[-107.58190848935158,25.285715973621766],[-107.58190848935158,25.28571151419998],[-107.58191300441281,25.285711573731742],[-107.5819174291729,25.285711556874617],[-107.58218499184102,25.285711515127176],[-107.58218499184102,25.28516309382327],[-107.58218499184102,25.285158634398922],[-107.58218941660556,25.285158617541224],[-107.58218941660556,25.285154158116892],[-107.5821939316715,25.28515413020817],[-107.58246140431253,25.2851541869123],[-107.58246140431253,25.284043877019062],[-107.5821939316715,25.28404381916324],[-107.58218941660556,25.284043847052622],[-107.58218941660556,25.28403938761347],[-107.58218499184102,25.28403940445202],[-107.58218499184102,25.28403494501274],[-107.58218499184102,25.283209947725673],[-107.58163207744677,25.283210016259872],[-107.58163207744677,25.283477496302964],[-107.58162756239022,25.283477524161363],[-107.58162756239022,25.283481983617687],[-107.58162756239022,25.283486443073958],[-107.5816231376349,25.28348645988234],[-107.58161862257853,25.28348648774056],[-107.58135115077337,25.283486427425206],[-107.58135115077337,25.283753994979747],[-107.58135115077337,25.28375845443718],[-107.58135115077337,25.28376291389456],[-107.58134663572154,25.283762941747376],[-107.58134221097083,25.283767418007606],[-107.58079814778804,25.283767362842685],[-107.58079814778804,25.28403493074697],[-107.58079372304633,25.28403494753416],[-107.58079372304633,25.2840394069975],[-107.58078929830468,25.28404388324796],[-107.58078478326226,25.284043823644105],[-107.57996431100936,25.28404383572141],[-107.57996431100936,25.284311404270277],[-107.57996431100936,25.284315863744283],[-107.57995988628134,25.28431588050554],[-107.57995988628134,25.284320339979566],[-107.57995546155338,25.284320269300068],[-107.57858650839171,25.284320316709536],[-107.57858199338618,25.2843203444682],[-107.57857756868084,25.284320273737446],[-107.57857756868084,25.284315814239527],[-107.57857305367548,25.28431584199777],[-107.57857305367548,25.284311382499705],[-107.57857305367548,25.28404381250769],[-107.57747166552632,25.284043813163464],[-107.57746724083921,25.28404382982819],[-107.57746724083921,25.2840393703074],[-107.57746281615219,25.284039386971894],[-107.57746281615219,25.284034927450968],[-107.57746281615219,25.28376735608701],[-107.57663783904124,25.28376737221582],[-107.57663783904124,25.283762912677023],[-107.57663341436783,25.283762929306207],[-107.57662889939505,25.283758497442765],[-107.57662889939505,25.283754037903687],[-107.57662889939505,25.28348646545091],[-107.5758084397975,25.283486447300817],[-107.57580401513772,25.28348646389471],[-107.57579950017885,25.283486491534298],[-107.57579950017885,25.28348203197728],[-107.57579507551922,25.28348196112847],[-107.57579507551922,25.283477501571312],[-107.57579507551922,25.283210015475692],[-107.57552751919569,25.283209952919417],[-107.57552309454053,25.283209969498227],[-107.57552309454053,25.28320550993276],[-107.57551857958637,25.283205537556903],[-107.57551857958637,25.28320107799129],[-107.57551857958637,25.282933503946232],[-107.57525102353759,25.282933527928385],[-107.57524659888699,25.282933544492277],[-107.57524659888699,25.282929084918354],[-107.57524217423645,25.282929101482],[-107.57524217423645,25.28292464190794],[-107.57524217423645,25.28292018233382],[-107.57524217423645,25.282108626300502],[-107.57524217423645,25.28210416671554],[-107.57524217423645,25.282099707130534],[-107.57524659888699,25.282099690581063],[-107.57525102353759,25.282099674031432],[-107.57551857958637,25.282099650913928],[-107.57551857958637,25.281265795811123],[-107.57525102353759,25.281265818063954],[-107.57524659888699,25.28126583459933],[-107.57524217423645,25.28126139153839],[-107.57524217423645,25.281256931942185],[-107.57524217423645,25.2804409122828],[-107.57524217423645,25.28043645267569],[-107.57524659888699,25.280431976547582],[-107.57525102353759,25.280431960026473],[-107.57551857958637,25.280431938638305],[-107.57551857958637,25.279598166839392],[-107.57525102353759,25.279598099919472],[-107.57524659888699,25.279598116426325],[-107.57524217423645,25.279593673314736],[-107.57524217423645,25.279589213696397],[-107.57524217423645,25.279321636487502],[-107.57497461846238,25.27932165610728],[-107.5749701035174,25.27932168364318],[-107.57496567887141,25.279317240508217],[-107.57496567887141,25.279312780881423],[-107.57496125422549,25.279312709929226],[-107.57496125422549,25.279045219652584],[-107.57469369873063,25.279045150914797],[-107.57469369873063,25.279040691279697],[-107.57468918379037,25.279040718800143],[-107.574684759149,25.279036275641445],[-107.57468475914898,25.27903181600607],[-107.574684759149,25.278764237775338],[-107.57441720392895,25.27876425557278],[-107.57441277929203,25.27876427203465],[-107.57440826435648,25.27875983989597],[-107.57440826435648,25.27875538025215],[-107.57440826435648,25.278211303262108],[-107.57414070941127,25.278211319868973],[-107.5741362847789,25.278211336311195],[-107.5741362847789,25.278206876655393],[-107.57413186014662,25.278206893097376],[-107.57413186014662,25.278202433441447],[-107.57413186014661,25.278197973785456],[-107.57413186014662,25.27710990339974],[-107.57413186014662,25.277105443729255],[-107.57413186014662,25.27710098405872],[-107.5741362847789,25.277101055080166],[-107.57414070941127,25.277096578986487],[-107.57440826435648,25.27709656353552],[-107.57440826435648,25.276820064139013],[-107.57414070941127,25.276820079303267],[-107.5741362847789,25.276820095721696],[-107.57413186014662,25.27682011213997],[-107.57413186014662,25.27681565246564],[-107.57413186014662,25.276811192791257],[-107.57413186014662,25.27654361221998],[-107.57412734521577,25.27654363967584],[-107.57358338690324,25.276543612921703],[-107.57357887198161,25.27654364035696],[-107.57357887198161,25.276539180669406],[-107.57357444735848,25.27653919706233],[-107.57357444735848,25.276534737374647],[-107.57357444735848,25.275999661868283],[-107.57357444735848,25.275995202173444],[-107.57357444735848,25.275990742478548],[-107.57357887198161,25.275990726095003],[-107.57357887198161,25.275986266400125],[-107.57358338690324,25.27598623897459],[-107.57385094129441,25.275986225919002],[-107.57385094129441,25.27543331132395],[-107.57330689324222,25.275433292016057],[-107.57330246862355,25.275433308380045],[-107.57330246862355,25.275428848673005],[-107.57329795370664,25.27542887607829],[-107.57329795370664,25.275424416371106],[-107.57329795370664,25.275419956663868],[-107.57329795370664,25.275156833832032],[-107.57329795370664,25.27515237412124],[-107.57303039986529,25.27515238507787],[-107.57302597525118,25.27515240142687],[-107.57302155063714,25.275152417775708],[-107.57302155063714,25.275147958060078],[-107.57301703572494,25.275147898004516],[-107.57301703572494,25.275143438288755],[-107.57301703572494,25.27377456509342],[-107.57302155063714,25.273770077993607],[-107.57302155063714,25.273765618259677],[-107.57302597525118,25.273765601934553],[-107.57303039986529,25.27376558560927],[-107.57329795370664,25.273765576090607],[-107.57329795370664,25.27293178059051],[-107.57274948216292,25.272931769798838],[-107.57274505755343,25.272931786099512],[-107.57274505755343,25.272927326349684],[-107.57274063294402,25.272927342650128],[-107.57274063294402,25.272922882900172],[-107.57274063294402,25.272655297794614],[-107.57219658713679,25.272655267589638],[-107.5721921625364,25.272655283865213],[-107.57218764763812,25.27265085141736],[-107.57218764763812,25.272646391654188],[-107.57218322303787,25.272646407929287],[-107.57218322303787,25.272378822026],[-107.57218322303787,25.27237436225914],[-107.57163917835793,25.272374416378543],[-107.5716347537667,25.272374345182186],[-107.57163023887777,25.27236991269517],[-107.57163023887777,25.27236545291863],[-107.57163023887777,25.27209795366534],[-107.57136268669501,25.272097957732647],[-107.57135826210833,25.2720978865212],[-107.57135383752171,25.272097902756364],[-107.57135383752171,25.27209344297145],[-107.57135383752171,25.27208898318648],[-107.57135383752171,25.27154497642407],[-107.57108628561392,25.271544979301147],[-107.57108177073418,25.271545006555556],[-107.57108177073418,25.27154054675862],[-107.57107734615214,25.27154056297406],[-107.57107292157015,25.271536031945185],[-107.57107292157015,25.271531572147982],[-107.57107292157015,25.27126407165473],[-107.57080536994182,25.2712640736136],[-107.5708008550668,25.271264100852566],[-107.57079643048938,25.271259569800172],[-107.57079643048938,25.271255109994527],[-107.57079643048938,25.270987608995153],[-107.57052887913612,25.27098761005031],[-107.57052445456316,25.27098762623591],[-107.57051993969286,25.270983106198155],[-107.57051993969287,25.27097864638408],[-107.57051993969287,25.27071114487859],[-107.57025238861472,25.27071114503003],[-107.5702479640463,25.270711161200733],[-107.57024353947797,25.270706630101312],[-107.57024353947797,25.270702170278792],[-107.57023902461238,25.27070219748687],[-107.57023902461238,25.270697737664218],[-107.57023902461239,25.270153726305168],[-107.56997147381377,25.27015372525177],[-107.56996704924997,25.27015374140258],[-107.56996704924997,25.27014928156797],[-107.56996253438903,25.27014930875604],[-107.56996253438903,25.270144848921287],[-107.56996253438903,25.26459773075263],[-107.56969498386556,25.264597723321845],[-107.56969055930632,25.264597739367474],[-107.56968613474716,25.264593208050748],[-107.56968613474716,25.26458874813775],[-107.56968613474716,25.264321240699523],[-107.56941858449873,25.264321232365305],[-107.56941406964701,25.264321259431284],[-107.56940964509239,25.264316815540475],[-107.5694096450924,25.264312355619044],[-107.5694096450924,25.263487356591305],[-107.56940522053786,25.263487372607454],[-107.56914209511916,25.263487346775573],[-107.56913767056902,25.26348736278186],[-107.56913315572203,25.263487389822764],[-107.56913315572203,25.26348292988561],[-107.56912873117203,25.26348294589148],[-107.56912873117203,25.263478485954185],[-107.56912873117203,25.26265357144103],[-107.5688611814784,25.262653560134027],[-107.56885675693287,25.262653488665652],[-107.5688522420906,25.26264905572846],[-107.5688522420906,25.26264459577538],[-107.5688522420906,25.261819678341748],[-107.56858469267216,25.261819665553265],[-107.56858026813121,25.261819681510506],[-107.56857575329356,25.26181970850144],[-107.56857575329356,25.26181524853263],[-107.56857575329356,25.261810788563754],[-107.56857575329356,25.260990328190125],[-107.56857575329356,25.260985868210366],[-107.56830820415038,25.260985853940493],[-107.56830377961397,25.260985869873295],[-107.56829935507763,25.260985798355257],[-107.56829935507764,25.260981338370655],[-107.5682948402447,25.26098136533644],[-107.5682948402447,25.260976905351708],[-107.5682948402447,25.2607093936106],[-107.56802729138117,25.260709378427332],[-107.56802286684939,25.260709394345053],[-107.56802286684939,25.260704934352027],[-107.56801844231768,25.260704862818663],[-107.56801844231768,25.260700402825506],[-107.56801844231768,25.260156458120175],[-107.56775089372933,25.26015644174696],[-107.56775089372933,25.26015198174194],[-107.56774637890562,25.260152008672698],[-107.56774195437848,25.260151937119467],[-107.56774195437848,25.260147477114227],[-107.56774195437848,25.260143017108927],[-107.56774195437848,25.259875504134687],[-107.56719349416787,25.259875527626516],[-107.56718897935352,25.259875554531533],[-107.56718897935352,25.259871094513095],[-107.56718455483553,25.25987102293426],[-107.56718455483553,25.259866562915686],[-107.56718455483553,25.259599049144903],[-107.56664052027173,25.259599053652376],[-107.56663609576277,25.259599069500037],[-107.56663158095782,25.259594636347583],[-107.56663158095782,25.25959017631581],[-107.56663158095782,25.25932257430148],[-107.56662715644902,25.25932259014408],[-107.56580672736239,25.259322601609526],[-107.56580221257134,25.25931816840315],[-107.56579778807621,25.259318096763174],[-107.56579778807621,25.25931363671334],[-107.56579778807621,25.259309176663447],[-107.56579778807621,25.257940288374243],[-107.56579778807621,25.257935828306234],[-107.56580221257136,25.25793581251789],[-107.56580221257134,25.257931352449898],[-107.56580672736239,25.2579313256308],[-107.56607427401458,25.257931348648334],[-107.56607427401458,25.25711087090727],[-107.56607427401458,25.257106410833106],[-107.56607427401458,25.257101950758884],[-107.56607869851427,25.2571019349746],[-107.56607869851427,25.257097474900398],[-107.56608312301402,25.257097459116032],[-107.56635066994154,25.257097482381383],[-107.56635066994154,25.25654460821189],[-107.56608312301402,25.256544584373387],[-107.56607869851427,25.2565446001483],[-107.56607869851427,25.256540140066743],[-107.56607427401458,25.256540068388837],[-107.56607427401458,25.256535608307143],[-107.56607427401458,25.256531148225392],[-107.56607427401458,25.255443148880342],[-107.56607427401458,25.255438688784192],[-107.56607869851427,25.255434212932222],[-107.56608312301402,25.25543428462916],[-107.56635066994154,25.255434222165924],[-107.56635066994154,25.25542976207443],[-107.56635066994154,25.254885805377867],[-107.56635066994154,25.25488134527915],[-107.5663551847418,25.25488131849258],[-107.5663551847418,25.25487685839389],[-107.56635960924612,25.254876842637305],[-107.56636412404652,25.254876815850473],[-107.56662715644902,25.254876867587953],[-107.56663158095782,25.25487685182135],[-107.56663158095782,25.254332894828423],[-107.56663158095782,25.254328434727277],[-107.56663158095782,25.25432397462608],[-107.56663609576277,25.254323947838664],[-107.56663609576277,25.25431948773748],[-107.56664052027173,25.254319471980082],[-107.5669080677544,25.254319496881916],[-107.5669080677544,25.254051890985473],[-107.5669080677544,25.254047430885404],[-107.56691258256403,25.254047491545368],[-107.56691258256403,25.25404303144532],[-107.56691700707752,25.254043015682466],[-107.56718455483553,25.25404304025414],[-107.56718455483555,25.2537754344259],[-107.56718455483553,25.253770974326972],[-107.56718897935352,25.253771046011675],[-107.56718897935352,25.253766585912764],[-107.56719349416787,25.253766559114133],[-107.5674610422012,25.253766583355652],[-107.5674610422012,25.2523886737918],[-107.56746546672375,25.252384197924698],[-107.56746546672375,25.2523797378123],[-107.56746989124633,25.252375349398335],[-107.56747440606541,25.252375322613382],[-107.56774195437848,25.252375347670693],[-107.56774195437848,25.251554861766273],[-107.56774195437848,25.25155040164774],[-107.56774195437848,25.251545941529145],[-107.56774637890562,25.25154592577845],[-107.56775089372933,25.251541438879073],[-107.56801844231768,25.251541464184225],[-107.56801844231768,25.25127394469785],[-107.56801844231768,25.2512694845804],[-107.56802286684939,25.25126946882425],[-107.56802286684939,25.251265008706813],[-107.56802729138117,25.251264992950563],[-107.5682948402447,25.251265017925814],[-107.5682948402447,25.250997411054502],[-107.56829935507763,25.25099301159961],[-107.56829935507763,25.250988551483324],[-107.56830377961397,25.25098853572162],[-107.56830820415038,25.250988519959765],[-107.56857575329356,25.25098854459507],[-107.56857575329356,25.250721025250016],[-107.56857575329356,25.25071656513492],[-107.56857575329356,25.250712105019762],[-107.5685802681312,25.250712078222275],[-107.56858469267216,25.250712062454962],[-107.5688522420906,25.25071208676019],[-107.5688522420906,25.25070762664975],[-107.5688522420906,25.250163580189984],[-107.5688522420906,25.250159120072336],[-107.56885675693287,25.250159093274107],[-107.56885675693287,25.250154633156473],[-107.5688611814784,25.250154704841794],[-107.56940522053786,25.250154710171252],[-107.56940964509239,25.250154694383085],[-107.5694096450924,25.249887087791343],[-107.5694096450924,25.24988262767969],[-107.5694096450924,25.24987816756798],[-107.56941406964701,25.249878239237553],[-107.56941858449873,25.249878212423123],[-107.56968613474716,25.249878235732933],[-107.56968613474716,25.249610629209737],[-107.56968613474716,25.249606169099224],[-107.56968613474716,25.249601708988653],[-107.56969055930632,25.249601780652753],[-107.56969055930632,25.249597320542204],[-107.56969498386556,25.249597304753063],[-107.56996253438903,25.249597327737646],[-107.56996253438903,25.248210494333332],[-107.56969498386556,25.248210469910635],[-107.56969055930632,25.24821048567605],[-107.56969055930632,25.248206025547212],[-107.56968613474716,25.248206041312393],[-107.56968613474716,25.248201581183412],[-107.56968613474716,25.2476531597789],[-107.56914209511916,25.24765315044917],[-107.56913767056902,25.247653078730874],[-107.56913315572203,25.247653105496],[-107.56913315572203,25.247648645350193],[-107.56912873117203,25.24764866108532],[-107.56912873117203,25.24764420093938],[-107.56912873117203,25.247376679529378],[-107.5688611814784,25.2473766523823],[-107.56885675693287,25.247376668102767],[-107.56885675693287,25.247372207948544],[-107.5688522420906,25.247372234698236],[-107.5688522420906,25.247367774543882],[-107.5688522420906,25.246819262565122],[-107.56858469267216,25.24681923422336],[-107.5685802681312,25.246819249924105],[-107.56857575329356,25.24681927665379],[-107.56857575329356,25.24681481648739],[-107.56857575329356,25.246810356320925],[-107.56857575329356,25.245441432264467],[-107.56857575329356,25.24543697207996],[-107.56858026813121,25.24543248518986],[-107.56858469267216,25.245432469512824],[-107.5688522420906,25.245432499292587],[-107.5688522420906,25.244888444373483],[-107.5688522420906,25.244883984186487],[-107.5688522420906,25.244879523999437],[-107.56885675693287,25.244879584747807],[-107.56885675693287,25.24487512456078],[-107.5688611814784,25.2448751088831],[-107.56912873117203,25.24487513862418],[-107.56912873117203,25.24460752757715],[-107.56912873117203,25.24460306739124],[-107.56913315572203,25.244603139162823],[-107.56913315572203,25.24459867897694],[-107.56913767056902,25.244598652265008],[-107.56914209511916,25.24459863658171],[-107.56940522053786,25.2445985942216],[-107.5694096450924,25.244598665983],[-107.5694096450924,25.244054610903238],[-107.5694096450924,25.244050150714934],[-107.5694096450924,25.244045690526562],[-107.56941406964701,25.244045674842702],[-107.56941406964701,25.244041214654352],[-107.56941858449873,25.244041275396274],[-107.56968613474716,25.24404121730432],[-107.56968613474716,25.243773693632946],[-107.56968613474716,25.243769233445725],[-107.56969055930632,25.24376921775642],[-107.56969055930632,25.24376475756922],[-107.56969498386556,25.243764829334474],[-107.56996253438903,25.243764770912804],[-107.56996253438903,25.24322080311788],[-107.56996253438903,25.243216342928182],[-107.56996704924997,25.24321631620921],[-107.56996704924997,25.243211856019524],[-107.56997147381377,25.24321184032941],[-107.57023902461238,25.243211869319147],[-107.57023902461239,25.24320740913412],[-107.57023902461239,25.241267660366546],[-107.57023902461238,25.24126320015599],[-107.56997147381377,25.241263256600536],[-107.56996704924997,25.241263184802126],[-107.56996704924997,25.241258724586814],[-107.56996253438903,25.241258751271687],[-107.56996253438903,25.241254291056233],[-107.56996253438903,25.240719239687927],[-107.56996253438903,25.2407147794654],[-107.56996704924997,25.240714752790005],[-107.56996704924997,25.240710292567496],[-107.56997147381375,25.240710276920165],[-107.57023902461239,25.240710308504212],[-107.57023902461238,25.238217649784627],[-107.57024353947797,25.238217623142358],[-107.57024353947797,25.23821316289188],[-107.5702479640463,25.238208774482512],[-107.57025238861472,25.238208758867625],[-107.57051993969287,25.238208704963796],[-107.57051993969287,25.237941177567247],[-107.57051993969287,25.237936717317925],[-107.57052445456316,25.237932317876577],[-107.57052887913612,25.23793230225624],[-107.57079643048938,25.237932248022624],[-107.57079643048938,25.237664720695438],[-107.57079643048938,25.237660260447274],[-107.5708008550668,25.237655784573427],[-107.57080536994182,25.237655845375702],[-107.57107292157015,25.23765579081232],[-107.57107292157015,25.23738826355451],[-107.57107292157015,25.237383803307505],[-107.57107734615214,25.237379327429366],[-107.57108177073418,25.23737931179813],[-107.57108177073418,25.23737493900698],[-107.57108628561392,25.237374912347768],[-107.57135383752171,25.237374857449385],[-107.57135383752171,25.23683088236572],[-107.57135383752171,25.236826422116266],[-107.57135383752171,25.236821961866745],[-107.57135826210833,25.236821946234866],[-107.57136268669501,25.23682193060283],[-107.57163023887777,25.236821963117396],[-107.57163023887777,25.236554435782153],[-107.57163023887777,25.236549975533855],[-107.57163023887777,25.2365455152855],[-107.5716347537667,25.23654548862016],[-107.57163917835793,25.236545472982662],[-107.57163917835793,25.2365410127344],[-107.57190673081571,25.23654104492383],[-107.57190673081571,25.2359970696736],[-107.57190673081571,25.23599260942278],[-107.57191124570929,25.235992582756698],[-107.57191124570929,25.235988122505894],[-107.57191567030506,25.23598810686776],[-107.57218322303787,25.235988139014168],[-107.57218322303787,25.235720524141307],[-107.57218764763812,25.23571613570403],[-107.57218764763812,25.235711675454382],[-107.5721921625364,25.23571164878266],[-107.57219658713679,25.23571163313891],[-107.572464140149,25.23571166494571],[-107.572464140149,25.235707204700795],[-107.572464140149,25.23544413760285],[-107.572464140149,25.235439677354425],[-107.572464140149,25.235435217105945],[-107.57246856475385,25.235435201456916],[-107.57246856475385,25.235430741208447],[-107.57247307965686,25.23543071453107],[-107.57274063294402,25.235430746012767],[-107.57274063294402,25.23488668329141],[-107.57274063294402,25.23488222304046],[-107.57274505755343,25.234877834595682],[-107.57274948216292,25.234877818945847],[-107.57301703572494,25.234877762928956],[-107.57301703572494,25.2343293271098],[-107.57302155063714,25.234329300431042],[-107.57302155063714,25.23432484017766],[-107.57302597525118,25.23432036427373],[-107.57303039986529,25.23432043607904],[-107.57357444735848,25.234320368438322],[-107.57357444735848,25.230708513741032],[-107.57330689324222,25.230708566676604],[-107.57330246862357,25.230708494818845],[-107.57329795370664,25.230708521445056],[-107.57329795370664,25.230704061149062],[-107.57329795370664,25.230699600853022],[-107.57329795370664,25.230432070440315],[-107.57303039986529,25.230432035015895],[-107.57302597525118,25.23043205060002],[-107.57302155063714,25.230432066183976],[-107.57302155063714,25.230427605879594],[-107.57301703572494,25.230423172185844],[-107.57301703572494,25.23015564126494],[-107.57274948216292,25.230155604927475],[-107.57274505755343,25.230155620496525],[-107.57274505755343,25.23015116018375],[-107.572740632944,25.23015117575256],[-107.57274063294402,25.23014671543965],[-107.57274063294402,25.230142255126673],[-107.57274063294402,25.229879096558047],[-107.57274063294402,25.229874636241572],[-107.57247307965686,25.22987468645366],[-107.57246856475385,25.22987471303422],[-107.572464140149,25.22987464113084],[-107.572464140149,25.229870180809534],[-107.572464140149,25.229865807945448],[-107.572464140149,25.227377551733532],[-107.57219658713679,25.22737759873958],[-107.5721921625364,25.22737761424076],[-107.57218764763812,25.22737309295051],[-107.57218764763812,25.227368632591723],[-107.57218322303787,25.22736864809242],[-107.57218322303787,25.227101113911903],[-107.57218322303787,25.227096653549488],[-107.57191567030506,25.22709669963806],[-107.57191124570929,25.227096627665926],[-107.57191124570929,25.227092167298736],[-107.57190673081571,25.227092193809735],[-107.57190673081571,25.227087733442414],[-107.57190673081571,25.226820198754996],[-107.57136268669501,25.2268202430186],[-107.57135826210833,25.22682017102112],[-107.57135383752171,25.22682018648191],[-107.57135383752171,25.226815726101478],[-107.57135383752171,25.226811265720986],[-107.57135383752171,25.226543730243502],[-107.57108628561392,25.226543773910063],[-107.5710817707342,25.226543712921963],[-107.57107734615214,25.22654372836784],[-107.57107734615214,25.22653926797902],[-107.57107292157015,25.226534823035706],[-107.57107292157015,25.226267287050288],[-107.57052887913612,25.226267238909873],[-107.57052445456316,25.226262793928687],[-107.57051993969286,25.226262820373204],[-107.57051993969287,25.226258359971077],[-107.57051993969286,25.226253899568892],[-107.57051993969287,25.22598636278988],[-107.56997147381377,25.225986326946163],[-107.56996704924997,25.225986342341653],[-107.56996704924997,25.225981881926344],[-107.56996253438903,25.225981908345073],[-107.56996253438903,25.225977447929633],[-107.56996253438903,25.225709910355988],[-107.56969498386556,25.225709862597608],[-107.56969055930632,25.225709877978197],[-107.56969055930632,25.2257054175545],[-107.56968613474716,25.22570543293485],[-107.56968613474716,25.225700972511024],[-107.56968613474716,25.22543343443416],[-107.56941858449873,25.22543338577289],[-107.56941406964701,25.225433412161475],[-107.56941406964701,25.22542895172939],[-107.5694096450924,25.225428967094835],[-107.56940964509239,25.225424506662616],[-107.56940964509239,25.225420046230344],[-107.5694096450924,25.225156968082477],[-107.56940964509239,25.225152507646705],[-107.56940522053786,25.22515252300726],[-107.56914209511916,25.22515245807773],[-107.56913767056902,25.225152473428434],[-107.56913315572203,25.225152499801595],[-107.56913315572203,25.225148039360988],[-107.56912873117203,25.225148054711283],[-107.56912873117203,25.225143594270545],[-107.56912873117203,25.224876055179077],[-107.5688611814784,25.22487600469718],[-107.56885675693287,25.22487602003282],[-107.56885675693287,25.22487155958383],[-107.5688522420906,25.22487158594155],[-107.5688522420906,25.22486712549242],[-107.5688522420906,25.22183050817882],[-107.5688522420906,25.22182604769],[-107.56885675693287,25.221826021385343],[-107.56885675693287,25.221821560896537],[-107.5688611814784,25.221821545613142],[-107.56912873117203,25.22182151180269],[-107.56912873117203,25.22155397011075],[-107.56912873117203,25.2215495096231],[-107.56913315572203,25.221549581794896],[-107.56913315572203,25.221545121307273],[-107.56913767056902,25.221545094996962],[-107.56914209511916,25.22154507970797],[-107.56940522053786,25.221545060857025],[-107.56940964509239,25.221545045558184],[-107.5694096450924,25.221540585075275],[-107.5694096450924,25.220987659665038],[-107.56940522053786,25.220987674954355],[-107.56857575329356,25.220987723547733],[-107.56857575329356,25.221255266256126],[-107.56857132875275,25.22125974202045],[-107.56857132875275,25.22126420252152],[-107.568566904212,25.221264130323895],[-107.56856238937459,25.2212641566079],[-107.56746546672375,25.221264131907578],[-107.5674610422012,25.221264147130075],[-107.5674610422012,25.22153169077817],[-107.5674610422012,25.22153615129489],[-107.5674610422012,25.221540611811545],[-107.56745652738238,25.22154063805888],[-107.56745652738238,25.221545098575554],[-107.56745210285997,25.221545113802534],[-107.5669080677544,25.22154512675389],[-107.5669080677544,25.221812670755554],[-107.5669080677544,25.22181713127816],[-107.56690364324105,25.22181705902838],[-107.56690364324105,25.221821519551],[-107.56689912843157,25.221821545782337],[-107.56635066994156,25.221821572001826],[-107.56635066994154,25.22208911636516],[-107.56635066994156,25.222093576893798],[-107.56635066994156,25.222098037422374],[-107.56634624543737,25.222098052618122],[-107.56634182093327,25.22209798035234],[-107.56607427401458,25.222098008238746],[-107.56607427401458,25.22236555267234],[-107.56607427401458,25.222370013202152],[-107.56606975921905,25.22237449994176],[-107.5660653347195,25.222374515131893],[-107.56579778807621,25.222374455227374],[-107.56579778807621,25.222378915761855],[-107.56579778807621,25.22264646026229],[-107.56579327328532,25.222650946997526],[-107.56578884879033,25.22265542271322],[-107.5657844242954,25.222655437897824],[-107.56524039256742,25.22265535817122],[-107.56524039256742,25.222922903033226],[-107.56524039256742,25.22292736357018],[-107.56523596808152,25.222927378739243],[-107.56523596808152,25.222931839276214],[-107.5652314533001,25.22293186546434],[-107.56468742269234,25.22293187127617],[-107.56468742269234,25.22319941649506],[-107.56468742269234,25.223203877037957],[-107.56468299821556,25.22320389219141],[-107.56468299821556,25.223208352734325],[-107.56467857373887,25.22320828042606],[-107.56467405896679,25.2232083065981],[-107.56413002948842,25.223208310466735],[-107.56413002948842,25.223475856047113],[-107.56413002948842,25.223480316596035],[-107.56413002948842,25.223484777144908],[-107.56412560502083,25.223484792282655],[-107.56412118055331,25.223489267969196],[-107.56329624437437,25.223489261970517],[-107.56329624437437,25.223756808195347],[-107.56329624437437,25.223761268755016],[-107.56329172962555,25.223761294884834],[-107.56329172962555,25.223765755444525],[-107.56328730517178,25.223765683094268],[-107.56301976129672,25.22376570590244],[-107.56301976129672,25.224033252197447],[-107.56301976129672,25.224037712758296],[-107.56301533684743,25.224037727864633],[-107.56301533684743,25.224042188425493],[-107.56301082210334,25.224042214549666],[-107.56274327850387,25.224042149566255],[-107.56273885405915,25.224042164662496],[-107.56273885405915,25.224309711032245],[-107.56273885405915,25.22431417159433],[-107.56273885405915,25.22431863215636],[-107.5627343393197,25.224318658274974],[-107.56272991487512,25.224323133937748],[-107.5624623715557,25.224323068619476],[-107.5624623715557,25.224590615055863],[-107.5624623715557,25.224595075619064],[-107.5624579471156,25.224595090714427],[-107.5624579471156,25.22459955127764],[-107.56245343238088,25.224599577390617],[-107.56218588933712,25.224599599204815],[-107.56218588933712,25.224867145711247],[-107.56218588933712,25.224871606275617],[-107.56218146490157,25.224871533903485],[-107.56218146490157,25.224875994467865],[-107.56217695017152,25.22487602057529],[-107.5619094074034,25.224876042059854],[-107.5619094074034,25.22514358863637],[-107.5619094074034,25.225148049201906],[-107.56190498297244,25.22514806428638],[-107.56190498297244,25.225152524851925],[-107.56190055854152,25.225152452474237],[-107.56189604381618,25.22515247857594],[-107.56162850132817,25.22515249972102],[-107.56162850132817,25.22515696029129],[-107.56162850132817,25.225420046372175],[-107.56162850132817,25.22542450693895],[-107.56162850132817,25.225428967505675],[-107.56162407690184,25.225428982584614],[-107.56162407690184,25.225433443151346],[-107.56161956218114,25.225433381785475],[-107.55914035994068,25.225433416302238],[-107.55913584526179,25.225433442305306],[-107.5591358452618,25.225428981695565],[-107.55913142087658,25.225428996682773],[-107.55913142087658,25.225424536072907],[-107.55913142087658,25.225420075462978],[-107.55913142087658,25.22515698683702],[-107.55913142087658,25.225152526223603],[-107.5588638811463,25.22515245374431],[-107.55885945676556,25.225152468716793],[-107.5588549420914,25.22515249470443],[-107.5588549420914,25.225148034086164],[-107.55885051771081,25.225148049058237],[-107.55885051771081,25.225143588439842],[-107.55885051771081,25.224876038692752],[-107.55858297826084,25.22487605276401],[-107.55857846359135,25.224875991273194],[-107.55857846359135,25.224871618109816],[-107.55857403921532,25.224871545603715],[-107.55857403921532,25.224867084976932],[-107.55857403921532,25.224599534726728],[-107.5580300221068,25.224599601347357],[-107.55802559773983,25.224599528816167],[-107.55802108307972,25.22459509412301],[-107.55802108307972,25.224590633483068],[-107.55801665871289,25.224590648414924],[-107.55801665871289,25.224323097370544],[-107.5577401810774,25.224323062395438],[-107.5577401810774,25.224590613726384],[-107.5577401810774,25.224595074371184],[-107.55773575671522,25.22459508929278],[-107.55773575671522,25.224599549937594],[-107.55773124205999,25.22459957587346],[-107.55608583588158,25.224599550087373],[-107.5560814115467,25.22459956494817],[-107.55607689691935,25.224595130148508],[-107.55607689691935,25.22459066947497],[-107.55607247258462,25.224590684335283],[-107.55607247258462,25.224323131276122],[-107.5549710863868,25.224323118745726],[-107.5549710863868,25.22431865804953],[-107.55496666207034,25.22431867286451],[-107.55496214746178,25.22431415053058],[-107.55496214746178,25.22430968983412],[-107.55496214746178,25.22376574682273],[-107.5544181376865,25.22376570785497],[-107.55441371337916,25.22376572264015],[-107.55440919877991,25.223761287723722],[-107.55440919877991,25.223756827010483],[-107.55440919877991,25.223489271574813],[-107.5535842924831,25.22348928630457],[-107.55357986818954,25.223484752857917],[-107.55357535360436,25.223484778618495],[-107.55357535360436,25.223480317887244],[-107.55357535360436,25.223475857155943],[-107.55357535360436,25.223208300636266],[-107.55275044987651,25.22320830873911],[-107.55274602559673,25.223208323453402],[-107.5527415110256,25.22320388842864],[-107.5527415110256,25.223199427679322],[-107.5527415110256,25.22293187007927],[-107.55247397767656,25.222931868522195],[-107.55246955340134,25.22293188322159],[-107.55246503883487,25.222927448173262],[-107.55246503883487,25.222922987415558],[-107.55246503883487,25.222655429312645],[-107.5524606145598,25.222655356541075],[-107.55219750576215,25.22265542685309],[-107.55219308149151,25.222655354071595],[-107.55218856692971,25.222650918999697],[-107.55218414265921,25.222646472917624],[-107.55218414265921,25.222378914307228],[-107.55218414265921,25.222374453537512],[-107.5516401385286,25.2223744865164],[-107.55163562397613,25.22237451218491],[-107.55163119971478,25.222374439377674],[-107.55163119971478,25.222369978598355],[-107.55163119971478,25.222365517818968],[-107.55163119971478,25.222098045882113],[-107.55136366747557,25.222098040987053],[-107.5513592432187,25.222097968164917],[-107.55135472867099,25.222097993818082],[-107.55135472867097,25.222093533030378],[-107.55135030441427,25.22208908688642],[-107.55135030441427,25.221821526975855],[-107.55108277245587,25.22182152116842],[-107.55107825791279,25.221821546806396],[-107.5510782579128,25.22181708601031],[-107.55107383366067,25.221817100639296],[-107.55107383366067,25.221812639843076],[-107.55107383366067,25.221264136397036],[-107.5508063019787,25.22126412939613],[-107.55080178744029,25.221264155014037],[-107.55079736319273,25.22126416962341],[-107.55079736319273,25.221259708815193],[-107.55079736319273,25.221255248006916],[-107.55079736319273,25.220711203894997],[-107.5505298317872,25.220711195705263],[-107.55052531725345,25.22071122130318],[-107.55052531725345,25.220706760483054],[-107.55052089301047,25.220706775072724],[-107.55052089301047,25.220702314252467],[-107.55052089301047,25.22069785343215],[-107.55052089301047,25.219043497351777],[-107.55051646876754,25.219043511912865],[-107.55024884735231,25.21904351237696],[-107.5502444231139,25.219043526928036],[-107.5502444231139,25.21903906608131],[-107.55023999887554,25.219039080632154],[-107.55023999887554,25.21903461978529],[-107.55023999887554,25.218767056334933],[-107.54969599869759,25.218767072907006],[-107.54969148417791,25.218767098439816],[-107.54969148417791,25.218762637579932],[-107.54968705994872,25.218762564637867],[-107.54968705994872,25.218758103777855],[-107.54968705994872,25.21875364291778],[-107.54968705994872,25.218486166142796],[-107.54941952965355,25.218486153174247],[-107.54941501513854,25.218486178691805],[-107.54941059091392,25.218486105734673],[-107.54941059091392,25.218481644866287],[-107.54940607639907,25.218481670383426],[-107.54940607639907,25.2184772095149],[-107.54940607639907,25.218209644764787],[-107.54858560973516,25.2182096812493],[-107.54858118552426,25.218209695724944],[-107.5485767613134,25.21820971020042],[-107.5485767613134,25.218205249314018],[-107.54857676131341,25.218200788427566],[-107.54857224681264,25.218200726440195],[-107.54857224681264,25.217375811305267],[-107.54830471763266,25.217375794702715],[-107.5483002934264,25.217375809153776],[-107.5483002934264,25.217371348251742],[-107.54829577893027,25.217371373707927],[-107.54829577893028,25.217366912805744],[-107.54829577893027,25.21709934603753],[-107.54775178270704,25.217099350289075],[-107.54774735850994,25.21709936471507],[-107.54774735850994,25.217094903799875],[-107.54774284402316,25.21709492923052],[-107.54774284402316,25.2170904683152],[-107.54774284402316,25.216822900758153],[-107.5477384198262,25.216822915179094],[-107.54747531567307,25.216822881735002],[-107.54747089148053,25.216822896146112],[-107.54747089148053,25.21681843522254],[-107.54746637699841,25.216818460638002],[-107.54746195280603,25.216814014124918],[-107.54746195280603,25.21680955320108],[-107.54746195280603,25.216541985133535],[-107.54719442473704,25.216541965193617],[-107.5471899102596,25.216541990593903],[-107.54718548607178,25.21653754405755],[-107.54718548607178,25.21653308312534],[-107.54718548607178,25.216265514555374],[-107.54691795827947,25.216265493713152],[-107.5469134438067,25.216265519098265],[-107.54690901962346,25.216261072538636],[-107.54690901962346,25.216256611598045],[-107.54690901962346,25.21598904252569],[-107.54664149210784,25.215989020781176],[-107.54663697763975,25.215989046151105],[-107.54663255346107,25.215984599568216],[-107.54663255346107,25.215980138619244],[-107.5466281292825,25.215980152984944],[-107.5466281292825,25.215975692035844],[-107.5466281292825,25.215712583405637],[-107.5466281292825,25.215708122453048],[-107.54636051175875,25.215708110795255],[-107.54635608758467,25.215708125146303],[-107.54635166341068,25.215703678539764],[-107.54635166341068,25.21569921758229],[-107.54635166341068,25.215431647497134],[-107.54580758085477,25.215431650432464],[-107.54580315668983,25.21543166475844],[-107.54579873252497,25.215427218113692],[-107.54579873252497,25.21542275714307],[-107.54579873252497,25.21515518626923],[-107.54579421807112,25.21515521159305],[-107.54552669167144,25.215155186501313],[-107.54552226751116,25.215150739833298],[-107.54551775306197,25.215146304167597],[-107.54551775306197,25.214878732786786],[-107.54525022693909,25.21487870679279],[-107.54525022693909,25.214874245805557],[-107.5452458027834,25.214874260101503],[-107.54524128833887,25.214874285399706],[-107.54524128833887,25.214869824412254],[-107.54524128833887,25.21486536342474],[-107.54524128833887,25.214597791538154],[-107.54497376249282,25.21459776463729],[-107.54496933834169,25.21459777891836],[-107.54496482390184,25.214597804201382],[-107.54496482390184,25.214593343205554],[-107.54496482390184,25.21458888220967],[-107.54496482390184,25.214044902687746],[-107.54469729833261,25.214044874598397],[-107.54469287418607,25.21404488885985],[-107.54469287418607,25.214040427852122],[-107.5446883597509,25.214040453115086],[-107.5446883597509,25.214035992107227],[-107.5446839356045,25.214035918897455],[-107.5446839356045,25.214031457889458],[-107.5446839356045,25.213487476891164],[-107.54441641031654,25.213487447598784],[-107.54441189588604,25.213487472841756],[-107.54441189588604,25.21348301182193],[-107.54440747174422,25.21348302606328],[-107.54440747174422,25.213478565043314],[-107.54440747174422,25.213210991210214],[-107.54413994673315,25.21321104848675],[-107.5441354323073,25.213210986243407],[-107.5441354323073,25.213206525215206],[-107.54413100817007,25.213206539441664],[-107.54413100817007,25.21320207841333],[-107.54413100817007,25.21319761738493],[-107.54413100817007,25.212653633898917],[-107.54386348343589,25.21265360251125],[-107.54385896901474,25.212653627718975],[-107.54385454488207,25.212653641925822],[-107.54385454488207,25.212649180885517],[-107.54385012074948,25.21264473405168],[-107.54385012074948,25.21237715899043],[-107.54358250600832,25.21237713769116],[-107.54357808188023,25.212372690834435],[-107.54357365775222,25.21236824397734],[-107.54357365775222,25.21181979694578],[-107.54330604328807,25.211819774453083],[-107.54330161916458,25.211819788625355],[-107.54329710475291,25.211815352736732],[-107.54329710475291,25.211810891675892],[-107.54329710475291,25.21154331539114],[-107.54302958085403,25.211543280996022],[-107.54302515673511,25.211543295153398],[-107.54302064232812,25.211538859241223],[-107.54302064232812,25.21153439817202],[-107.54302064232812,25.211266821385205],[-107.54301621820935,25.211266835537526],[-107.54275311870622,25.211266873560017],[-107.54274869459186,25.211266887702504],[-107.54274418018954,25.21126236429468],[-107.54273975607536,25.2112579173591],[-107.54273975607536,25.211253456281383],[-107.54273975607536,25.210985966456647],[-107.54247223273487,25.21098593024284],[-107.54246771833722,25.210985955369395],[-107.5424632942276,25.21098150841055],[-107.5424632942276,25.21097704732447],[-107.5424632942276,25.210432969331723],[-107.54219577116412,25.210433019401943],[-107.54219125677116,25.210433044508516],[-107.54219125677116,25.2104285834106],[-107.54218683266612,25.21042851004559],[-107.54218683266612,25.21042404894754],[-107.54218683266612,25.209875595862975],[-107.54191930987966,25.209875644740446],[-107.54191479549135,25.20987558235421],[-107.54191037139091,25.2098755964421],[-107.54191037139091,25.209871135332087],[-107.54190594729053,25.209866688309575],[-107.54190594729053,25.209608031294607],[-107.54191037139091,25.209603643570777],[-107.54191037139091,25.209599182457232],[-107.54191479549135,25.20959916837407],[-107.54191930987966,25.209599143292373],[-107.54218683266612,25.209599182173868],[-107.54218683266612,25.20905510141379],[-107.54218683266612,25.20905064029788],[-107.54218683266612,25.20904617918192],[-107.54219125677115,25.209046252570896],[-107.54219125677116,25.209041791454943],[-107.54219577116413,25.20904176637259],[-107.5424632942276,25.209041805215467],[-107.5424632942276,25.208497724153872],[-107.5424632942276,25.208493263035496],[-107.54246771833722,25.208488875305434],[-107.54247223273487,25.208488850222327],[-107.54273975607536,25.208488801549166],[-107.54273975607536,25.20794034654533],[-107.54274418018954,25.20793587133922],[-107.54274869459186,25.20793147260758],[-107.54275311870622,25.20793145852207],[-107.54301621820935,25.207931423895776],[-107.54302064232812,25.207931409800434],[-107.54302064232812,25.20711100082471],[-107.54302064232812,25.207106539697932],[-107.54302064232812,25.207102078571108],[-107.54302515673511,25.207102053491404],[-107.54302515673511,25.207097592364587],[-107.54302958085403,25.207097578283157],[-107.54329710475291,25.20709761728217],[-107.54329710475291,25.205434314477845],[-107.54329710475291,25.20542994080748],[-107.54302958085403,25.205429900081395],[-107.54302515673511,25.205429914134335],[-107.54302064232812,25.20542993918494],[-107.54302064232812,25.20542547803633],[-107.54302064232812,25.20542101688766],[-107.54302064232812,25.205153435335188],[-107.54301621820935,25.205153449383076],[-107.54275311870622,25.205153393707008],[-107.54274869459186,25.205153407745055],[-107.54274418018956,25.205153432780484],[-107.54274418018954,25.205148971623515],[-107.54273975607536,25.205148985661154],[-107.54273975607536,25.20514452450405],[-107.54273975607536,25.20487694244532],[-107.54247223273485,25.20487698737905],[-107.54246771833722,25.20487692492547],[-107.54246771833722,25.204872551233965],[-107.5424632942276,25.204872477782885],[-107.5424632942276,25.204868016617414],[-107.5424632942276,25.204600521530935],[-107.54219577116413,25.204600478088842],[-107.54219125677115,25.204600503093925],[-107.54219125677116,25.204596041920222],[-107.54218683266612,25.20459605592809],[-107.54218683266612,25.204591594754255],[-107.54218683266612,25.204587133580365],[-107.54218683266612,25.20431955051494],[-107.54191930987966,25.204319593640303],[-107.54191479549135,25.204319618630134],[-107.54191037139091,25.204319545148955],[-107.54191037139091,25.204315083966755],[-107.54190594729053,25.204315097959494],[-107.54190594729053,25.20431063677716],[-107.54190594729053,25.203766634521173],[-107.54136187379069,25.203766680225076],[-107.5413574496994,25.203766606713785],[-107.5413574496994,25.203762145514872],[-107.54135302560819,25.203762159477826],[-107.54135302560819,25.20375769827877],[-107.54135302560819,25.203753237079653],[-107.54135302560819,25.2034902011786],[-107.54135302560819,25.20348573997602],[-107.54025160975257,25.203485689532673],[-107.54024709539249,25.203485714445495],[-107.54024267131969,25.203485728362903],[-107.54024267131969,25.203481267141083],[-107.54024267131969,25.203476805919216],[-107.54024267131969,25.203209219975935],[-107.53940878004872,25.203209297334393],[-107.53940878004872,25.203476796665928],[-107.53940878004872,25.2034812579022],[-107.53940435598982,25.2034812717887],[-107.53940435598982,25.203485733024987],[-107.53939993193099,25.203485746911408],[-107.53939541758531,25.20348568431708],[-107.53858392004783,25.203485741900543],[-107.53857940571595,25.203485766750855],[-107.53857498167079,25.20348123188083],[-107.53857498167079,25.20347677063016],[-107.53857498167079,25.203209270435472],[-107.53801755256839,25.20320926489161],[-107.53801755256839,25.20347676566332],[-107.53801755256839,25.203481226923607],[-107.53801755256839,25.20348568818384],[-107.53801312853255,25.20348570201925],[-107.53800861421036,25.203485726848168],[-107.53746463894399,25.203485743317238],[-107.53746463894399,25.203490204586952],[-107.53746463894399,25.2037532444461],[-107.53746463894399,25.203757705712345],[-107.53746021491732,25.203762180798346],[-107.53745570060447,25.203766666877627],[-107.53745127657795,25.203766680697182],[-107.5371837585396,25.203766625229385],[-107.5371837585396,25.20431063742682],[-107.5371837585396,25.204315098690678],[-107.5371837585396,25.20431955995448],[-107.53717924423144,25.204319584766804],[-107.5371748202095,25.20431959858564],[-107.53690730244851,25.20431954307459],[-107.53690730244851,25.204587131607134],[-107.53690730244851,25.204591592872173],[-107.53690730244851,25.204596054137156],[-107.53690278814503,25.204596078943943],[-107.5368983641277,25.204600466546623],[-107.5366307563581,25.204600509179556],[-107.5366307563581,25.20486801030383],[-107.5366307563581,25.204872471569995],[-107.53662633234526,25.204872485378097],[-107.53662633234526,25.204876946644287],[-107.5366219083325,25.204876960452307],[-107.53635430084042,25.204877002755698],[-107.53634987683218,25.20487692907782],[-107.53634987683218,25.205144517753435],[-107.53634987683218,25.20514897902085],[-107.53634987683218,25.20515344028822],[-107.53634545282401,25.205153454090794],[-107.53634093853003,25.205153391410384],[-107.53607342160576,25.205153422381287],[-107.53607342160576,25.205421011127772],[-107.53607342160576,25.205425472396378],[-107.53607342160576,25.20542984618907],[-107.5360689073164,25.205429870979106],[-107.5360644833129,25.20542988477607],[-107.53579696666607,25.205429915417525],[-107.53579696666607,25.205434376690793],[-107.53579696666607,25.20570187802877],[-107.53579696666607,25.205706339298494],[-107.53579245238139,25.20570636408297],[-107.53579245238139,25.205710825352725],[-107.53578802838247,25.20571083914432],[-107.5355205120131,25.205710781984966],[-107.5355205120131,25.206254794604966],[-107.5355205120131,25.206259255872286],[-107.5355159977331,25.20625928065602],[-107.5355159977331,25.206263741923358],[-107.53551157373877,25.20626375571423],[-107.53550705945892,25.206263780497704],[-107.53523954337156,25.206263723284977],[-107.53523954337156,25.2065313120298],[-107.53523954337156,25.206535773298373],[-107.53523954337156,25.206540234566898],[-107.53523511938182,25.206540248352322],[-107.53523511938181,25.206544622145003],[-107.53523060510665,25.20654464692301],[-107.53496308929677,25.206544676861256],[-107.53496308929677,25.207088689333503],[-107.53496308929677,25.207093150599615],[-107.53495866531162,25.207097625650437],[-107.53495415104113,25.207097562951883],[-107.53441912024498,25.207097622145834],[-107.53441460598361,25.207097559426863],[-107.53441018200758,25.207097573191472],[-107.53441018200758,25.207093111915878],[-107.53440566774638,25.20708867539676],[-107.53440566774638,25.206821173699073],[-107.53413815276467,25.20682111461031],[-107.53413372879321,25.206821128360033],[-107.53413372879321,25.206816667076083],[-107.5341292145367,25.20681669181752],[-107.5341292145367,25.206812230533433],[-107.5341292145367,25.206544640858066],[-107.53386169983256,25.20654466834369],[-107.53385727586567,25.206540220786195],[-107.53385276161384,25.206540245512468],[-107.53385276161384,25.20653578422002],[-107.53385276161384,25.206531322927503],[-107.53385276161384,25.20626373274707],[-107.53358524718729,25.20626375932639],[-107.53358073294007,25.206263784037652],[-107.53357630897787,25.206263710280876],[-107.53357630897787,25.206259248980054],[-107.53357630897787,25.206254787679185],[-107.53357630897787,25.20598728447366],[-107.53357188501575,25.20598729818848],[-107.5333087948289,25.20598731015131],[-107.53330428058638,25.205987247370764],[-107.53329985662877,25.205987261075585],[-107.53329985662877,25.205982799766396],[-107.53329534238638,25.20598282446208],[-107.53329534238638,25.20597836315277],[-107.53329534238638,25.205710859441208],[-107.53219395981709,25.205710832080264],[-107.53218953587792,25.205710845739524],[-107.53218953587792,25.20570638440759],[-107.53218511193883,25.20570631058952],[-107.53218511193884,25.205701849257455],[-107.53218511193883,25.204885861900138],[-107.53218511193884,25.204881400557408],[-107.53218953587792,25.20488138691247],[-107.53218953587792,25.204876925569767],[-107.53219395981709,25.204876999402043],[-107.53246156313094,25.204876966365592],[-107.53246156313094,25.20460053825046],[-107.53219395981709,25.204600483523414],[-107.53218953587792,25.20459603581737],[-107.53218511193883,25.204596049457443],[-107.53218511193883,25.204591588110958],[-107.53218511193883,25.204587126764412],[-107.53218511193884,25.204319533343252],[-107.53191750890277,25.204319565186967],[-107.5319130849682,25.20431957881231],[-107.53190857074932,25.2043196034271],[-107.53190857074932,25.204315142072243],[-107.53190857074932,25.204310680717345],[-107.53190857074932,25.203775580141293],[-107.53190857074932,25.20377111877939],[-107.53190857074932,25.203766657417418],[-107.5319130849682,25.203766632812254],[-107.53191750890277,25.203766619196347],[-107.53218511193883,25.203766675402544],[-107.53218511193883,25.203209267730355],[-107.53191750890277,25.2032092984249],[-107.5319130849682,25.20320922455346],[-107.53190857074932,25.203204787779672],[-107.53190857074932,25.203200326410354],[-107.53190857074932,25.202932819101093],[-107.53164105827547,25.20293283790458],[-107.53163663434549,25.202932764018097],[-107.53163212013129,25.202928327220786],[-107.53163212013129,25.20292386584311],[-107.53162769620145,25.20292387943413],[-107.53162769620145,25.202656371619113],[-107.53136009372558,25.202656313021695],[-107.53136009372558,25.2026518516358],[-107.53135566980026,25.20265186521217],[-107.53135124587503,25.20264741740228],[-107.53135124587503,25.202642956016106],[-107.53135124587503,25.202375447696465],[-107.53108364367701,25.202375388192387],[-107.53107921975628,25.20237540175388],[-107.53107479583565,25.202370953920738],[-107.53107479583565,25.20236649252621],[-107.53107479583565,25.202098896227024],[-107.53080719391548,25.20209892329931],[-107.53080276999935,25.20209893684592],[-107.53079825579931,25.202094499977644],[-107.53079825579931,25.202090038574756],[-107.53079825579931,25.201822441774198],[-107.53079383188333,25.20182245531576],[-107.53053074444104,25.201822456956613],[-107.53052632052952,25.201822470488334],[-107.5305263205295,25.201818009077225],[-107.53052180633415,25.201818033596528],[-107.53051738242277,25.201813585716533],[-107.53051738242277,25.201809124305147],[-107.53051738242277,25.201541526995282],[-107.52997333216739,25.201541516441633],[-107.52996890826513,25.20154152994806],[-107.52996439407922,25.201541554441675],[-107.52996439407922,25.201537093017222],[-107.52996439407922,25.20153263159272],[-107.52996439407922,25.20126512097433],[-107.52941601134462,25.201265109829492],[-107.5294114971681,25.20126513429758],[-107.5294114971681,25.201260672859995],[-107.52940707327517,25.201260598861815],[-107.52940707327517,25.201256137424103],[-107.52940707327517,25.200988626014034],[-107.52858215395528,25.200988583125373],[-107.52857763979289,25.20098414610185],[-107.52857321591384,25.20097969809176],[-107.52857321591384,25.199597343879457],[-107.52830561650896,25.199597362791398],[-107.5283011926344,25.19959737620333],[-107.52829676875994,25.199592928136656],[-107.52829676875994,25.19958846665816],[-107.52829676875993,25.199320952802644],[-107.52802916963313,25.199320883332767],[-107.52802474576316,25.199320896729816],[-107.52802023161026,25.19931645962516],[-107.52802023161026,25.199311998138306],[-107.52802023161026,25.198767958749315],[-107.52802023161026,25.198763497255353],[-107.52775272304456,25.198763503087978],[-107.52774829917921,25.19876351646534],[-107.52774378503098,25.198763540827425],[-107.52774378503098,25.19875907932863],[-107.52773936116579,25.1987590927056],[-107.52773936116579,25.19875463120668],[-107.52773936116579,25.198210590345752],[-107.52747176259967,25.198210605965603],[-107.527467338739,25.198210619323195],[-107.527467338739,25.19820615781247],[-107.5274629148784,25.198206171169836],[-107.5274629148784,25.198201709658974],[-107.5274629148784,25.19765320582465],[-107.5271953165904,25.19765322025206],[-107.52719089273432,25.197653233589982],[-107.52718637859554,25.197653257911874],[-107.52718637859554,25.197648796389085],[-107.52718637859554,25.19764433486623],[-107.52718637859554,25.19710921414711],[-107.52718637859554,25.19710475261726],[-107.52718637859554,25.197100291087366],[-107.52719089273432,25.19710026677508],[-107.5271953165904,25.197100253446596],[-107.5274629148784,25.19710032707231],[-107.5274629148784,25.1965518214836],[-107.5274629148784,25.1965473599513],[-107.527467338739,25.19654734662226],[-107.527467338739,25.196542885089993],[-107.52747176259967,25.196542871760858],[-107.52773936116579,25.196542857866874],[-107.52773936116579,25.195717999156862],[-107.52774378503098,25.195717985831816],[-107.52774378503098,25.195713524293566],[-107.52774829917921,25.195709038446285],[-107.52775272304456,25.195709025121058],[-107.52802023161026,25.19570902244846],[-107.52802023161026,25.19544150529287],[-107.52802023161026,25.195437043755813],[-107.52802474576316,25.195432557904166],[-107.52802916963313,25.19543263205462],[-107.52829676875994,25.195432618068356],[-107.52829676875993,25.19488857313262],[-107.52829676875994,25.194884111593176],[-107.52829676875994,25.19487965005367],[-107.5283011926344,25.194879636722444],[-107.5283011926344,25.19487517518296],[-107.52830561650896,25.194875161851648],[-107.52857321591384,25.1948752353078],[-107.52857321591384,25.194331190073807],[-107.52857321591384,25.19432672853192],[-107.5285776397929,25.194326715199963],[-107.52857763979289,25.194322253658097],[-107.52858215395528,25.19432222934199],[-107.52884966335495,25.194322313738926],[-107.52885408723861,25.19432230039689],[-107.52885408723861,25.193497352446414],[-107.52885408723861,25.193492890898582],[-107.52885408723861,25.193488429350687],[-107.52885860140569,25.193488405038725],[-107.5288630252895,25.19348839171059],[-107.52913062525496,25.193488377879717],[-107.52913062525496,25.19322086014938],[-107.52913062525496,25.193216398602743],[-107.52913062525496,25.193211937056038],[-107.52913504914329,25.19321192372263],[-107.5291394730317,25.193211997870364],[-107.52940707327517,25.19321198370999],[-107.52940707327517,25.193207522168006],[-107.52940707327517,25.19293991702452],[-107.5294114971681,25.19293552962144],[-107.52941601134462,25.192931043752797],[-107.53024093324929,25.192931019145526],[-107.53024093324929,25.192663502131648],[-107.53024093324929,25.192659040596958],[-107.53024535715608,25.19265902723217],[-107.53024535715608,25.192654565697495],[-107.53024978106295,25.192654552332623],[-107.53079383188333,25.192654580336697],[-107.53079825579931,25.192654566951663],[-107.53079825579931,25.192387050300052],[-107.53079825579931,25.1923825887714],[-107.53079825579931,25.19237812724269],[-107.53080276999937,25.192378102877182],[-107.53080719391548,25.192378089496543],[-107.53190857074932,25.19237809889537],[-107.53190857074932,25.19209719863896],[-107.53164105827547,25.192097206229914],[-107.53163663434549,25.19209713215567],[-107.53163212013129,25.192097156547536],[-107.53163212013129,25.192092695029526],[-107.53162769620145,25.192088246917475],[-107.53162769620145,25.190433894516612],[-107.53136009372558,25.190433910745917],[-107.53136009372558,25.1904294492017],[-107.53135566980026,25.190429462569394],[-107.53135124587503,25.190425014392513],[-107.53135124587503,25.19042055284803],[-107.53135124587503,25.18932362352451],[-107.53135124587503,25.189319161965788],[-107.53108364367701,25.18931917642565],[-107.53107921975628,25.189319189764223],[-107.53107479583565,25.18931465405745],[-107.53107479583565,25.18931027997548],[-107.53107479583565,25.18904267353549],[-107.53080719391548,25.189042687093618],[-107.53080276999935,25.189042700417318],[-107.53079825579931,25.189038263152916],[-107.53079825579931,25.189033801580965],[-107.53079825579931,25.188766194640383],[-107.53079383188333,25.188766207959034],[-107.53053074444104,25.188766196312937],[-107.5305263205295,25.188766209621754],[-107.53052180633415,25.18876177233384],[-107.53051738242277,25.188757324061886],[-107.53051738242277,25.188489804098282],[-107.53024978106295,25.188489728360953],[-107.53024978106295,25.18848535425458],[-107.53024535715608,25.18848528006614],[-107.53024093324929,25.188485293359662],[-107.53024093324929,25.18848083177095],[-107.53024093324929,25.188476370182183],[-107.53024093324929,25.188208849714826],[-107.52997333216739,25.188208860553317],[-107.52996890826513,25.188208873832124],[-107.52996439407922,25.188208810611584],[-107.52996439407922,25.188204349014526],[-107.52996439407922,25.18819988741741],[-107.52996439407922,25.1879323664497],[-107.52969688355897,25.187932365403483],[-107.5296924596613,25.18793237866741],[-107.52968794548008,25.187932402914004],[-107.52968794548008,25.1879279413086],[-107.52968352158256,25.187923492966586],[-107.52968352158256,25.18765588401159],[-107.52941601134462,25.187655882054155],[-107.52941601134462,25.187651420440485],[-107.5294114971681,25.187651444671836],[-107.52940707327517,25.18764699630659],[-107.52940707327517,25.187642534692664],[-107.52940707327517,25.187375012716505],[-107.5291394730317,25.18737502083542],[-107.52913504914329,25.187375034069344],[-107.52913062525496,25.187374959820314],[-107.52913062525496,25.187370498198092],[-107.52913062525496,25.187366036575817],[-107.52913062525496,25.186545621994025],[-107.52913062525496,25.186541160361095],[-107.5288630252895,25.186541167001465],[-107.52885860140569,25.186541180210984],[-107.52885408723861,25.18654111691905],[-107.52885408723861,25.186536655281284],[-107.52885408723861,25.18653219364347],[-107.52885408723861,25.186264670235236],[-107.52884966335495,25.18626468343971],[-107.52858215395528,25.186264678186888],[-107.52857763979289,25.186264702362884],[-107.5285776397929,25.186260240716784],[-107.52857321591384,25.186260253911026],[-107.52857321591384,25.186255792264788],[-107.52857321591384,25.185988180868577],[-107.52830561650896,25.185988185695642],[-107.5283011926344,25.18598819887524],[-107.5283011926344,25.1859837372208],[-107.52829676875993,25.18598375040015],[-107.52829676875994,25.185979288745582],[-107.52829676875994,25.18571176433258],[-107.52802916963313,25.18571176825811],[-107.52802474576316,25.185711781422828],[-107.52802474576318,25.185707319760045],[-107.52802023161026,25.18570725642187],[-107.52802023161026,25.18570279475896],[-107.52802023161026,25.18569833309599],[-107.52802023161026,25.18543080817934],[-107.52775272304456,25.185430800217787],[-107.52774829917921,25.185430813367546],[-107.52774378503098,25.185430837497805],[-107.52774378503098,25.185426375826538],[-107.52773936116579,25.185421927304503],[-107.52773936116579,25.18460141620811],[-107.52773936116579,25.184596954526064],[-107.52747176259967,25.184596956056872],[-107.527467338739,25.18459696918207],[-107.5274629148784,25.184592520620246],[-107.5274629148784,25.184588058933315],[-107.5274629148784,25.18432053258068],[-107.5271953165904,25.18432053320998],[-107.52719089273432,25.184320546320297],[-107.52718637859554,25.184316021230938],[-107.52718637859554,25.184311559535672],[-107.52718637859554,25.18404403268295],[-107.52691887086846,25.18404402143084],[-107.52691444701698,25.184044034526277],[-107.52690993288289,25.184039596897637],[-107.52690993288289,25.184035135194026],[-107.52690550903156,25.184035148288995],[-107.52690550903156,25.183486620750962],[-107.52636146616186,25.18348664333739],[-107.52635704231965,25.18348665640283],[-107.52635252819503,25.1834822187268],[-107.52635252819503,25.183477757006397],[-107.52635252819503,25.18321022864579],[-107.52580857673895,25.183210149684562],[-107.52580406262365,25.18321017370354],[-107.52579963879072,25.183210186743775],[-107.52579963879072,25.183205725010314],[-107.52579521495785,25.18320573805031],[-107.52579521495784,25.183201276316716],[-107.52579521495785,25.182933747165613],[-107.52469377314942,25.182933739977884],[-107.52469377314942,25.182929278221764],[-107.52468934933496,25.18292929121641],[-107.52468483523866,25.182924853432258],[-107.52468483523865,25.182920391675882],[-107.52468483523866,25.18265277367322],[-107.52274964921384,25.1826528145639],[-107.52274513515047,25.182652838458605],[-107.52274071136847,25.182648302097338],[-107.52274071136847,25.18264384030385],[-107.52274071136847,25.18237630756155],[-107.52219667702325,25.182376308964205],[-107.52219225325037,25.182376321857642],[-107.52218773919648,25.182376345726656],[-107.52218773919648,25.182371883920126],[-107.52218773919648,25.182367422113536],[-107.52218331542375,25.182367435006483],[-107.52218331542375,25.18209990147382],[-107.52191572245083,25.182099888052566],[-107.52191129868262,25.182095439116086],[-107.52190687491448,25.182090990179237],[-107.52190687491448,25.18127491449818],[-107.52190687491448,25.18127045267259],[-107.52191129868262,25.181270439808515],[-107.52191129868262,25.181266065469718],[-107.52191572245083,25.181266052605558],[-107.52218331542375,25.18126597940289],[-107.52218331542373,25.180998445018528],[-107.52218773919648,25.180994057811382],[-107.52218773919648,25.180989595987015],[-107.52219225325037,25.180989572142103],[-107.52219667702325,25.180989559272337],[-107.52246427027917,25.180989573217076],[-107.52246427027917,25.18098511139743],[-107.52246427027917,25.180722038909654],[-107.52246427027917,25.180717577086554],[-107.52246427027917,25.1807131152634],[-107.52246869405658,25.18071310238836],[-107.52246869405658,25.180708640565218],[-107.52247311783408,25.180708627690088],[-107.52274071136847,25.180708641310197],[-107.52274071136847,25.180441107071587],[-107.52274071136847,25.180436645249628],[-107.52274513515047,25.180436632369148],[-107.52274513515047,25.180432170547213],[-107.52274964921384,25.180432146691107],[-107.52301715274538,25.18043217095752],[-107.52301715274538,25.179888178769627],[-107.52301715274538,25.179883716945312],[-107.523021576532,25.17988370406411],[-107.523021576532,25.179879242239824],[-107.52302609060006,25.179879218382975],[-107.52302609060006,25.179874756558707],[-107.52303051438682,25.17987474367733],[-107.5232981084826,25.17987475691964],[-107.5232981084826,25.17904538239927],[-107.52303051438682,25.179045368298734],[-107.52302609060006,25.179040919330934],[-107.523021576532,25.179040943173206],[-107.523021576532,25.179036481338052],[-107.52301715274538,25.179036494204798],[-107.52301715274538,25.17903203236951],[-107.52301715274538,25.17765410989878],[-107.52274964921384,25.177654170245994],[-107.52274513515047,25.17765419405379],[-107.52274513515047,25.17764973219601],[-107.52274071136847,25.17764965754151],[-107.52274071136847,25.17764519568359],[-107.52274071136847,25.176820275905147],[-107.52247311783408,25.176820345749203],[-107.52246869405658,25.176820271070252],[-107.52246427027917,25.17681582200548],[-107.52246427027917,25.176811360132053],[-107.52246427027917,25.17598643748671],[-107.52219667702325,25.175986418364968],[-107.52219225325037,25.17598643114934],[-107.52218773919648,25.17598645490727],[-107.52218773919648,25.175981993018393],[-107.52218773919648,25.17597753112945],[-107.52218331542373,25.175977543913348],[-107.52218331542373,25.175433542975522],[-107.52191572245083,25.17543352265638],[-107.52191129868262,25.17542907352023],[-107.52190687491448,25.175424624383705],[-107.52190687491448,25.175420162482745],[-107.52190687491448,25.174876160088726],[-107.52163928222006,25.174876138577602],[-107.52163485845647,25.174876151322547],[-107.52163485845645,25.174871689409837],[-107.52163034441205,25.17487171312751],[-107.52163034441205,25.174867251214664],[-107.52163034441205,25.174323247371422],[-107.52136284227701,25.174323213700152],[-107.52135832823723,25.17431877547351],[-107.52135390447832,25.174318788198615],[-107.52135390447832,25.17431432627389],[-107.52135390447832,25.17430986434911],[-107.52135390447832,25.173765859049958],[-107.52134948071948,25.173765784276608],[-107.52108640262172,25.173765824187115],[-107.52108188858662,25.17376584786502],[-107.52107746483232,25.173765773081573],[-107.52107746483232,25.173761311144965],[-107.52107295079736,25.17376133482246],[-107.52107295079736,25.17375687288572],[-107.52107295079736,25.17348933155386],[-107.52080544922377,25.173489383269043],[-107.52080102547406,25.17348484652563],[-107.5207965114438,25.17348487018797],[-107.5207965114438,25.173480408242895],[-107.5207965114438,25.173475946297764],[-107.5207965114438,25.173208404463264],[-107.52052901014869,25.173208455273024],[-107.52052449612307,25.17320839143109],[-107.52052007237805,25.17320840410661],[-107.52052007237805,25.17320394215321],[-107.52052007237805,25.173199480199752],[-107.52052007237805,25.17293193786606],[-107.52025248108099,25.17293199874641],[-107.5202480573405,25.172931923917783],[-107.52024363360006,25.17293193657842],[-107.52024363360006,25.1729274746167],[-107.52023911957932,25.172923036286612],[-107.5202391195793,25.172655493449096],[-107.51997161884572,25.17265545495766],[-107.51996710482958,25.17265101660447],[-107.51996268109384,25.17265102925],[-107.51996268109384,25.172646567279816],[-107.51996268109384,25.172642105309574],[-107.51996268109384,25.172379023943147],[-107.51996268109384,25.172374561969466],[-107.51941865243957,25.17237461725326],[-107.51941422871296,25.172374542384063],[-107.5194097147063,25.17237456597517],[-107.5194097147063,25.172370103991888],[-107.5194097147063,25.172365642008547],[-107.5194097147063,25.17209809788328],[-107.51940529097985,25.17209811049889],[-107.51886126346788,25.172098075189645],[-107.51885683975057,25.172098087785116],[-107.51885683975058,25.17209362578874],[-107.51885232575339,25.172093649354093],[-107.51885232575339,25.17208918735759],[-107.51885232575339,25.171821642442616],[-107.51858482641727,25.171821687493928],[-107.51858031242472,25.171821623554074],[-107.51858031242472,25.171817161549374],[-107.51857588871208,25.17181717412973],[-107.51857588871208,25.171812712124897],[-107.51857588871206,25.171545166710835],[-107.51802743919669,25.171545139041882],[-107.51802292521361,25.17154070054878],[-107.51801850151027,25.171540713103937],[-107.51801850151027,25.171536251085936],[-107.51801850151028,25.171531789067874],[-107.51801850151027,25.17126424286073],[-107.51747447684109,25.171264287014562],[-107.51747005314688,25.171264299544855],[-107.5174655391733,25.17126423555305],[-107.5174655391733,25.171259773521953],[-107.5174655391733,25.171255311490814],[-107.51746111547924,25.171255324020628],[-107.51746111547924,25.170987777023864],[-107.5166406569277,25.170987806427178],[-107.51663614296822,25.170987829890315],[-107.516631719288,25.170983380336065],[-107.516631719288,25.170978918286984],[-107.516631719288,25.170711370219358],[-107.51662729560786,25.17071129521803],[-107.51607433617055,25.170711367822936],[-107.51607433617055,25.17097891646701],[-107.51607433617055,25.170983378525715],[-107.51606991249969,25.170983303508432],[-107.51606991249969,25.170987765567144],[-107.51606539854991,25.170987789008915],[-107.51580674935633,25.17098780207096],[-107.51580232568993,25.170987814535266],[-107.51579790202362,25.170983364936006],[-107.51579790202362,25.170978902872534],[-107.51579790202362,25.170711353942565],[-107.5155303154883,25.17071131452805],[-107.51552589182653,25.170711326977475],[-107.51552137788602,25.170706888322343],[-107.51552137788602,25.17070242625056],[-107.5155169542244,25.170702438699514],[-107.5155169542244,25.170697976627586],[-107.5155169542244,25.170162877547295],[-107.51552137788602,25.17015840302876],[-107.51552137788602,25.170153940949923],[-107.51552589182653,25.17015391754302],[-107.5155303154883,25.17015390510309],[-107.51579790202362,25.170153945094217],[-107.51579790202362,25.16987747137328],[-107.5155303154883,25.16987751858796],[-107.51552589182653,25.16987744353136],[-107.51552137788602,25.169873004851013],[-107.51552137788602,25.1698685427685],[-107.5155169542244,25.16986855520323],[-107.5155169542244,25.168486269252224],[-107.51524936797257,25.168486226910836],[-107.51524494431547,25.168486239311992],[-107.51524052065845,25.168481789607807],[-107.51524052065845,25.168477327502586],[-107.51524052065845,25.168209776068753],[-107.51497293468556,25.168209732826288],[-107.51496851103309,25.16820974521256],[-107.51496399710206,25.168205306451327],[-107.51496399710206,25.168200844337772],[-107.51496399710206,25.16793329240503],[-107.51469650168674,25.167933324788024],[-107.51469198776034,25.167933348125285],[-107.51469198776034,25.16792888600355],[-107.51468756411255,25.167928810882138],[-107.51468756411255,25.16792434876027],[-107.51468756411255,25.16791997413093],[-107.51468756411255,25.167656883821387],[-107.51468756411255,25.167652421696022],[-107.51468314046484,25.167652346569653],[-107.51441555505444,25.167652389003145],[-107.51441113141126,25.167652401359437],[-107.51441113141126,25.16764793922925],[-107.51440661748973,25.16764796255087],[-107.51440661748973,25.16764350042055],[-107.51440661748973,25.165989183529867],[-107.51413912263675,25.16598912517014],[-107.51413460871984,25.165984686296433],[-107.51413018508134,25.16598469861395],[-107.51413018508134,25.16598023645751],[-107.51413018508134,25.16597577430101],[-107.51413018508134,25.16405389192542],[-107.51413018508134,25.164049429744203],[-107.51413460871984,25.164044955278513],[-107.51413912263675,25.164044932029697],[-107.5155169542244,25.16404496363574],[-107.5155169542244,25.164040501478325],[-107.5155169542244,25.163777409076374],[-107.5155169542244,25.163772946915522],[-107.51552137788602,25.163772934584813],[-107.51552137788602,25.163768472423985],[-107.51552589182653,25.163764074460605],[-107.5155303154883,25.163764062129722],[-107.51662729560786,25.163764072279214],[-107.516631719288,25.16376405990787],[-107.516631719288,25.16349650628544],[-107.516631719288,25.16349204414022],[-107.51663614296822,25.16348756962816],[-107.5166406569277,25.163487546295386],[-107.51774206533752,25.163487622576717],[-107.51774206533752,25.163220069890194],[-107.51774206533752,25.163215607760574],[-107.51774206533752,25.163211145630907],[-107.51774648903626,25.163211133228057],[-107.51775100301464,25.16321110985853],[-107.51801850151027,25.163211163058133],[-107.51801850151028,25.16294361044495],[-107.51801850151028,25.16293914831657],[-107.51801850151027,25.16293468618813],[-107.51802292521361,25.16293467377984],[-107.51802743919669,25.16293018827642],[-107.51857588871208,25.1629302342131],[-107.51857588871208,25.1626626819605],[-107.51857588871208,25.162658219838125],[-107.51858031242472,25.162658207414086],[-107.51858031242472,25.162653745291735],[-107.51858482641728,25.162653721900675],[-107.51912885336263,25.16265369083399],[-107.51912885336263,25.162109750094803],[-107.51912885336263,25.16210528797488],[-107.51913327708449,25.16210527553997],[-107.51913327708449,25.162100813420075],[-107.51913770080641,25.16210080098507],[-107.51940529097985,25.162100841281777],[-107.5194097147063,25.162100828836795],[-107.5194097147063,25.16209636672161],[-107.5194097147063,25.15987571363206],[-107.51940529097985,25.15987572603907],[-107.51913770080641,25.159875683439896],[-107.51913327708449,25.15987569583691],[-107.51913327708449,25.159871233688442],[-107.51912885336263,25.15987124608522],[-107.51912885336263,25.159866783936604],[-107.51912885336263,25.159331675661534],[-107.51912885336263,25.15932721350601],[-107.51913327708449,25.159327288611756],[-107.51913327708449,25.159322826456265],[-107.51913770080641,25.15932281406868],[-107.51940529097985,25.1593227697468],[-107.5194097147063,25.15932275734923],[-107.5194097147063,25.159318295198442],[-107.5194097147063,25.159055203187158],[-107.5194097147063,25.159050828526162],[-107.5194097147063,25.159046366371893],[-107.51941422871296,25.159046343012506],[-107.51941422871296,25.159041880858258],[-107.51941865243957,25.15904186846515],[-107.52052007237805,25.159041850749873],[-107.52052007237805,25.158774297520807],[-107.52052007237805,25.158769835382152],[-107.52052449612307,25.15876536081445],[-107.52052901014869,25.158765424911127],[-107.52163034441205,25.158765409175125],[-107.52163034441205,25.1584978568825],[-107.52163034441205,25.158493394759468],[-107.52163485845645,25.158488909203555],[-107.52163928222006,25.15848889673834],[-107.52190687491448,25.15848893520775],[-107.52190687491448,25.15822138298897],[-107.52190687491448,25.15821692086717],[-107.52191129868262,25.15821244627482],[-107.52191572245083,25.15821243380418],[-107.52191572245083,25.158208059174992],[-107.52218331542375,25.158208009827618],[-107.52218331542375,25.157940457679196],[-107.52218773919648,25.157940445203202],[-107.52218773919648,25.157935983082645],[-107.52218773919648,25.15793152096203],[-107.52219225325037,25.157931585010605],[-107.52219667702325,25.157931572534434],[-107.52246427027917,25.15793152284825],[-107.52246427027917,25.157663970778284],[-107.52246427027917,25.157659508658966],[-107.52246427027917,25.157655046539585],[-107.52246869405658,25.157655121550683],[-107.52247311783408,25.157655109069086],[-107.52274071136847,25.157655059054118],[-107.52274071136847,25.15598736159205],[-107.52247311783408,25.155987409881355],[-107.52246869405658,25.155987422334483],[-107.52246427027917,25.155982885153716],[-107.52246427027917,25.15597842301288],[-107.52246427027917,25.15543447886765],[-107.52246427027917,25.155430016719787],[-107.52219667702325,25.155429976324385],[-107.52219225325037,25.155429988757845],[-107.52218773919647,25.155430012158327],[-107.52218773919648,25.15542555000565],[-107.52218331542375,25.15542110028589],[-107.52218331542375,25.155153545998886],[-107.52191572245083,25.15515350469239],[-107.52191129868262,25.155153517110808],[-107.52191129868262,25.155149054949817],[-107.52190687491448,25.155149067368],[-107.52190687491448,25.155144605206875],[-107.52190687491448,25.154877050421764],[-107.52163928222006,25.154877095707718],[-107.52163485845647,25.15487702061776],[-107.52163485845647,25.15487255844846],[-107.52163034441205,25.15487258181839],[-107.52163034441205,25.154868119648963],[-107.52163034441205,25.15460056436566],[-107.52108640262172,25.154600578837982],[-107.52108188858662,25.154600602182654],[-107.52108188858662,25.154596140000276],[-107.52107746483232,25.15459615237857],[-107.52107295079736,25.154591713540245],[-107.52107295079736,25.154587251357597],[-107.52107295079736,25.154319695282183],[-107.52080544922377,25.15431963967704],[-107.52080102547406,25.154319652040463],[-107.5207965114438,25.154315213178677],[-107.5207965114438,25.154310750987726],[-107.5207965114438,25.154043194414253],[-107.52052901014869,25.15404322540247],[-107.52052449612307,25.154043248716587],[-107.52052007237805,25.154038711371673],[-107.52052007237805,25.154034249172412],[-107.52052007237805,25.153766779595088],[-107.52025248108099,25.153766733153848],[-107.5202480573405,25.15376674548752],[-107.52024363360006,25.15376229561352],[-107.52024363360006,25.15375783340596],[-107.5202391195793,25.15375785670444],[-107.5202391195793,25.153753394496743],[-107.5202391195793,25.153490299130347],[-107.5202391195793,25.153485836919227],[-107.51969509035855,25.153485853722064],[-107.51969066662734,25.15348586603047],[-107.5196862428962,25.153485790844197],[-107.51968624289621,25.153481328623478],[-107.5196862428962,25.153476866402706],[-107.51968624289621,25.15293291251381],[-107.51941865243957,25.152932863355012],[-107.51941422871296,25.15293287564383],[-107.51941422871296,25.152928413411352],[-107.5194097147063,25.152928436664368],[-107.5194097147063,25.152923974431754],[-107.5194097147063,25.152375469365097],[-107.51940529097985,25.152375481644068],[-107.51913770080641,25.15237551877852],[-107.51913327708449,25.152375531047515],[-107.51913327708448,25.152371068803067],[-107.51912885336264,25.15237108107182],[-107.51912885336263,25.15236661882724],[-107.51912885336263,25.152099059038054],[-107.51608327379145,25.152099048305786],[-107.51607875984146,25.152099071419716],[-107.51607875984146,25.15209460911903],[-107.51607433617055,25.152094621270912],[-107.51607433617055,25.152090158970097],[-107.51607433617055,25.15182259580915],[-107.5155303154883,25.151822590283043],[-107.51552589182653,25.151822602410146],[-107.51552589182653,25.15181814009639],[-107.51552137788602,25.151818163184576],[-107.51552137788602,25.151813700870687],[-107.5155169542244,25.151813625500964],[-107.5155169542244,25.15180916318694],[-107.5155169542244,25.151541686730525],[-107.51524936797256,25.15154162685927],[-107.51524494431548,25.151541638971256],[-107.51524052065845,25.151537188760823],[-107.51524052065845,25.1515327264385],[-107.51524052065845,25.150988760170495],[-107.51497293468556,25.150988699112386],[-107.51496851103309,25.150988711204786],[-107.51496851103309,25.150984248870767],[-107.51496399710206,25.150984271923594],[-107.51496399710206,25.150979809589437],[-107.51496399710206,25.15071224442922],[-107.51496399710206,25.150707782091587],[-107.51469650168674,25.1507077966643],[-107.51469198776036,25.15070781970214],[-107.51468756411255,25.15070783177944],[-107.51468756411255,25.15070336943698],[-107.51468756411255,25.150698907094462],[-107.51468756411255,25.148496077877155],[-107.51468756411255,25.14849161550645],[-107.51469198776034,25.148487141096286],[-107.51469650168674,25.14848720559451],[-107.51496399710206,25.148487193318008],[-107.51496399710206,25.146275427727222],[-107.51496399710206,25.146270965332945],[-107.51496399710206,25.146266502938605],[-107.51496851103308,25.146266567465723],[-107.51497293468556,25.146266555453913],[-107.51524052065845,25.146266533899954],[-107.51524052065845,25.14404591929372],[-107.51524052065845,25.144041456875772],[-107.51497293468556,25.144041476128034],[-107.51496851103308,25.14404140060338],[-107.51496399710206,25.144041423535512],[-107.51496399710206,25.144036961112747],[-107.51496399710206,25.144032498689914],[-107.51496399710206,25.143212024412133],[-107.51469650168674,25.14321203123361],[-107.51469198776034,25.143207591703113],[-107.51468756411255,25.1432076036524],[-107.51468756411255,25.143203141214222],[-107.51468756411255,25.143198678775995],[-107.51468756411255,25.142931107376032],[-107.51468314046484,25.14293111932044],[-107.51413912263675,25.14293108880459],[-107.51413460871984,25.14293111168639],[-107.51413018508134,25.142926661159184],[-107.51413018508134,25.142922198707826],[-107.51413018508134,25.142654626520006],[-107.51358616838797,25.14265468042255],[-107.51358174475864,25.142654692321805],[-107.51357723085123,25.14265462767864],[-107.51357723085123,25.14265025271357],[-107.51357280722202,25.14264571464862],[-107.51357280722203,25.14237822917235],[-107.51302879167258,25.142378192474947],[-107.51302427777459,25.142373752828153],[-107.51301985415462,25.142373764702],[-107.51301985415462,25.14236930222443],[-107.51301985415462,25.142364839746808],[-107.51301985415462,25.1420972659846],[-107.51275227042323,25.142097278288887],[-107.51274784680781,25.142097290148026],[-107.51274342319246,25.142097302007006],[-107.51274342319246,25.14209283952114],[-107.51273890929933,25.142088399850156],[-107.51273890929933,25.141544326131925],[-107.51247141612937,25.141544326283828],[-107.51246690224087,25.141539886581448],[-107.51246247863021,25.141535435922787],[-107.51246247863021,25.141530973424928],[-107.51246247863021,25.14015310886629],[-107.51191846536001,25.14015314997131],[-107.51191395148093,25.14015308522124],[-107.51190952787951,25.14015309701643],[-107.51190952787951,25.140148634491418],[-107.51190952787951,25.140144171966362],[-107.51190952787951,25.1398766828601],[-107.51190510427816,25.13987660714985],[-107.51135215469064,25.13987667964928],[-107.51135215469064,25.14014416933184],[-107.51135215469064,25.140148631866516],[-107.5113477310986,25.140153106175713],[-107.51134321722924,25.14015312890478],[-107.51107572546832,25.140153124516573],[-107.51107572546832,25.140420614273918],[-107.51107572546832,25.140425076809837],[-107.51107121160359,25.140429562069407],[-107.51106678801625,25.140429573838382],[-107.51106678801625,25.140434036374348],[-107.51106227415167,25.140434059097792],[-107.51079920625726,25.140434042616654],[-107.51079478267444,25.140434054375728],[-107.51079478267444,25.14070154420907],[-107.51079478267444,25.14070600674626],[-107.5107902688145,25.140706029464244],[-107.5107902688145,25.14071049200147],[-107.51078584523184,25.14071050376492],[-107.51051826375667,25.140710509668637],[-107.51051826375665,25.140978087077546],[-107.51051826375667,25.14098254961599],[-107.51051384017855,25.14098247387335],[-107.51051384017855,25.14098693641181],[-107.51050941660048,25.14098694816984],[-107.50885058004185,25.140986970931596],[-107.50885058004185,25.14153096619132],[-107.50885058004185,25.141535428751478],[-107.50885058004185,25.141539891311584],[-107.5088461564916,25.141539903017996],[-107.5088461564916,25.141544365578117],[-107.50884164266486,25.141544388237783],[-107.50857415343066,25.141544379728774],[-107.50857415343066,25.141811871010017],[-107.50857415343066,25.14181633357137],[-107.50856963960858,25.14181635622558],[-107.50856963960858,25.141820818786947],[-107.50856521606299,25.14182083048784],[-107.50829763683176,25.141820832603344],[-107.50829763683176,25.14208832395929],[-107.50829763683176,25.14209278652188],[-107.50829321329071,25.142092798217433],[-107.50829321329071,25.142097260780048],[-107.50828878974977,25.142097272475514],[-107.50802121079793,25.14209727426238],[-107.50801669698528,25.142097296900783],[-107.50801669698527,25.142364788335964],[-107.50801669698527,25.142369250899886],[-107.50801669698527,25.14237371346374],[-107.50801227344894,25.14237372515377],[-107.50801227344894,25.14237818771766],[-107.50800784991269,25.1423781994076],[-107.50774920858464,25.142378166547186],[-107.50774920858464,25.142373703978766],[-107.50774469477663,25.1423737266118],[-107.50774027124484,25.14236927572322],[-107.50774027124484,25.142364813154536],[-107.50774027124484,25.142097321433628],[-107.50747269284749,25.142097322001177],[-107.50746826932026,25.142097246165015],[-107.50746384579308,25.142092795253284],[-107.50746384579308,25.142088332676312],[-107.50746384579308,25.141820840458475],[-107.50719626767521,25.14182084012564],[-107.5071918441526,25.141820851776117],[-107.50718733035407,25.141816324291817],[-107.50718733035407,25.14181186170655],[-107.50718733035407,25.141544368991724],[-107.50718290683162,25.141544380637164],[-107.50608596581824,25.141544365178152],[-107.5060814520386,25.141544387734545],[-107.50607702853462,25.1415398492294],[-107.50607702853462,25.141535474123582],[-107.50607260503071,25.141535398225997],[-107.50607260503071,25.141530935617933],[-107.50607260503071,25.141267904147806],[-107.50607260503071,25.141263441536328],[-107.50552860488959,25.141263456097807],[-107.50552409111944,25.141263391126092],[-107.50551966762478,25.141263402705693],[-107.50551966762478,25.141258940084622],[-107.50551966762478,25.141254477463498],[-107.50551966762478,25.14098698259926],[-107.50496221761406,25.140986963142726],[-107.50496221761406,25.141254546085705],[-107.50496221761406,25.141259008716442],[-107.50496221761406,25.141263471347127],[-107.5049577941288,25.14126339540354],[-107.5049533706436,25.141263406962352],[-107.50385192513372,25.1412633924626],[-107.50385192513372,25.14126785511236],[-107.50385192513372,25.141530976342285],[-107.50385192513372,25.14153543898864],[-107.50385192513372,25.14153990163494],[-107.50384750166702,25.14153991315788],[-107.50384750166702,25.14154437580421],[-107.50384298792557,25.141544398276853],[-107.50275057448624,25.14154432994938],[-107.50274606076351,25.14154435238099],[-107.50274606076351,25.141539889715677],[-107.50274163731532,25.141539901198026],[-107.50274163731532,25.141535438532586],[-107.50274163731532,25.141530975867084],[-107.50274163731532,25.141267853508506],[-107.50274163731532,25.141263390839597],[-107.50219764402642,25.141263390347483],[-107.50219313031315,25.14126341275353],[-107.5021887068742,25.141263424210873],[-107.5021887068742,25.141258961532372],[-107.50218419316109,25.141258983938002],[-107.5021841931611,25.141254521259366],[-107.50218419316109,25.140986935444424],[-107.50163135416017,25.14098695471664],[-107.50163135416017,25.141254541103045],[-107.50163135416017,25.141259003791205],[-107.50162684045655,25.141258938672298],[-107.50162684045655,25.141263401360483],[-107.5016224170271,25.141263412797045],[-107.50161790332363,25.141263435181564],[-107.49997248300282,25.14126346711766],[-107.49996805960106,25.14126339098924],[-107.49996363619937,25.141258939648058],[-107.49996363619937,25.141254476931145],[-107.49996363619937,25.140986976325177],[-107.49747543935239,25.140986964386492],[-107.4974709257198,25.140986986611072],[-107.49746650235993,25.14098699789038],[-107.49746650235993,25.140982535126962],[-107.49746207900013,25.140982458900858],[-107.49746207900013,25.140978083642473],[-107.49746207900013,25.140710492735618],[-107.49608416089663,25.14071050207301],[-107.49607973756001,25.140710513296707],[-107.49607973756001,25.14070605050586],[-107.49607531422345,25.140706061729325],[-107.49607531422345,25.140701598938346],[-107.49607531422345,25.140434006387178],[-107.495807747636,25.140434066811313],[-107.49580323403192,25.140434001458036],[-107.49580323403192,25.14042953865891],[-107.4957988107,25.140429549867505],[-107.4957988107,25.14042508706824],[-107.49579438736816,25.1404206354772],[-107.49579438736816,25.140153129927064],[-107.49552682106554,25.140153101930657],[-107.49552230746627,25.14015312406787],[-107.49552230746627,25.140148661260316],[-107.49551788413906,25.14014867245381],[-107.49551788413906,25.140144209646127],[-107.49551788413906,25.13987661609319],[-107.49525031811682,25.139876674702666],[-107.49524589479417,25.139876685881546],[-107.49524589479417,25.139872223065705],[-107.4952413811997,25.139872157681328],[-107.4952413811997,25.13986769486536],[-107.4952413811997,25.139600188321786],[-107.49469740336035,25.13960015044138],[-107.49469298004695,25.139600161595254],[-107.49468846646197,25.139595720862697],[-107.49468404314874,25.139591269187076],[-107.49468404314874,25.139586806357922],[-107.49468404314874,25.139319299024194],[-107.4944164779721,25.139319267698223],[-107.49441205466343,25.139319278836997],[-107.49440754108323,25.13931483808064],[-107.49440754108323,25.139310375243195],[-107.49440754108323,25.139042779906166],[-107.49413997618704,25.139042835186675],[-107.49413555288301,25.13904275880381],[-107.49413112957905,25.13903830708189],[-107.49413112957905,25.139033844236167],[-107.49413112957905,25.13876633590923],[-107.49386356496322,25.13876630278296],[-107.49385905139242,25.138766324833863],[-107.49385462809309,25.138761873088804],[-107.49385462809309,25.138757410234795],[-107.49385020479384,25.138757421343374],[-107.49385020479384,25.138489825008275],[-107.49358264046299,25.13848987847901],[-107.49358264046299,25.138485415616845],[-107.4935782171683,25.138485426710808],[-107.49357370360237,25.138480985883792],[-107.49357370360237,25.138476523021367],[-107.49357370360237,25.138208926186135],[-107.49330613955203,25.138208978752242],[-107.49330171626198,25.138208902324077],[-107.493297292972,25.13820891340302],[-107.493297292972,25.138204450532363],[-107.493297292972,25.138199987661643],[-107.493297292972,25.137107545208618],[-107.493297292972,25.13710308232395],[-107.49330171626198,25.137098608379212],[-107.49330613955203,25.13709859731905],[-107.49357370360237,25.13709863340738],[-107.49357370360237,25.136554599163386],[-107.49357370360237,25.136550136276437],[-107.4935782171683,25.13654565138776],[-107.49358264046299,25.136545727834463],[-107.49358264046299,25.136541264947557],[-107.49385020479384,25.136541213489735],[-107.49385020479384,25.135154479451433],[-107.49358264046299,25.1351544419688],[-107.4935782171683,25.135154453005974],[-107.4935782171683,25.135149990101294],[-107.49357370360237,25.135150012078725],[-107.49357370360237,25.13514554917391],[-107.49357370360237,25.133486744779518],[-107.49302972920208,25.133486774030086],[-107.49302521564553,25.13348679595812],[-107.49302079236018,25.133486719437876],[-107.49302079236018,25.13348225650238],[-107.49302079236018,25.13347779356683],[-107.49302079236018,25.13321027985596],[-107.49301636907494,25.133210290839365],[-107.49051921071242,25.133210279271452],[-107.49051921071242,25.13347788307551],[-107.49051921071242,25.133482258544785],[-107.49051478746914,25.133486732419712],[-107.49051027395565,25.13348675425368],[-107.48968538552903,25.133486765363223],[-107.48968538552903,25.13375428230837],[-107.48968538552903,25.13375874529787],[-107.48968096229974,25.133763219157775],[-107.48967644880055,25.133763240965354],[-107.48885156298428,25.13376324724311],[-107.48885156298428,25.133767710246868],[-107.4888515629843,25.134035227839018],[-107.4888515629843,25.13403969083931],[-107.4888470494993,25.13403971262068],[-107.4888470494993,25.134044175621],[-107.48884262628405,25.13404409895567],[-107.48801765280928,25.134044111351724],[-107.48801765280928,25.134311717104392],[-107.48801765280928,25.13431618011554],[-107.48801322960799,25.134320566435363],[-107.48800871613734,25.134320588190253],[-107.48746475322329,25.134320594051268],[-107.4874647532233,25.1345881126541],[-107.48746475322329,25.134592575671263],[-107.48746033003127,25.134592586474366],[-107.48746033003127,25.134597049491543],[-107.48745581657013,25.134597071230548],[-107.48745139337827,25.134597082033405],[-107.48663978406456,25.134597043404835],[-107.48663536088641,25.13459705417774],[-107.48663093770833,25.134597064950487],[-107.48663093770833,25.134592601919024],[-107.48663093770833,25.134588138887494],[-107.48663093770833,25.13404417367915],[-107.4855294784119,25.134044146796292],[-107.48552505525241,25.134044157519032],[-107.48552505525241,25.13403969446149],[-107.48552054182443,25.134039716118444],[-107.48552054182444,25.13403525306076],[-107.48552054182444,25.13376764451802],[-107.48551611866509,25.133763192174502],[-107.48525307622056,25.13376320060273],[-107.48524856279724,25.133763222244713],[-107.48524413964246,25.133763232952365],[-107.48524413964246,25.1337587698864],[-107.48523962621931,25.133758791527974],[-107.48523962621931,25.133754328461887],[-107.48523962621931,25.133486719414837],[-107.48497207063251,25.133486748585234],[-107.48496764748238,25.133486759278032],[-107.48496322433233,25.13348230689635],[-107.48496322433233,25.13347784382198],[-107.48496322433233,25.13321032179001],[-107.48330436776814,25.13321031465001],[-107.48329994464605,25.133210325276902],[-107.48329994464605,25.133205862170428],[-107.48329552152401,25.13320578528519],[-107.48329552152401,25.133201409690475],[-107.48329552152401,25.132933798214115],[-107.47969702047259,25.132933847485067],[-107.4796925071446,25.132933868904864],[-107.4796925071446,25.13292940573275],[-107.47968808408326,25.13292932870916],[-107.47968808408326,25.132924865536914],[-107.47968357075545,25.13292488695622],[-107.47968357075545,25.13292042378384],[-107.47968357075545,25.132652895876785],[-107.4794161110871,25.13265290091223],[-107.47941159776394,25.132652922316655],[-107.47940717470733,25.132648469610626],[-107.47940717470733,25.132644006429974],[-107.47940717470733,25.132376478027016],[-107.4791396250539,25.132376405579258],[-107.47913511173549,25.132376426968534],[-107.47913068868354,25.132371974239376],[-107.47913068868354,25.132367511050447],[-107.47913068868354,25.13209998215147],[-107.47886313931158,25.13209999631754],[-107.47885871626418,25.132100006762567],[-107.47885871626418,25.132095543565498],[-107.47885420295061,25.132095477425736],[-107.47885420295061,25.1320911017422],[-107.47885420295061,25.132086638544934],[-107.47885420295061,25.13154256562239],[-107.47884977990338,25.131542576057598],[-107.47858223081742,25.13154258902424],[-107.4785777175086,25.13154261037821],[-107.4785777175086,25.131538147169213],[-107.478573294466,25.131538157594203],[-107.478573294466,25.131533694385073],[-107.478573294466,25.131266164275633],[-107.47830574566157,25.131266088828653],[-107.47830132262358,25.13126609923903],[-107.47830132262358,25.131261636021765],[-107.47829680931957,25.131261657360355],[-107.47829680931957,25.13125719414295],[-107.47829680931957,25.13098966353755],[-107.47802926079666,25.130989674705],[-107.47802483776333,25.130989685100523],[-107.47802483776331,25.130985221874987],[-107.47802032446405,25.13098524319844],[-107.47802032446405,25.130980779972766],[-107.47802032446405,25.130976316747034],[-107.47802032446405,25.13043224035439],[-107.4777528664886,25.130432239404453],[-107.47774835319402,25.130432260708144],[-107.4777439301654,25.130432271083862],[-107.4777439301654,25.13042780784641],[-107.47773941687097,25.130423365912097],[-107.47773941687097,25.130155834096463],[-107.47662914879704,25.13015581753231],[-107.47662914879704,25.13042335049382],[-107.47662914879704,25.130427813750522],[-107.47662463552177,25.130432298268847],[-107.47662021251209,25.130432308603346],[-107.47607618288764,25.13043226578479],[-107.47607618288764,25.13069979910647],[-107.47607175988718,25.13070427268819],[-107.47607175988718,25.130708735950925],[-107.47606724662147,25.130708757196548],[-107.47606282362116,25.13070876751531],[-107.47579527737376,25.130708773429827],[-107.47579527737376,25.13097630683083],[-107.47579527737376,25.130980770094872],[-107.47579527737376,25.13098523335886],[-107.47579085437803,25.13098515615736],[-107.47578634111716,25.13098964066136],[-107.47551879515144,25.130989646251518],[-107.47551879515144,25.131257179723924],[-107.47551879515144,25.13126164298916],[-107.47551437216039,25.131261653297212],[-107.47551437216039,25.13126611656246],[-107.47550985890427,25.131266137796914],[-107.47496592184521,25.131266080786055],[-107.47496140859853,25.131266101999994],[-107.47496140859853,25.131533635837037],[-107.47496140859853,25.13153809910835],[-107.47495698561684,25.131542572671993],[-107.47495247237032,25.131542593890398],[-107.47413205570422,25.13154256949174],[-107.47413205570423,25.131810103973987],[-107.47412754247188,25.13181458844834],[-107.47412754247188,25.131819051730435],[-107.47412311950424,25.13181906199694],[-107.47411869653668,25.131819072263283],[-107.47329819221234,25.131819053984405],[-107.47329819221234,25.13182351728072],[-107.47329819221234,25.132086589116447],[-107.47329819221234,25.13209105240936],[-107.47329367899432,25.132091073575253],[-107.47329367899432,25.132095536868192],[-107.47328925604076,25.132100010401768],[-107.47328483308726,25.13209993312675],[-107.4699717008048,25.132099987497035],[-107.46996718764403,25.132100008538686],[-107.46996718764403,25.13209554518855],[-107.46996276474654,25.132095555307128],[-107.46996276474654,25.13209109195686],[-107.46996276474654,25.13208662860653],[-107.46996276474654,25.13182355338701],[-107.46996276474654,25.131819090033286],[-107.46940981288502,25.13181905115903],[-107.46940981288502,25.13182351452227],[-107.46940981288502,25.132086590302723],[-107.46940538999694,25.132091063760623],[-107.46940538999694,25.132095527120487],[-107.46940096710894,25.132100000578337],[-107.46939645395797,25.132099934081786],[-107.46912891450818,25.132100014138867],[-107.46912891450818,25.132367553358268],[-107.46912891450818,25.132372016719366],[-107.46912449162483,25.13237640265615],[-107.46911997847863,25.132376423670912],[-107.46690827540469,25.132376406328493],[-107.46690827540468,25.132643947627887],[-107.46690827540468,25.1326484110237],[-107.46690385255881,25.13264842103946],[-107.46690385255881,25.132652884435284],[-107.46689933945085,25.13265290537181],[-107.4666318025502,25.132652892934836],[-107.4666318025502,25.132920434308687],[-107.4666318025502,25.132924897705742],[-107.46662737970898,25.13292490771607],[-107.46662737970898,25.13292937111314],[-107.46662286660579,25.13292939204411],[-107.46662286660579,25.132933855441202],[-107.46661844376474,25.132933865451353],[-107.46496412592448,25.13293385644147],[-107.46496412592448,25.133201399321187],[-107.46496412592448,25.133205862743356],[-107.46495970311142,25.133205785179204],[-107.46495970311142,25.1332102486014],[-107.46495519003696,25.13321026947488],[-107.46329645991854,25.13321024927281],[-107.46329645991854,25.13347779366167],[-107.46329645991854,25.133482257109012],[-107.46329194687274,25.133486741372383],[-107.46328752408796,25.133486751269746],[-107.46301999087707,25.133486731668867],[-107.46301999087707,25.13375427613206],[-107.46301999087707,25.133758739580642],[-107.46301547783607,25.133758760391103],[-107.46301547783607,25.13376322383971],[-107.46301105505593,25.133763233731635],[-107.46300654201507,25.133763254541833],[-107.46108471576416,25.133763177589458],[-107.4610802027565,25.133763198327625],[-107.46107578000908,25.133763208148547],[-107.46107578000908,25.13375874466657],[-107.46107578000908,25.133754281184537],[-107.46107578000908,25.13348673471658],[-107.4608082490593,25.133486797721595],[-107.46080373605642,25.133486730925224],[-107.46079931331369,25.1334867407313],[-107.46079931331369,25.13348227724105],[-107.46079489057101,25.13347782355651],[-107.46079489057101,25.133210276588187],[-107.46052735990848,25.133210251164737],[-107.46052284691044,25.13321027187247],[-107.46052284691044,25.133205808373955],[-107.46051842417245,25.133205818164946],[-107.46051842417245,25.13320135466629],[-107.46051842417245,25.132933807202175],[-107.45968451374635,25.132933838408285],[-107.45968451374635,25.13320138673218],[-107.45968451374635,25.133205850245172],[-107.45968009102253,25.133210323518437],[-107.45967566829879,25.13321024575872],[-107.4594169842195,25.13321028586799],[-107.4594125615002,25.133210295618486],[-107.4594125615002,25.133205832100874],[-107.45940804852141,25.133205852766853],[-107.45940804852141,25.133201389249095],[-107.45940804852141,25.132933840640167],[-107.45914051927737,25.13293381185083],[-107.45913609656274,25.13293382158648],[-107.45913609656274,25.132929358060597],[-107.45913158358873,25.13292937871145],[-107.45913158358873,25.132924915185423],[-107.45913158358873,25.132920451659334],[-107.45913158358873,25.13265290255124],[-107.45912716087426,25.132652912281785],[-107.45858316756471,25.132652882617844],[-107.45857865460023,25.132652903243223],[-107.45857423189511,25.132648449414358],[-107.4585742318951,25.13264398587518],[-107.45857423189511,25.132376435981758],[-107.45774041792782,25.13237644102096],[-107.45774041792782,25.132643991773985],[-107.45774041792782,25.132648455327505],[-107.4577359049779,25.132652939474845],[-107.45773148228703,25.13265286163353],[-107.45719633724492,25.132652893867142],[-107.45719191456318,25.132652903526694],[-107.45718749188153,25.132652913186085],[-107.45718749188153,25.132648449623108],[-107.45718749188153,25.13264398606008],[-107.45718749188153,25.13237643473704],[-107.45718297894115,25.132376455305437],[-107.4566389896772,25.13237641628022],[-107.45663447674629,25.132376436828107],[-107.45663447674629,25.132371973252106],[-107.45663005407407,25.132371982886273],[-107.45663005407407,25.132367519310137],[-107.45663005407407,25.132099967201754],[-107.45608606596106,25.13210001262086],[-107.45608155303968,25.132099945621935],[-107.45607713037681,25.132095491642087],[-107.45607713037681,25.13209102805293],[-107.45607270771401,25.132091037661866],[-107.45607270771401,25.132086574072577],[-107.45607270771401,25.131823484768255],[-107.45607270771401,25.131819021175563],[-107.45580509162511,25.13181908226199],[-107.45580066896692,25.131819091856322],[-107.45579624630881,25.131814550331462],[-107.45579624630881,25.131810086733907],[-107.45579624630881,25.131542620862824],[-107.45552863050305,25.131542593528412],[-107.45552420784954,25.131542603107896],[-107.4555197851961,25.131538149081454],[-107.45551978519612,25.131533685475624],[-107.45551978519612,25.130989650269868],[-107.45525216967353,25.130989621750977],[-107.4552477470247,25.13098963131091],[-107.4552477470247,25.130985167693435],[-107.45524332437594,25.13098517725313],[-107.45524332437594,25.130980713635523],[-107.45523881146913,25.1309762704893],[-107.45523881146913,25.13070871588677],[-107.45469482625269,25.13070875210681],[-107.45469031335534,25.130708772553106],[-107.45468589071604,25.130704318456946],[-107.45468589071604,25.130699854826187],[-107.45468589071604,25.13043229944316],[-107.45386093440617,25.13043225231928],[-107.4538565117809,25.1304322618187],[-107.4538565117809,25.130427798170217],[-107.45385199889803,25.130427818580298],[-107.45385199889803,25.130423354931683],[-107.45385199889803,25.130155798478544],[-107.45330801656992,25.130155827276713],[-107.453303593954,25.13015583675115],[-107.453303593954,25.13015137308964],[-107.45329908108073,25.130151393474268],[-107.45329908108073,25.130146929812625],[-107.45329465846496,25.130146851763808],[-107.45329465846496,25.130142388102033],[-107.45329465846496,25.127386722556018],[-107.45329908108073,25.127382249432266],[-107.45329908108073,25.127377785735455],[-107.453303593954,25.127377765398894],[-107.45330801656992,25.127377755971708],[-107.45357553984303,25.127377803444123],[-107.45357553984303,25.127110244387453],[-107.45357553984303,25.12710578069194],[-107.45357553984303,25.127101316996377],[-107.45358005272112,25.127101296654264],[-107.4535844753417,25.127096823526177],[-107.45385199889803,25.127096870674123],[-107.45385199889803,25.126820384299947],[-107.45385199889803,25.124876221204815],[-107.4535844753417,25.124876259291934],[-107.45358005272112,25.124876268686705],[-107.45357553984303,25.124876201466268],[-107.45357553984303,25.12487173774241],[-107.45357553984303,25.12486727401849],[-107.4535711172226,25.124867283412783],[-107.4535711172226,25.124599809965996],[-107.45330801656992,25.124599750240467],[-107.453303593954,25.1245997596204],[-107.45329908108073,25.12459977990883],[-107.45329908108073,25.124595316176716],[-107.45329465846496,25.124595325556232],[-107.45329465846496,25.124590861823975],[-107.45329465846496,25.124323300357993],[-107.45219324895851,25.124323288315267],[-107.45218882636148,25.124323297649603],[-107.45218882636148,25.124318833894883],[-107.45218431350746,25.124318854136774],[-107.45218431350746,25.124314390381922],[-107.45218431350746,25.12404682756131],[-107.45218431350746,25.124042363803007],[-107.45135936510107,25.124042366763877],[-107.45135494251818,25.124042376062853],[-107.45135494251818,25.12403791229024],[-107.45135051993535,25.12403792158897],[-107.45135051993535,25.12403345781622],[-107.45135051993535,25.123765893922688],[-107.45108290868559,25.123765936217886],[-107.45107848610738,25.123765945502022],[-107.45107848610738,25.123761481721147],[-107.45107406352923,25.123761491005045],[-107.45107406352923,25.123757027224034],[-107.45107406352923,25.123489462835444],[-107.45080645256294,25.123489416706395],[-107.45080202998942,25.12348942597569],[-107.45080202998942,25.123484962186556],[-107.45079751715937,25.123484982362154],[-107.45079751715937,25.12348051857289],[-107.45079751715937,25.123476054783556],[-107.45079751715937,25.123208489896392],[-107.45052557416433,25.123208528736885],[-107.45052106133906,25.12320854889736],[-107.45052106133905,25.123204085099836],[-107.45051663877037,25.12320409435381],[-107.45051663877037,25.123199630556154],[-107.45051663877037,25.122936528970474],[-107.44997266339283,25.12293652758017],[-107.44997266339283,25.122932063769763],[-107.4499681505771,25.122932083904782],[-107.44996372801779,25.12293209313386],[-107.44996372801779,25.12292762932324],[-107.44996372801779,25.122923165512567],[-107.44996372801779,25.122379105340848],[-107.44969611819023,25.12237914312648],[-107.44969169563552,25.12237915233618],[-107.44969169563552,25.122374688513865],[-107.44968727308088,25.122374697723323],[-107.44968276027011,25.12237025401551],[-107.44968276027011,25.12236579019294],[-107.44968276027011,25.121545321138452],[-107.44941966353689,25.121545249824177],[-107.44941524098687,25.121545259009554],[-107.44941081843693,25.121545268194758],[-107.44941081843693,25.12154080435706],[-107.44940630563093,25.12154082444697],[-107.44940630563093,25.121536360609138],[-107.44940630563093,25.12098792080854],[-107.44913878663117,25.1209878574913],[-107.44913427382988,25.120987877561472],[-107.4491298512847,25.120987886726894],[-107.44912985128471,25.120983422877302],[-107.44912985128471,25.120978959027653],[-107.44912985128471,25.120711390524605],[-107.44886233256847,25.120711413835117],[-107.44885781977196,25.12071143389017],[-107.44885781977196,25.120706970032387],[-107.44885339723146,25.120706979182895],[-107.44885339723146,25.12070251532499],[-107.44885339723146,25.120430482465753],[-107.44858587879875,25.120430504873056],[-107.44858136600703,25.120430524912898],[-107.44857694347122,25.120430534048566],[-107.44857694347122,25.120426070182408],[-107.44857243067965,25.120426090221837],[-107.44857243067965,25.120421626355547],[-107.44857243067965,25.120154056854815],[-107.44802845935625,25.120154040856647],[-107.44802403682982,25.12015404996734],[-107.44802403682982,25.120149586088168],[-107.44801952404782,25.120149606102153],[-107.44801952404782,25.120145142222842],[-107.44801952404782,25.119877571942407],[-107.44746210581587,25.119877601931474],[-107.44746210581587,25.120145172786284],[-107.44746210581587,25.120149549147946],[-107.44745768329904,25.120149558237795],[-107.44745768329904,25.120154022126705],[-107.4474532607823,25.12015403121647],[-107.44691813680863,25.120154079553004],[-107.44691371430102,25.120154001095568],[-107.44691371430102,25.120149537197307],[-107.44690920153823,25.120149557169782],[-107.44690920153823,25.120145093271393],[-107.44690920153823,25.119877609374264],[-107.44690477903079,25.11987761843922],[-107.44580781898954,25.119877607623806],[-107.44580339650078,25.119877616648367],[-107.44579888375722,25.11987754904678],[-107.44579888375722,25.119873085125846],[-107.44579888375722,25.119868621204873],[-107.44579888375722,25.11960113595421],[-107.4457944612686,25.11960114497374],[-107.44525040548656,25.119601126176764],[-107.44524598300727,25.119601135176183],[-107.44524598300727,25.11959667124225],[-107.44524156052803,25.119596680241433],[-107.44524156052803,25.11959221630737],[-107.44524156052803,25.119320178807182],[-107.44469308343032,25.119320165899385],[-107.44468857070599,25.119320185774495],[-107.44468857070599,25.119315721827423],[-107.44468414823622,25.11931573080139],[-107.44468414823622,25.119311266854194],[-107.44468414823622,25.119043692503908],[-107.44358277509095,25.119043754406846],[-107.44357826238584,25.119043686706863],[-107.44357383993491,25.119039231665756],[-107.44357383993491,25.119034767695965],[-107.44357383993491,25.118767279520764],[-107.44357383993491,25.118762815547534],[-107.44302978878966,25.11876278496748],[-107.44302536634804,25.118762793871216],[-107.44302085365258,25.11876281367435],[-107.44302085365258,25.118758349691554],[-107.44301643121113,25.11875835859489],[-107.44301643121113,25.118753894611963],[-107.44301643121113,25.118490782106733],[-107.44247238123015,25.118490835969332],[-107.442467958798,25.118490757318682],[-107.442467958798,25.11848638085227],[-107.44246353636593,25.11848630220138],[-107.44246353636593,25.118481838205508],[-107.44246353636593,25.118214348467276],[-107.44246353636593,25.11820988446796],[-107.44219593423831,25.118209901300236],[-107.44219151181088,25.118209910164005],[-107.44218699912987,25.118209842396894],[-107.44218699912987,25.118205378392776],[-107.44218257670258,25.118205387256133],[-107.44218257670258,25.118200923251877],[-107.44218257670258,25.117933433011174],[-107.44162968362771,25.117933412089084],[-107.44162968362771,25.11820099042886],[-107.44162968362771,25.11820545444262],[-107.44162517095644,25.11820985066803],[-107.44162074853867,25.11820985951086],[-107.44135314727718,25.118209874471507],[-107.44134872486404,25.118214347322837],[-107.44134872486404,25.118481838209117],[-107.44134872486404,25.118486302224152],[-107.44134430245099,25.118490775076598],[-107.44133978978466,25.118490794812192],[-107.43996198616293,25.118490766026813],[-107.43996198616293,25.11875388162601],[-107.43996198616294,25.11875834566143],[-107.43995747352058,25.11876282938542],[-107.43995305113116,25.118762838176515],[-107.43968545158403,25.118762850003275],[-107.43968545158403,25.11876722651314],[-107.43968545158403,25.119592197651084],[-107.43968545158403,25.119596661680635],[-107.43968102919924,25.11959667047592],[-107.43968102919924,25.119601134505498],[-107.43967651656175,25.119601154198147],[-107.43940900755163,25.119601155377037],[-107.43940900755163,25.119868647208204],[-107.43940458517152,25.119873120028853],[-107.43940458517152,25.119877584059672],[-107.43940007253883,25.11987760374677],[-107.43939565015887,25.11987761253637],[-107.43912805118491,25.119877624273542],[-107.43912805118491,25.120145116184112],[-107.43912805118491,25.12014958021624],[-107.43912362880957,25.120149589000487],[-107.43912362880957,25.120154053032632],[-107.43911920643431,25.120154061816798],[-107.43885160774464,25.12015407322478],[-107.43885160774464,25.12042156521011],[-107.43885160774464,25.120426029243482],[-107.43884718537399,25.120430502055687],[-107.43884267275098,25.12043052173153],[-107.43857516459806,25.120430521913196],[-107.43857516459806,25.12070247800788],[-107.43857074223212,25.120706950815897],[-107.4385662296139,25.120711434520853],[-107.4385618072481,25.120711443294052],[-107.43829420913171,25.120711454038233],[-107.43829420913171,25.120978946174258],[-107.43829420913171,25.120983410210137],[-107.4382942091317,25.120987874245966],[-107.43828978677053,25.120987883013886],[-107.43828536440944,25.120987891781645],[-107.43801776657739,25.120987902196628],[-107.43801776657739,25.122089293067866],[-107.43801776657739,25.122093757094433],[-107.43801776657739,25.122098221120943],[-107.43801334422092,25.122098229897592],[-107.43800883161236,25.122098249571145],[-107.43774132431683,25.1220982496187],[-107.43774132431683,25.12236574127063],[-107.43774132431683,25.12237020529844],[-107.43773681171298,25.122374688994356],[-107.4377323893613,25.12237469776541],[-107.4377323893613,25.122379161793262],[-107.437460369751,25.122379093644145],[-107.43746036975101,25.122646672901944],[-107.437460369751,25.122651136931015],[-107.43745594740402,25.122655609725715],[-107.43745143480513,25.12265562938809],[-107.43496328995381,25.122655615877683],[-107.43496328995381,25.122923109965974],[-107.43496328995381,25.122927574034442],[-107.43496328995381,25.12293203810285],[-107.4349588676493,25.122932046781663],[-107.43495435509375,25.122932066355485],[-107.43495435509375,25.122936530423992],[-107.43358542985723,25.12293652247271],[-107.43358100757615,25.12293206700898],[-107.43357649504452,25.122932086531296],[-107.43357649504452,25.122927622439065],[-107.43357649504452,25.122923158346776],[-107.43357649504452,25.122655575299778],[-107.4335720727636,25.12265558392304],[-107.43330447978245,25.122655585587808],[-107.43330005750614,25.122655594201095],[-107.43330005750614,25.122651130100614],[-107.43329554497939,25.122651149607567],[-107.43329554497939,25.12264668550695],[-107.43329554497939,25.122379101960536],[-107.43302804253345,25.12237909183286],[-107.43302362026186,25.122379100431317],[-107.43302362026186,25.122374636322576],[-107.43301910773991,25.12237465581441],[-107.43301910773991,25.12237019170554],[-107.43301910773991,25.12236572759661],[-107.43301910773991,25.122098231083665],[-107.43275160557857,25.122098220053157],[-107.43274709306134,25.122098239530036],[-107.43274267079452,25.122098248113428],[-107.43274267079452,25.1220937839963],[-107.43274267079452,25.122089319879116],[-107.43274267079452,25.121821735339875],[-107.43247065640539,25.12182174287282],[-107.43246623414328,25.12181728731599],[-107.43246172163101,25.12181284265183],[-107.43246172163101,25.121808378526257],[-107.43246172163101,25.121554185871005],[-107.43246172163101,25.12154972174215],[-107.43246623414328,25.12154970228542],[-107.43246623414328,25.121545238156592],[-107.43247065640539,25.12154531712468],[-107.43274267079452,25.121545309881043],[-107.43274267079452,25.121277724928436],[-107.43274267079452,25.121273260800905],[-107.43274267079452,25.121268796673323],[-107.43274709306134,25.121268788104036],[-107.43275160557857,25.121268856173415],[-107.43301910773991,25.121268780525774],[-107.43301910773991,25.12098789080055],[-107.43275160557857,25.120987878627158],[-107.43274709306134,25.120987898084827],[-107.43274267079452,25.120987906649347],[-107.43274267079452,25.12098344251815],[-107.43274267079452,25.12097897838688],[-107.43274267079452,25.120711393004015],[-107.43247065640539,25.12071139937487],[-107.43246623414328,25.1207069437851],[-107.43246172163101,25.120702499087656],[-107.43246172163101,25.12015402221293],[-107.4319176937259,25.120154031905496],[-107.43191327147319,25.120154040425437],[-107.43191327147319,25.120149576269416],[-107.43190884922059,25.120149584789115],[-107.43190884922059,25.12014512063297],[-107.43190884922059,25.119877533758242],[-107.43164125795253,25.11987761640167],[-107.43163683570455,25.119877537374144],[-107.4316323232067,25.119877556770927],[-107.4316323232067,25.119873092606582],[-107.43162790095886,25.119873101111285],[-107.43162790095886,25.11986863694681],[-107.43162790095886,25.119601137105565],[-107.4307939927138,25.119601111469137],[-107.4307939927138,25.11986869970156],[-107.4307939927138,25.119873163880353],[-107.4307939927138,25.119877540526176],[-107.43078957048024,25.119877549000208],[-107.43078514824677,25.119877557474084],[-107.42718664840986,25.119877607323115],[-107.42718664840986,25.120145111524806],[-107.42718213598936,25.120145130759916],[-107.42718213598936,25.120149594997233],[-107.42717771381734,25.120154067580806],[-107.42717320139698,25.120154086815724],[-107.426638119148,25.120154045091414],[-107.42663369698525,25.120149589171078],[-107.42662918457435,25.120145144138778],[-107.42662918457435,25.11987755182921],[-107.42580431718224,25.119877541663794],[-107.42579980478577,25.119877560842607],[-107.42579980478577,25.1198730965781],[-107.4257953826373,25.119873104868947],[-107.4257953826373,25.11986864060431],[-107.4257953826373,25.11960113476123],[-107.425527797672,25.11960111601165],[-107.42552337552817,25.1196011242879],[-107.42552337552817,25.11959666001515],[-107.42551895338443,25.119596668291162],[-107.42551895338443,25.11959220401827],[-107.42551895338443,25.119320145869757],[-107.42525136870432,25.11932021375207],[-107.42524694656522,25.119320222013414],[-107.42524243417846,25.11932015362683],[-107.42524243417846,25.11931577688062],[-107.4252380120395,25.119315697606638],[-107.42523801203951,25.11931123332537],[-107.42523801203951,25.11849076749568],[-107.42497494003132,25.118490814777026],[-107.42497042764927,25.118490833900857],[-107.42496600551497,25.118486377841432],[-107.42496600551497,25.11848191354498],[-107.4249614931331,25.118481845133093],[-107.4249614931331,25.118214337379392],[-107.4249614931331,25.11820987307942],[-107.42469399927576,25.118209840159857],[-107.42468948689861,25.11820985926832],[-107.42468506476908,25.11820540318544],[-107.42468506476908,25.11820093888061],[-107.42468506476908,25.117933430629336],[-107.42413211867782,25.117933427846815],[-107.4241276965578,25.11793343604357],[-107.4241276965578,25.11820094486826],[-107.4241276965578,25.11820540918265],[-107.4241276965578,25.118209873496998],[-107.42412318419052,25.1182098925843],[-107.42411876207065,25.11820990078543],[-107.42385117883549,25.118209876881025],[-107.42385117883549,25.11821434120005],[-107.4238511788355,25.118481850096035],[-107.42385117883549,25.11848631441163],[-107.42384675672027,25.118486322607474],[-107.42384675672027,25.118490786923076],[-107.42384233460513,25.118490795118845],[-107.42357475165528,25.118490770889707],[-107.42357475165528,25.118753903079003],[-107.42357475165528,25.118758367395895],[-107.42357032954479,25.118762839903127],[-107.42356581718718,25.118762771443546],[-107.42329832476985,25.1187628235304],[-107.42329381241699,25.118762842596276],[-107.42329381241699,25.118767306917874],[-107.423293812417,25.120154045018236],[-107.42329832476985,25.120154025928297],[-107.42356581718718,25.120154059945843],[-107.42357032954479,25.120154040845737],[-107.42357032954479,25.12015850514496],[-107.42357475165528,25.12015849693085],[-107.42357475165528,25.120162961229944],[-107.42357475165528,25.121808357964554],[-107.42357475165528,25.121812822242735],[-107.42357475165528,25.12181728652085],[-107.42357032954477,25.12181729476313],[-107.42357032954477,25.12182175904128],[-107.42356581718718,25.121821778170236],[-107.42329832476985,25.12182174586834],[-107.42329381241699,25.12182176498713],[-107.42329381241699,25.122089271717186],[-107.423293812417,25.122093735996625],[-107.423293812417,25.122098200276007],[-107.42328939031127,25.12209820851275],[-107.42328487795858,25.122098227635988],[-107.42301738583114,25.122098194994813],[-107.42301738583114,25.1223657893341],[-107.42301738583114,25.122370253614783],[-107.42301738583114,25.12237463036049],[-107.4230128734832,25.122374649478342],[-107.42300845138227,25.1223791219902],[-107.42274086929326,25.122379099910667],[-107.42274086929326,25.12264669432097],[-107.42274086929326,25.122651158602824],[-107.42273644719698,25.122651166828692],[-107.42273644719698,25.12265563111058],[-107.4227319348539,25.12265556268785],[-107.42246444329716,25.12265561692749],[-107.42246444329716,25.12347608180599],[-107.42246444329716,25.12348054608207],[-107.42245993095882,25.123480565198385],[-107.42245993095882,25.123485029474498],[-107.42245550886733,25.12348495016939],[-107.42245550886733,25.123489414445515],[-107.42245108677592,25.123489422675156],[-107.42218792734923,25.123489479815436],[-107.42218792734923,25.12403350889493],[-107.42218350526238,25.124037893863044],[-107.42218350526238,25.124042358136826],[-107.42217908317562,25.124042366365874],[-107.42217457084224,25.12404238548125],[-107.4219070798608,25.124042352375035],[-107.4219070798608,25.124046816653504],[-107.4219070798608,25.125710062813365],[-107.42217457084224,25.125710094204138],[-107.42217908317562,25.12571007505992],[-107.42218350526238,25.12571453105511],[-107.42218350526238,25.12571899530762],[-107.42218792734923,25.125723451302306],[-107.42218792734923,25.126820430186395],[-107.42245108677592,25.126820369676118],[-107.42245550886733,25.126820361389917],[-107.42245993095882,25.12682490487127],[-107.42245993095882,25.126829281570945],[-107.42246444329716,25.126829349930695],[-107.42246444329716,25.127087925245807],[-107.42246444329716,25.127092389476044],[-107.42245993095882,25.127092408654836],[-107.42245993095882,25.127096872885097],[-107.42245550886733,25.12710134540643],[-107.42245108677592,25.127101353697398],[-107.42218792734923,25.127101326957934],[-107.42218792734923,25.127645350450177],[-107.42218350526238,25.127649822968554],[-107.42218350526238,25.12765428719648],[-107.42217908317562,25.127654207952986],[-107.42217908317562,25.127658672180928],[-107.42217457084224,25.127658691358846],[-107.4219070798608,25.127658661972415],[-107.4219070798608,25.12792178899476],[-107.4219070798608,25.127926253223976],[-107.42190256753219,25.12793073662559],[-107.42189814545021,25.127930744910365],[-107.42163056450765,25.12793072607733],[-107.42163056450765,25.1281982298723],[-107.42163056450765,25.128202694102754],[-107.42162614243031,25.128202702382165],[-107.42162614243031,25.128207166612636],[-107.42162163010657,25.12820718577937],[-107.42162163010657,25.128211650009867],[-107.4216172080294,25.1282116582891],[-107.42135413969596,25.12821161996448],[-107.42135413969596,25.128479211363874],[-107.42134962737697,25.128483607222893],[-107.42134962737697,25.128488071454548],[-107.42134520530442,25.128488079728502],[-107.42134069298558,25.128488098889594],[-107.4205202644799,25.128488071589228],[-107.4205202644799,25.128755663635985],[-107.4205202644799,25.128760127878415],[-107.42051584242152,25.12876460036902],[-107.42051133011712,25.128764531969725],[-107.42051133011712,25.128768996212195],[-107.4205069080589,25.128769004460175],[-107.4202393285533,25.128769070933828],[-107.4202393285533,25.12903657552139],[-107.4202393285533,25.129041039765067],[-107.4202349064997,25.129045512251402],[-107.4202303942002,25.129045531380623],[-107.41996290522617,25.12904549910385],[-107.41996290522617,25.129865956962917],[-107.41996290522617,25.129870421200796],[-107.4199583929314,25.129870440334123],[-107.4199583929314,25.129874904572027],[-107.41995397088262,25.129874912818508],[-107.41969532628258,25.12987486430743],[-107.41969090423828,25.12987487254427],[-107.41968639194826,25.129874891667498],[-107.41968639194826,25.12987042742493],[-107.41968639194826,25.129865963182304],[-107.41968639194826,25.129045504451064],[-107.41941890353608,25.129045470966375],[-107.4194143912508,25.129045490065103],[-107.4194099692113,25.12904549827755],[-107.4194099692113,25.129041034019693],[-107.41940545692616,25.12904105311801],[-107.41940545692616,25.129036588860018],[-107.41940545692616,25.128211663037135],[-107.41914239083901,25.128211619882812],[-107.41913796880416,25.128211628071128],[-107.41913796880416,25.12820716379801],[-107.41913345652377,25.12820718287174],[-107.41912903448906,25.128202726786323],[-107.41912903448906,25.12819826251294],[-107.41912903448907,25.12793075614528],[-107.41858503455076,25.127930721911124],[-107.41858052228001,25.1279307409594],[-107.41857610025474,25.127930749122356],[-107.41857610025474,25.127926284836015],[-107.41857167822955,25.127921828712267],[-107.41857167822955,25.127658698315773],[-107.41829516643726,25.127658698995845],[-107.41829516643728,25.127921829672044],[-107.41829516643726,25.12792629396325],[-107.41829516643726,25.127930758254404],[-107.41829074441688,25.127930678871767],[-107.41828623215126,25.127930697909044],[-107.41801874518553,25.12793074770429],[-107.41801874518553,25.128198255213732],[-107.41801874518553,25.128202719506177],[-107.41801874518553,25.128207183798562],[-107.41801423292465,25.128207202830453],[-107.41800981090907,25.12821167526981],[-107.41774223398384,25.128211648089714],[-107.4177378119729,25.12821165622669],[-107.4177378119729,25.128479163811157],[-107.4177378119729,25.128483628104846],[-107.41773329971691,25.128488111424737],[-107.41772887770612,25.12848811956607],[-107.41746581332254,25.128488073030315],[-107.41746130107128,25.128488092046393],[-107.4174613010713,25.128755687239913],[-107.4174613010713,25.12876015153484],[-107.4174613010713,25.12876452829451],[-107.41745687906516,25.128764536430566],[-107.41745687906516,25.128769000725462],[-107.41745236681406,25.128769019746063],[-107.41635101892103,25.12876905989252],[-107.41635101892103,25.129036568478547],[-107.41635101892103,25.129041032788955],[-107.41634650668924,25.129041051772926],[-107.41634650668924,25.129045516083355],[-107.41634208470212,25.129045524183297],[-107.41579809062114,25.129045479696256],[-107.41579809062114,25.129308611859475],[-107.41579809062114,25.12931307617591],[-107.41579357839896,25.129313007608307],[-107.41579357839898,25.12931747192476],[-107.41578915642133,25.12931748000905],[-107.41578915642133,25.12932194432553],[-107.41578473444376,25.129321952409725],[-107.4146833034048,25.129321990535487],[-107.4146833034048,25.129589500415104],[-107.4146833034048,25.12959396474711],[-107.41467888144614,25.129598437127378],[-107.4146743692435,25.129598456058478],[-107.41440679576738,25.129598422896684],[-107.41440679576736,25.12986593285003],[-107.41440679576738,25.129870397183254],[-107.41440679576738,25.129874861516416],[-107.41440237381343,25.129874869559305],[-107.41439795185957,25.129874877602035],[-107.4124626774716,25.129874873362883],[-107.4124626774716,25.12987933772935],[-107.4124626774716,25.130146849467327],[-107.4124626774716,25.130151313830336],[-107.41245816530763,25.130151332688158],[-107.41245816530763,25.130155797051184],[-107.412453743387,25.130155805027382],[-107.41135232653585,25.130155816230978],[-107.41135232653585,25.130423328899692],[-107.41135232653585,25.130427793278237],[-107.41134790463414,25.130432265597047],[-107.41134339248963,25.130432284418056],[-107.41079498703198,25.130432228179234],[-107.41079498703198,25.130436692567226],[-107.41079498703198,25.13070429313178],[-107.41079498703198,25.13070875751631],[-107.41079047489711,25.13070877632143],[-107.41079047489711,25.130713240705983],[-107.41078605300501,25.130713161093517],[-107.41051848355322,25.130713207978914],[-107.41051848355322,25.13097625669422],[-107.41051848355322,25.130980721080025],[-107.41051406166578,25.13098519338492],[-107.41050954953583,25.130985212184317],[-107.40968464326137,25.13098522530547],[-107.40968464326137,25.130989689705466],[-107.40968464326137,25.131257203452932],[-107.40968464326137,25.131261667849476],[-107.40968022138821,25.131261675742728],[-107.4096802213882,25.13126614013929],[-107.40967570927282,25.131266158912375],[-107.40913172921847,25.131266088966182],[-107.40913172921847,25.131533690608578],[-107.40913172921847,25.13153815501109],[-107.40912721711264,25.131538173768366],[-107.40912721711264,25.131542550633597],[-107.40912279524902,25.131542558511164],[-107.40911837338548,25.13154256638857],[-107.40857430426291,25.131542592920184],[-107.4085743042629,25.13181457179598],[-107.40856988240876,25.131819044066464],[-107.40856537031276,25.13182352721619],[-107.40856094845876,25.131823535077924],[-107.40829789340282,25.131823471894723],[-107.40829789340282,25.13209107396938],[-107.40829789340282,25.1320955383791],[-107.40829338131157,25.13209555711484],[-107.40829338131157,25.132100021524593],[-107.40828895946223,25.132099941843588],[-107.40828444737113,25.132099960579076],[-107.4066390734906,25.132099949972762],[-107.40663465166958,25.13209995776854],[-107.4066301396074,25.13209551200392],[-107.4066301396074,25.1320910475656],[-107.4066301396074,25.131823531314545],[-107.40440949265631,25.131823503880153],[-107.40440949265631,25.132091022413057],[-107.40440507087351,25.132095494603398],[-107.40440507087351,25.132099959079827],[-107.40440064909077,25.132099966793678],[-107.40439613706765,25.13209998538382],[-107.40385216813795,25.13209998087947],[-107.40385216813795,25.13236749977423],[-107.40385216813795,25.13237196425668],[-107.4038476561244,25.13237198283102],[-107.40384765612441,25.132376447313483],[-107.40384323435124,25.132376455011578],[-107.40357567209443,25.132376400649406],[-107.40357567209443,25.1326440071564],[-107.40357125032591,25.1326484793328],[-107.40357125032591,25.132652856277588],[-107.4035667383173,25.132652874846283],[-107.40356231654893,25.132652882538764],[-107.40302719289564,25.132652947618574],[-107.40302277113652,25.13265286775219],[-107.40302277113652,25.1326484032591],[-107.4030182591375,25.132648421807215],[-107.4030182591375,25.132643957313995],[-107.40301825913748,25.13210891802849],[-107.40302277113652,25.13210443498969],[-107.40302719289564,25.1320999628263],[-107.40329475458351,25.132099931151657],[-107.40329475458351,25.13127504899653],[-107.40329475458351,25.131270584490583],[-107.40329917634729,25.13127057683135],[-107.40329917634729,25.131266112325413],[-107.40330368835123,25.131266093790682],[-107.40357567209443,25.131266142228775],[-107.40357567209443,25.130722085432538],[-107.40357567209443,25.130717620924372],[-107.40358009386304,25.130713236295446],[-107.40358460587188,25.130713217759766],[-107.40385216813795,25.13071318627219],[-107.40385216813795,25.1301647522257],[-107.40385216813795,25.130160287715178],[-107.40385658991129,25.13016028005434],[-107.40385658991129,25.13015581554384],[-107.40386110192497,25.13015579700745],[-107.40412857423743,25.13015577635431],[-107.40412857423743,25.129607342019373],[-107.40412857423743,25.12960287750651],[-107.40413308625587,25.129602858969516],[-107.40413308625587,25.129598394456668],[-107.40413750803403,25.129598386795056],[-107.40440507087351,25.12959844276465],[-107.40440949265631,25.129598435093058],[-107.40440949265631,25.12877792757122],[-107.40440949265631,25.12877346305263],[-107.40440949265631,25.128768998533985],[-107.40441400467968,25.12876906754047],[-107.40441842646266,25.128769059882625],[-107.40468156780588,25.128769036208915],[-107.40468598959345,25.128769028541257],[-107.40468598959345,25.128764564027296],[-107.40468598959345,25.128497043243893],[-107.40468598959345,25.128492578726476],[-107.40469041138108,25.128488106545948],[-107.40469492340935,25.128488088007206],[-107.40523889411577,25.128488096253122],[-107.40523889411577,25.127939661653112],[-107.40524340615364,25.127939643103346],[-107.40524340615364,25.12793517858841],[-107.40524782795082,25.12793070639937],[-107.40525233998883,25.127930687849428],[-107.4055153919416,25.127930674077835],[-107.4055153919416,25.12738670370754],[-107.40551981374344,25.127386696032758],[-107.40551981374344,25.127382231515522],[-107.4055243257862,25.127377748447685],[-107.4055287475882,25.12737782831228],[-107.40579631187023,25.127377795935157],[-107.40579631187023,25.12711027523684],[-107.40579631187023,25.127105810720835],[-107.40580073367688,25.12710133852454],[-107.40580524572458,25.127101319968265],[-107.40607281029324,25.127101287261357],[-107.40607281029324,25.126829302121937],[-107.40607723210462,25.12682929443617],[-107.40607723210462,25.12682482992142],[-107.40608165391609,25.126820445260343],[-107.40608616596869,25.126820426698423],[-107.40690663892356,25.126820371589787],[-107.40690663892356,25.12655285160822],[-107.40690663892356,25.126548387104183],[-107.40691106074922,25.12654837939261],[-107.40691106074922,25.126543914888593],[-107.40691557281632,25.126543896300447],[-107.40691999464215,25.126543976127916],[-107.4071830482944,25.126543960116905],[-107.4071830482944,25.126276352669777],[-107.4071830482944,25.12627197570625],[-107.40718756036625,25.126271957112635],[-107.40718756036625,25.12626749260985],[-107.40719198219672,25.126267484892743],[-107.40719198219674,25.126263020389974],[-107.40719649426872,25.126263001796186],[-107.40774047024696,25.126263003398126],[-107.40774047024696,25.1259999483461],[-107.40774047024696,25.12599548384935],[-107.40774047024696,25.125991019352533],[-107.40774489208691,25.12599101161984],[-107.40774940416857,25.125990993010088],[-107.40801697075214,25.125991044666574],[-107.40801697075214,25.124046796751795],[-107.40801697075214,25.124042332234986],[-107.40774940416857,25.124042366114676],[-107.40774489208691,25.124042384690753],[-107.40774047024696,25.124042392390383],[-107.40774047024696,25.12403792786878],[-107.40774047024696,25.124033463347118],[-107.40774047024696,25.12376594210239],[-107.4074729039499,25.123765887544295],[-107.40746848211458,25.12376589522926],[-107.40746397003784,25.123761449260204],[-107.40746397003784,25.123756984730292],[-107.40746397003784,25.123489462991156],[-107.40719649426872,25.12348948419907],[-107.40719198219674,25.12348941520497],[-107.40719198219672,25.123485038206894],[-107.40718756036625,25.12348495833683],[-107.40718756036625,25.123480493798674],[-107.4071830482944,25.12348051234404],[-107.4071830482944,25.12347604780574],[-107.4071830482944,25.122655622276767],[-107.40691999464215,25.12265563435853],[-107.40691557281632,25.12265555446413],[-107.40691106074922,25.12265557298508],[-107.40691106074922,25.12265110843165],[-107.40690663892356,25.122651116077105],[-107.40690663892356,25.122646651523546],[-107.40690663892356,25.12209821132678],[-107.40636257446104,25.122098208131877],[-107.40635815264477,25.122098215747847],[-107.40635373082856,25.122098223363658],[-107.40635373082856,25.122093758793596],[-107.40634921877128,25.122089312713648],[-107.40634921877127,25.121545247510507],[-107.40608616596869,25.12154525665016],[-107.40608165391609,25.12154527512092],[-107.40607723210462,25.121545282717204],[-107.40607723210462,25.121540818135397],[-107.40607281029324,25.121536361149502],[-107.40607281029324,25.121268836292757],[-107.40580524572458,25.12126877546444],[-107.40580073367688,25.12126432932987],[-107.40579631187023,25.121264336911093],[-107.40579631187023,25.121259872320895],[-107.40579631187023,25.121255407730647],[-107.40579631187023,25.120154052865406],[-107.4055287475882,25.12015407781849],[-107.40552432578622,25.120153997829554],[-107.40551981374344,25.120149551646268],[-107.40551981374344,25.12014508703721],[-107.4055153919416,25.12014509458914],[-107.4055153919416,25.11987756810262],[-107.40469492340934,25.11987759185795],[-107.40469041138108,25.119877610247908],[-107.40468598959345,25.119877617764896],[-107.40468598959345,25.11987315313808],[-107.40468598959345,25.119868688511207],[-107.40468598959345,25.119601073420647],[-107.40468156780588,25.11960108093279],[-107.40386110192497,25.119601098140382],[-107.40385658991129,25.119601116494415],[-107.40385658991129,25.11959665184986],[-107.40385216813795,25.119596659331524],[-107.40385216813795,25.11959219468685],[-107.40385216813795,25.119320201423104],[-107.40275078797633,25.11932017569721],[-107.40274627598207,25.119320194004892],[-107.40274185422776,25.119320201441166],[-107.40274185422776,25.11931573677395],[-107.40274185422776,25.11931127210667],[-107.40274185422776,25.119043742136803],[-107.40191688253691,25.119043762655394],[-107.40191246079682,25.11904368251372],[-107.40190794881723,25.119039236100278],[-107.40190794881723,25.119034771415198],[-107.40190794881723,25.118767240378535],[-107.40190794881723,25.118762775690005],[-107.4013639851353,25.11876281963156],[-107.40135947316531,25.118762837877792],[-107.40135505143479,25.11876284525377],[-107.40135505143479,25.118758380555704],[-107.40135062970434,25.11875830038834],[-107.40135062970434,25.118753923233246],[-107.40135062970434,25.118486303867545],[-107.40108307003362,25.118486317237643],[-107.40107855806853,25.118486335468607],[-107.40107413634283,25.118481878123205],[-107.40107413634283,25.11847741341677],[-107.40107413634283,25.117933419153974],[-107.40080657695908,25.11793343134221],[-107.40080215523804,25.11793343868385],[-107.40080215523804,25.1179289739658],[-107.40079764327787,25.117928992176633],[-107.40079764327787,25.117924527458452],[-107.40079764327787,25.117920062740215],[-107.40079764327787,25.117656906894563],[-107.40079764327787,25.117652529716494],[-107.4005300841811,25.117652453458696],[-107.4005256624648,25.11765246078544],[-107.40052115050946,25.117652478981167],[-107.40052115050946,25.11764801425474],[-107.40051672879332,25.117648021581072],[-107.40051672879332,25.117643556854507],[-107.40051672879332,25.117099560140204],[-107.40024916998813,25.117099570234323],[-107.40024474827665,25.117095112803216],[-107.40024023632624,25.117090666240514],[-107.40024023632624,25.11654220335016],[-107.39997276804698,25.116542201389457],[-107.39996825610132,25.11654213200123],[-107.39996383439465,25.116537674538495],[-107.39996383439465,25.11653320978839],[-107.39996383439465,25.115989210205782],[-107.39969627616343,25.115989217931773],[-107.39969176422261,25.11598923606778],[-107.39969176422261,25.115984771306064],[-107.39968734252069,25.115984778573793],[-107.39968734252069,25.115980313811942],[-107.39968734252069,25.115975849050045],[-107.39968734252069,25.115164311977626],[-107.39968734252069,25.115159847205405],[-107.39968734252069,25.115155382433116],[-107.39969176422261,25.115155375179455],[-107.39969627616343,25.115155357057862],[-107.39996383439465,25.11515535018864],[-107.39996383439465,25.114887814210583],[-107.39996383439465,25.114883349439594],[-107.39996383439465,25.114878884668556],[-107.39996825610132,25.114878964953977],[-107.39997276804698,25.114878946826828],[-107.39997276804698,25.11487448205588],[-107.40024023632624,25.11487448572961],[-107.40024023632624,25.114606949822548],[-107.40024474827665,25.1146024669202],[-107.40024916998813,25.114597994885784],[-107.40051672879332,25.114597987362032],[-107.40051672879332,25.114330451529376],[-107.40052115050946,25.11432597949082],[-107.40052115050946,25.114321514722285],[-107.4005256624648,25.1143214965841],[-107.4005300841811,25.114321576858334],[-107.40079764327787,25.114321568995088],[-107.40079764327787,25.114054033241473],[-107.40079764327787,25.11404956847423],[-107.40079764327787,25.114045103706932],[-107.40080215523804,25.11404508556319],[-107.40080657695908,25.114045078287507],[-107.40107413634283,25.114045070094672],[-107.40107413634284,25.114040605332058],[-107.40107413634283,25.113777534415515],[-107.40107413634284,25.113773069649522],[-107.40107413634283,25.11376860488346],[-107.40107855806853,25.113768597602494],[-107.40107855806855,25.113764132836454],[-107.40108307003362,25.113764114687076],[-107.40135062970434,25.11376410616925],[-107.40135062970434,25.113496570561193],[-107.40135505143479,25.113492186054373],[-107.40135505143479,25.113487721289584],[-107.40135947316531,25.11348771400309],[-107.4013639851353,25.11348769584799],[-107.40246093762498,25.113487678702526],[-107.40246535937446,25.113487671375488],[-107.40246535937446,25.113220136703326],[-107.40246535937446,25.11321567195413],[-107.40246535937446,25.11321120720488],[-107.40246978112403,25.113211199882375],[-107.40247429311347,25.113211181690577],[-107.40385216813795,25.11321119668862],[-107.40385216813795,25.112943663232013],[-107.40385216813795,25.112939198503106],[-107.40385216813795,25.112934733774146],[-107.40385658991129,25.1129347264055],[-107.40386110192497,25.112930330981506],[-107.40412857423743,25.112930328024696],[-107.40412857423743,25.112100938852514],[-107.40386110192497,25.11210094095718],[-107.40386110192497,25.112096476217765],[-107.40385658991129,25.112096406898203],[-107.40385216813795,25.11209641425263],[-107.40385216813795,25.112091949513005],[-107.40385216813795,25.11208748477333],[-107.40385216813795,25.11181995046521],[-107.40358460587188,25.111819962537364],[-107.40358009386304,25.111819980746603],[-107.40357567209443,25.111819988086204],[-107.40357567209443,25.111815523338343],[-107.40357567209443,25.11181105859043],[-107.40357567209443,25.111543523788743],[-107.40330811011516,25.111543534963126],[-107.40330368835123,25.111543542288068],[-107.40329917634729,25.111543560482033],[-107.40329917634729,25.11153909572594],[-107.40329475458351,25.111534638294252],[-107.40329475458351,25.111267015450167],[-107.40302719289564,25.111267025716888],[-107.40302277113652,25.111262568262514],[-107.40301825913748,25.111262586441132],[-107.40301825913748,25.111258121676663],[-107.40301825913748,25.111253656912144],[-107.40301825913748,25.110986121115392],[-107.40275078797633,25.110986119611145],[-107.40274627598207,25.11098613777483],[-107.40274185422776,25.110986145069727],[-107.40274185422776,25.110981680297026],[-107.40274185422777,25.11097721552427],[-107.40274185422776,25.110709679234095],[-107.40219337680213,25.110709640708052],[-107.40218886481762,25.11070965884613],[-107.40218886481762,25.11070519406045],[-107.40218444307288,25.110705201330152],[-107.40218444307288,25.11070073654434],[-107.40218444307288,25.110433199471967],[-107.40191688253691,25.11043320641754],[-107.40191246079682,25.110433213672664],[-107.40191246079682,25.11042874887875],[-107.40190794881723,25.11042876700148],[-107.40190794881723,25.110424302207434],[-107.40190794881723,25.11016569423639],[-107.40190794881723,25.110161229439022],[-107.40190794881723,25.11015676464159],[-107.40191246079682,25.110156746523558],[-107.40191688253691,25.110152274475805],[-107.40218444307288,25.11015226781893],[-107.40218444307288,25.109331795536004],[-107.40218444307288,25.109327330732835],[-107.40218886481763,25.1093273234865],[-107.40218886481762,25.109322858683356],[-107.40219337680213,25.10932284056924],[-107.40246093762498,25.10932292169619],[-107.40246535937446,25.109322914439808],[-107.40246535937446,25.109318449641346],[-107.40246535937446,25.109041982207174],[-107.40246093762498,25.109041989458795],[-107.40219337680213,25.109041995588296],[-107.40218886481763,25.109041926152322],[-107.40218886481762,25.109037548890807],[-107.40218444307288,25.109037468586987],[-107.40218444307288,25.109033003780105],[-107.40218444307288,25.108765465445025],[-107.40191688253691,25.108765470676722],[-107.40191246079682,25.10876547790355],[-107.40191246079682,25.10876101308857],[-107.40190794881723,25.108761031182492],[-107.40190794881723,25.108756566367365],[-107.40190794881723,25.108212558864082],[-107.40190794881723,25.108208094042038],[-107.40164038856815,25.108208098087324],[-107.40163596683281,25.108208105294565],[-107.40163154509754,25.108208112501647],[-107.40163154509754,25.108203647674802],[-107.40163154509754,25.10819918284791],[-107.40163154509754,25.107931643313602],[-107.40108307003362,25.107931681429235],[-107.40107855806853,25.10793161193196],[-107.40107855806853,25.107927147092152],[-107.40107413634283,25.107927154274034],[-107.40107413634283,25.10792268943409],[-107.40107413634283,25.107655149117775],[-107.40080657695908,25.107655150744407],[-107.40080215523804,25.107655157911715],[-107.40080215523804,25.107650693063672],[-107.40079764327787,25.107650711096927],[-107.40079764327787,25.10764624624874],[-107.40079764327787,25.107378705439142],[-107.4005300841811,25.10737870616811],[-107.4005256624648,25.107374248464318],[-107.40052115050946,25.10737426648246],[-107.40052115050946,25.107369801626053],[-107.40051672879332,25.10736980877806],[-107.40051672879332,25.107365343921508],[-107.40051672879332,25.107097802610735],[-107.40024916998811,25.107097802427646],[-107.40024474827665,25.107097809565072],[-107.40024474827665,25.107093344700427],[-107.40024023632624,25.10709336270323],[-107.40024023632624,25.107088897838448],[-107.40024023632624,25.106821356034438],[-107.39997276804698,25.106821344088345],[-107.39996825610132,25.106821362076293],[-107.39996825610132,25.106816897203412],[-107.39996383439465,25.106816904325783],[-107.39996383439465,25.106812439452767],[-107.39996383439465,25.106544897155604],[-107.39969627616343,25.106544895177414],[-107.39969176422261,25.106544913150255],[-107.39969176422261,25.106540448269154],[-107.39968734252069,25.106540367830007],[-107.39968734252069,25.10653599049546],[-107.39968734252069,25.106531525614155],[-107.39968734252069,25.106263982820415],[-107.39968292081886,25.106263902376345],[-107.3994197845765,25.10626397994],[-107.39941536287925,25.10626389948603],[-107.39941085094337,25.106263917443528],[-107.39941085094337,25.106259452554056],[-107.39940642924627,25.106259459646537],[-107.39940642924627,25.106254994756938],[-107.39940642924627,25.105987451465403],[-107.39913887159373,25.105987447677464],[-107.3991344499013,25.10598745475536],[-107.3991344499013,25.105982989857665],[-107.39912993797033,25.105983007799814],[-107.39912993797033,25.105978542901987],[-107.39912993797033,25.10571099911729],[-107.3988623806049,25.105710994431725],[-107.39885795891722,25.1057110014948],[-107.3988579589172,25.10570653658888],[-107.39885344699108,25.105706554515915],[-107.39885344699108,25.105702089609863],[-107.39885344699108,25.105697624703744],[-107.39885344699108,25.105434545332017],[-107.39885344699108,25.105430080422526],[-107.39858598015118,25.10543006397084],[-107.3985814682298,25.105430081882947],[-107.39857704654695,25.10543008893097],[-107.39857704654695,25.10542562401668],[-107.39857253462573,25.105425641928377],[-107.39857253462573,25.10542117701395],[-107.39857253462573,25.10487715741139],[-107.39830497783912,25.104877150632145],[-107.39830055616099,25.104877157660656],[-107.39830055616099,25.104872692734645],[-107.39829613448295,25.104872699762925],[-107.39829613448296,25.104868234836786],[-107.39829613448295,25.104600689355856],[-107.3980285779834,25.104600681679212],[-107.39802406607178,25.104596234621933],[-107.3980196443985,25.104596241635388],[-107.3980196443985,25.104591776701028],[-107.3980196443985,25.104587311766597],[-107.3980196443985,25.102656528767078],[-107.39747117702169,25.102656539342],[-107.39747117702169,25.10265207437376],[-107.39746666511984,25.102652092196244],[-107.3974622434561,25.10264763418785],[-107.3974622434561,25.102643169219352],[-107.3974622434561,25.102375621200093],[-107.3969181989205,25.102375621712863],[-107.39691377726619,25.102375628648133],[-107.39690935561195,25.102375635583243],[-107.39690935561195,25.10237117060183],[-107.39690935561195,25.102366705620362],[-107.39690935561195,25.102099156824217],[-107.3966418005529,25.10209914350021],[-107.39663728866559,25.102099161282162],[-107.3966328670161,25.102099168202454],[-107.39663286701611,25.102094703212813],[-107.39662835512893,25.102090256004587],[-107.39662835512894,25.101822706710912],[-107.3958079148824,25.101822700638664],[-107.39580349324716,25.101822707523876],[-107.39580349324716,25.10181824251654],[-107.39579898137454,25.101818260262323],[-107.39579898137454,25.101813795254852],[-107.39579455973944,25.101813802139585],[-107.39579455973944,25.101809337131982],[-107.39579455973944,25.101541786769527],[-107.39525051872721,25.101541778016454],[-107.39524609710153,25.10154178487648],[-107.39524158523868,25.10153733757616],[-107.39524158523868,25.101532872555588],[-107.39524158523868,25.10126532141625],[-107.39469763563211,25.101265298731054],[-107.39469312377888,25.101265316425994],[-107.39468870216277,25.101265323260908],[-107.39468870216277,25.101260858227434],[-107.39468419030968,25.10126087592196],[-107.39468419030968,25.101256410888347],[-107.39468419030968,25.100988858967614],[-107.39441672779998,25.100988828706225],[-107.39441221595166,25.100988846385892],[-107.39441221595166,25.100984381344187],[-107.39440779434038,25.100984388164044],[-107.39440779434038,25.100979923122217],[-107.39440779434038,25.100975458080317],[-107.39440779434038,25.100712370708763],[-107.39440779434038,25.100707905663494],[-107.39330636431403,25.100707900890182],[-107.39330194272176,25.100707907664837],[-107.39329743089299,25.10070792529803],[-107.39329743089299,25.10070346023367],[-107.39329743089299,25.10069899516926],[-107.39329743089299,25.100431441403092],[-107.39302987958806,25.10043141835185],[-107.39302545800052,25.10043142511169],[-107.3930209461766,25.100431442729775],[-107.3930209461766,25.100426977657193],[-107.3930209461766,25.10042251258457],[-107.3930209461766,25.099887403864724],[-107.3930209461766,25.099882938785296],[-107.3930209461766,25.0998784737058],[-107.39302545800052,25.099878543647847],[-107.39302987958806,25.099878536897386],[-107.39357391590644,25.099878471592486],[-107.39357391590646,25.099874094072817],[-107.39357391590644,25.09961100504131],[-107.39357391590644,25.09960653996787],[-107.39357391590644,25.099602074894378],[-107.3935783375034,25.09960206812852],[-107.3935783375034,25.099597603055045],[-107.39358284933711,25.099597585430537],[-107.393850401217,25.099597608111498],[-107.393850401217,25.099330054081868],[-107.3938548228187,25.099325582238325],[-107.3938548228187,25.09932111716611],[-107.39385933465724,25.09932109953606],[-107.3938637562591,25.0993210927645],[-107.39413130843103,25.09932111510627],[-107.39413130843103,25.099053561156506],[-107.39413130843103,25.099049096085608],[-107.39413130843103,25.099044631014646],[-107.39413573003755,25.099044624237813],[-107.39414024188103,25.099044694152454],[-107.39440779434038,25.09904462861444],[-107.39440779434038,25.098219728553577],[-107.39440779434038,25.098215263476913],[-107.39441221595166,25.098210791627377],[-107.39441672779998,25.09821077399569],[-107.39468419030968,25.098210807110174],[-107.39468419030968,25.097662303232546],[-107.39468870216277,25.097657908071874],[-107.39469312377888,25.097653436219293],[-107.39469763563211,25.09765341858675],[-107.39496067681293,25.09765345843429],[-107.39496518867087,25.09765344079175],[-107.39496518867087,25.0965520541107],[-107.39496518867087,25.0965475890226],[-107.39496961029172,25.096543117169478],[-107.39497403191265,25.096543110404358],[-107.39524158523868,25.096543133136883],[-107.39524158523868,25.096275578231975],[-107.39524158523868,25.096271113145132],[-107.39524609710153,25.096266630429167],[-107.39525051872721,25.0962666236586],[-107.3955180723406,25.09626664606181],[-107.3955180723406,25.0957181409344],[-107.3955225842083,25.095713745766215],[-107.39552700583872,25.095709273905875],[-107.39579455973944,25.09570920871769],[-107.39579455973944,25.094875375103573],[-107.39552700583872,25.094875439435263],[-107.3955225842083,25.09487535864139],[-107.3955225842083,25.09487089354175],[-107.3955180723406,25.094870911157034],[-107.3955180723406,25.094866446057264],[-107.3955180723406,25.09126799514245],[-107.3955180723406,25.09126352999739],[-107.39440779434038,25.09126350873236],[-107.39440779434038,25.09126797389646],[-107.39440779434038,25.091531068270402],[-107.39440779434038,25.091535533431138],[-107.39440779434038,25.09153999859182],[-107.39440328249222,25.09154001610794],[-107.39440328249222,25.091544481268645],[-107.3943988608811,25.091544487928093],[-107.39413130843103,25.09154445819055],[-107.39413130843103,25.091812017801104],[-107.39413130843103,25.091816482963043],[-107.39412688682458,25.09181648961715],[-107.39412688682458,25.091820867226918],[-107.39412237498134,25.091820884737402],[-107.39411795337504,25.09182089139125],[-107.393850401217,25.091820948866857],[-107.393850401217,25.092088421005577],[-107.393850401217,25.09209288616887],[-107.393850401217,25.0920973513321],[-107.3938458893786,25.092097368837035],[-107.39384146777705,25.092097375485448],[-107.39357391590644,25.092097345079534],[-107.39357391590644,25.092364904846356],[-107.39357391590644,25.09236937001091],[-107.39357391590644,25.092373835175405],[-107.39356949430959,25.092373841818542],[-107.39356498247611,25.092378324482365],[-107.39329743089299,25.09237829375179],[-107.39329743089299,25.09264585359104],[-107.39329743089299,25.09265031875681],[-107.39329300930086,25.092650325394498],[-107.39329300930086,25.09265479056029],[-107.39328849747224,25.092654808054046],[-107.39274004017469,25.09265477604966],[-107.3927400401747,25.093198739039867],[-107.3927400401747,25.093203204208244],[-107.3927400401747,25.093207669376554],[-107.39273561859214,25.093207676003278],[-107.3927311067733,25.093207693485777],[-107.39246355605727,25.093207661757507],[-107.39246355605727,25.093212126930506],[-107.39246355605727,25.093479686998247],[-107.39246355605727,25.09348415216782],[-107.3924591344795,25.09348415878911],[-107.39245913447948,25.09348862395871],[-107.39245471290177,25.093488630579913],[-107.39079590473068,25.093488649922666],[-107.39079590473068,25.09375612394219],[-107.39079590473068,25.093760589136878],[-107.39079139294587,25.093760606556497],[-107.39079139294587,25.093765071751204],[-107.39078697139682,25.093765078316],[-107.3905194227031,25.09376504284775],[-107.3905194227031,25.094032604495823],[-107.3905194227031,25.09403706969177],[-107.39051500115872,25.094037076251215],[-107.39051500115872,25.09404154144719],[-107.39051048937883,25.094041558861164],[-107.39024294097277,25.094041523063595],[-107.39024294097277,25.09430908478729],[-107.39024294097277,25.094313549984506],[-107.39023851943315,25.094313556538516],[-107.39023851943315,25.09431802173574],[-107.39023400765811,25.094318039144177],[-107.39023400765811,25.09432250434143],[-107.39022958611865,25.09432251089526],[-107.38996203800488,25.094322474763146],[-107.38996203800488,25.094590036563623],[-107.38996203800488,25.09459450176211],[-107.3899576164701,25.0945989735091],[-107.38995310469998,25.09459890335899],[-107.38968555687393,25.094598954450458],[-107.38968555687393,25.094866516326505],[-107.38968555687393,25.094870981526253],[-107.38968113534389,25.094875365716135],[-107.38967662357864,25.094875383113376],[-107.38912817398354,25.094875426914175],[-107.38912817398352,25.09514298915427],[-107.38912817398354,25.09514736680704],[-107.38912817398352,25.095151832012817],[-107.38912375246309,25.0951518385402],[-107.38912375246309,25.095156303746],[-107.38911924070761,25.095156321127284],[-107.3888516937494,25.095156283388512],[-107.3888516937494,25.09542384570082],[-107.3888516937494,25.095428310907863],[-107.38884727223372,25.095428317429796],[-107.38884727223372,25.09543278263685],[-107.3888428507181,25.095432789158703],[-107.38857530404758,25.09543275109075],[-107.38857530404758,25.096819590599015],[-107.3888428507181,25.09681953968991],[-107.38884727223372,25.096819533144544],[-107.38884727223372,25.096823998334102],[-107.3888516937494,25.096823991788494],[-107.3888516937494,25.096828456977914],[-107.3888516937494,25.096832922167273],[-107.3888516937494,25.097100483215268],[-107.38911924070761,25.097100518957284],[-107.38912375246309,25.09710050154242],[-107.38912817398352,25.09710049498201],[-107.38912817398352,25.097104960163204],[-107.38912817398352,25.097109425344346],[-107.38912817398354,25.09737698589984],[-107.38939572122952,25.09737693319211],[-107.38940023298984,25.09737691576215],[-107.38940465451503,25.09737699673934],[-107.38940465451503,25.097381374359898],[-107.38940907604031,25.09738145533684],[-107.38940907604031,25.097385920509684],[-107.38940907604031,25.097653393015772],[-107.38967662357864,25.097653426953414],[-107.3896811353439,25.09765340950819],[-107.38968113534389,25.097657874672954],[-107.38968555687393,25.097657868082663],[-107.38968555687393,25.097662333247293],[-107.38968555687393,25.097929892813237],[-107.38995310469998,25.097929925853546],[-107.38995310469998,25.097934303458068],[-107.3899576164701,25.09793437354976],[-107.38996203800488,25.097934366944653],[-107.38996203800488,25.097938832101065],[-107.38996203800488,25.097943297257412],[-107.38996203800488,25.098210768775406],[-107.39022958611865,25.098210800913858],[-107.39023400765811,25.0982107942941],[-107.39023851943315,25.098210776818444],[-107.39023851943315,25.098215241966628],[-107.39024294097277,25.098219700494532],[-107.39024294097277,25.098763747721],[-107.39051048937883,25.098763778668314],[-107.39051048937883,25.098768156253175],[-107.39051500115872,25.09876822630926],[-107.3905194227031,25.098772684805954],[-107.3905194227031,25.098777149942254],[-107.3905194227031,25.099865153143103],[-107.3905194227031,25.09986961826563],[-107.39051500115872,25.09987409004652],[-107.39051048937883,25.099874020009803],[-107.39051048937883,25.09987848513238],[-107.38968555687393,25.099878536349884],[-107.38968555687393,25.100146094243215],[-107.38968555687393,25.100150559376505],[-107.38968113534389,25.100150478457405],[-107.3896811353439,25.100154943590717],[-107.38967662357864,25.100154961079134],[-107.38940907604031,25.10015501726239],[-107.38940907604031,25.10042248767925],[-107.38940907604031,25.100426952813795],[-107.38940465451503,25.10042695944089],[-107.38940465451503,25.10043142457545],[-107.38940023298983,25.10043143120247],[-107.38939572122952,25.10043144868517],[-107.38774144452499,25.100431452743194],[-107.38774144452499,25.1006990122155],[-107.38774144452499,25.100703477375134],[-107.38773693279379,25.1007078724081],[-107.38773251129727,25.100707878978696],[-107.38747389900112,25.100707907440732],[-107.3874693872746,25.100707924856273],[-107.38746496578268,25.100707931417073],[-107.38746496578268,25.100703466252753],[-107.3874649657827,25.10069900108838],[-107.3874649657827,25.100431441332166],[-107.38746045405634,25.100431458742598],[-107.38690758770827,25.100431423144215],[-107.38690758770827,25.10069898347278],[-107.38690758770827,25.100703448646712],[-107.3869030759917,25.10070793121497],[-107.38689865450954,25.10070793775502],[-107.38523988219458,25.10070792664824],[-107.38523988219458,25.100712391850635],[-107.38523988219458,25.10097548848035],[-107.38523988219458,25.100979866126448],[-107.38523988219458,25.10098433132541],[-107.3852353705073,25.100984348662294],[-107.3852353705073,25.100988813861278],[-107.38523094905385,25.100988820344988],[-107.38385308349226,25.100988801398973],[-107.38385308349226,25.10125636444273],[-107.38385308349226,25.10126082966197],[-107.38384857182933,25.10126084695184],[-107.38384857182933,25.1012653121711],[-107.38384415039977,25.101265318608682],[-107.38329571325667,25.101265261783453],[-107.38329571325667,25.1015328251906],[-107.38329571325667,25.101537290415898],[-107.38329571325667,25.101541755641147],[-107.38329120160357,25.101541772915045],[-107.3832867801836,25.101541779336895],[-107.38275169869604,25.10154177805501],[-107.38274718705249,25.101541795308602],[-107.3827427656419,25.101541714156898],[-107.3827427656419,25.1015373364758],[-107.3827427656419,25.10153287124102],[-107.3827427656419,25.101265307266267],[-107.3827382539985,25.101265324514756],[-107.38247522532575,25.10126526165455],[-107.38247071368707,25.10126527889304],[-107.38246629228122,25.101265285280146],[-107.38246629228122,25.1012608200372],[-107.38246187087546,25.101260826424067],[-107.38246187087546,25.101256361181],[-107.38246187087546,25.100712389089082],[-107.38246187087546,25.100707923839092],[-107.38191785808233,25.100707940751345],[-107.38191334645344,25.100707870405294],[-107.38190892505719,25.10070787676254],[-107.38190892505719,25.10070341150302],[-107.38190892505719,25.100698946243448],[-107.38190892505719,25.100431468337035],[-107.38163245259489,25.100431443554793],[-107.38162794097101,25.10043146074742],[-107.38162794097101,25.100699026496383],[-107.38162794097101,25.10070349176077],[-107.38162794097101,25.10070786947089],[-107.38162351957969,25.100707875817676],[-107.38161909818845,25.100707882164297],[-107.3810750871821,25.100707895274976],[-107.3810750871821,25.100712360548712],[-107.3810750871821,25.10097546138266],[-107.3810750871821,25.100979926653036],[-107.38107057556803,25.100984409104704],[-107.38106615418631,25.100988793151846],[-107.3807986156183,25.100988831091026],[-107.3807986156183,25.101256397270323],[-107.3807941040091,25.101256414446052],[-107.3807941040091,25.101260792163348],[-107.3807941040091,25.101265257434935],[-107.38078968263216,25.10126526376061],[-107.38078517102309,25.101265280936158],[-107.37997362407755,25.101265327841432],[-107.37996920271475,25.10126533413705],[-107.37996478135202,25.101260787592103],[-107.37996478135202,25.101256409860873],[-107.37996478135202,25.100988842825718],[-107.37913085956497,25.100988859644264],[-107.37913085956497,25.10125633998043],[-107.37913085956497,25.10126080528056],[-107.37912643821669,25.10126081154523],[-107.37912643821669,25.101265276845382],[-107.3791219266369,25.101265293958818],[-107.3785824324972,25.101265279875655],[-107.37857792092697,25.101265296968787],[-107.37857792092697,25.101260831659232],[-107.37857349958823,25.10126083790365],[-107.37857349958823,25.101256372593966],[-107.37857349958823,25.100988804130814],[-107.37635282416895,25.10098881751513],[-107.37635282416895,25.101256388257273],[-107.37635282416895,25.101260853604984],[-107.37634840286859,25.101260859767873],[-107.37634840286859,25.101265325115612],[-107.3763439815683,25.101265243722576],[-107.37190710984811,25.101265321324256],[-107.37190710984811,25.10153280886186],[-107.37190710984811,25.101537274282222],[-107.37190268862449,25.101541745707294],[-107.37189826740097,25.101541751711913],[-107.37163064817533,25.101541780726333],[-107.37163064817533,25.101809268338673],[-107.37163064817533,25.101813733760277],[-107.3716262269565,25.101818205181157],[-107.37162171550877,25.101818222024058],[-107.37162171550877,25.101822687445697],[-107.37135418680114,25.1018227052912],[-107.37135418680114,25.102090192974874],[-107.37134976558707,25.102090198968686],[-107.37134976558707,25.102094664391558],[-107.37134976558707,25.10209912981436],[-107.37134525414422,25.10209914665179],[-107.3713408329303,25.102099152645426],[-107.37107330451627,25.102099170151458],[-107.37107330451627,25.10236665791434],[-107.37107330451627,25.102371123338454],[-107.37107330451627,25.10237558876251],[-107.37106879307831,25.102375605594386],[-107.37106437186915,25.102375611582577],[-107.37079684374412,25.102375628758928],[-107.37079684374412,25.102643116596475],[-107.37079684374412,25.102647582021834],[-107.37079684374412,25.102652047447133],[-107.37079233231103,25.10265206427345],[-107.37078791110666,25.102652070256198],[-107.37078791110666,25.1026565356816],[-107.37052931589875,25.102656529743424],[-107.37052480447035,25.102652081129925],[-107.37052038327063,25.102652087102864],[-107.37052038327063,25.102647621672826],[-107.37052038327063,25.10264315624274],[-107.37052038327063,25.10237558056419],[-107.37025285571427,25.102375596533868],[-107.37024834429077,25.102375613335106],[-107.3702439230958,25.102375619293237],[-107.3702439230958,25.102371153854982],[-107.37023941167246,25.10236670521742],[-107.37023941167246,25.10209912904171],[-107.36997188440988,25.102099144104635],[-107.3699674632197,25.102099150047962],[-107.3699674632197,25.102094684601482],[-107.36996295180121,25.102094701387212],[-107.36996295180121,25.1020902359406],[-107.36996295180121,25.101822659272372],[-107.3696954248277,25.101822673438534],[-107.36969100364229,25.10181821391235],[-107.36968649222868,25.101818230682994],[-107.3696864922287,25.101813765228158],[-107.36968649222868,25.10180929977328],[-107.3696864922287,25.10154172260917],[-107.36941896554426,25.101541735874],[-107.36941454436362,25.101541741787635],[-107.36941003295489,25.101541758543178],[-107.36941003295489,25.101537293080128],[-107.36940561177441,25.101532833530175],[-107.36940561177441,25.101265255869055],[-107.36913799515564,25.10126527906914],[-107.36913357397987,25.10126528496779],[-107.36913357397987,25.101260819496527],[-107.36912915280416,25.101260825394945],[-107.36912915280416,25.101256359923546],[-107.36912915280416,25.099878540413293],[-107.3688615364746,25.099878474018713],[-107.3688571153036,25.099874014390277],[-107.36885269413268,25.099874020255083],[-107.36885269413268,25.099869554761476],[-107.36885269413268,25.099865089267805],[-107.36885269413268,25.09959759733856],[-107.36858507809235,25.0995976176011],[-107.36858065692614,25.099597623451256],[-107.36857623576,25.099597541742398],[-107.36857623576,25.09959316379943],[-107.36857623576,25.099588698297545],[-107.36857623576,25.099044694676472],[-107.36857172436606,25.09904462379866],[-107.36830862000893,25.099044626199365],[-107.36830419884748,25.099044632030044],[-107.36829968745835,25.099040183187533],[-107.36829526629705,25.09903572350414],[-107.36829526629705,25.09903125799043],[-107.36829526629707,25.09876376486019],[-107.36802774106768,25.098763772190395],[-107.3680232296834,25.098763701286998],[-107.3680188085269,25.098759241580584],[-107.3680188085269,25.09875477605865],[-107.3680188085269,25.09710944629577],[-107.3680188085269,25.097104980753056],[-107.3680232296834,25.097100509422983],[-107.36802774106768,25.09710049279582],[-107.36829526629705,25.097100487171353],[-107.36829526629705,25.096543082511268],[-107.36358650224962,25.096543058069116],[-107.36358199094373,25.096543074520852],[-107.36357756986405,25.096543080136044],[-107.36357756986405,25.09653861451018],[-107.36357305855833,25.09653863096152],[-107.36357305855833,25.096534165335516],[-107.36357305855833,25.0962666654797],[-107.36330553827136,25.096266659776592],[-107.36330111719647,25.09626666537697],[-107.36330111719647,25.096262199742903],[-107.36329660589563,25.096262216179134],[-107.36329660589563,25.09625775054494],[-107.36329660589563,25.096253284910674],[-107.36329660589563,25.09599016263574],[-107.36329660589563,25.095985696998103],[-107.36302908589819,25.095985690393846],[-107.36302457460215,25.095985706815167],[-107.36302015353212,25.095985712400502],[-107.36302015353212,25.095981246758083],[-107.36302015353212,25.09597678111561],[-107.36302015353212,25.09570928027265],[-107.36275263382421,25.095709272771927],[-107.36274812253306,25.095709289178156],[-107.36274370146779,25.095709207186914],[-107.36274370146779,25.095704829098057],[-107.36273919017681,25.09570037985312],[-107.36273919017681,25.09487537180077],[-107.36247167076318,25.094875362822034],[-107.36246724970272,25.09487536836832],[-107.3624627384166,25.09487091908359],[-107.3624627384166,25.094866453417602],[-107.3624627384166,25.094598951166123],[-107.36219521929253,25.09459894129094],[-107.36219079823685,25.094598946822423],[-107.36218628695563,25.094594497514397],[-107.36218628695563,25.094590031840198],[-107.36218628695563,25.094041541546606],[-107.36191876812117,25.09404153048692],[-107.36191425684476,25.094041546833267],[-107.36190983579392,25.094041552345026],[-107.36190983579392,25.094037086659142],[-107.36190983579392,25.0940326209732],[-107.36190983579392,25.093765117526463],[-107.36190541474319,25.09376503547085],[-107.36163780597752,25.093765121901622],[-107.36163338493151,25.09376503983594],[-107.36163338493151,25.093760661704483],[-107.36162887366011,25.093760590472694],[-107.36162887366012,25.093756212341102],[-107.36162887366011,25.09348862083537],[-107.36080845517179,25.093488623984072],[-107.36080394391499,25.093488640279432],[-107.3607995228834,25.09348418002933],[-107.3607995228834,25.093479714317425],[-107.36079510185188,25.09347971977885],[-107.36079510185188,25.093212127209757],[-107.36079510185188,25.093207661494358],[-107.36052749424998,25.09320765732805],[-107.36052307322318,25.093207662774905],[-107.36051856197142,25.093203213334593],[-107.36051856197142,25.09319874761435],[-107.36051856197142,25.09293124211313],[-107.35997459581813,25.09293123140485],[-107.35997008457606,25.092931247659475],[-107.35996566355891,25.09293125308124],[-107.35996566355891,25.092926787348116],[-107.35996124254183,25.09292232703638],[-107.35996124254183,25.09265473319219],[-107.35969363581414,25.092654726609286],[-107.35968921480176,25.09265473201624],[-107.35968921480176,25.092650266274912],[-107.35968470356474,25.092650282514043],[-107.35968470356474,25.09264581677258],[-107.35968470356474,25.092378310000097],[-107.35941718735164,25.092378291688224],[-107.35941276634406,25.092373831330836],[-107.35940825511193,25.09237384755489],[-107.35940825511193,25.092369381805213],[-107.35940825511193,25.09236491605549],[-107.35940825511193,25.09209740878805],[-107.35914073918862,25.092097389575247],[-107.35913631818583,25.092097394952525],[-107.35913180695857,25.092097411161483],[-107.35913180695857,25.092092945403607],[-107.35913180695857,25.092088479645675],[-107.35913180695857,25.09182088432273],[-107.35912738595594,25.091820889695],[-107.35886429132506,25.09182095177752],[-107.3588597801026,25.091820880407525],[-107.3588553591047,25.091820885769827],[-107.3588553591047,25.09181642000374],[-107.35885093810685,25.091816425365817],[-107.35885093810685,25.091811959599603],[-107.35885093810685,25.09154445134446],[-107.35858333254343,25.09154444116037],[-107.35857891155031,25.091544446507875],[-107.35857891155031,25.091539980733586],[-107.3585744003329,25.091539996912125],[-107.3585744003329,25.091535531137705],[-107.3585744003329,25.091531065363224],[-107.3585744003329,25.091268022390956],[-107.3585744003329,25.09126355661311],[-107.35830688528378,25.09126353469664],[-107.35830246429543,25.09126354002927],[-107.35829795308291,25.091263556192725],[-107.35829795308291,25.091259090410098],[-107.35829795308291,25.09125462462742],[-107.35829795308291,25.09071058679927],[-107.35803043832364,25.090710563703034],[-107.35802592711595,25.090710579846814],[-107.35802150613247,25.090706119365485],[-107.35802150613247,25.09070165357112],[-107.35801708514909,25.090701658883784],[-107.35801708514909,25.09043414893796],[-107.35774948046026,25.090434135765964],[-107.35774948046026,25.090429669963523],[-107.35774505948157,25.090429675261625],[-107.35774054827893,25.0904296913899],[-107.35774054827893,25.09042522558726],[-107.35774054827893,25.09042075978455],[-107.35774054827893,25.09015324934383],[-107.35719658804763,25.090153220320577],[-107.35719207685466,25.090153236423603],[-107.35718765588565,25.09015324169662],[-107.35718765588564,25.09014877588104],[-107.35718765588565,25.090144310065405],[-107.35718765588565,25.08960026822306],[-107.35718314469285,25.089600284316237],[-107.35663918565025,25.08960025162757],[-107.35663476469081,25.08959579103899],[-107.3566302535078,25.089595807111454],[-107.3566302535078,25.089591341279327],[-107.3566302535078,25.089586875447154],[-107.3566302535078,25.089319363240847],[-107.35608629564445,25.089319327474147],[-107.35608178447113,25.08931934352137],[-107.35607736352135,25.089319348739615],[-107.35607736352135,25.089314882894563],[-107.3560728523482,25.08931489894137],[-107.3560728523482,25.089310433096184],[-107.3560728523482,25.089042920110593],[-107.35580533992265,25.089042890371587],[-107.3558008287543,25.089042906403556],[-107.3558008287543,25.089038440550294],[-107.3557964078094,25.0890384457535],[-107.3557964078094,25.089033979900112],[-107.3557964078094,25.088766466423174],[-107.35525236150164,25.088766436573163],[-107.35524794056623,25.088766441751677],[-107.35524351963093,25.088761981063765],[-107.35524351963093,25.088757515197443],[-107.35523900847252,25.088757531203523],[-107.35523900847252,25.08848992938128],[-107.35523900847252,25.08848555107754],[-107.35497149692183,25.088485518918574],[-107.35496698576824,25.088485534909815],[-107.35496698576824,25.088481069035293],[-107.35496256483779,25.088481074198526],[-107.35496256483779,25.088476608323866],[-107.3549625648378,25.088209006006807],[-107.35357574980951,25.08820905434821],[-107.35357574980951,25.088476570520164],[-107.35357574980951,25.088481036418557],[-107.3535713289032,25.088481041530844],[-107.3535713289032,25.08848550742924],[-107.3535668177744,25.088485523368224],[-107.35356239686823,25.088485528480263],[-107.35219345343225,25.08848552030118],[-107.35218903254993,25.08848552536293],[-107.35218903254993,25.08848105944089],[-107.3521845214456,25.088481075328197],[-107.3521845214456,25.08847660940602],[-107.3521845214456,25.088209004241413],[-107.35191701310113,25.088209052594323],[-107.35191250200161,25.08820906846679],[-107.35190808112415,25.088204607583254],[-107.35190808112415,25.088200141652877],[-107.35190808112415,25.087932535996856],[-107.35024033313454,25.087932541172993],[-107.35024033313454,25.08820014853825],[-107.35024033313454,25.08820461449715],[-107.35023591228612,25.08820908544156],[-107.35023149143775,25.088209002859124],[-107.34996389492328,25.088209057706926],[-107.34996389492328,25.088476577579517],[-107.34996389492328,25.088481043539677],[-107.34995947407964,25.088481048519707],[-107.34995947407964,25.088485514479892],[-107.3499549630148,25.088485530284064],[-107.34968745701214,25.088485486410054],[-107.34968745701214,25.088489952374825],[-107.34968745701214,25.088757472319255],[-107.3496829459521,25.088757488117967],[-107.34968294595211,25.088761954079395],[-107.34967852511335,25.088766425015354],[-107.34967410427467,25.088766429989764],[-107.349406508346,25.0887663966048],[-107.349406508346,25.08903400419691],[-107.349406508346,25.0890384701596],[-107.34940208751203,25.089042853523466],[-107.34939757645706,25.08904286931644],[-107.34885363403426,25.089042887935786],[-107.34885363403426,25.08931040831829],[-107.34885363403426,25.08931487428696],[-107.348849122989,25.08931489006416],[-107.348849122989,25.089319356032846],[-107.34884470216473,25.089319360986238],[-107.34884019111963,25.089319376763168],[-107.34747127306785,25.089319319383264],[-107.3474668522675,25.089319324286205],[-107.3474668522675,25.089314858293882],[-107.34746234124682,25.08931487401931],[-107.34746234124682,25.089310408026844],[-107.34746234124682,25.089042886219158],[-107.34664187813631,25.089042877460464],[-107.3466374573504,25.089042882328357],[-107.34663294634441,25.089042898018146],[-107.34663294634441,25.08903843200809],[-107.34662852555864,25.089038436875576],[-107.34662852555864,25.08903397086539],[-107.34662852555864,25.08876644799557],[-107.34608449883439,25.088766464378935],[-107.34607998783822,25.088766392474245],[-107.34607998783822,25.088762014020336],[-107.34607556706206,25.088761931293824],[-107.34607556706206,25.088757552839777],[-107.34607556706206,25.088489941626417],[-107.34607556706206,25.08848547559988],[-107.345808065137,25.088485510694476],[-107.34580355414575,25.08848552634371],[-107.34579913337438,25.088485531171482],[-107.34579913337438,25.08848106514016],[-107.34579462238328,25.088481080788984],[-107.34579462238328,25.08847661475753],[-107.34579462238328,25.08820900304484],[-107.34552712075369,25.088209037233568],[-107.3455226097674,25.08820905286755],[-107.3455226097674,25.088204586828027],[-107.34551818900093,25.088204591640768],[-107.34551818900093,25.088200125601116],[-107.34551818900093,25.087932600966564],[-107.34525059744244,25.087932557510676],[-107.34524617668069,25.087932562308843],[-107.345241755919,25.08792810105906],[-107.345241755919,25.087923635011204],[-107.345241755919,25.087098728739846],[-107.34497416465135,25.08709877138642],[-107.3449697438944,25.087098688590512],[-107.344965232918,25.08709423812156],[-107.344965232918,25.087089772058512],[-107.344965232918,25.08654578764523],[-107.344965232918,25.086541321575282],[-107.34496081216122,25.086541326339486],[-107.34469322118916,25.08654136779217],[-107.3446888004371,25.086541372546417],[-107.3446888004371,25.08653690647169],[-107.34468428946569,25.08653692204558],[-107.34468428946569,25.086532455970726],[-107.34468428946569,25.085711923227418],[-107.34441678900393,25.08571195239799],[-107.34441678900393,25.085707486308205],[-107.34441236825667,25.08570749103822],[-107.34440785729016,25.08570750658751],[-107.34440785729016,25.085703040497517],[-107.34440785729016,25.085698574407466],[-107.34440785729016,25.085154586706224],[-107.34358289308047,25.085154560475434],[-107.34357847234769,25.085154565165574],[-107.34357847234769,25.085150099054466],[-107.34357405161502,25.08515010374436],[-107.34357405161502,25.085145637633115],[-107.34357405161502,25.084878108710278],[-107.34136234162996,25.084878053777068],[-107.34135783071757,25.0848736030457],[-107.34135341002353,25.084873607649623],[-107.34135341002352,25.08486914149695],[-107.34135341002352,25.084864675344214],[-107.34135341002353,25.08459714393606],[-107.34079595209732,25.0845971632266],[-107.34079595209732,25.084864695205574],[-107.34079595209732,25.084869161367838],[-107.34079595209732,25.084873627530047],[-107.34079153141305,25.084873632113393],[-107.34078711072884,25.084878102858887],[-107.34051952415058,25.084878133354472],[-107.34051952415058,25.08569859353019],[-107.34051952415058,25.08570305968671],[-107.34051510347112,25.085707442858812],[-107.34051059257376,25.085707458262657],[-107.34051059257376,25.085711924419222],[-107.34024309650462,25.085711944339156],[-107.34024309650462,25.087923650501647],[-107.34023858561213,25.08792366593351],[-107.34023858561213,25.0879281320669],[-107.34023858561213,25.087932598200222],[-107.34023416493754,25.087932602814885],[-107.34022965404519,25.087932618246573],[-107.33996215827187,25.087932552245892],[-107.33996215827187,25.08847654495564],[-107.33996215827187,25.088481011086802],[-107.33996215827187,25.088485477217915],[-107.33995764738435,25.088485492648967],[-107.33995322671466,25.088485497262692],[-107.33968564101478,25.08848552960359],[-107.33968564101478,25.08848999573937],[-107.33968564101478,25.08875752592728],[-107.33968564101478,25.088761992059645],[-107.33968122034982,25.088761996668083],[-107.33968122034982,25.088766462800464],[-107.33967679968495,25.088766467408817],[-107.33912827696587,25.08876646785751],[-107.33912827696587,25.089033998408006],[-107.33912827696587,25.089038464546416],[-107.33912385631061,25.089042935277554],[-107.33911934543796,25.089042863115584],[-107.33858426629455,25.08904291383133],[-107.33857984564877,25.089042918404196],[-107.33857533478579,25.089038467645445],[-107.33857533478579,25.089034001497584],[-107.33857533478579,25.088766470380982],[-107.33830784075488,25.088766401566687],[-107.33830332989675,25.088766416940842],[-107.33829890925584,25.08876195534273],[-107.33829890925584,25.088757489186666],[-107.33829439839786,25.088757504560327],[-107.33829439839786,25.088489972947993],[-107.33829439839786,25.088485506788434],[-107.33802690466293,25.088485524635534],[-107.33802239380977,25.088485539994362],[-107.33802239380977,25.088481073830103],[-107.33801797317376,25.08848107837289],[-107.33801797317376,25.0884766122085],[-107.33801797317376,25.088209080101763],[-107.33775038951308,25.088209020296723],[-107.33774596888182,25.08820902482496],[-107.33774154825062,25.088204563180494],[-107.33774154825062,25.0882000970079],[-107.33774154825062,25.08793256441009],[-107.33636366832407,25.087932579578627],[-107.33635915750047,25.087932594865865],[-107.33635473689343,25.087932599338483],[-107.33635473689343,25.087928133138778],[-107.33635022607,25.08792368222576],[-107.33635022607,25.087656147995617],[-107.33608273438375,25.0876560731119],[-107.33607822356515,25.087651622175983],[-107.336073802963,25.087651626633573],[-107.336073802963,25.08764716042553],[-107.336073802963,25.087642694217436],[-107.336073802963,25.087375159492908],[-107.33524886582026,25.087375170876676],[-107.33524444523258,25.087375175299222],[-107.33524444523258,25.087370709073536],[-107.33523993442887,25.087370724309334],[-107.33523993442887,25.087366258083513],[-107.33523993442887,25.087098722297412],[-107.33412964764631,25.08709868649904],[-107.33412964764631,25.087366310995083],[-107.33412964764631,25.087370689666443],[-107.33412513686244,25.087375171105453],[-107.33412071629432,25.08737517548685],[-107.33386206808561,25.08737517420338],[-107.33385764752207,25.087375178575154],[-107.33385313674303,25.087375193759275],[-107.33385313674303,25.087370727509814],[-107.33385313674303,25.087366261260296],[-107.33385313674303,25.08709872405468],[-107.3335856476895,25.087098730638626],[-107.33358113691531,25.087098745807833],[-107.33357671635667,25.087098750164657],[-107.33357671635667,25.087094283906996],[-107.33357671635667,25.087089817649286],[-107.33357220558263,25.087089832818013],[-107.33357220558264,25.086822295116892],[-107.33275178733426,25.08682227252304],[-107.33274727657489,25.08682228765638],[-107.33274727657489,25.08681782138108],[-107.33274285603079,25.086817825702617],[-107.33274285603079,25.086813359427193],[-107.33274285603079,25.08680889315171],[-107.33274285603079,25.08654582066923],[-107.33274285603079,25.086541354390388],[-107.33273843548676,25.086541358707105],[-107.33190899844699,25.0865413597582],[-107.33190899844699,25.08654582605129],[-107.33190899844699,25.086808899372944],[-107.33190899844699,25.08681336566267],[-107.33190457791751,25.086817836243203],[-107.33190006717321,25.0868222300603],[-107.33189564664389,25.086822234350908],[-107.33079872624803,25.08682223062537],[-107.33079872624803,25.087089771165083],[-107.33079421552341,25.087089786230138],[-107.33079421552341,25.087094252535387],[-107.33079421552341,25.087098718840586],[-107.33078979501337,25.087098723095366],[-107.33078528428891,25.087098738160243],[-107.330517798472,25.08709873794476],[-107.330517798472,25.087366278563938],[-107.330517798472,25.08737074487044],[-107.330517798472,25.087375211176887],[-107.33051328775238,25.08737522623637],[-107.33050886724725,25.087375230485545],[-107.33024129150779,25.087375153175547],[-107.33024129150779,25.08764278144438],[-107.33024129150779,25.08764716017747],[-107.33024129150779,25.087651626485165],[-107.33023687100739,25.08765163072905],[-107.33023236029277,25.087656112090595],[-107.32913986757703,25.08765609254281],[-107.32913544709585,25.08765163041991],[-107.32913102661475,25.08765163462331],[-107.32913102661475,25.08764716829664],[-107.32913102661475,25.087642701969926],[-107.32913102661475,25.08737516013962],[-107.32719576543623,25.08737521161236],[-107.32719125477576,25.087375226547863],[-107.32718683432857,25.08737523067542],[-107.32718683432857,25.087370764312077],[-107.32718683432857,25.087366297948673],[-107.32718683432857,25.08709875392105],[-107.32663833862401,25.087098694101634],[-107.32663391818647,25.087098698204272],[-107.32663391818649,25.087094231828015],[-107.32662940753602,25.08709424673772],[-107.32662940753602,25.087089780361328],[-107.32662940753602,25.08682223555532],[-107.32636192610737,25.086822225846323],[-107.32635741546174,25.086822240741203],[-107.32635741546174,25.086817774356753],[-107.32635299502913,25.08681777844436],[-107.32635299502913,25.086813312059768],[-107.32635299502913,25.086808845675122],[-107.32635299502913,25.086545766762963],[-107.32635299502913,25.08654130037496],[-107.3258045011309,25.086541323172973],[-107.32580008070794,25.08654132723566],[-107.32580008070794,25.086536860838155],[-107.32579557007233,25.08653687570716],[-107.32579557007233,25.08653240930953],[-107.32579557007233,25.0862648632311],[-107.32552799931203,25.08626486191027],[-107.3255235788939,25.086264865958167],[-107.3255235788939,25.086260399552472],[-107.3255190682632,25.086260414406407],[-107.3255190682632,25.086255948000574],[-107.3255190682632,25.08598840143131],[-107.3252515880077,25.085988388408634],[-107.32524707738186,25.085988403247736],[-107.32524707738186,25.08598393683385],[-107.32524265696863,25.08598394086671],[-107.32524265696863,25.08597947445269],[-107.32524265696863,25.085711927392698],[-107.32497508679279,25.085711924280364],[-107.3249706663843,25.085707461876602],[-107.32496615576349,25.085707476700385],[-107.32496615576349,25.085703010278163],[-107.32496173535516,25.085703014296],[-107.32496173535516,25.08569854787366],[-107.32496173535516,25.085431000314983],[-107.3244177550826,25.08543099966358],[-107.32441324447163,25.08543101446198],[-107.32440882407295,25.085431018454987],[-107.32440882407295,25.085426552019776],[-107.32440882407295,25.085422085584515],[-107.32440882407295,25.08515453725229],[-107.32275000726345,25.085154585526276],[-107.32274558689383,25.08515458945372],[-107.32274558689383,25.08515012298664],[-107.32274107631268,25.085150137717807],[-107.32274107631268,25.085145671250597],[-107.32274107631268,25.08487812100444],[-107.32246466805263,25.084878119318617],[-107.32246466805263,25.085145669847513],[-107.32246466805263,25.085150136319445],[-107.32246015747648,25.085150063462255],[-107.32246015747647,25.085154529934208],[-107.32245573711194,25.08515453385105],[-107.32245122653593,25.08515454857148],[-107.3221837495234,25.08515452789718],[-107.32218374952342,25.085422078505587],[-107.3221837495234,25.085426544978848],[-107.32218374952342,25.085431011452044],[-107.32217923895227,25.085431026167093],[-107.32217481859263,25.08543103007831],[-107.32190725166107,25.08543101987767],[-107.32190725166107,25.08569857056097],[-107.32190725166107,25.08570303703548],[-107.32190725166107,25.085707503509934],[-107.32190274109486,25.08570751821941],[-107.32189832074005,25.085707522125183],[-107.32189832074005,25.085711988599737],[-107.32163075410101,25.085711978073565],[-107.32163075410101,25.08597952882837],[-107.32162633375097,25.085983911626602],[-107.32162182318976,25.08598839280615],[-107.32079693311009,25.085988388613],[-107.32079693311009,25.08625594001276],[-107.32079693311009,25.086260406499232],[-107.32079242256368,25.08626042117678],[-107.32079242256368,25.08626488766328],[-107.32078800222827,25.08626489153782],[-107.32052043676407,25.086264879115824],[-107.32052043676407,25.086532430590385],[-107.32052043676407,25.08653689707811],[-107.32051601643343,25.086536900947287],[-107.32051601643343,25.08654136743503],[-107.32051150589203,25.08654138210693],[-107.32050708556153,25.08654129839767],[-107.32023952039462,25.086541373213933],[-107.32023952039462,25.086545839706336],[-107.32023952039462,25.087923706145638],[-107.32023952039462,25.087928085042737],[-107.3202351000689,25.087932555400183],[-107.32023058953251,25.087932570085535],[-107.31912920916751,25.087932567220598],[-107.31912920916751,25.088200118863117],[-107.31912920916751,25.088204585353644],[-107.31912478886119,25.088209055690584],[-107.31912027834461,25.088209070339264],[-107.31857631063635,25.08820904913784],[-107.31857631063635,25.088476601137682],[-107.31857631063635,25.088481067634167],[-107.31857180012958,25.08848108226706],[-107.31857180012958,25.08848554876357],[-107.318567379833,25.088485465015953],[-107.31856295953651,25.08848546884653],[-107.31829539642754,25.088485541341527],[-107.31829539642754,25.088489920264244],[-107.31829539642754,25.08875747233992],[-107.31829539642754,25.088761938837674],[-107.31829088592578,25.08876195346491],[-107.31829088592578,25.088766419962685],[-107.31828646563413,25.08876642378788],[-107.31774240951087,25.08876641078881],[-107.31774240951087,25.089033963221816],[-107.31774240951087,25.089038429725537],[-107.31773798922882,25.08903843353525],[-107.31773798922882,25.089042900038983],[-107.31773347873698,25.089042914650264],[-107.31772905845509,25.089042918459725],[-107.31718509374173,25.08904289272164],[-107.31718509374173,25.089310445516368],[-107.31718509374171,25.089314912026122],[-107.31718058325977,25.089319393131227],[-107.31717616298754,25.089319396925113],[-107.31663210925522,25.08931938007081],[-107.3166276889926,25.089319383844618],[-107.3166276889926,25.089586937001126],[-107.3166276889926,25.089591403516923],[-107.3166276889926,25.089595782453923],[-107.3166231785206,25.089595797033265],[-107.3166231785206,25.08960026354903],[-107.31661875825813,25.089600267327256],[-107.31607470572638,25.089600248544247],[-107.31607470572638,25.089867802054677],[-107.31607470572638,25.089872268576386],[-107.31607028547351,25.08987227233912],[-107.31607028547351,25.089876738860838],[-107.31606577501147,25.089876753424225],[-107.31524090306786,25.089876723518096],[-107.31524090306786,25.090144277672835],[-107.31524090306786,25.090148744205298],[-107.31523639262063,25.09015322527488],[-107.31523197238243,25.09015322901167],[-107.31441594361017,25.090153186864914],[-107.31441152338631,25.090153190571666],[-107.31441152338631,25.09014872402511],[-107.31440701295392,25.090148738531266],[-107.31440701295392,25.090144271984567],[-107.31440701295392,25.089876716977248],[-107.31385412475925,25.089876783741836],[-107.31385412475925,25.09014425173485],[-107.31384961433679,25.09014873277634],[-107.31384961433679,25.09015319933248],[-107.31384519412286,25.0901532030185],[-107.31384068370058,25.090153217503598],[-107.31357321580268,25.090153182857378],[-107.31357321580268,25.09070169362098],[-107.31357321580268,25.09070616017489],[-107.31356870538524,25.09070617465935],[-107.31356870538524,25.090710641213285],[-107.31356428517624,25.090710557318936],[-107.31329672736298,25.090710621008412],[-107.31329672736298,25.09097817652267],[-107.313296727363,25.090982643077822],[-107.31329221695049,25.090982569977204],[-107.31329221695049,25.090987036532383],[-107.31328779674632,25.090987040212067],[-107.31302023922618,25.090987103571262],[-107.31302023922616,25.09153106007339],[-107.31302023922618,25.091535526626313],[-107.31301581902676,25.091535530305297],[-107.31301581902676,25.091539996858238],[-107.31301130861928,25.09154447788919],[-107.31300688842005,25.091544481568004],[-107.31273933119769,25.091544457294724],[-107.31273933119769,25.091812012750502],[-107.31273933119769,25.09181647930468],[-107.31273491100322,25.09182094953233],[-107.31273040060076,25.091820876425167],[-107.31025113478414,25.091820930921344],[-107.31024671463324,25.09182093450376],[-107.31024220427528,25.091816482286518],[-107.31024220427528,25.091812015689722],[-107.31024220427528,25.091544457681362],[-107.31023778412455,25.09154446125879],[-107.30997464998495,25.09154442727867],[-107.30997022983891,25.091544430846294],[-107.30996580969294,25.091539967808835],[-107.30996580969293,25.091535501203854],[-107.30996129934,25.091535515567948],[-107.30996129933999,25.09153104896283],[-107.30996129934,25.09126795706409],[-107.30996129934,25.091263490455603],[-107.30969374534769,25.09126354672359],[-107.30968932520656,25.091263550276206],[-107.30968932520656,25.091259083663015],[-107.30968481485857,25.09125909801205],[-107.30968481485857,25.091254631398733],[-107.30968481485857,25.090987072400615],[-107.30914086748142,25.090987102027867],[-107.30913635714322,25.090987028770847],[-107.30913193701187,25.09098256567222],[-107.30913193701187,25.090978099045987],[-107.30913193701187,25.090710626855383],[-107.30912742667384,25.090710641174184],[-107.3088598735663,25.090710607447747],[-107.3088554534398,25.09070614432613],[-107.30885103331337,25.09070168120415],[-107.30885103331337,25.09043412093721],[-107.30803051486114,25.090434138376583],[-107.3080260947492,25.090429675202312],[-107.30802158443095,25.090429689475023],[-107.30802158443095,25.090425222822887],[-107.30801716431915,25.090425226300137],[-107.30801716431915,25.090420759647888],[-107.30801716431915,25.090153198317054],[-107.30774068196965,25.090153179279643],[-107.30774068196965,25.090420740893066],[-107.30774068196965,25.090425207550034],[-107.30774068196965,25.09042967420696],[-107.30773626186279,25.090429677673995],[-107.30773175154972,25.090429691935885],[-107.30773175154972,25.0904341585929],[-107.30746419992343,25.090434121489753],[-107.30746419992343,25.09070168317407],[-107.3074597798214,25.090706153293816],[-107.3074552695133,25.090710634208392],[-107.3071877181805,25.090710596774887],[-107.30718329808334,25.09071060022642],[-107.30718329808334,25.090978161989504],[-107.30718329808334,25.090982628648973],[-107.30717878778017,25.090987109559237],[-107.30717436768315,25.09098702543355],[-107.30663033551713,25.090987054541053],[-107.30663033551713,25.091254616660933],[-107.30663033551713,25.091259083326364],[-107.30662591542973,25.09126355343219],[-107.30662140513654,25.09126356766698],[-107.30608639473131,25.091263478845622],[-107.30608188444778,25.091263493060282],[-107.30607746436999,25.09126349648066],[-107.30607746436999,25.091259029805858],[-107.30607295408662,25.09125904402011],[-107.30607295408662,25.09125457734517],[-107.30607295408662,25.090987102237587],[-107.30552892429863,25.090987038798588],[-107.30552450423053,25.09098704219406],[-107.30552008416254,25.09098257890157],[-107.30552008416254,25.090978112213726],[-107.30552008416254,25.09071063633311],[-107.30525253488454,25.090710594609465],[-107.30524802461593,25.090710608783503],[-107.30524360455279,25.090706145468044],[-107.30524360455279,25.090701678772003],[-107.30523909428435,25.090701692945558],[-107.30523909428435,25.090434128987354],[-107.30468622619028,25.09043415493411],[-107.30468622619028,25.090701719457236],[-107.30468171593182,25.09070611273315],[-107.3046772958786,25.090710582798522],[-107.30440974749578,25.090710626789],[-107.30440974749578,25.09097810380384],[-107.30440523724228,25.090978117951035],[-107.30440523724228,25.090982584657898],[-107.30440523724228,25.090987051364714],[-107.30440081719391,25.090987054719044],[-107.30439630694056,25.090987068866053],[-107.30385237097859,25.09098707465931],[-107.30385237097859,25.09125463961784],[-107.30385237097859,25.09125910633066],[-107.30384786073505,25.091263499592117],[-107.30384344069647,25.091263502930705],[-107.30357589319952,25.09126354563776],[-107.30357589319952,25.091268012355187],[-107.30357589319951,25.09153111067044],[-107.30357589319952,25.09153548980187],[-107.30357138296094,25.091535503927524],[-107.30357138296094,25.0915399706416],[-107.3035669629272,25.091544440688832],[-107.30356254289356,25.091544444021878],[-107.30329499569504,25.091544486393303],[-107.30329499569504,25.092088462248764],[-107.30329499569505,25.092092928960593],[-107.30329499569504,25.09209739567237],[-107.30329048546149,25.0920974097972],[-107.3032860654327,25.09209741312945],[-107.30301851852798,25.092097367870252],[-107.30301851852798,25.09236493284392],[-107.30301851852798,25.09236939955699],[-107.30301851852798,25.09237386627001],[-107.30301400829939,25.092373880389264],[-107.30300958827544,25.092378262846566],[-107.3027420416645,25.092378304844082],[-107.3027420416645,25.09264586988844],[-107.3027420416645,25.092650336602695],[-107.30273753144085,25.092650350716383],[-107.30273753144085,25.09265472984802],[-107.30273311142176,25.09265473316944],[-107.30163171724726,25.092654776459078],[-107.30163171724726,25.092922342429368],[-107.3016272070435,25.092926735653148],[-107.3016272070435,25.09293120238288],[-107.30162278704391,25.0929312056683],[-107.3016183670444,25.092931208953562],[-107.29969648644717,25.092931211839392],[-107.29969197627811,25.092931225844257],[-107.2996875563125,25.09293122905884],[-107.2996875563125,25.092926762296027],[-107.2996875563125,25.092922295533164],[-107.2996875563125,25.092654727576747],[-107.29968304614361,25.092654741576535],[-107.29802872164571,25.09265476796108],[-107.29802430170933,25.092654771110105],[-107.29801988177303,25.092650307464247],[-107.29801988177303,25.092645840669462],[-107.29801988177303,25.09209738791052],[-107.29719488849358,25.092097350826254],[-107.29719046857187,25.09209735393536],[-107.29718595844776,25.09209290101643],[-107.29718595844776,25.09208843420041],[-107.29718595844774,25.091820950644774],[-107.29691841802968,25.091820891579818],[-107.2969139981128,25.09182089467414],[-107.29690948799364,25.09181644173196],[-107.29690948799364,25.091811974907742],[-107.29690948799364,25.091544490861484],[-107.29690506807695,25.09154440636596],[-107.29664194786977,25.09154443090127],[-107.29663752795778,25.091544433980804],[-107.29663301784359,25.091539981015362],[-107.29662859793174,25.091535517262024],[-107.29662859793174,25.091531050429484],[-107.29662859793174,25.0909870598747],[-107.2963610581068,25.090987086307617],[-107.29635654799756,25.09098710015463],[-107.29635654799756,25.090982633310553],[-107.29635212809059,25.09098263637017],[-107.29635212809058,25.090978169525968],[-107.29635212809058,25.09071059669716],[-107.29608458855988,25.09071062223499],[-107.2960801686577,25.090710625280067],[-107.2960801686577,25.090706158427803],[-107.29607565855348,25.090706172259516],[-107.29607565855348,25.090701705407113],[-107.29607565855348,25.090434132087612],[-107.29552723048587,25.09043411304198],[-107.29552723048587,25.09042964617681],[-107.29552272039159,25.090429659983137],[-107.29551830049927,25.090429663002897],[-107.29551830049927,25.090425196137527],[-107.29551830049927,25.09042072927209],[-107.29551830049927,25.090153242757296],[-107.29524183187937,25.09015319508839],[-107.29524183187937,25.091531091523244],[-107.29524183187937,25.091535558379416],[-107.2952373217902,25.091540039050283],[-107.2952329019029,25.091544421349127],[-107.2949653635636,25.09154444525767],[-107.2949653635636,25.0918120188743],[-107.29496085347941,25.09181203268341],[-107.29496085347941,25.091816499540837],[-107.29496085347941,25.091820878812783],[-107.29495643359698,25.09182088183543],[-107.29495201371462,25.091820884857924],[-107.29468438547278,25.091820919212406],[-107.29468438547278,25.092088492907575],[-107.29468438547278,25.092092959766237],[-107.29468438547278,25.092097426624854],[-107.29467996559521,25.092097342056586],[-107.29467554571771,25.09209734507362],[-107.29440800797181,25.09209736831135],[-107.2944080079718,25.09236494208034],[-107.29440800797181,25.092369408940236],[-107.29440800797181,25.092373875800085],[-107.29440349789762,25.09237380201255],[-107.29439907802498,25.09237827188406],[-107.29274027825765,25.092378325420302],[-107.29274027825765,25.092645813094503],[-107.29274027825764,25.092650279979303],[-107.2927357682134,25.09265476060458],[-107.29273134837011,25.092654763559846],[-107.29246381269478,25.09265478305737],[-107.29246381269478,25.09292227080538],[-107.29246381269478,25.09292673769141],[-107.2924593026555,25.092926751426315],[-107.29245930265549,25.092931218312362],[-107.29245488281705,25.09293122126216],[-107.29190637245271,25.092931201775873],[-107.29190637245271,25.09319877747062],[-107.29190637245271,25.093203244362662],[-107.29190637245271,25.093207711254657],[-107.29190195262402,25.09320771418887],[-107.29189753279542,25.09320771712293],[-107.29162990780789,25.0932076585351],[-107.29162990780789,25.093212125431748],[-107.29162990780789,25.093479701196912],[-107.29162990780789,25.093484168090132],[-107.29162548798405,25.09348417101889],[-107.29162548798405,25.093488637912127],[-107.29162106816031,25.0934886408408],[-107.29024316935062,25.09348862900524],[-107.29024316935062,25.093756205977698],[-107.29023874955121,25.093756121273735],[-107.29023874955121,25.09376058818719],[-107.29023874955121,25.093765055100583],[-107.29023423955189,25.093765068766857],[-107.29022981975265,25.093765071649255],[-107.28996219654292,25.093765097519054],[-107.28996219654292,25.094322498388227],[-107.29022981975265,25.094322471949297],[-107.29023423955189,25.094322469057502],[-107.29023874955121,25.094322455381665],[-107.29023874955121,25.094326922287983],[-107.29024316935062,25.094331386301974],[-107.29024316935062,25.096534177301024],[-107.29023874955121,25.096534180230424],[-107.29023874955121,25.09653864710888],[-107.29023874955121,25.096543113987273],[-107.29023423955189,25.096543127701242],[-107.29022981975265,25.09654313063047],[-107.28996219654292,25.09654307175082],[-107.28996219654292,25.09820185803862],[-107.28996219654292,25.098206324900758],[-107.28995777674847,25.098206327848064],[-107.28995777674847,25.09821079471022],[-107.28995335695407,25.098210797657433],[-107.28968573403913,25.09821082745338],[-107.28968573403913,25.098478401430285],[-107.28968573403913,25.09848278070809],[-107.28968131424953,25.09848278364993],[-107.28968131424953,25.098487250513312],[-107.28967689446002,25.098487253455065],[-107.28941820160925,25.09848726627153],[-107.28941378182436,25.098487269203652],[-107.28940927183989,25.09848281605219],[-107.28940927183989,25.09847834918411],[-107.28940927183989,25.098210774924937],[-107.2891417397047,25.09821079273003],[-107.28913731992469,25.098210795647365],[-107.28913280994517,25.09820634247264],[-107.28913280994517,25.098201875596367],[-107.28912839016532,25.09820187851322],[-107.28912839016532,25.09793430375847],[-107.28912839016532,25.097929924464562],[-107.2888608583296,25.097929853774392],[-107.28885634835504,25.09792986746075],[-107.28885192858006,25.097925403478346],[-107.28885192858006,25.09792093659375],[-107.28885192858006,25.097653448930604],[-107.2885843970391,25.09765337734524],[-107.2885798870695,25.09765339101654],[-107.2885754672994,25.097653393903904],[-107.2885754672994,25.09764892701116],[-107.2885754672994,25.097644460118357],[-107.2885754672994,25.097376971964337],[-107.28830793605322,25.097376987070092],[-107.28830342608859,25.09737700072633],[-107.28829900632334,25.097376916012625],[-107.28829900632334,25.09737253669797],[-107.28829449635889,25.097368083452725],[-107.28829449635889,25.097100507216958],[-107.2880269654123,25.09710052141772],[-107.2880269654123,25.097096054508658],[-107.28802254565194,25.097096057366397],[-107.28801803569245,25.09709160409788],[-107.28801803569245,25.097087137188552],[-107.28801803569245,25.09681956045842],[-107.28719758521143,25.09681954385374],[-107.28719316546567,25.096819546676446],[-107.28718865552109,25.09681956028151],[-107.28718865552109,25.096815093354618],[-107.28718423577547,25.096815096176933],[-107.28718423577547,25.096810629249905],[-107.28718423577547,25.096543139046734],[-107.28524893587735,25.096543066746836],[-107.28524451616593,25.096543069493546],[-107.28524451616593,25.096538602530046],[-107.28524009645459,25.096538605276514],[-107.28524009645459,25.09653413831288],[-107.28524009645459,25.0962666459173],[-107.28191802893943,25.09626663942206],[-107.28191351908976,25.096266652820788],[-107.28191351908976,25.09626218579705],[-107.28190909943716,25.096262188416915],[-107.28190909943716,25.09625772139305],[-107.28190909943716,25.096253254369124],[-107.28190909943716,25.095990137801756],[-107.28190909943716,25.095985758363234],[-107.28108415911579,25.09598571098361],[-107.28107973947783,25.095985713568467],[-107.28107522964325,25.095985726931094],[-107.28107522964325,25.095981259889523],[-107.28107522964325,25.095976792847917],[-107.28107522964325,25.095709295782747],[-107.28052674416743,25.095709230393602],[-107.2805223245393,25.09570923295339],[-107.2805223245393,25.09570476589893],[-107.28051790491125,25.095704768458482],[-107.28051790491126,25.095700301403884],[-107.28051790491125,25.095432803561565],[-107.28025029206836,25.09543280960029],[-107.28024587244511,25.0954328121453],[-107.28024587244511,25.095428345082645],[-107.28024136262555,25.095428358404597],[-107.28024136262555,25.095423891341813],[-107.28024136262555,25.09515630541929],[-107.27997384027445,25.095156299785824],[-107.27996942065607,25.095156302316056],[-107.27996942065607,25.095151835245215],[-107.27996491084149,25.0951518485521],[-107.2799649108415,25.095147381481112],[-107.2799649108415,25.095142914410083],[-107.2799649108415,25.094875415583108],[-107.27941642779761,25.09487543099375],[-107.27941200818908,25.094875433498846],[-107.27940758858064,25.094870968919828],[-107.27940758858064,25.09486650183581],[-107.27940758858064,25.094598914641868],[-107.27886352635647,25.09459892446153],[-107.27885910675771,25.094598926941735],[-107.27885459696311,25.094598940197702],[-107.27885459696311,25.09459447310084],[-107.2788501773645,25.09459000848365],[-107.2788501773645,25.094322508102522],[-107.27718688049737,25.094322471809296],[-107.27718688049737,25.09459006147755],[-107.2771824609282,25.09459444343093],[-107.2771824609282,25.09459891055626],[-107.27717804135911,25.094598912974924],[-107.27717353159483,25.09459892616817],[-107.27690601252245,25.09459891316651],[-107.27690601252245,25.09486650291268],[-107.27690601252245,25.094870970039295],[-107.27690601252245,25.094875437165854],[-107.27690150276304,25.09487536276298],[-107.27689708319892,25.09487536517601],[-107.27636195573632,25.094875436283385],[-107.27635753618173,25.094875438676663],[-107.27635302643223,25.094875364253138],[-107.27635302643223,25.094870984708063],[-107.27635302643223,25.094866517572022],[-107.27635302643223,25.094598927261742],[-107.27608550823714,25.09459891244153],[-107.27608108868743,25.09459891482004],[-107.2760765789429,25.094598927972353],[-107.2760765789429,25.094594460828183],[-107.2760765789429,25.09458999368395],[-107.27607215939335,25.09458999606198],[-107.27607215939335,25.094322492847613],[-107.27580455130384,25.094322487896658],[-107.27580455130384,25.094318020744378],[-107.27580013175908,25.094318023107867],[-107.27579571221442,25.0943135583187],[-107.27579571221442,25.09430909116615],[-107.27579571221442,25.094041499866666],[-107.27552810442062,25.094041581607527],[-107.27552368488077,25.094041583956237],[-107.27551917514629,25.094037129917517],[-107.27551917514629,25.09403266275677],[-107.27551917514629,25.093765070966608],[-107.27497521157082,25.09376505075725],[-107.27497070184623,25.093765063853994],[-107.27496628231623,25.093765066177653],[-107.27496628231623,25.093760599004064],[-107.27496186278628,25.09376060132748],[-107.27496186278628,25.09375613415377],[-107.27496186278628,25.09348862917816],[-107.27469425588465,25.093488620914954],[-107.27468983635953,25.093488623223838],[-107.27468983635953,25.093484156042067],[-107.2746853266401,25.093484169123343],[-107.27468532664008,25.093479701941437],[-107.2746853266401,25.09321219647535],[-107.2746853266401,25.093207729290018],[-107.27441781022867,25.093207709354818],[-107.27441339070842,25.09320771164885],[-107.27440888099396,25.09320772471507],[-107.27440888099396,25.093203257524976],[-107.27440888099396,25.093198790334824],[-107.27440888099396,25.092931196782963],[-107.27414136487826,25.092931263545193],[-107.27413685516872,25.09293127659653],[-107.27413243565344,25.092931191283498],[-107.27413243565344,25.092926811677334],[-107.27412801613825,25.092922346757778],[-107.27412801613825,25.092654752710892],[-107.27386041012895,25.092654741748426],[-107.27385599061854,25.092654744012734],[-107.27385599061856,25.09265027680626],[-107.27385148091416,25.09265028984213],[-107.27385148091416,25.09264582263552],[-107.27385148091416,25.092378315690347],[-107.2735750361899,25.092378308331742],[-107.2735750361899,25.0926458155588],[-107.2735750361899,25.092650282770112],[-107.27357061668454,25.092650285023907],[-107.27357061668454,25.092654752235237],[-107.2735661069853,25.092654765260537],[-107.27274119416678,25.092654737975344],[-107.27274119416678,25.092922333436785],[-107.27274119416678,25.092926800658812],[-107.27273677467619,25.092931270108785],[-107.27273226499197,25.092931195515135],[-107.27246475067028,25.09293125856213],[-107.27246475067028,25.093198766504322],[-107.27246475067028,25.09320323372758],[-107.27246024099098,25.093203246721025],[-107.27246024099098,25.093207713944302],[-107.27245582150535,25.093207716166678],[-107.27245131182622,25.093207729159865],[-107.27163091235096,25.093207683032592],[-107.27163091235096,25.093212150269938],[-107.27163091235096,25.09430907431594],[-107.27163091235096,25.094313541539407],[-107.27162640268669,25.094318021744275],[-107.27162198321581,25.094318023954823],[-107.27162198321581,25.094322491178332],[-107.27135437988933,25.094322476361175],[-107.27134996042325,25.094322478561843],[-107.27134996042325,25.094589986591235],[-107.27134996042325,25.094594453815944],[-107.27134545076407,25.09459893401639],[-107.27134103129815,25.094598936221384],[-107.27107351846563,25.09459891029287],[-107.27107351846563,25.0948665059882],[-107.27107351846563,25.09487097321414],[-107.27107351846563,25.094875352847346],[-107.27106900881144,25.09487536581756],[-107.2710645893504,25.094875368017092],[-107.27079698662085,25.094875440120823],[-107.27079698662085,25.09542385794199],[-107.27079698662085,25.09542832516561],[-107.27079256716463,25.09542832736449],[-107.27079256716463,25.095432794588127],[-107.27078814770849,25.09543279678692],[-107.27052054527502,25.095432781253532],[-107.27052054527502,25.09625326122376],[-107.27052054527502,25.09625772844163],[-107.27051612582369,25.096257730644357],[-107.27051612582369,25.096262197862245],[-107.27051161617956,25.096266678053357],[-107.27050719672839,25.096266680255905],[-107.27023959459585,25.096266664950072],[-107.27023959459584,25.096534172644176],[-107.27023959459584,25.09653863986329],[-107.27023517514948,25.09654310927959],[-107.2702307557032,25.09654311147667],[-107.26996315386677,25.09654309583985],[-107.26996315386677,25.09681069119963],[-107.26996315386677,25.0968150708274],[-107.26995873442532,25.096819540239462],[-107.26995422479122,25.096819553201424],[-107.26968671344363,25.096819526463264],[-107.26968671344363,25.097087121896152],[-107.26968671344363,25.097091589117703],[-107.26968229400705,25.097096058525512],[-107.26967778437796,25.097096071481904],[-107.26967778437796,25.09710045111092],[-107.26967336494154,25.09710045329698],[-107.26941920238251,25.097100496516],[-107.26941469275819,25.097100509462653],[-107.26941469275819,25.097096042236586],[-107.26941027332641,25.09709604441294],[-107.26941027332641,25.09709157718674],[-107.26940576370224,25.09709159013291],[-107.26940576370224,25.09708712290658],[-107.26940576370224,25.096819527187197],[-107.26886181343187,25.09681957335256],[-107.2688573038176,25.09681958627359],[-107.2688528843957,25.096819588424893],[-107.2688528843957,25.09681512118572],[-107.2688528843957,25.096810653946484],[-107.2688528843957,25.096543057454518],[-107.26830442572523,25.096543113451037],[-107.26829991612102,25.096543126346546],[-107.26829991612101,25.096538659094467],[-107.26829549670899,25.096538661220638],[-107.26829549670899,25.09653419396843],[-107.26829549670899,25.096266596699326],[-107.2674750206902,25.096266630251737],[-107.26747051110095,25.096266643111544],[-107.2674660917036,25.09626217793302],[-107.2674660917036,25.09625771066321],[-107.26746158211454,25.096257723522537],[-107.26746158211454,25.0962532562526],[-107.26746158211454,25.095990212787953],[-107.26746158211454,25.095985745514643],[-107.2669176360794,25.09598569359705],[-107.26691312650024,25.095985706431254],[-107.26690870711275,25.09598570849735],[-107.26690870711275,25.095981241214567],[-107.26690870711276,25.095976773931728],[-107.26690870711275,25.09570926242154],[-107.26664110883632,25.095709238569206],[-107.26663668945365,25.095709240620685],[-107.26663217987957,25.095709253439665],[-107.26663217987957,25.095704786148687],[-107.26663217987957,25.095700318857663],[-107.26662776049704,25.09570032090867],[-107.26662776049704,25.09543280890346],[-107.26636025271318,25.09543277337901],[-107.2663557431441,25.09542831888377],[-107.26635132376647,25.095423853620794],[-107.26635132376647,25.095156341125154],[-107.26608372608761,25.095156315473332],[-107.26607930671481,25.09515185018775],[-107.26607479715081,25.09515186297638],[-107.26607479715081,25.095147395668896],[-107.26607479715081,25.09514292836136],[-107.26607479715081,25.094598967551786],[-107.26580728995962,25.0945989299519],[-107.26580287059171,25.094598931954174],[-107.26579836103271,25.094594477403838],[-107.26579836103271,25.09459001008463],[-107.26579836103271,25.094041580527687],[-107.26579394166495,25.09404158252025],[-107.26553085413784,25.09404154174702],[-107.26552634458373,25.094041554496144],[-107.26552192522081,25.094041556478746],[-107.26552192522081,25.094037089147864],[-107.26551741566688,25.09403710189657],[-107.26551741566688,25.094032634565558],[-107.26551741566688,25.09155334476449],[-107.26551741566688,25.09154887740218],[-107.26552192522081,25.091548864696133],[-107.26552192522081,25.091544484929198],[-107.26552634458373,25.091544482988617],[-107.26553085413785,25.091544470282308],[-107.26579394166495,25.09154442596351],[-107.26579836103271,25.091544424012966],[-107.26579836103271,25.09127690802763],[-107.26579836103271,25.091272440666636],[-107.26579836103271,25.09126797330558],[-107.26580287059171,25.091267960593864],[-107.26580287059171,25.091263493232834],[-107.26580728995962,25.091263491286703],[-107.26607479715081,25.091263532286426],[-107.26607479715081,25.089051833582506],[-107.26607479715081,25.089047366198216],[-107.26607930671481,25.08904735351426],[-107.26607930671481,25.089042886129995],[-107.26608372608761,25.08904288421112],[-107.26635132376647,25.08904291609646],[-107.26635132376647,25.088498858912963],[-107.26635132376647,25.08849439152643],[-107.2663557431441,25.088490009816127],[-107.26636025271318,25.088489997131248],[-107.26636025271318,25.08848552974475],[-107.26662776049704,25.088485484755132],[-107.26662776049704,25.087656127463298],[-107.26636025271318,25.087656084011662],[-107.26636025271318,25.087651616614675],[-107.2663557431441,25.08765162928518],[-107.26635132376647,25.0876471637934],[-107.26635132376647,25.087642696396156],[-107.26635132376647,25.08737517803507],[-107.26553085413784,25.08737517057807],[-107.26552634458373,25.0873751832129],[-107.26552192522081,25.087375185083303],[-107.26552192522081,25.087370717668517],[-107.26551741566688,25.087370730302933],[-107.26551741566688,25.08736626288801],[-107.26551741566688,25.08709874346883],[-107.26469694878003,25.08709872948082],[-107.26469252943178,25.08709873131622],[-107.26468801989284,25.087098743915032],[-107.26468801989284,25.08709427648258],[-107.26468360054474,25.087089810884994],[-107.26468360054474,25.086822290407834],[-107.264416094845,25.086822241798387],[-107.26441158531107,25.086817786941513],[-107.26440716596787,25.086817788761746],[-107.26440716596787,25.086813321320978],[-107.26440716596787,25.086808853880157],[-107.26440716596787,25.08654580035395],[-107.26440716596787,25.086541332909764],[-107.26163805699626,25.08654134823464],[-107.26163354751255,25.086541360709962],[-107.26163354751255,25.08653689321852],[-107.26162912821857,25.086536894932355],[-107.26162912821857,25.08653242744078],[-107.26162912821857,25.086264903431164],[-107.26136153560553,25.08626485824676],[-107.2613571163164,25.08626485994607],[-107.2613571163164,25.086260392446434],[-107.26135260683776,25.08626040490647],[-107.26135260683776,25.086255937406715],[-107.26135260683776,25.085988412907216],[-107.261085104711,25.085988443665578],[-107.26108068542676,25.085988445350118],[-107.26108068542676,25.085983977842318],[-107.26107617595312,25.085983990287293],[-107.26107617595312,25.08597952277936],[-107.26107617595312,25.085430982456977],[-107.26107175666904,25.085430984131804],[-107.26080867412301,25.08543101203503],[-107.26080416465429,25.08543102446038],[-107.26079974537504,25.08543102612525],[-107.26079974537504,25.085426558605665],[-107.26079523590649,25.08542657103061],[-107.26079523590649,25.08542210351089],[-107.26079523590649,25.084320726789752],[-107.26052773437786,25.08432066701549],[-107.26052322491422,25.084320679411334],[-107.26052322491422,25.08431621187309],[-107.26051880563995,25.084316213508924],[-107.26051880563995,25.084311745970556],[-107.26051880563995,25.08404421915861],[-107.2585746031255,25.084044275753303],[-107.25857460312551,25.08458826827408],[-107.25857460312551,25.08459273584206],[-107.25857018388578,25.084597204979243],[-107.25856567445757,25.08459721730682],[-107.25829817532235,25.084597152874615],[-107.25829817532235,25.0851456126881],[-107.25829366589907,25.085150092580687],[-107.25829366589907,25.085154560146382],[-107.25828924666432,25.08515456171474],[-107.25828482742966,25.08515456328293],[-107.25801723840765,25.08515459715409],[-107.25801723840765,25.085422125679603],[-107.25801723840765,25.08542659324658],[-107.25801723840765,25.085431060813523],[-107.2580128191778,25.085431062376415],[-107.25800830975969,25.085430987098135],[-107.25774081122297,25.08543100988006],[-107.25774081122297,25.085698538479207],[-107.25774081122297,25.08570300604742],[-107.25774081122297,25.08570747361558],[-107.25773630180977,25.08570748593125],[-107.25773188258492,25.08570748748851],[-107.25773188258492,25.085711955056766],[-107.2574642941569,25.085711988270596],[-107.2574642941569,25.086255980540077],[-107.2574642941569,25.08626044810599],[-107.25745987493687,25.086260449662607],[-107.25745987493687,25.08626482962921],[-107.25745536552877,25.086264841943947],[-107.2571878675859,25.08626486435036],[-107.25718335818271,25.08626487665495],[-107.25718335818271,25.08653240519444],[-107.25718335818271,25.086536872761666],[-107.25718335818271,25.08654134032883],[-107.25717893896767,25.086541341879887],[-107.25717442956466,25.08654135418889],[-107.25690693192351,25.0865413762546],[-107.25690693192351,25.08654575622696],[-107.25690693192351,25.086822219973367],[-107.25717442956466,25.08682228522088],[-107.25717893896767,25.086822272907067],[-107.25718335818271,25.08682227135128],[-107.25718335818271,25.086826738914855],[-107.25718335818271,25.086831206478376],[-107.25718335818271,25.087642725320297],[-107.25718335818271,25.087647192873558],[-107.25718335818271,25.087651660426758],[-107.25717893896767,25.0876516619965],[-107.25717893896767,25.08765612954973],[-107.25717442956466,25.08765614187783],[-107.25636291872652,25.087656146700258],[-107.25635849952604,25.087656148240047],[-107.25635849952604,25.08765168067286],[-107.25635399013788,25.087651692970287],[-107.25635399013788,25.087647225402975],[-107.25635399013788,25.087642757835603],[-107.25635399013788,25.08737522928713],[-107.25634957093756,25.087375230821863],[-107.25246566531543,25.087375226381813],[-107.25246124618414,25.087375227774263],[-107.25246124618414,25.08764276028795],[-107.25246124618414,25.087647227921536],[-107.25246124618414,25.08765160795441],[-107.25245673686658,25.087651620106463],[-107.25245673686658,25.08765608774001],[-107.25245231773546,25.087656089136864],[-107.25190831427518,25.087656138288132],[-107.25190831427518,25.087923671153415],[-107.25190831427518,25.087928138792872],[-107.25190380496765,25.087928150929045],[-107.25190380496765,25.08793261856852],[-107.25189938584634,25.087932532349008],[-107.25135087429783,25.087932591697292],[-107.25135087429784,25.088476593229522],[-107.25135087429783,25.08848106087151],[-107.25135087429783,25.088485528513434],[-107.25134645518636,25.088485529883766],[-107.25134194588901,25.08848554200853],[-107.25107445451683,25.08848546553255],[-107.25107445451683,25.08848993317913],[-107.25107445451683,25.08875746626562],[-107.25107445451683,25.088761933908774],[-107.25106994522442,25.088761946028125],[-107.25106994522442,25.088766413671298],[-107.25106552611793,25.08876641503607],[-107.25024952592366,25.088766394319915],[-107.2502450166462,25.088766406408574],[-107.2502450166462,25.08876193875137],[-107.25024059755438,25.08876194008588],[-107.25024059755438,25.088757472428554],[-107.25024059755438,25.088489938492877],[-107.25024059755438,25.088485470832122],[-107.24913916391293,25.088485487963943],[-107.24913474484076,25.088485489253344],[-107.24913023558354,25.088481033615913],[-107.24913023558354,25.088476565936162],[-107.24913023558354,25.088209030658167],[-107.2466286926528,25.08820907397206],[-107.2466286926528,25.08847661179716],[-107.2466286926528,25.088481079519447],[-107.2466286926528,25.08848554724167],[-107.24662427362529,25.088485460836797],[-107.24661976441361,25.088485472785425],[-107.24469343667091,25.08848549841838],[-107.24468901767783,25.088485499545087],[-107.24468901767783,25.088481031789883],[-107.24468450850128,25.088481043666256],[-107.24468450850128,25.088476575910914],[-107.24468450850128,25.08820903610642],[-107.24441702429507,25.088209032201835],[-107.24441251512347,25.088209044063397],[-107.24440809613537,25.088204577411727],[-107.24440809613537,25.088200109648213],[-107.24440809613537,25.087932569354056],[-107.24358309949109,25.087932612312756],[-107.24357868051774,25.08793261338954],[-107.24357868051774,25.087928145608505],[-107.24357417136137,25.087928157433993],[-107.24357417136139,25.087923689652825],[-107.24357417136139,25.087656148301523],[-107.2427492676712,25.087656086342996],[-107.24274926767121,25.087651618544385],[-107.24274484871272,25.087651619585934],[-107.24274033957148,25.08764716357676],[-107.24274033957148,25.087642783381792],[-107.24274033957148,25.087375153366146],[-107.24163001112788,25.087375197773934],[-107.24163001112788,25.087651676951303],[-107.24163001112788,25.08765614476894],[-107.2418975825134,25.087656144662297],[-107.24190209163932,25.087656132903998],[-107.24190651058281,25.0876561318932],[-107.24190651058281,25.087660599706087],[-107.24190651058281,25.087665067518916],[-107.24190651058281,25.089600326021426],[-107.24217408226644,25.08960032332293],[-107.24217850121478,25.089600322269508],[-107.2421830103458,25.08960031046744],[-107.2421830103458,25.089604778251168],[-107.24218742929429,25.089604777197344],[-107.24218742929429,25.08960924498093],[-107.24218742929429,25.09042965174009],[-107.24218742929429,25.090434119513304],[-107.24245500128082,25.090434115343516],[-107.24245942023414,25.090434114265786],[-107.24245942023414,25.090438582034317],[-107.24246392937027,25.090438570207418],[-107.24246392937027,25.090443037975824],[-107.24246392937027,25.091263529547643],[-107.24273141147208,25.09126353467016],[-107.24273592061316,25.091267990572383],[-107.24274033957148,25.091267989470367],[-107.24274033957148,25.091272457223617],[-107.24274033957148,25.091276924976825],[-107.24274033957148,25.091820939210557],[-107.2430079121541,25.091820932403706],[-107.24301233111726,25.091820931282435],[-107.24301684026344,25.091825387152834],[-107.24301684026342,25.091829854894375],[-107.24301684026342,25.0923738677079],[-107.24301684026342,25.092378335442525],[-107.24302125922677,25.092378334311565],[-107.2432844131441,25.092378327455474],[-107.2432888321122,25.09237832631472],[-107.24329325108036,25.092378325173804],[-107.24329325108036,25.09238279290367],[-107.24329776023164,25.092382781012386],[-107.24329776023164,25.092387248742124],[-107.24329776023164,25.09376505886792],[-107.2435653334151,25.093765048846578],[-107.2435697523882,25.093765047672232],[-107.2435697523882,25.093769515379936],[-107.24357417136137,25.09376951420535],[-107.24357417136137,25.09377398191292],[-107.24357417136137,25.095709282414667],[-107.24384174484275,25.09570926980147],[-107.24384625400401,25.095709257832766],[-107.24384625400401,25.095713725511263],[-107.24385067298209,25.095713724293873],[-107.24385067298209,25.095718191972235],[-107.24385067298209,25.09626666476449],[-107.2441182467615,25.09626665097103],[-107.24412266574443,25.096266649734392],[-107.24412717491077,25.09626663774567],[-107.24412717491077,25.096271105412363],[-107.24413159389387,25.096275571841886],[-107.24413159389387,25.09654310612491],[-107.24439916797601,25.09654309142738],[-107.24440358696394,25.09654309017582],[-107.24440358696394,25.09654755783433],[-107.24440809613537,25.09654754583031],[-107.24440809613537,25.096552013488683],[-107.24440809613537,25.096819547281466],[-107.24467558033196,25.096819542442166],[-107.24468008950835,25.09681953042334],[-107.24468008950835,25.09682399807366],[-107.24468450850128,25.09682399680709],[-107.24468450850128,25.096828464457282],[-107.24468450850128,25.09683293210741],[-107.24468450850128,25.097376933790365],[-107.24495208317923,25.09737691701846],[-107.244956502177,25.097376915732653],[-107.24496101135848,25.097381371332318],[-107.2449610113585,25.097385838970766],[-107.24496101135848,25.09765345917154],[-107.24496543035643,25.09765345788075],[-107.24523300533706,25.097653440204674],[-107.24523742433983,25.097657906534252],[-107.24524193352642,25.097662362110295],[-107.24524193352642,25.098210828988552],[-107.24550941862113,25.09821082088567],[-107.24551392781267,25.098210808811913],[-107.24551834682043,25.098215275110036],[-107.24551834682043,25.09821974272849],[-107.24551834682043,25.09876374055489],[-107.24578592239678,25.098763720522893],[-107.24579034140939,25.09876371918324],[-107.24579034140939,25.09876818679016],[-107.245794850606,25.098768174696378],[-107.245794850606,25.098772642303167],[-107.245794850606,25.09877710990989],[-107.245794850606,25.099044640609858],[-107.24606242648024,25.099044619678985],[-107.24606684549775,25.099044618324495],[-107.2460713546994,25.099044693815635],[-107.2460713546994,25.09904907381425],[-107.24607577371708,25.099049160059323],[-107.24607577371708,25.09905354005782],[-107.2460757737171,25.099321157862782],[-107.24634334989392,25.09932113602768],[-107.24634776891644,25.099321134658258],[-107.24634776891644,25.09932560224866],[-107.24635227812318,25.099325590124543],[-107.24635227812318,25.09933005771481],[-107.24635227812318,25.099874052108554],[-107.24635227812318,25.0998785196919],[-107.24661976441361,25.099878507431256],[-107.24662427362529,25.099878495287513],[-107.2466286926528,25.099878493898434],[-107.2466286926528,25.09988296147702],[-107.2466286926528,25.09988742905556],[-107.2466286926528,25.100154958067364],[-107.24689626942518,25.10015493415773],[-107.24690068845754,25.100155020353473],[-107.24690519767432,25.10015500819451],[-107.24690519767434,25.100159388165487],[-107.24690961670686,25.100163854331672],[-107.24690961670686,25.100431470447838],[-107.24717719378177,25.10043144563395],[-107.24718161281913,25.10043591177755],[-107.24718612204101,25.10044036716538],[-107.24718612204101,25.100988825681167],[-107.24745360922918,25.10098881044263],[-107.247458118456,25.100988798248753],[-107.24746253749835,25.100993264360888],[-107.24746253749835,25.100997731911228],[-107.24746253749835,25.101265259234562],[-107.24773011516871,25.10126531994493],[-107.24773453421591,25.10126531849206],[-107.24773904344782,25.101269773825177],[-107.24773904344781,25.101274241367324],[-107.24773904344782,25.10182269743619],[-107.24774346249517,25.101822695973624],[-107.24800653123118,25.101822680123576],[-107.24801104046803,25.1018226678948],[-107.24801545952023,25.101822666422276],[-107.24801545952023,25.101827133952746],[-107.24801996875723,25.101827121723552],[-107.24801996875723,25.101831589253887],[-107.24801996875722,25.102375576348674],[-107.24828745684297,25.102375645449143],[-107.24829196608492,25.10237563320041],[-107.24829196608492,25.102380100719188],[-107.2482963851421,25.102380099227002],[-107.2482963851421,25.102384566745656],[-107.2482963851421,25.103753464358526],[-107.2482963851421,25.103757931859814],[-107.2482963851421,25.10376239936105],[-107.24829196608492,25.103762400876466],[-107.24829196608492,25.103766868377722],[-107.24828745684297,25.103766880650273],[-107.24801996875722,25.103766812966274],[-107.24801996875722,25.104310884681222],[-107.24801996875722,25.104315352180166],[-107.24801545952023,25.104315276853942],[-107.24801545952023,25.104319744352903],[-107.24801104046803,25.104319745867414],[-107.24800653123118,25.104319758138956],[-107.24774346249517,25.10431977648872],[-107.24773904344782,25.104319777993275],[-107.24773904344782,25.104868229337267],[-107.24773904344782,25.10487269683394],[-107.24773453421591,25.104872709104793],[-107.24773453421591,25.104877176601487],[-107.24773011516871,25.104877178115082],[-107.24746253749835,25.104877121083078],[-107.24746253749835,25.105144733068684],[-107.24746253749835,25.10514920056655],[-107.247458118456,25.10514920207476],[-107.247458118456,25.105153581974662],[-107.24745360922918,25.10515359423984],[-107.24690961670686,25.10515365709222],[-107.24690961670686,25.105421181833286],[-107.24690961670686,25.105425649337064],[-107.24690519767434,25.10542565082968],[-107.24690519767432,25.10543011833348],[-107.24690068845754,25.105430130582764],[-107.24689626942518,25.105430132075135],[-107.2466286926528,25.105430073757354],[-107.2466286926528,25.105434541265797],[-107.2466286926528,25.105697598575063],[-107.2466286926528,25.105702066080116],[-107.2466286926528,25.10570653358512],[-107.24662427362529,25.105706535072176],[-107.24662427362529,25.1057110025772],[-107.24661976441361,25.10571101482081],[-107.24635227812318,25.105711033017734],[-107.24635227812318,25.105978557904024],[-107.24635227812318,25.105983025410232],[-107.24634776891644,25.105983037648354],[-107.24634776891644,25.105987505154573],[-107.24634334989392,25.10598750663607],[-107.24607577371708,25.105987447659874],[-107.24607577371708,25.10625506021644],[-107.24607577371708,25.10625944012567],[-107.2460713546994,25.10625944160177],[-107.2460713546994,25.106263909109206],[-107.24606684549775,25.106263921341654],[-107.24606242648022,25.106263922817508],[-107.245794850606,25.106263951098157],[-107.245794850606,25.106531476133036],[-107.245794850606,25.106535943641724],[-107.245794850606,25.106540411150352],[-107.24579034140939,25.106540423377222],[-107.24579034140939,25.106544890885868],[-107.24578592239678,25.106544892356325],[-107.24524193352643,25.10654486297332],[-107.24524193352642,25.106812388358197],[-107.24524193352643,25.106816855872726],[-107.24523742433983,25.10681686808369],[-107.24523742433983,25.10682133559824],[-107.24523300533706,25.106821337053102],[-107.24496543035643,25.106821364062352],[-107.24496101135848,25.106821365507255],[-107.2449610113585,25.107088890968576],[-107.24496101135848,25.107093358484384],[-107.2449610113585,25.107097826000135],[-107.244956502177,25.107097838205426],[-107.24495208317923,25.1070977520563],[-107.2446845085013,25.107097778724114],[-107.24468450850128,25.107365304257435],[-107.24468450850128,25.107369771774437],[-107.24468450850128,25.10737423929138],[-107.24468008950835,25.107374240735297],[-107.24467558033196,25.107374252934843],[-107.24467558033196,25.107378720451894],[-107.24440809613537,25.107378736037084],[-107.24440809613537,25.107646261638834],[-107.24440809613537,25.10765072915699],[-107.24440358696394,25.107650741351115],[-107.24440358696394,25.107655208869286],[-107.24439916797601,25.107655210307634],[-107.24413159389387,25.10765514871857],[-107.24413159389387,25.107922761990675],[-107.24412717491077,25.107927143344575],[-107.24412717491077,25.107931610863947],[-107.24412266574443,25.1079316230524],[-107.24411824676149,25.107931624485115],[-107.24385067298209,25.10793165015307],[-107.2438506729821,25.10819917590311],[-107.2438506729821,25.10820364342374],[-107.24385067298209,25.10820811094431],[-107.24384625400401,25.108208112371706],[-107.24384174484275,25.108208124554405],[-107.24357417136137,25.10820814989079],[-107.24357417136137,25.108212617415997],[-107.24357417136137,25.110152306401655],[-107.24384174484275,25.110152279086382],[-107.24384625400401,25.110152266870394],[-107.24384625400401,25.11015673436637],[-107.24385067298209,25.11015673290622],[-107.24385067298209,25.11016120040206],[-107.2438506729821,25.11016566789784],[-107.24385067298209,25.11070965078504],[-107.24411824676149,25.110709622289395],[-107.24412266574443,25.110709708407732],[-107.24412717491077,25.110709696171714],[-107.24412717491077,25.110714163655853],[-107.24413159389387,25.110718629660056],[-107.24413159389387,25.111267078589997],[-107.24439916797601,25.111267048904082],[-107.24440358696394,25.111267047405022],[-107.24440809613537,25.11127150262129],[-107.24440809613537,25.111275970093526],[-107.24440809613537,25.111543492740047],[-107.24467558033196,25.11154356051413],[-107.24468008950835,25.1115435482432],[-107.2446845085013,25.11154801419331],[-107.2446845085013,25.11155248165735],[-107.24468450850128,25.111820003812735],[-107.24495208317923,25.11181997233802],[-107.244956502177,25.111819970809425],[-107.244956502177,25.111824438265394],[-107.2449610113585,25.111824425979176],[-107.2449610113585,25.111828893435014],[-107.24496101135848,25.11209641509922],[-107.24496543035643,25.11210088101797],[-107.24523300533706,25.112100936231464],[-107.24523742433983,25.11210093468786],[-107.24523742433983,25.112105402135494],[-107.24524193352643,25.11210538983399],[-107.24524193352642,25.11210985728149],[-107.24524193352643,25.112377378446546],[-107.24578592239678,25.11237739575735],[-107.24579034140939,25.112377394188854],[-107.245794850606,25.112377381862046],[-107.245794850606,25.112381849296707],[-107.245794850606,25.11238631673131],[-107.245794850606,25.11265383712377],[-107.24634334989392,25.112653839017607],[-107.24634776891644,25.112653837424055],[-107.24634776891644,25.11265830484582],[-107.24635227812318,25.112658292493393],[-107.24635227812318,25.11266275991502],[-107.24635227812318,25.112930279530268],[-107.24689626942519,25.11293029069083],[-107.24690068845754,25.11293028907238],[-107.24690068845754,25.11293475648123],[-107.24690519767432,25.11293474410344],[-107.24690519767432,25.112939211512167],[-107.24690961670686,25.112939209893245],[-107.24690961670686,25.11294367730184],[-107.24690961670686,25.11321119613653],[-107.24717719378177,25.113211245907788],[-107.24718161281913,25.113211244274336],[-107.24718161281913,25.11321571167485],[-107.24718612204101,25.113215699281763],[-107.24718612204101,25.11322016668215],[-107.24718612204101,25.1134876850255],[-107.24745360922918,25.113487657065722],[-107.247458118456,25.113487644657823],[-107.247458118456,25.113492112050135],[-107.24746253749835,25.11349211040167],[-107.24746253749835,25.11349657779385],[-107.24746253749835,25.11515537791251],[-107.24773011516871,25.11515542447776],[-107.24773453421591,25.115155422791375],[-107.24773904344782,25.115155410344443],[-107.24773904344782,25.115159877710823],[-107.24773904344781,25.11516434507716],[-107.24773904344781,25.115708312201075],[-107.24774346249517,25.115708310505063],[-107.24800653123118,25.115708280755566],[-107.24801104046803,25.115708355884202],[-107.24801104046803,25.115712735643758],[-107.24801545952023,25.115712821532902],[-107.24801996875722,25.11571727642048],[-107.24801996875722,25.11572165617978],[-107.24801996875722,25.115989259369663],[-107.24828745684297,25.115989227015433],[-107.24829196608492,25.115989214533577],[-107.2482963851421,25.115993680158933],[-107.2482963851421,25.115998147505213],[-107.2482963851421,25.11654219978227],[-107.24856396371028,25.116542155491075],[-107.2485683827723,25.11654215375084],[-107.2485683827723,25.116546621085536],[-107.24857289201934,25.11654660858365],[-107.24857289201934,25.116551075918217],[-107.24857289201934,25.1168185903199],[-107.24857289201934,25.116823057651004],[-107.24884038070017,25.116823110817005],[-107.24884488995214,25.116823098300237],[-107.24884930901916,25.116823096545],[-107.24884930901916,25.116827563871347],[-107.2488538182713,25.116827551354167],[-107.2488538182713,25.116832018680388],[-107.2488538182713,25.11709953258259],[-107.24912130725446,25.117099584844222],[-107.24912581651152,25.117099572312235],[-107.24913023558354,25.117104037860127],[-107.24913023558354,25.117108505178138],[-107.24913023558354,25.117376018588807],[-107.24939781504936,25.1173760591938],[-107.24940223412621,25.11737605740901],[-107.24940674338838,25.11738051217166],[-107.24940674338838,25.117384979481468],[-107.24940674338838,25.1176524924005],[-107.24967423296648,25.117652455279018],[-107.2496787422336,25.117652442716913],[-107.2496787422336,25.117656910018642],[-107.24968316131543,25.11765690821884],[-107.24968316131543,25.11766137552045],[-107.2496876705827,25.117665830259316],[-107.2496876705827,25.117933430272956],[-107.24995516046309,25.117933392242698],[-107.24995966973528,25.117933379665303],[-107.24995966973528,25.11793784695869],[-107.24996408882211,25.117937845143878],[-107.24996408882211,25.117942312437137],[-107.24996408882211,25.1184863582563],[-107.25023166918542,25.11848630828721],[-107.25023608827708,25.118486306453224],[-107.25023608827708,25.118490773734887],[-107.25024059755438,25.11849076113746],[-107.25024059755438,25.118495228418997],[-107.25024059755438,25.11849969570047],[-107.25024059755438,25.11876282723877],[-107.25024059755438,25.118767294516843],[-107.25050808802962,25.118767254411953],[-107.25051259731184,25.118767241799638],[-107.2505170164085,25.118767239950635],[-107.2505170164085,25.11877170722396],[-107.2505170164085,25.11877617449723],[-107.2505170164085,25.119320217882112],[-107.25078459736683,25.119320165837724],[-107.25078901646833,25.11932016396947],[-107.25079352575565,25.11932461859879],[-107.25079794485731,25.119329083991595],[-107.25079794485731,25.121255431923505],[-107.25079794485731,25.121259899160446],[-107.25079352575565,25.12125990106164],[-107.25079352575565,25.1212643682986],[-107.25078901646833,25.12126438096417],[-107.25078459736683,25.121264382865117],[-107.2505170164085,25.121264349296062],[-107.2505170164085,25.121531945727167],[-107.2505170164085,25.121536325372464],[-107.2505170164085,25.121540792610606],[-107.25051259731184,25.121540794506235],[-107.25050808802962,25.12154527440429],[-107.25024059755438,25.12154531733674],[-107.25024059755438,25.121812826242497],[-107.25024059755438,25.12181729348183],[-107.25023608827708,25.121817306136222],[-107.25023608827708,25.121821773375576],[-107.25023166918542,25.12182177526564],[-107.24996408882211,25.121821741037653],[-107.24996408882211,25.122089337607445],[-107.24996408882211,25.12209371725501],[-107.24995966973528,25.122093719139684],[-107.24995966973528,25.122098186380224],[-107.24995516046309,25.12209819902894],[-107.2496876705827,25.122098241298154],[-107.2496876705827,25.12236575034591],[-107.24968316131545,25.122370230230832],[-107.24968316131543,25.122374697472555],[-107.2496787422336,25.122374699351663],[-107.2496742329665,25.122374711994627],[-107.24913023558354,25.122374645316192],[-107.24913023558354,25.12237911256726],[-107.24913023558354,25.12264224231407],[-107.24913023558354,25.122646709561725],[-107.24913023558354,25.122651176809335],[-107.24912581651152,25.122651178672843],[-107.24912581651152,25.12265555832737],[-107.24912130725446,25.1226555709545],[-107.24857289201934,25.122655591800424],[-107.24857289201934,25.12292310155863],[-107.24857289201934,25.122927568812194],[-107.2485683827723,25.12293204867692],[-107.24856396371028,25.12293205052457],[-107.2482963851421,25.122932101320902],[-107.2482963851421,25.123199611150024],[-107.2482963851421,25.123204078404775],[-107.24829196608492,25.1232085475018],[-107.24828745684297,25.123208560107262],[-107.24774346249517,25.123208488900666],[-107.24773904344782,25.12320849072275],[-107.24773904344781,25.12347608850204],[-107.24773904344782,25.12348055576275],[-107.24773904344782,25.123485023023402],[-107.24773453421591,25.12348503561296],[-107.24773453421591,25.123489415280282],[-107.24773011516871,25.12348941710675],[-107.24746253749835,25.123489466620946],[-107.24746253749835,25.12375697687436],[-107.24746253749835,25.123761444136193],[-107.247458118456,25.12376144595728],[-107.247458118456,25.12376591321913],[-107.24745360922918,25.123765925803003],[-107.24690961670686,25.12376593958301],[-107.24690961670686,25.124033450188605],[-107.24690519767434,25.124037919261806],[-107.24690519767434,25.124042386529535],[-107.24690068845754,25.1240423990975],[-107.24689626942518,25.124042400902734],[-107.2466286926528,25.124042361536706],[-107.2466286926528,25.124309959811196],[-107.2466286926528,25.124314427080158],[-107.2466286926528,25.124318806755568],[-107.24662427362529,25.124318808555483],[-107.24661976441361,25.12431882111769],[-107.24635227812318,25.12431885825102],[-107.24635227812318,25.124323325524575],[-107.24635227812318,25.124590836272844],[-107.24635227812318,25.12459530354294],[-107.24634776891644,25.12459531609973],[-107.24634776891644,25.12459978336985],[-107.24634334989392,25.12459978516419],[-107.2460757737171,25.124599745139037],[-107.2460757737171,25.124867343551685],[-107.24607577371708,25.124871810822956],[-107.2460713546994,25.12487172501835],[-107.2460713546994,25.124876192289662],[-107.24606684549775,25.12487620484077],[-107.24606242648022,25.124876206629466],[-107.245794850606,25.12487625385616],[-107.245794850606,25.125143764750476],[-107.245794850606,25.125148232023015],[-107.245794850606,25.125152699295498],[-107.24579034140939,25.12515271184102],[-107.24578592239678,25.12515271362424],[-107.24551834682043,25.12515267292537],[-107.24551834682043,25.12542027148407],[-107.24551834682043,25.12542473875779],[-107.24551834682043,25.125429206031452],[-107.24551392781267,25.12542912021575],[-107.24550941862113,25.12543360002927],[-107.24524193352642,25.125433635834796],[-107.24524193352642,25.125701146867094],[-107.24524193352642,25.125705614141932],[-107.24523742433983,25.125705626676275],[-107.24523742433983,25.125710093951138],[-107.24523300533706,25.125710095723466],[-107.24496543035643,25.125710054365403],[-107.2449610113585,25.125710056127772],[-107.2449610113585,25.12597765482894],[-107.2449610113585,25.125982122105036],[-107.2449610113585,25.125986501787423],[-107.244956502177,25.12598651431609],[-107.24495208317923,25.125986516082772],[-107.24468450850128,25.125986561976628],[-107.2446845085013,25.126254073154772],[-107.24468450850128,25.126258540432048],[-107.24468450850128,25.12626300770927],[-107.24468008950835,25.126263009470637],[-107.24467558033196,25.126263021993548],[-107.24467558033196,25.126267489270862],[-107.24440809613537,25.12626743648207],[-107.24440809613537,25.126811480912373],[-107.24440809613537,25.12681594818725],[-107.24440358696394,25.126815960709468],[-107.24440358696394,25.12682042798436],[-107.24439916797601,25.12682042974481],[-107.24413159389387,25.126820387667173],[-107.24413159389387,25.12708798636599],[-107.24413159389387,25.1270923660484],[-107.24412717491077,25.127092367803456],[-107.24412717491077,25.12709683507953],[-107.24412266574443,25.12709684759606],[-107.24411824676149,25.12709684935087],[-107.2438506729821,25.127096894525113],[-107.2438506729821,25.12710136180582],[-107.2438506729821,25.127645318503088],[-107.24385067298209,25.12764978577682],[-107.24384625400401,25.12765425480471],[-107.24384174484275,25.127654267320292],[-107.24357417136137,25.127654224854762],[-107.24357417136139,25.128198268860416],[-107.24357417136137,25.128202736131804],[-107.24357417136139,25.128207203403136],[-107.2435697523882,25.128207205156507],[-107.2435653334151,25.12821167418114],[-107.24329776023164,25.128211631669753],[-107.24329776023164,25.128479142562465],[-107.24329776023164,25.128483609834976],[-107.24329325108036,25.12848362234428],[-107.24329325108036,25.12848808961681],[-107.2432888321122,25.12848809136461],[-107.2432844131441,25.128488093112246],[-107.24302125922677,25.128488136114793],[-107.24301684026342,25.128488137852635],[-107.24301684026344,25.129032094124497],[-107.24301684026344,25.129036561394738],[-107.24301684026342,25.129041028664926],[-107.24301233111726,25.129041041173274],[-107.2430079121541,25.129041042920072],[-107.24274033957148,25.129041000016166],[-107.24274033957148,25.129045467290982],[-107.24274033957148,25.12958951086382],[-107.24274033957148,25.129593978131652],[-107.24273592061316,25.129593979877782],[-107.24273592061316,25.129598447145636],[-107.24273141147208,25.129598459653042],[-107.24246392937027,25.12959840594185],[-107.24246392937027,25.13014244922859],[-107.24246392937027,25.130146916494073],[-107.24245942023414,25.130151308672772],[-107.24245500128082,25.13015131041798],[-107.24245500128082,25.13015577768349],[-107.24218742929429,25.13015582228098],[-107.24218742929429,25.130699777681308],[-107.2421830103458,25.13070424668891],[-107.24218301034581,25.130708713952007],[-107.24217850121478,25.130708726457765],[-107.24217408226644,25.130708728202045],[-107.24190651058281,25.13070877273899],[-107.24190651058281,25.13125719512305],[-107.24190651058281,25.131261662383793],[-107.24190209163932,25.131261664127397],[-107.24190209163932,25.13126613138816],[-107.2418975825134,25.131266143892972],[-107.24163001112788,25.131266100790278],[-107.24163001112788,25.131810143213663],[-107.24163001112788,25.131814610472055],[-107.24162559218934,25.131819079473217],[-107.24162108306844,25.131819091977174],[-107.24135360216339,25.131819038062662],[-107.24135360216339,25.131823505325634],[-107.24135360216339,25.13236754745533],[-107.24134909304743,25.13237202721457],[-107.24134909304743,25.132376406877313],[-107.24134467411388,25.132376408619226],[-107.24134016499808,25.132376421122224],[-107.24107268439587,25.132376454744985],[-107.24107268439587,25.13264396472279],[-107.24107268439587,25.132648431980027],[-107.24107268439587,25.13265289923719],[-107.24106817528504,25.13265291173477],[-107.24106375635648,25.132652913471038],[-107.24079618587015,25.132652869929583],[-107.24079618587015,25.133210313688814],[-107.24106375635648,25.133210269069817],[-107.24106817528504,25.133210267324188],[-107.24107268439587,25.13321472206708],[-107.24107268439587,25.13321918931703],[-107.24107268439587,25.133763229859916],[-107.24134016499808,25.133763194826603],[-107.24134467411388,25.1337676495382],[-107.24134909304743,25.133767647772917],[-107.24134909304743,25.133772115011112],[-107.24135360216339,25.133772102483896],[-107.24135360216339,25.133776569721963],[-107.24135360216339,25.134320608817543],[-107.24162108306844,25.134320572594245],[-107.24162559218934,25.134320647640163],[-107.24162559218934,25.134325027273935],[-107.24163001112788,25.134325113081662],[-107.24163001112788,25.134329492715306],[-107.24163001112788,25.13459708822665],[-107.2418975825134,25.134597040346737],[-107.24190209163932,25.134601495003142],[-107.24190651058281,25.134601493203427],[-107.24190651058281,25.134605960421506],[-107.24190651058281,25.134610427639537],[-107.24190651058281,25.135154464295162],[-107.24217408226644,25.135154415234677],[-107.24217850121478,25.135154501007985],[-107.2421830103458,25.135154488426142],[-107.2421830103458,25.13515895563247],[-107.24218742929429,25.135163421019296],[-107.24218742929429,25.135430927733573],[-107.24245500128082,25.135430877768506],[-107.24245942023414,25.135435343132706],[-107.24246392937027,25.135439797733532],[-107.24246392937027,25.135444264931444],[-107.24246392937027,25.136255892531743],[-107.24246392937027,25.136260272127323],[-107.24245942023414,25.136260284738583],[-107.24245942023414,25.136264751926106],[-107.24245500128082,25.136264753774018],[-107.24190651058281,25.136264783462188],[-107.24190651058281,25.13653228962024],[-107.24190651058281,25.136536756813673],[-107.24190651058281,25.136541224007054],[-107.24190209163932,25.136541225839363],[-107.2418975825134,25.13654123843445],[-107.24163001112788,25.136541200700403],[-107.24163001112788,25.136545667898417],[-107.24163001112788,25.136808794520427],[-107.24163001112788,25.136813261715027],[-107.24163001112788,25.136817728909584],[-107.24162559218934,25.136817730736396],[-107.24162559218934,25.136822197930957],[-107.24162108306844,25.136822210520528],[-107.24107268439587,25.136822139223742],[-107.24107268439587,25.137089733396017],[-107.24107268439587,25.1370942005965],[-107.24106817528504,25.137098592778415],[-107.24106375635648,25.137098594589364],[-107.24051968765258,25.137098617897877],[-107.24051968765258,25.137366212421362],[-107.24051968765258,25.137370679627708],[-107.24051526873379,25.137370593830852],[-107.24051526873379,25.13737506103722],[-107.2405108498151,25.137375062832557],[-107.23996236341488,25.137375085993646],[-107.23996236341488,25.137642593280322],[-107.23996236341488,25.137647060492604],[-107.23996236341488,25.13765152770483],[-107.2399578543242,25.137651540246473],[-107.23995343541542,25.137656009238356],[-107.2394093691468,25.137656028690422],[-107.2394093691468,25.137923536324703],[-107.2394049502478,25.137928005306897],[-107.2394049502478,25.137932472525005],[-107.23940053134888,25.13793247428903],[-107.23939602226842,25.137932486814496],[-107.23857555135376,25.137932464714396],[-107.23857555135376,25.138200060578047],[-107.23857555135376,25.138204527806767],[-107.23857113246962,25.138204441952244],[-107.23857113246962,25.138208909180985],[-107.23856662340424,25.138208921680206],[-107.23856220452026,25.13820892341815],[-107.2377417363646,25.138208896506875],[-107.2377417363646,25.138476493007325],[-107.2377417363646,25.138480960246675],[-107.2377372273143,25.138485439958945],[-107.2377328084451,25.13848544167115],[-107.2377328084451,25.138489821317606],[-107.23690783399913,25.13848988967438],[-107.23690783399913,25.138757399215024],[-107.23690783399913,25.13876186646495],[-107.2369034151447,25.13876186815141],[-107.2369034151447,25.138766335401343],[-107.23689890610966,25.13876634784782],[-107.23663143029783,25.138766290525314],[-107.23663143029783,25.139033887728708],[-107.23662692126774,25.13903836742077],[-107.23662692126774,25.139042834671876],[-107.23662250241834,25.139042748759596],[-107.2366179933884,25.139042761200308],[-107.2360740246196,25.139042757712023],[-107.2360740246196,25.139310355270833],[-107.2360740246196,25.139314822527858],[-107.23606951559964,25.139319302209767],[-107.23606509676019,25.139319216281596],[-107.2355210390248,25.13931922163006],[-107.23551662019513,25.139319223275056],[-107.23551662019513,25.139586821189248],[-107.23551662019513,25.139591288452195],[-107.23551662019513,25.13959575571509],[-107.23551220136551,25.139595757364578],[-107.23551220136551,25.139600137034098],[-107.23550769235578,25.139600149442874],[-107.23524012786544,25.139600188234688],[-107.23524012786544,25.13986769862158],[-107.23524012786544,25.13987216588564],[-107.23523570904077,25.139876634793712],[-107.23523120003605,25.13987664719689],[-107.2349637260243,25.139876674897323],[-107.2349637260243,25.140144185353638],[-107.2349637260243,25.140148652618855],[-107.23495921702457,25.140153132281764],[-107.23495479820488,25.140153133920194],[-107.23468723431164,25.140153084454067],[-107.23468723431164,25.14042068257339],[-107.23468723431165,25.14042514983976],[-107.23468272531693,25.140425162231846],[-107.23468272531692,25.140429541904787],[-107.23467830650219,25.140429543537717],[-107.23467830650219,25.140434010804128],[-107.23467388768752,25.140434012436977],[-107.23440632409768,25.140434050226723],[-107.23440632409768,25.14070156082311],[-107.23440632409768,25.140706028090666],[-107.23440181510809,25.14070604047706],[-107.23440181510809,25.14071050774463],[-107.23439739629833,25.140710509371992],[-107.23412983300715,25.140710459235848],[-107.23412983300715,25.141254502486714],[-107.23412983300715,25.14125896975189],[-107.23412541420227,25.141263438643684],[-107.23412090521778,25.141263451029126],[-107.23358586970122,25.14126342689578],[-107.23358136072655,25.141263439261067],[-107.23357694193145,25.141263440867654],[-107.23357694193146,25.141258973593143],[-107.23357243295696,25.141258985958014],[-107.23357243295695,25.141254518683375],[-107.23357243295695,25.140987007662496],[-107.2332959427973,25.140986969918526],[-107.2332959427973,25.14125448122057],[-107.2332959427973,25.141258948499914],[-107.2332915240073,25.141263417375317],[-107.23328710521737,25.141263418971274],[-107.2330195431256,25.141263454527337],[-107.23301954312561,25.141267921811256],[-107.2330195431256,25.14153096589868],[-107.23301954312561,25.14153543317918],[-107.23301503416124,25.14153991280847],[-107.23301061537626,25.141544381679477],[-107.23246214557437,25.1415443794181],[-107.23246214557437,25.141811891141018],[-107.23246214557437,25.141816358427374],[-107.23245763662015,25.14182083804653],[-107.2324532178451,25.141820839621293],[-107.2321856566544,25.14182078629991],[-107.2321856566544,25.142088385686073],[-107.2321856566544,25.14209285297359],[-107.2321812378842,25.142097234236626],[-107.2321767289351,25.142097246563708],[-107.23162826098043,25.142097241661617],[-107.23162826098043,25.142364841402827],[-107.23162826098043,25.142369308696267],[-107.23162826098043,25.14237377598966],[-107.23162384222019,25.142373777543323],[-107.23162384222019,25.142378157242746],[-107.23161933328126,25.142378169553815],[-107.23135177299173,25.14237820254271],[-107.23135177299173,25.142645714755762],[-107.23135177299173,25.14265018205031],[-107.23134735423643,25.142650183598484],[-107.23134735423643,25.14265465089305],[-107.23134293548121,25.142654652441127],[-107.23051798231653,25.142654690140457],[-107.23051798231653,25.142922202989336],[-107.23051798231653,25.142926670294496],[-107.23051798231653,25.142931137599607],[-107.23051347339774,25.14293114987883],[-107.2305090546574,25.142931151401],[-107.2277399628392,25.14293111349346],[-107.22773996283921,25.143198716549566],[-107.22773996283921,25.143203096303285],[-107.2277399628392,25.14320756365202],[-107.22773545397104,25.143207575832207],[-107.22773103528031,25.143207577257222],[-107.22773103528031,25.143212044606045],[-107.22635312904481,25.143212044915256],[-107.22635312904481,25.1434795615706],[-107.2263487103788,25.143484030318337],[-107.22634420153601,25.143488509820113],[-107.22551935521794,25.143488505179178],[-107.22551935521794,25.14432232804277],[-107.22578681902262,25.14432240436892],[-107.22579132785525,25.144322392242447],[-107.22579574651131,25.144322390869792],[-107.22579574651132,25.144326858237196],[-107.22579574651132,25.14433132560454],[-107.22579574651132,25.14487529284787],[-107.2260633007918,25.144875269649237],[-107.22606780962946,25.144875257502985],[-107.22606780962946,25.144879724858686],[-107.22607222829046,25.144879723466556],[-107.22607222829046,25.144884190822125],[-107.22607222829046,25.14488865817765],[-107.22607222829046,25.145151794076156],[-107.22607222829046,25.145156261428244],[-107.2260767371283,25.14515624927686],[-107.22634420153601,25.145156235923757],[-107.22634871037879,25.145156223762218],[-107.22634871037879,25.145160691109552],[-107.22635312904481,25.145160689702408],[-107.22635312904481,25.14516515704961],[-107.22635312904481,25.145709121840824],[-107.22662068392847,25.145709184152608],[-107.22662519277631,25.145709171971284],[-107.22662519277631,25.145713639306855],[-107.22662961144728,25.145713637880295],[-107.22662961144728,25.145718105215728],[-107.22662961144728,25.14598561966854],[-107.22717364964083,25.145985640656725],[-107.22717806832159,25.145985639205502],[-107.22717806832159,25.145990106528146],[-107.2271825771796,25.145990094321196],[-107.2271825771796,25.145994561643707],[-107.22718699586052,25.14599456019201],[-107.22718699586052,25.145999027514392],[-107.22718699586052,25.146266541185188],[-107.22745455164642,25.14626651348512],[-107.22745906050946,25.146266501263113],[-107.22746347919532,25.146270967110922],[-107.22746347919532,25.14627543442506],[-107.22746347919532,25.14654303519713],[-107.2280075192233,25.146542963676026],[-107.22801193791894,25.146542962184892],[-107.22801644679215,25.146543037531487],[-107.22801644679215,25.14654741723862],[-107.22801644679215,25.146551884539836],[-107.22802086548798,25.14655188304822],[-107.22802086548798,25.1471003971177],[-107.22828842217592,25.147100366719506],[-107.22829284087659,25.147100365208725],[-107.22829284087659,25.14710483249816],[-107.22829734975492,25.14710482023052],[-107.22829734975492,25.14710928751982],[-107.22829734975492,25.147376886804047],[-107.22856490674192,25.147376855511215],[-107.22856932544754,25.147376853985666],[-107.22856932544754,25.147381321266867],[-107.2285738343309,25.14738130898417],[-107.2285738343309,25.14738577626524],[-107.2285738343309,25.147929820596154],[-107.2285738343309,25.14793420027658],[-107.22884130143918,25.147934266154415],[-107.2288458103275,25.147934253852103],[-107.22885022903814,25.147934252306893],[-107.22885022903813,25.14793871957619],[-107.22885022903813,25.147943186845424],[-107.22885022903813,25.14848714214152],[-107.22885473792662,25.14848712982943],[-107.22911778662309,25.148487196086364],[-107.22912229551645,25.148487183764278],[-107.22912671423204,25.14848718219965],[-107.22912671423204,25.148491649457164],[-107.22913122312556,25.148491637134665],[-107.22913122312556,25.148496104392034],[-107.22913122312556,25.14876361417042],[-107.22939869083642,25.148763677968358],[-107.2294031997349,25.148768132880306],[-107.2294076184555,25.14876813130068],[-107.2294076184555,25.148772598549826],[-107.2294076184555,25.148776978205785],[-107.2294076184555,25.149044575080637],[-107.22967517664323,25.1490445396285],[-107.22967968554674,25.14904452727605],[-107.22968410427227,25.14904452568165],[-107.22968410427227,25.14904899292255],[-107.22968410427227,25.1490534601634],[-107.22968410427227,25.149321056544768],[-107.22995166275894,25.14932102019794],[-107.22995608148933,25.14932101858893],[-107.22996059039798,25.149321006221264],[-107.22996059039798,25.149325473453924],[-107.2299650091285,25.14932993907704],[-107.2299650091285,25.14987397749675],[-107.2299650091285,25.14987844472224],[-107.23023256791892,25.149878407185337],[-107.2302370768326,25.149878394797813],[-107.23024149556807,25.14988286038973],[-107.23024149556807,25.14988732761042],[-107.23024149556807,25.15015483519198],[-107.2305090546574,25.15015488435287],[-107.23051347339774,25.15015488270943],[-107.23051798231653,25.15015933751919],[-107.23051798231653,25.15016380473164],[-107.23051798231653,25.1504313118198],[-107.23078554170476,25.1504313600858],[-107.23078996045004,25.150431358427593],[-107.23078996045004,25.15043582563194],[-107.23079446937386,25.150435813214063],[-107.23079446937386,25.15044028041827],[-107.23079446937386,25.150707787013012],[-107.2307988881193,25.15070778534983],[-107.2310664478112,25.150707832711145],[-107.2310664478112,25.150712299907248],[-107.2310708665615,25.150712298234023],[-107.23107537549045,25.150716752996818],[-107.23107537549045,25.150721220192658],[-107.23107537549045,25.151265166551696],[-107.23161933328126,25.151265167322407],[-107.23162384222019,25.151265154859367],[-107.23162826098043,25.151269620335853],[-107.23162826098043,25.151274087515212],[-107.23162826098043,25.151541680213487],[-107.23189582156877,25.151541637294134],[-107.23190033051274,25.15154162481604],[-107.23190033051274,25.15154609198729],[-107.23190474927793,25.15154609026951],[-107.23190474927793,25.151550557440622],[-107.23190916804319,25.15155055572261],[-107.23190916804319,25.15155502289359],[-107.23190916804319,25.15182261509028],[-107.2321767289351,25.15182257126182],[-107.2321812378842,25.151822558768423],[-107.2321856566544,25.15182702419851],[-107.2321856566544,25.151831491361257],[-107.2321856566544,25.15209908306426],[-107.2324532178451,25.15209903834103],[-107.23245763662015,25.1520990365937],[-107.23246214557437,25.152103491239647],[-107.23246214557437,25.152107958394154],[-107.23246214557437,25.152375549603455],[-107.23272970706387,25.15237550398545],[-107.23273412584385,25.152375502223347],[-107.23273863480308,25.152379956845987],[-107.23273863480308,25.15238442399225],[-107.23274305358322,25.152384422229662],[-107.23274305358322,25.15265201294076],[-107.23274305358322,25.15265639249242],[-107.23356350518767,25.15265640836133],[-107.23356801416202,25.152656395801866],[-107.23357243295695,25.152656394004314],[-107.23357243295696,25.152660861132873],[-107.23357243295696,25.152665328261374],[-107.23357243295695,25.152932917913013],[-107.23357694193146,25.15293290534849],[-107.23383999564605,25.152932869263903],[-107.23384441444584,25.15293286745174],[-107.23384892342528,25.152932854877058],[-107.23384892342528,25.15293732199737],[-107.23385334222523,25.152937320184808],[-107.23385334222523,25.15294178730499],[-107.23385334222523,25.153209376458374],[-107.23439739629835,25.153209349910597],[-107.23440181510809,25.15320934807337],[-107.23440632409768,25.153213802580424],[-107.23440632409768,25.153218269687674],[-107.23440632409768,25.15543000627125],[-107.23467388768752,25.15542995323209],[-107.23467830650219,25.155434418421606],[-107.23468272531692,25.155434416536714],[-107.23468272531692,25.155438883610753],[-107.23468723431165,25.155438870961888],[-107.23468723431165,25.155443338035788],[-107.23468723431164,25.157365225565986],[-107.23468723431164,25.157369692615138],[-107.23468272531692,25.157369705297018],[-107.23468272531693,25.157374172346188],[-107.23467830650219,25.15737417426364],[-107.23467388768753,25.157378643230206],[-107.23440632409768,25.15737861066152],[-107.23440632409768,25.157646195838645],[-107.23440632409768,25.15765066288896],[-107.23440181510809,25.157650587975933],[-107.23440181510809,25.15765505502626],[-107.23439739629833,25.157655056938136],[-107.23412983300715,25.157655111626013],[-107.23412983300715,25.158199128417596],[-107.23412983300715,25.15820359546549],[-107.23412541420227,25.158207976835335],[-107.23412090521778,25.158207989510572],[-107.23385334222523,25.15820804414686],[-107.23385334222523,25.158212511199334],[-107.23385334222523,25.158475541658476],[-107.23385334222523,25.158480008707503],[-107.23384892342528,25.15848447766218],[-107.23384441444584,25.15848895738087],[-107.23383999564605,25.15848895928632],[-107.23357694193145,25.15848891333586],[-107.23357243295696,25.1584889259954],[-107.23357243295696,25.15875651116555],[-107.23357243295696,25.158760978215742],[-107.23356801416202,25.158765359576766],[-107.23356350518767,25.158765372240705],[-107.2332959427973,25.158765426206312],[-107.2332959427973,25.159032923855424],[-107.2332959427973,25.159037390906757],[-107.2332915240073,25.159041859852643],[-107.23328710521737,25.159041861747095],[-107.2330195431256,25.159041827790883],[-107.2330195431256,25.159590311755498],[-107.2330195431256,25.159594778804355],[-107.23301503416124,25.15959479146197],[-107.23301503416124,25.15959925851084],[-107.23301061537626,25.159599260404523],[-107.23274305358322,25.159599226401244],[-107.23274305358322,25.159866811559507],[-107.23273863480308,25.1598668134477],[-107.23273863480308,25.159871280497764],[-107.23273863480308,25.159875747547776],[-107.23273412584385,25.159875760199704],[-107.23272970706387,25.159875674498505],[-107.23246214557437,25.159875727741912],[-107.23246214557437,25.160143225383536],[-107.23246214557437,25.160147692434737],[-107.23246214557437,25.16015215948589],[-107.23245763662015,25.160152172132214],[-107.2324532178451,25.160152174014733],[-107.2321856566544,25.160152139336102],[-107.2321856566544,25.16015660639189],[-107.2321856566544,25.160700623285248],[-107.2321856566544,25.160705090333973],[-107.2321812378842,25.16070509221581],[-107.2321812378842,25.160709559264554],[-107.2321767289351,25.160709571909916],[-107.23190916804317,25.16070953718418],[-107.23190916804319,25.161534539642375],[-107.23190474927793,25.16153892098169],[-107.23190474927792,25.1615433880244],[-107.23190033051274,25.16154338991001],[-107.23189582156877,25.161543402559122],[-107.23162826098043,25.161543455646704],[-107.23162826098043,25.162087471518987],[-107.23162826098043,25.1620918509703],[-107.23162826098043,25.16209631801059],[-107.23162384222019,25.162096319895344],[-107.23161933328126,25.162100799583957],[-107.23135177299173,25.162100852624338],[-107.23135177299173,25.162644780605426],[-107.23135177299173,25.16264924764329],[-107.23134735423643,25.16264924952718],[-107.23134735423643,25.162653716565057],[-107.23134293548121,25.162653718448876],[-107.23107537549045,25.162653771437675],[-107.23107537549045,25.163478684298926],[-107.23107537549043,25.16348315133073],[-107.2310708665615,25.16348316398219],[-107.2310708665615,25.16348763101402],[-107.2310664478112,25.163487545312833],[-107.2307988881193,25.163487598535397],[-107.23079446937386,25.1634876004131],[-107.23079446937386,25.16403161496066],[-107.23079446937386,25.164036081990123],[-107.23079446937386,25.16404054901952],[-107.23078996045004,25.164040474081197],[-107.23078996045004,25.164044941110625],[-107.23078554170475,25.164044942997347],[-107.23051798231653,25.164044996162843],[-107.23051798231653,25.164312492566946],[-107.23051798231653,25.16431695959748],[-107.23051347339774,25.16432143927292],[-107.2305090546574,25.16432144115415],[-107.23024149556807,25.164321406397903],[-107.23024149556807,25.16458899045867],[-107.23024149556807,25.164593457490348],[-107.2302370768326,25.16459792639786],[-107.23023256791892,25.16459793903704],[-107.2299650091285,25.16459790394795],[-107.2299650091285,25.165146385497554],[-107.22996059039798,25.16514638737252],[-107.22996059039798,25.165150854401773],[-107.22995608148933,25.165155334069354],[-107.22995166275894,25.165155248355337],[-107.2294076184555,25.16515527953051],[-107.2294076184555,25.165431797865647],[-107.22967517664323,25.165431745755846],[-107.22967968554674,25.16543173312324],[-107.22968410427227,25.165436198284056],[-107.22968410427227,25.165440665314275],[-107.22968410427227,25.165708249077934],[-107.22995166275894,25.165708196073258],[-107.22995608148933,25.165708194189186],[-107.22995608148932,25.165712661211277],[-107.22996059039798,25.16571264856337],[-107.22996059039798,25.165717115585323],[-107.2299650091285,25.165717113700783],[-107.2299650091285,25.165721580722607],[-107.2299650091285,25.16598916398383],[-107.23023256791892,25.165989110069923],[-107.2302370768326,25.165989097406957],[-107.23024149556807,25.165993562521336],[-107.23024149556807,25.165998029534904],[-107.23024149556807,25.16626561230162],[-107.23161933328126,25.166265632790672],[-107.23162384222019,25.16626562007115],[-107.23162826098043,25.166270085102934],[-107.23162826098043,25.16627455208941],[-107.23162826098043,25.166542045644754],[-107.2324532178451,25.166542100640964],[-107.23245763662015,25.166542098651185],[-107.23245763662015,25.166546565620063],[-107.23246214557437,25.166546552864414],[-107.23246214557437,25.166551019833157],[-107.23246214557437,25.166818512327506],[-107.23246214557437,25.166822979292746],[-107.23301061537626,25.166823016451293],[-107.23301503416124,25.166823014436343],[-107.23301503416124,25.166827481392147],[-107.2330195431256,25.166827468610858],[-107.2330195431256,25.166831935566528],[-107.2330195431256,25.167099427277435],[-107.23356350518767,25.16709947412876],[-107.23356801416202,25.167099461322323],[-107.23357243295695,25.167099459282305],[-107.23357243295696,25.167103926225078],[-107.23357243295696,25.167108393167794],[-107.23357243295696,25.167375884103258],[-107.23357694193146,25.167375958878797],[-107.23412090521778,25.167375915054958],[-107.23412541420227,25.16737590222296],[-107.23412541420227,25.167380369152784],[-107.23412983300715,25.167380367087613],[-107.23412983300715,25.1673848340173],[-107.23412983300715,25.1676524117595],[-107.23467388768752,25.16765235410054],[-107.23467830650219,25.167652352010688],[-107.23467830650219,25.167656818927558],[-107.23468272531692,25.167656816837468],[-107.23468272531693,25.167661283754217],[-107.23468723431165,25.16766127089634],[-107.23468723431165,25.167665737812946],[-107.23468723431164,25.16793331477136],[-107.23523120003605,25.16793335236909],[-107.23523570904077,25.167933339486062],[-107.23524012786544,25.167933337370886],[-107.23524012786544,25.167937804274597],[-107.23524012786544,25.167942271178262],[-107.23524012786544,25.16820975977453],[-107.23550769235578,25.168209779476243],[-107.23551220136551,25.16820976657815],[-107.23551662019513,25.168214231343658],[-107.23551662019513,25.168218698239055],[-107.23551662019513,25.1684862739269],[-107.23552103902482,25.168486271792144],[-107.23578860381848,25.16848620300274],[-107.23579311283332,25.168490656976616],[-107.23579753166796,25.168495121718717],[-107.23579753166796,25.16849958860572],[-107.23579753166796,25.168762696907336],[-107.23579753166796,25.168767163790893],[-107.23634159001035,25.16876718388238],[-107.23634600885475,25.16876718171266],[-107.23635042769924,25.168767179542773],[-107.23635042769924,25.168771646416886],[-107.23635042769924,25.168776113290935],[-107.23635042769924,25.169043600114467],[-107.2366179933884,25.169043616502258],[-107.23662250241834,25.169043603548413],[-107.23662692126774,25.169043601363747],[-107.23662692126774,25.169048068229596],[-107.23663143029783,25.16905252214106],[-107.23663143029783,25.169320096050935],[-107.23689890610967,25.169320122303052],[-107.2369034151447,25.169320109333977],[-107.2369034151447,25.169324576191567],[-107.23690783399913,25.169324573991886],[-107.23690783399913,25.169329040849338],[-107.23690783399913,25.169596526679065],[-107.23717540029003,25.169596541266518],[-107.23717540029003,25.169601008115922],[-107.23717981914929,25.169601005901626],[-107.23718432818944,25.16960099291725],[-107.23718432818944,25.169605459766444],[-107.23718432818944,25.16960992661558],[-107.23718432818944,25.169877499532408],[-107.2374518947788,25.169877513219998],[-107.237456313643,25.16987751099092],[-107.23746082268818,25.16987749799147],[-107.23746082268818,25.16988196483241],[-107.23746082268818,25.169886431673287],[-107.23746524155254,25.169886429443732],[-107.23746524155254,25.170153914276113],[-107.23773280844509,25.170153927058646],[-107.2377372273143,25.170153924814624],[-107.2377372273143,25.1701583916473],[-107.2377417363646,25.17015837863255],[-107.2377417363646,25.170162845465097],[-107.2377417363646,25.170711301995166],[-107.23800921337447,25.170711324367524],[-107.2380137224297,25.170711311333154],[-107.23801814130391,25.170715775890184],[-107.23801814130391,25.170720242710836],[-107.23801814130391,25.170987813921425],[-107.2382857087932,25.170987824627773],[-107.23829021785346,25.170987811578332],[-107.2382946367326,25.17099227611232],[-107.2382946367326,25.170996742924714],[-107.2382946367326,25.17126422605583],[-107.23829905561182,25.171264223772564],[-107.23856220452025,25.171264235866897],[-107.23856662340424,25.171264233573815],[-107.23857113246962,25.171268687313344],[-107.23857555135376,25.171273151823915],[-107.23857555135376,25.17127761862792],[-107.23857555135376,25.1715407220401],[-107.23857555135376,25.17154518884064],[-107.23911961579316,25.171545190641133],[-107.23912403468707,25.171545188322888],[-107.23912845358106,25.17154518600449],[-107.23912845358107,25.17154965279559],[-107.23912845358106,25.171554119586627],[-107.23912845358106,25.171821689023187],[-107.23939602226842,25.171821608831227],[-107.23940053134888,25.17182168331001],[-107.2394049502478,25.171821680976823],[-107.2394049502478,25.171826147759656],[-107.2394093691468,25.171830612208943],[-107.2394093691468,25.172098093562056],[-107.23967693813722,25.17209810004896],[-107.2396814472228,25.17209808692853],[-107.2396814472228,25.1721025537031],[-107.23968586612672,25.172102551354893],[-107.23968586612672,25.17210701812934],[-107.23968586612672,25.172374586571358],[-107.23995343541543,25.17237459216286],[-107.2399578543242,25.172379056566427],[-107.23996236341488,25.172379043430695],[-107.23996236341488,25.172383510196866],[-107.23996236341488,25.17238797696298],[-107.23996236341488,25.17265545732288],[-107.24022984281994,25.172655472787554],[-107.24023435191555,25.17265545963692],[-107.24023877082932,25.17265554484265],[-107.24023877082932,25.172659924017072],[-107.24023877082932,25.172664390774926],[-107.24023877082932,25.17320845896672],[-107.24023877082932,25.17348933865288],[-107.2402432799251,25.173489325487655],[-107.2405108498151,25.17348932870708],[-107.24051526873379,25.17348932630518],[-107.24051526873379,25.173493793047623],[-107.24051968765258,25.17349379064548],[-107.24051968765258,25.1734982573878],[-107.24051968765258,25.181533570588282],[-107.24051968765258,25.181538037226634],[-107.24051526873379,25.181538039763858],[-107.24051526873379,25.18154250640222],[-107.2405108498151,25.181542508939355],[-107.2402432799251,25.181542513911463],[-107.24023877082932,25.18154252721442],[-107.24023877082934,25.183763142304354],[-107.24023877082932,25.183767608918604],[-107.2402432799251,25.183767595577585],[-107.2405108498151,25.183767588342292],[-107.24051526873379,25.1837675857678],[-107.24051526873379,25.183772052377293],[-107.24051968765258,25.183772049802563],[-107.24051968765258,25.183776516411925],[-107.24051968765258,25.18626467157081],[-107.2407872578407,25.18626466118156],[-107.24079176694644,25.186264647777335],[-107.24079176694644,25.186269114349773],[-107.24079618587015,25.186269111722964],[-107.24079618587015,25.186273578295275],[-107.24079618587015,25.18987650683594],[-107.24106375635648,25.18987657973755],[-107.24106817528504,25.189876577040202],[-107.24107268439587,25.189881030084507],[-107.24107268439587,25.189885496605267],[-107.24107268439587,25.190429448336484],[-107.24107268439587,25.19043391485012],[-107.24134016499808,25.190433909770857],[-107.24134467411388,25.19043389627465],[-107.24134909304743,25.190433981136245],[-107.24134909304743,25.190438360066516],[-107.24135360216339,25.190438434148504],[-107.24135360216339,25.190442813078647],[-107.24135360216339,25.190986850926375],[-107.24162108306844,25.190986844660806],[-107.24162559218934,25.190986831144635],[-107.24162559218934,25.19099129764165],[-107.24163001112788,25.190991294904965],[-107.24163001112788,25.19099576140184],[-107.24163001112788,25.191263313216854],[-107.2418975825134,25.191263295276094],[-107.2418975825134,25.191267761764898],[-107.24190209163932,25.19126774823358],[-107.24190651058281,25.19126774548211],[-107.24190651058281,25.19127221197071],[-107.24190651058281,25.191276678459243],[-107.24190651058281,25.19154422977453],[-107.24245500128082,25.19154425996722],[-107.24245942023414,25.191544257190813],[-107.24245942023414,25.191548723666436],[-107.24246392937027,25.1915487101093],[-107.24246392937027,25.19155317658478],[-107.24246392937027,25.191820727118035],[-107.24273141147208,25.1918207175378],[-107.24273592061316,25.191820703965845],[-107.24273592061316,25.191825170433177],[-107.24274033957148,25.191825167641746],[-107.24274033957148,25.191829634108945],[-107.24274033957148,25.192097184145986],[-107.2430079121541,25.192097162889482],[-107.24301233111726,25.19209716008351],[-107.24301233111726,25.192101626542556],[-107.24301684026342,25.192101612955284],[-107.24301684026342,25.1921060794142],[-107.24301684026342,25.192110545873053],[-107.24301684026342,25.19265457764302],[-107.24302125922677,25.192654574827355],[-107.2435653334151,25.192654600461736],[-107.2435697523882,25.19265459762594],[-107.2435697523882,25.192659064068284],[-107.24357417136139,25.192659061232263],[-107.24357417136137,25.192663527674465],[-107.24357417136139,25.192931076214553],[-107.24411824676149,25.192931011201107],[-107.24412266574443,25.192931008340388],[-107.24412717491077,25.192935461126684],[-107.24412717491077,25.19293992755591],[-107.24413159389387,25.192939924694713],[-107.24413159389387,25.19320747245271],[-107.24413159389387,25.193211938878328],[-107.24439916797601,25.193211913395885],[-107.24440358696394,25.193211998097027],[-107.24440809613537,25.193216450859587],[-107.24440809613537,25.193220829703517],[-107.24440809613537,25.193764856839053],[-107.24467558033196,25.19376492853903],[-107.24468008950835,25.193764914861102],[-107.24468450850128,25.193769378374746],[-107.24468450850128,25.19377384478367],[-107.2446845085013,25.194322249297493],[-107.24495208317923,25.19432230903313],[-107.244956502177,25.194322306118455],[-107.2449610113585,25.194322292420484],[-107.2449610113585,25.194326758817525],[-107.2449610113585,25.194331225214512],[-107.24496101135848,25.19515164005306],[-107.24496543035643,25.195156103510318],[-107.24523300533706,25.195156161773028],[-107.24523742433983,25.195156158834035],[-107.24523742433983,25.195160625215546],[-107.24524193352642,25.19516061149272],[-107.24524193352642,25.195165077874105],[-107.24524193352643,25.19543262277042],[-107.24550941862113,25.19543260334501],[-107.24551392781267,25.195432589607368],[-107.24551392781267,25.195437055980594],[-107.24551834682043,25.19543705302657],[-107.24551834682043,25.195441519399665],[-107.24551834682043,25.195709063799523],[-107.24578592239678,25.195709032694662],[-107.24579034140939,25.19570902972609],[-107.24579034140939,25.19571349609103],[-107.245794850606,25.195713482338068],[-107.245794850606,25.19571794870287],[-107.245794850606,25.196266435374252],[-107.24634334989392,25.196266438003192],[-107.24634776891644,25.1962664350048],[-107.24635227812318,25.19627088756968],[-107.24635227812318,25.196275353917773],[-107.24635227812318,25.196542896819828],[-107.24661976441361,25.196542873798112],[-107.24662427362529,25.196542859999937],[-107.2466286926528,25.19654732332646],[-107.2466286926528,25.196551789666255],[-107.2466286926528,25.196819332071772],[-107.24689626942518,25.19681938494457],[-107.24690068845754,25.196819381916598],[-107.24690068845754,25.196823848248236],[-107.24690519767434,25.196823834434753],[-107.24690519767434,25.196828300766263],[-107.24690961670686,25.196828297737824],[-107.24690961670686,25.196832764069196],[-107.24690961670686,25.197100305970018],[-107.24717719378177,25.197100270357396],[-107.24718161281913,25.19710026731441],[-107.24718161281913,25.197104733637627],[-107.24718612204101,25.19710471980883],[-107.24718612204101,25.19710918613191],[-107.24718612204101,25.197376727536078],[-107.24745360922918,25.197376789388272],[-107.247458118456,25.19737677554464],[-107.247458118456,25.197381241859564],[-107.24746253749835,25.197381238801544],[-107.24746253749835,25.197385705116336],[-107.24746253749835,25.197653246023826],[-107.24773011516871,25.197653208619634],[-107.24773453421591,25.197653205547066],[-107.24773453421591,25.197657671853694],[-107.24773904344782,25.197657657994757],[-107.24773904344781,25.197662124301257],[-107.24773904344782,25.197929664712042],[-107.24773904344782,25.197934131015],[-107.24774346249517,25.197934127937383],[-107.24800653123118,25.197934103496824],[-107.24801104046803,25.197934177197446],[-107.24801545952023,25.19793417410985],[-107.24801545952023,25.197938640408058],[-107.24801996875722,25.197938626533798],[-107.24801996875722,25.197943092831874],[-107.24801996875723,25.198210632737897],[-107.24828745684297,25.198210604314227],[-107.24829196608492,25.198210590425145],[-107.2482963851421,25.19821505361243],[-107.2482963851421,25.19821951990221],[-107.2482963851421,25.198487059311567],[-107.24856396371028,25.19848710677968],[-107.2485683827723,25.198487103662504],[-107.24856838277229,25.19849156994412],[-107.24857289201934,25.198491556039723],[-107.24857289201934,25.198496022321205],[-107.24857289201934,25.19876356123373],[-107.24884038070017,25.19876353101898],[-107.24884488995214,25.198763517099753],[-107.24884488995214,25.19876798337308],[-107.24884930901916,25.198767980240873],[-107.24884930901916,25.19877244651407],[-107.2488538182713,25.198772432594357],[-107.2488538182713,25.19877689886742],[-107.2488538182713,25.199597378514873],[-107.24912130725446,25.199597434401433],[-107.24912581651152,25.199597420457426],[-107.24912581651152,25.199601886715133],[-107.24913023558354,25.199601883558607],[-107.24913023558354,25.19960634981617],[-107.24913023558354,25.199610728500016],[-107.24913023558354,25.200145890817847],[-107.24913023558354,25.20015035706834],[-107.24912581651152,25.200150272660533],[-107.24912581651152,25.200154738911042],[-107.24912130725446,25.200154752864584],[-107.2488538182713,25.20015478511867],[-107.2488538182713,25.20069879207303],[-107.2488538182713,25.20070325832102],[-107.24884930901915,25.200703272273767],[-107.24884930901916,25.200707738521768],[-107.24884488995214,25.200707741686553],[-107.24884038070017,25.200707668065554],[-107.24857289201934,25.200707700257727],[-107.24857289201934,25.200712166510364],[-107.24857289201934,25.200979703694898],[-107.24857289201934,25.200984169943997],[-107.2485683827723,25.20098418389104],[-107.2485683827723,25.200988650140154],[-107.24856396371028,25.20098865329935],[-107.2482963851421,25.200988608377],[-107.2482963851421,25.201256145627205],[-107.2482963851421,25.201260611877405],[-107.24829196608492,25.201260615031178],[-107.24829196608492,25.20126508128139],[-107.24828745684297,25.20126509522273],[-107.24801996875722,25.20126512675309],[-107.24801996875723,25.202375383355616],[-107.24828745684297,25.202375438269307],[-107.24829196608492,25.202375424308975],[-107.24829196608492,25.202379890544673],[-107.2482963851421,25.202379887372096],[-107.2482963851421,25.202384353607655],[-107.24829638514211,25.2034857605494],[-107.24856396371028,25.20348571535766],[-107.2485683827723,25.20348571215653],[-107.2485683827723,25.203490178373062],[-107.24857289201934,25.20349016438315],[-107.24857289201934,25.203494630599547],[-107.24857289201934,25.203499096815886],[-107.24857289201934,25.204043099045265],[-107.24884038070017,25.204043151033314],[-107.24884488995214,25.20404313702377],[-107.24884930901915,25.204043133802966],[-107.24884930901916,25.204047600007463],[-107.2488538182713,25.20405205220186],[-107.2488538182713,25.2043195864942],[-107.24912130725446,25.204319550004048],[-107.24912581651152,25.204319535979263],[-107.24912581651152,25.204324002175458],[-107.24913023558354,25.20432399893963],[-107.24913023558354,25.204328465135685],[-107.24913023558354,25.204332931331695],[-107.24913023558354,25.204595998930987],[-107.24913023558354,25.2046004651235],[-107.24939781504936,25.20460050451616],[-107.24940223412621,25.2046005012657],[-107.24940674338838,25.204600487225598],[-107.24940674338838,25.20460495341335],[-107.24940674338838,25.204609419601063],[-107.24940674338838,25.204876952895656],[-107.2496742329665,25.204877002181856],[-107.2496787422336,25.20487698812685],[-107.24968316131543,25.204876984861418],[-107.24968316131545,25.204881451040887],[-107.24968316131543,25.20488591722029],[-107.2496876705827,25.204885903164797],[-107.2496876705827,25.205153435957662],[-107.24995516046307,25.205153396766118],[-107.24995966973528,25.205157848867035],[-107.24996408882211,25.205162311757608],[-107.24996408882211,25.205710774632006],[-107.25023166918542,25.20571081104054],[-107.25023608827708,25.205710807740818],[-107.25024059755438,25.20571525980964],[-107.25024059755438,25.20571972596871],[-107.25024059755438,25.20598725754776],[-107.25050808802962,25.205987303850748],[-107.25051259731185,25.205987289745543],[-107.2505170164085,25.205991752581692],[-107.2505170164085,25.20599621873245],[-107.2505170164085,25.206263749814276],[-107.25078459736683,25.20626378443051],[-107.25078901646833,25.206263781101203],[-107.25078901646833,25.206268247243802],[-107.25079352575565,25.20626823312327],[-107.25079794485731,25.20627269593595],[-107.25079794485731,25.206277162078283],[-107.25079794485731,25.206821155292825],[-107.25106552611793,25.20682110114586],[-107.25106994522442,25.20682109779688],[-107.25106994522442,25.206825563927435],[-107.25107445451683,25.20682554978686],[-107.25107445451683,25.206830015917284],[-107.25107445451681,25.207097633351616],[-107.25134194588901,25.20709758910017],[-107.25134645518636,25.20709757494477],[-107.25134645518636,25.207102041067017],[-107.25135087429783,25.207102037703013],[-107.25135087429784,25.207106503825127],[-107.25135087429783,25.207110969947195],[-107.25135087429784,25.207654960692945],[-107.25161845615337,25.207654992038975],[-107.25162287526967,25.207654988655694],[-107.25162738457212,25.20765497448024],[-107.25162738457212,25.20765944059045],[-107.25163180368858,25.207663903316842],[-107.25163180368858,25.208207892602644],[-107.25189938584634,25.208207922761183],[-107.25189938584634,25.20821238885955],[-107.25190380496765,25.208212385456594],[-107.25190831427518,25.20821683735926],[-107.25190831427518,25.208221303457364],[-107.25190831427518,25.208488831384773],[-107.25245231773546,25.208488794879425],[-107.25245673686658,25.20848887902182],[-107.25246124618414,25.2084888648009],[-107.25246124618414,25.208493330886064],[-107.25246124618414,25.208497709400877],[-107.25246124618414,25.208765324119817],[-107.25246566531543,25.208765320686943],[-107.25356260435122,25.2087653088635],[-107.25356702350204,25.20876530539019],[-107.25357153283973,25.20876529112299],[-107.25357153283973,25.208769757185685],[-107.25357595199074,25.20877421977454],[-107.25357595199074,25.209041745572804],[-107.25467740527867,25.209041795730467],[-107.2546818244493,25.209046258251817],[-107.25468633380719,25.20905070997818],[-107.25468633380719,25.20905517601821],[-107.25468633380719,25.209322700466878],[-107.25550676773864,25.209322663590513],[-107.255511186924,25.209322660036463],[-107.25551569629688,25.209322645686967],[-107.25551569629688,25.209327111709367],[-107.25552011548243,25.209327108154913],[-107.25552011548243,25.209331574177178],[-107.25552011548243,25.209599185130198],[-107.25606412683801,25.209599129998697],[-107.25606863622093,25.20959911562378],[-107.25607305541625,25.20960357805377],[-107.25607305541625,25.209608044063035],[-107.25607305541625,25.209875654236885],[-107.25662157737291,25.209875581633042],[-107.25662599657807,25.209880044025088],[-107.25663050597116,25.209884495620518],[-107.25663050597116,25.210152105010575],[-107.25717442956466,25.210152054511397],[-107.25717893896767,25.210156506068778],[-107.25718335818271,25.21015650243933],[-107.25718335818271,25.2101609684225],[-107.25718335818271,25.21016543440561],[-107.25718335818271,25.210433043013037],[-107.2571878675859,25.210433028581964],[-107.25745536552877,25.21043296734798],[-107.25745987493687,25.210433040474868],[-107.25745987493687,25.210437418881604],[-107.2574642941569,25.210437502805245],[-107.2574642941569,25.210441881211842],[-107.2574642941569,25.210709489316944],[-107.25800830975969,25.210709510665705],[-107.2580128191778,25.210709496199026],[-107.25801723840765,25.210713958491453],[-107.25801723840765,25.210718424453184],[-107.25801723840765,25.210985944211114],[-107.25856567445757,25.21098595879332],[-107.25857018388578,25.210990410249842],[-107.2585746031255,25.210990406555297],[-107.25857460312551,25.210994872503942],[-107.25857460312551,25.210999338452535],[-107.2585746031255,25.21126685742341],[-107.25911862115296,25.211266872598088],[-107.25912313059118,25.211266858080325],[-107.25912754984073,25.211266854360833],[-107.25912754984073,25.21127132029648],[-107.2591320592791,25.2112757717138],[-107.2591320592791,25.21154328990101],[-107.25967598833473,25.211543312781764],[-107.25968049778302,25.2115432982384],[-107.25968049778302,25.211547764161033],[-107.25968491704245,25.211547760416355],[-107.25968491704245,25.211552226338863],[-107.25968491704245,25.21181974374702],[-107.26022893749398,25.211819752756707],[-107.2602334469523,25.21181973818792],[-107.26023786622152,25.211824200327925],[-107.26024237568,25.211828739235],[-107.26024237568,25.21183311757751],[-107.26024237568,25.21209625585935],[-107.26024237568,25.212100721765214],[-107.26050987690235,25.212100739610484],[-107.26051429617648,25.212100735826063],[-107.26051880563995,25.2121051871429],[-107.26051880563995,25.212109653043946],[-107.26051880563995,25.212377169167095],[-107.26078630715898,25.212377186116317],[-107.26079081662738,25.21237717151713],[-107.26079523590649,25.212381633610544],[-107.26079523590649,25.212386099503288],[-107.26079523590649,25.21293006231608],[-107.26106282791163,25.212930067287502],[-107.26106724719556,25.21293006346884],[-107.26106724719556,25.212934529349795],[-107.26107175666904,25.212934514730556],[-107.26107175666904,25.21293898061137],[-107.26107617595312,25.212938976792234],[-107.26107617595314,25.21294344267292],[-107.26107617595312,25.213211045142348],[-107.26134376825986,25.21321104920277],[-107.26134818754876,25.213211045369068],[-107.26134818754876,25.21321551124157],[-107.26135260683776,25.213215507407643],[-107.26135260683776,25.21321997328001],[-107.26135260683776,25.213487487685367],[-107.26162019944121,25.213487490849438],[-107.26162461873503,25.21348748700094],[-107.26162912821857,25.213491938215494],[-107.26162912821857,25.213496404079553],[-107.26162912821857,25.213763917987016],[-107.26189663092907,25.21376393105572],[-107.26190114041754,25.213763916391237],[-107.26190114041754,25.213768382247117],[-107.26190555971633,25.213768378383588],[-107.26190555971633,25.213772844239333],[-107.26190555971633,25.21377731009503],[-107.26190555971633,25.214044911066896],[-107.26191006920497,25.21404489639727],[-107.26217757221687,25.214044908555227],[-107.26218208171043,25.21404489387542],[-107.26218208171043,25.214049359722853],[-107.2621865010142,25.214049355844285],[-107.2621865010142,25.21405382169159],[-107.2621865010142,25.214321334595233],[-107.26273052692497,25.21432132711413],[-107.26273494623847,25.214321323210854],[-107.26273945574209,25.2143257743398],[-107.26273945574209,25.214330240174096],[-107.26273945574209,25.214597839863686],[-107.26300695964373,25.214597762049245],[-107.26301146915229,25.21459783489415],[-107.26301588847076,25.214602296801946],[-107.26301588847076,25.214606762627927],[-107.2630203077893,25.214606758709365],[-107.2630203077893,25.214874270331194],[-107.2630203077893,25.21487873615354],[-107.26328790218246,25.214878734191313],[-107.26329232150582,25.21487873025819],[-107.26329683101953,25.214883181339985],[-107.26329683101953,25.214887647157514],[-107.26329683101953,25.215155158277845],[-107.26356433551899,25.215155166221805],[-107.26356884503764,25.21515515147109],[-107.26357326436597,25.215155235087902],[-107.26357326436597,25.215159613332293],[-107.26357326436597,25.21516407914152],[-107.26357326436597,25.21543167732873],[-107.26384085935237,25.215431673573377],[-107.26384527868554,25.215431669610663],[-107.26384978820926,25.215431654844693],[-107.26384978820926,25.215436120645666],[-107.26384978820926,25.215440586446572],[-107.26385420754256,25.21544058248337],[-107.26385420754256,25.215708092603165],[-107.26412171263979,25.215708098744738],[-107.26412171263979,25.215712564537473],[-107.2641262221685,25.21571254975635],[-107.26413064150671,25.21571701157095],[-107.26413064150671,25.215721477363413],[-107.26413064150671,25.215989074546222],[-107.26467467165803,25.215989054820305],[-107.26467918119673,25.215989040013756],[-107.26468360054474,25.21598903601088],[-107.26468360054474,25.21599350179039],[-107.26468360054474,25.215997967569837],[-107.26468360054474,25.21626547640858],[-107.26468801989284,25.2162654724009],[-107.2649511065313,25.216265480138283],[-107.264955616075,25.21626546531665],[-107.2649600354279,25.216265548863127],[-107.2649600354279,25.216269927070172],[-107.26496454497178,25.216269999812265],[-107.26496454497178,25.216274465583325],[-107.26496454497178,25.216541973919405],[-107.2655084867503,25.216541960082004],[-107.2655129963041,25.216541945234773],[-107.2655129963041,25.21654641099295],[-107.26551741566688,25.21654640695009],[-107.26551741566688,25.21655087270814],[-107.26551741566688,25.216555338466122],[-107.26551741566688,25.21681846782855],[-107.26551741566688,25.21682293358303],[-107.2657850127385,25.216822924086006],[-107.2657894321061,25.216822920028513],[-107.26579394166495,25.21682290516595],[-107.26579394166495,25.21682737091568],[-107.26579836103271,25.216827366857782],[-107.26579836103271,25.216831832607376],[-107.26579836103271,25.21709933965776],[-107.26606595840559,25.217099329254236],[-107.26607037777816,25.217099325181778],[-107.26607037777816,25.21710379092319],[-107.26607479715081,25.217103786850494],[-107.26607479715081,25.217108252591775],[-107.26607479715081,25.21765228451854],[-107.2663423948201,25.21765227293687],[-107.26634681419756,25.217656734574447],[-107.26635132376647,25.217656719676746],[-107.26635132376647,25.21766118540609],[-107.26635132376647,25.21766565113537],[-107.26635132376647,25.217933244532524],[-107.26661883154077,25.21793324285535],[-107.26662334111461,25.217933227942737],[-107.26662776049704,25.217933223835796],[-107.26662776049704,25.217937689556816],[-107.26662776049704,25.217942155277786],[-107.26662776049704,25.21848609716725],[-107.26663217987957,25.218486180613866],[-107.26689977814642,25.218486166942863],[-107.26689977814642,25.21849063265203],[-107.26690419753376,25.218490628525558],[-107.26690870711275,25.218495079301675],[-107.26690870711275,25.218499545010577],[-107.26690870711275,25.21932000857514],[-107.26717621548437,25.2193200042463],[-107.26718072506827,25.219319989289087],[-107.26718072506827,25.219324454982555],[-107.26718514446058,25.219324450831756],[-107.26718514446058,25.219328916525097],[-107.26718514446058,25.220153842914225],[-107.26745274332022,25.220153826314416],[-107.26745716271733,25.22015382213968],[-107.26746158211454,25.220158283642565],[-107.26746158211454,25.220162749320295],[-107.26746158211454,25.22071123917543],[-107.26772918127047,25.220711221392857],[-107.26773360067249,25.2207112171986],[-107.26773811026646,25.220711202196686],[-107.26773811026646,25.22071566786248],[-107.26774252966864,25.220715663667814],[-107.26774252966864,25.220720129333472],[-107.26774252966864,25.220987718917662],[-107.26801012912568,25.220987700228417],[-107.26801454853268,25.220987696019193],[-107.26801454853268,25.220992161676662],[-107.26801896793974,25.220992157467194],[-107.26801896793974,25.220996623124528],[-107.26801896793974,25.221264124648314],[-107.26828656769305,25.221264192624243],[-107.26829098710493,25.221264188400216],[-107.26829098710493,25.22126865404936],[-107.26829549670899,25.221268639017044],[-107.26829549670899,25.221273104666054],[-107.26829549670899,25.221277570315003],[-107.26829549670899,25.221540605691327],[-107.26829549670899,25.22154507133678],[-107.26856300656645,25.22154506165788],[-107.26856751617541,25.22154504661064],[-107.26857193559228,25.22154504237157],[-107.26857193559228,25.221549508012263],[-107.26857635500922,25.221553969413517],[-107.26857635500922,25.221821557493925],[-107.26884395535984,25.22182153610018],[-107.26884837478158,25.22182153184631],[-107.26884837478158,25.22182599747868],[-107.2688528843957,25.22182598241595],[-107.2688528843957,25.22183044804819],[-107.2688528843957,25.222374466690518],[-107.26912039485025,25.222374454927294],[-107.26912039485025,25.2223789205478],[-107.26912490446927,25.22237890546542],[-107.26912932389598,25.22237890119186],[-107.26912932389598,25.22238336681215],[-107.26912932389598,25.22238783243238],[-107.26912932389598,25.222655419294902],[-107.26939683464663,25.222655406630714],[-107.26940134427063,25.222655391533245],[-107.26940576370224,25.222655387244888],[-107.26940576370224,25.222659852856857],[-107.26940576370224,25.222664318468766],[-107.26940576370224,25.22320833463507],[-107.26941027332641,25.223208319527807],[-107.26967336494155,25.22320830998331],[-107.26967778437796,25.223208305675666],[-107.26967778437796,25.22321277127576],[-107.26968229400705,25.223212756158233],[-107.26968671344363,25.223217217450074],[-107.26968671344363,25.22322168304991],[-107.26968671344363,25.22459953670488],[-107.26995422479122,25.224599608381425],[-107.26995873442532,25.224599593229794],[-107.26996315386677,25.22460405446529],[-107.26996315386677,25.224608520042242],[-107.26996315386677,25.224876016751022],[-107.2702307557032,25.22487598916022],[-107.2702351751495,25.224876072364232],[-107.27023959459585,25.224880533576602],[-107.27023959459584,25.224884911585065],[-107.27023959459584,25.22626284317134],[-107.27023959459584,25.226267308721845],[-107.27050719672837,25.22626727909863],[-107.27051161617956,25.226267274708928],[-107.27051612582369,25.22626725950788],[-107.27051612582369,25.226271725053618],[-107.27052054527502,25.226271720663515],[-107.27052054527502,25.22627618620912],[-107.27052054527502,25.226820194297687],[-107.27078814770849,25.22682016348609],[-107.27079256716463,25.22682015907677],[-107.27079256716463,25.226824624610558],[-107.27079698662085,25.226824620201004],[-107.27079698662085,25.226829085734657],[-107.27079698662085,25.227377557893497],[-107.2710645893504,25.227377613458223],[-107.27106900881144,25.22737760902938],[-107.27107351846563,25.22737759378844],[-107.27107351846563,25.227382059310138],[-107.27107351846563,25.22738652483178],[-107.27107351846563,25.227930530000396],[-107.27134103129815,25.22793050763947],[-107.27134545076407,25.227930503191182],[-107.27134545076407,25.227934968701003],[-107.27134996042325,25.227934953440162],[-107.27134996042325,25.227939418949852],[-107.27134996042325,25.22794388445948],[-107.27134996042325,25.228487888164473],[-107.27135437988933,25.22848788370648],[-107.27162198321581,25.228487936899267],[-107.27162640268669,25.228487932431282],[-107.27162640268669,25.22849239792901],[-107.27163091235096,25.228492382648106],[-107.27163091235096,25.2284968481457],[-107.27163091235096,25.229040850384624],[-107.27163091235096,25.229045315875016],[-107.2721748686503,25.229045333557874],[-107.27217937832445,25.22904531824696],[-107.27218379780521,25.229045313749122],[-107.27218379780521,25.22904977923006],[-107.27218379780521,25.229054244710937],[-107.27218379780521,25.229321735664392],[-107.2724513118262,25.229321796974975],[-107.27245582150535,25.229321781648977],[-107.27246024099098,25.22932177713634],[-107.27246024099098,25.229326242608945],[-107.27246475067028,25.22933069275501],[-107.27246475067028,25.229598183204924],[-107.27274119416678,25.22959822373989],[-107.27274119416678,25.229330646013366],[-107.27274119416678,25.229326180545605],[-107.27274561365746,25.22932179811284],[-107.27275012334191,25.229321782775827],[-107.27328524307627,25.229321716351315],[-107.27328966257657,25.229321711808204],[-107.27329408207696,25.229321794822937],[-107.27329408207696,25.22932626028137],[-107.27329408207696,25.229330638181732],[-107.2732985917713,25.22933071038203],[-107.2732985917713,25.229598199982686],[-107.2735661069853,25.229598258531176],[-107.27357061668454,25.229598243158705],[-107.27357061668454,25.229602708608805],[-107.2735750361899,25.229607169500444],[-107.2735750361899,25.229874658602107],[-107.27384255169969,25.229874716253846],[-107.27384706140391,25.229879166308056],[-107.27385148091416,25.229879161734928],[-107.27385148091416,25.22988362717657],[-107.27385148091416,25.22988809261814],[-107.27385148091416,25.23015558121728],[-107.27439553223968,25.230155575739758],[-107.2743999517596,25.230155571141832],[-107.27440446147388,25.230155643286015],[-107.27440446147388,25.230160021157193],[-107.27440888099396,25.230160104116287],[-107.27440888099396,25.23016456954475],[-107.27440888099396,25.230432057358684],[-107.27467648759023,25.230432101771733],[-107.27468090711513,25.230432097158836],[-107.27468090711513,25.230436562579104],[-107.2746853266401,25.230436557965977],[-107.2746853266401,25.23044102338611],[-107.2746853266401,25.230708510700982],[-107.27495293353216,25.230708554216967],[-107.27495735306195,25.230708549589266],[-107.27495735306195,25.230713015001207],[-107.27496186278628,25.23071299955754],[-107.27496186278628,25.23071746496935],[-107.27496186278628,25.23072193038109],[-107.27496186278628,25.23098495178506],[-107.27496186278628,25.230989417193292],[-107.27522937977967,25.23098947062347],[-107.27523379931435,25.230989465980883],[-107.27523830904366,25.230989450522134],[-107.27523830904366,25.230993915925605],[-107.27524272857849,25.230993911282624],[-107.27524272857849,25.23099837668596],[-107.27524272857849,25.231265950551432],[-107.27551033606696,25.23126590470183],[-107.2755147556066,25.231265900044274],[-107.2755147556066,25.23127036543941],[-107.27551917514629,25.23127036078162],[-107.2755191751463,25.231274826176634],[-107.27551917514629,25.23154239954283],[-107.27578678293052,25.231542352796293],[-107.27579120247505,25.231542348123938],[-107.27579120247505,25.231546813510743],[-107.27579571221442,25.231546885578172],[-107.27579571221442,25.23155126340824],[-107.27579571221442,25.231818836275053],[-107.27634418732345,25.23181881385707],[-107.27634418732345,25.231823279230845],[-107.27634860687779,25.23182327453328],[-107.27635302643223,25.231827735209123],[-107.27635302643223,25.23183220058262],[-107.27635302643223,25.232099772660394],[-107.27717353159483,25.23209977954583],[-107.27717804135911,25.232099763995418],[-107.2771824609282,25.232099759262578],[-107.2771824609282,25.232104224618396],[-107.27718688049737,25.232108685241005],[-107.27718688049737,25.2323762562514],[-107.2774544900654,25.232376204943538],[-107.27745890963938,25.232376200195887],[-107.27745890963938,25.232380665543374],[-107.27746341940882,25.232380737533294],[-107.27746341940882,25.23238511532482],[-107.27746341940882,25.23293365215665],[-107.2777309390771,25.232933610483677],[-107.27773535865595,25.2329336057165],[-107.27773986843034,25.23293359013076],[-107.27773986843034,25.23293805546615],[-107.27773986843034,25.23294252080148],[-107.27773986843034,25.23321009059179],[-107.27829727717402,25.233210123550602],[-107.27829727717402,25.232942554328357],[-107.27829727717402,25.23293808900251],[-107.27830169676287,25.2329336188886],[-107.27830611635179,25.232933614100453],[-107.27857372711661,25.232933647288892],[-107.27857372711661,25.232666078130656],[-107.27857372711662,25.232661612805877],[-107.27857814671034,25.232657142687536],[-107.27858265649995,25.232657127074976],[-107.27858265649995,25.232652661750226],[-107.2788501773645,25.232652705428563],[-107.2788501773645,25.23238513633085],[-107.27885459696311,25.232380666208076],[-107.27885459696311,25.232376200884318],[-107.27885910675771,25.232376272821583],[-107.27886352635647,25.23237626802232],[-107.27913104752119,25.232376223802035],[-107.27913104752119,25.231832242436155],[-107.27913104752119,25.2318277771099],[-107.27913104752119,25.231823311783582],[-107.27913555732076,25.2318232961646],[-107.2791399769244,25.231823291364478],[-107.2791399769244,25.23181882603825],[-107.27940758858064,25.231818858506923],[-107.27940758858064,25.231551289320834],[-107.27940758858064,25.231546823995583],[-107.27941200818908,25.23154681919013],[-107.27941200818908,25.231542353864896],[-107.27941642779761,25.231542349059342],[-107.27968403974934,25.231542381194494],[-107.27968403974934,25.23127481207253],[-107.27968403974934,25.231270346748353],[-107.27968845936269,25.231270341937392],[-107.27968845936267,25.231265964168603],[-107.27969296917229,25.231265948538294],[-107.27969738878576,25.23126594372707],[-107.28106630017103,25.231265898410594],[-107.28107081000545,25.231265882728685],[-107.28107081000543,25.231270348029337],[-107.28107522964325,25.231270343167413],[-107.28107522964325,25.231274808467923],[-107.28107522964325,25.231533445577906],[-107.28107522964325,25.231537910874955],[-107.28107081000543,25.231537915741384],[-107.28107081000545,25.231542381038455],[-107.28106630017103,25.231542396725104],[-107.28079877693871,25.2315423568467],[-107.28079435730577,25.231542361703045],[-107.28079435730577,25.232090892935737],[-107.28079435730577,25.23209527067545],[-107.28078984747634,25.232095286361215],[-107.28078984747634,25.232099751655753],[-107.28078542784357,25.232099756521137],[-107.28051790491125,25.23209980414066],[-107.28051790491125,25.232933588285917],[-107.28078542784357,25.232933627371423],[-107.28078984747634,25.23293362249201],[-107.28079435730577,25.23293360679187],[-107.28079435730577,25.232938072075306],[-107.28079435730577,25.232942537358696],[-107.28079435730577,25.233486513500754],[-107.28079877693871,25.233486596166152],[-107.28106630017103,25.233486546508654],[-107.28107081000543,25.23349099606017],[-107.28107522964325,25.233495456432227],[-107.28107522964325,25.233763022387855],[-107.28107522964325,25.23376748765562],[-107.28134284336764,25.233767513829775],[-107.28134726301026,25.23376750891585],[-107.28135168265294,25.23377196926476],[-107.28135168265294,25.233776434527705],[-107.28135168265294,25.23432040817964],[-107.2816192966727,25.234320433174673],[-107.28162371632018,25.23432042824129],[-107.28162371632018,25.23432489349239],[-107.28162822616464,25.234324877737194],[-107.28162822616464,25.234329342988158],[-107.28162822616464,25.23487778042529],[-107.28189575028284,25.23487781505838],[-107.28190016993521,25.23487781010546],[-107.28190467978465,25.234877794330437],[-107.28190467978463,25.23488225956943],[-107.28190909943716,25.23488225461611],[-107.28190909943716,25.234886719854973],[-107.28190909943716,25.235707184610796],[-107.28190909943716,25.2357116498388],[-107.28217662385532,25.235711682996918],[-107.28218113370973,25.235711667197254],[-107.28218555336713,25.235716127443073],[-107.28218555336713,25.235720592666272],[-107.28218555336713,25.237642471807522],[-107.28218555336713,25.237646937005373],[-107.28218555336713,25.23765131465027],[-107.28218113370973,25.23765131966033],[-107.28217662385532,25.23765580069112],[-107.28190909943716,25.237655857067452],[-107.28190909943716,25.239319097110442],[-107.28217662385532,25.23931903903938],[-107.28218113370973,25.239323488353758],[-107.28218555336713,25.239323483315573],[-107.28218555336713,25.239327948491297],[-107.28218555336713,25.239332413666965],[-107.28218555336713,25.24098680098067],[-107.2824530780805,25.240986740595112],[-107.28245758793987,25.240986724694707],[-107.28245758793987,25.240991189843896],[-107.28246200760216,25.2409911847675],[-107.28246200760216,25.24099564991656],[-107.28246200760216,25.241263208545032],[-107.28301049731527,25.241263223535846],[-107.28301049731527,25.241267688671996],[-107.2830149169873,25.241267683570623],[-107.2830194268568,25.241272132780303],[-107.2830194268568,25.24127659791618],[-107.2830194268568,25.241544155754713],[-107.28328695246049,25.24154418049696],[-107.28329146233489,25.241544164555766],[-107.28329588201187,25.241548624567013],[-107.28329588201187,25.24155308969454],[-107.28329588201187,25.244322157843378],[-107.28356340791069,25.244322179138855],[-107.28356791779005,25.244322163139714],[-107.28357233747191,25.244322157966476],[-107.28357233747191,25.24432662305275],[-107.28357233747191,25.244331088138964],[-107.28357233747191,25.244875127811007],[-107.28357684735144,25.244875111802052],[-107.28412082961528,25.24487513018753],[-107.28412524930688,25.24487512498467],[-107.28412524930687,25.24487959005425],[-107.28412975919635,25.244879574024505],[-107.28412975919635,25.24488403909395],[-107.28412975919635,25.24488850416333],[-107.28412975919635,25.245156058017358],[-107.28467374266019,25.24515598576775],[-107.28467816236154,25.24515606808997],[-107.28468267226096,25.245156052034773],[-107.28468267226096,25.245160517091158],[-107.28468709196248,25.24516051186285],[-107.28468709196248,25.24516497691911],[-107.28468709196248,25.245432529986545],[-107.28495470954431,25.24543244867596],[-107.28495912925061,25.245432530983035],[-107.28495912925061,25.245436908481118],[-107.28496354895701,25.24543699078795],[-107.28496354895701,25.245441368285896],[-107.28496354895701,25.2457089208531],[-107.28523116683395,25.24570892619504],[-107.28523558654514,25.245708920937343],[-107.28523558654514,25.245713385977034],[-107.28524009645459,25.2457133698914],[-107.28524009645459,25.245717834930954],[-107.28524009645459,25.24598538699775],[-107.28550762442843,25.245985402269927],[-107.2855120441445,25.24598986202876],[-107.28551655405892,25.24598984592803],[-107.28551655405892,25.245994310959233],[-107.28552097377514,25.245998770717318],[-107.28552097377514,25.24626632227573],[-107.28578850204867,25.24626633663626],[-107.28579301196808,25.246266320520444],[-107.28579301196808,25.2462707855433],[-107.28579743168918,25.24627078025549],[-107.28579743168918,25.246275245278213],[-107.28579743168918,25.24654279633625],[-107.28606496025768,25.24654280979951],[-107.28606947018204,25.246542793668596],[-107.28606947018204,25.246547258683105],[-107.28607388990801,25.246547253380488],[-107.28607388990801,25.246551718394862],[-107.28607388990801,25.246819268952507],[-107.28661787759002,25.24681927200565],[-107.28662238752433,25.246819255849278],[-107.28662238752433,25.24682372085073],[-107.28662680726003,25.24682371552314],[-107.2866313171945,25.246828164367603],[-107.2866313171945,25.24683262936879],[-107.28663131719452,25.24710017913609],[-107.28717530608562,25.24710017908367],[-107.28717972583107,25.247100173731095],[-107.28718423577547,25.247100157548868],[-107.28718423577547,25.247104622537048],[-107.28718423577547,25.247109087525182],[-107.28718423577547,25.24737663651023],[-107.28745176582333,25.24737664603612],[-107.28745618557366,25.247376640668737],[-107.28746069552305,25.247376624471404],[-107.28746069552305,25.247381089451245],[-107.28746511527352,25.247385549063164],[-107.28746511527352,25.247653097543257],[-107.28911946040625,25.247653103127416],[-107.28912397038555,25.247653086863043],[-107.28912397038555,25.24765755181092],[-107.28912839016532,25.247657546377347],[-107.28912839016532,25.2476620113251],[-107.28912839016532,25.247666476272798],[-107.28912839016532,25.247929557890846],[-107.28912839016532,25.24793402283501],[-107.28995335695407,25.247934062647566],[-107.28995777674847,25.247934057178842],[-107.28996219654292,25.24793405170996],[-107.28996219654292,25.247938516639877],[-107.28996219654292,25.24794298156974],[-107.28996219654292,25.248210527063147],[-107.29051070265983,25.248210493304697],[-107.29051521266412,25.248210476978635],[-107.29051521266412,25.248214941895487],[-107.2905196324684,25.24821493640139],[-107.2905196324684,25.24821940131812],[-107.2905196324684,25.24848694602453],[-107.29106362978912,25.24848701304255],[-107.29106813980333,25.24848699669102],[-107.29106813980333,25.248491461594824],[-107.29107255961735,25.24849145607574],[-107.29107255961735,25.248495920979412],[-107.29107255961735,25.24876346490332],[-107.29107697943144,25.248763459379497],[-107.29134009381043,25.248763464358525],[-107.2913446038296,25.24876344799191],[-107.2913446038296,25.24876791288735],[-107.2913490236485,25.248767907353454],[-107.29135344346744,25.24877236671464],[-107.29135344346744,25.248776831609813],[-107.29135344346744,25.249044375025097],[-107.29162106816031,25.24904436273526],[-107.29162548798405,25.249044357186555],[-107.29162990780789,25.24904881652456],[-107.29162990780789,25.249053281411385],[-107.29162990780789,25.249320824326066],[-107.29189753279542,25.249320811138528],[-107.29190195262402,25.249320805575003],[-107.29190637245271,25.249325264889848],[-107.29190637245271,25.24932972976832],[-107.29190637245271,25.249597272182367],[-107.29217399773489,25.24959725809713],[-107.29217841756837,25.24959725251879],[-107.29218283740191,25.249601711810467],[-107.29218283740191,25.24960617668058],[-107.29218734743624,25.249606247814402],[-107.29218734743624,25.24961062513791],[-107.29218734743624,25.250154638462437],[-107.29245488281705,25.250154634017097],[-107.29245930265549,25.250154715965287],[-107.29245930265549,25.250159180823392],[-107.29246381269478,25.250159164390904],[-107.29246381269478,25.25016362924888],[-107.29246381269478,25.251264959080718],[-107.29273134837011,25.25126495288764],[-107.2927357682134,25.251265034806604],[-107.29274027825765,25.25126948318346],[-107.29274027825764,25.251273948022064],[-107.29274027825764,25.25182233480881],[-107.29300781422748,25.251822414977433],[-107.29301223407563,25.251822409330988],[-107.29301674412484,25.251822392849274],[-107.29301674412484,25.251826857675862],[-107.29301674412484,25.251831322502394],[-107.29301674412484,25.252098861804203],[-107.29302116397315,25.25209885615278],[-107.29328870024217,25.25209884786838],[-107.29329321029635,25.252098831371566],[-107.29329321029634,25.2521032961898],[-107.29329763014952,25.252103290528144],[-107.29329763014952,25.252107755346245],[-107.29329763014952,25.252375294142738],[-107.29384163348807,25.252375340520288],[-107.29384614355219,25.252375323998017],[-107.29384614355219,25.252379788803186],[-107.29385056341509,25.25237978311654],[-107.29385056341509,25.252384247921583],[-107.29385056341509,25.25238871272656],[-107.29385056341509,25.252651785935274],[-107.29385056341509,25.252656250736713],[-107.2941181005674,25.252656240037123],[-107.29412261063646,25.25265622349967],[-107.29412703050424,25.252656217798215],[-107.29412703050424,25.252660682594893],[-107.29413154057347,25.25266066605704],[-107.29413154057346,25.252665130853575],[-107.29413154057346,25.252932668358294],[-107.29439907802498,25.25293265675117],[-107.29440349789762,25.252932738579766],[-107.29440349789762,25.25293711582322],[-107.29440800797181,25.252937186815124],[-107.29440800797181,25.2529416516033],[-107.29440800797181,25.253209188607084],[-107.29467554571771,25.25320917610236],[-107.29467996559521,25.253209170371264],[-107.29467996559521,25.253213635151226],[-107.29468438547278,25.25321362941989],[-107.29468438547278,25.253218094199713],[-107.29468438547278,25.253766561311636],[-107.29495201371462,25.253766536786003],[-107.29495643359698,25.253766531035364],[-107.29496085347941,25.253766525284558],[-107.29496085347941,25.253770990052374],[-107.29496085347941,25.253775454820126],[-107.2949653635636,25.25377543823191],[-107.2949653635636,25.254042974006833],[-107.2952329019029,25.254043046955037],[-107.2952373217902,25.254043041189405],[-107.2952373217902,25.254047505948858],[-107.29524183187937,25.25404748934562],[-107.29524183187937,25.25405195410493],[-107.29524183187937,25.254600418697137],[-107.295509370513,25.254600402916907],[-107.29551379040515,25.254600397131743],[-107.29551830049927,25.254604845255958],[-107.29551830049927,25.254609310003197],[-107.29551830049927,25.255153308372016],[-107.2957858394272,25.255153291412288],[-107.29579025932422,25.25515337315148],[-107.29579025932422,25.255157750343006],[-107.29579476942331,25.25515782124384],[-107.29579476942331,25.25516228597906],[-107.29579476942331,25.255429819809226],[-107.29579476942331,25.25543428454085],[-107.29579918932048,25.255434278731148],[-107.29606230864552,25.255434266678915],[-107.2960667285474,25.25543426085938],[-107.29607123865145,25.255434244201282],[-107.29607123865145,25.255438708928143],[-107.29607565855348,25.255438703108208],[-107.29607565855348,25.25544316783493],[-107.29607565855348,25.255987163704155],[-107.29634319807468,25.255987144652863],[-107.29634770818367,25.255987215518356],[-107.29634770818367,25.255991592689764],[-107.29635212809058,25.255991674393783],[-107.29635212809058,25.255996139108486],[-107.29635212809058,25.256263671709295],[-107.29661966790601,25.25626365176032],[-107.29662417801998,25.256268099773756],[-107.29662859793174,25.25626809391953],[-107.29662859793174,25.256272558625874],[-107.29662859793174,25.256277023332157],[-107.29662859793174,25.25654455542832],[-107.29689613804142,25.25654453457721],[-107.29690055795795,25.256544616251425],[-107.29690506807695,25.256544599543037],[-107.29690506807695,25.256549064241014],[-107.29690948799364,25.25654905837173],[-107.29690948799364,25.256553523069574],[-107.29690948799364,25.257097515419744],[-107.29717702840223,25.25709749337915],[-107.29718153852619,25.257101941336877],[-107.29718595844774,25.257106400133946],[-107.29718595844776,25.25711086481971],[-107.29718595844776,25.25737393100406],[-107.29718595844774,25.257378395686285],[-107.2980109516979,25.257378438017412],[-107.29801537163404,25.257378432093503],[-107.29801537163404,25.257382896761552],[-107.29801988177303,25.257382879997007],[-107.29801988177303,25.257387344664917],[-107.29801988177303,25.257654874461696],[-107.29856380512918,25.257654899346996],[-107.29856831527802,25.257654882557237],[-107.29857273522394,25.25765934126308],[-107.29857273522394,25.25766380591792],[-107.29857273522394,25.257931334931552],[-107.2988402774021,25.25793130833641],[-107.29884478755588,25.25793137907364],[-107.29884478755588,25.25793584372025],[-107.29884920750669,25.257935837756296],[-107.29884920750669,25.257940302402766],[-107.29884920750669,25.25794476704919],[-107.29884920750669,25.258488753133065],[-107.29885371766063,25.258488736318316],[-107.29912126013765,25.258488708528862],[-107.29912568009331,25.258493167179882],[-107.29913019025221,25.25849761498901],[-107.29913019025221,25.258756301052852],[-107.29913019025221,25.258760765683682],[-107.29912568009331,25.258765159602536],[-107.29912126013765,25.258765165590614],[-107.29912126013765,25.258769630221483],[-107.29885371766063,25.258769658297464],[-107.29884920750669,25.258769675117037],[-107.29884920750669,25.260985877862435],[-107.29884920750669,25.26099025492723],[-107.29885371766063,25.26099032561088],[-107.29912126013765,25.260990295269902],[-107.29912568009331,25.260990289244372],[-107.29912568009331,25.260994753845694],[-107.29913019025221,25.260994736977608],[-107.29913019025221,25.26099920157879],[-107.29913019025221,25.26126672737726],[-107.2993977330233,25.261266783679634],[-107.2994021529838,25.26126677763927],[-107.29940657294439,25.26127123619162],[-107.29940657294439,25.261275700784445],[-107.29940657294439,25.26209613436652],[-107.29967420621279,25.26209617836399],[-107.29967862617816,25.26210063687676],[-107.2996830461436,25.262100630812036],[-107.29968304614361,25.262105095389156],[-107.29968304614361,25.262109559966216],[-107.29968304614361,25.26293445521892],[-107.29995509967635,25.26293449165599],[-107.29995951964665,25.262934485567058],[-107.29995951964665,25.26293895012842],[-107.29996402982052,25.262938933195734],[-107.29996402982052,25.26294339775697],[-107.29996402982052,25.264044741925876],[-107.30023157347836,25.264044793536485],[-107.30023599345351,25.26404478741869],[-107.30023599345351,25.26404925196063],[-107.30024050363232,25.264049234998545],[-107.30024050363232,25.26405369954035],[-107.30024050363232,25.264321221780367],[-107.30050804758417,25.26432127249297],[-107.30051246756418,25.26432126636035],[-107.30051246756418,25.264325730893916],[-107.30051697774795,25.264325713916737],[-107.30051697774795,25.26433017845017],[-107.30051697774795,25.264878615292854],[-107.30078452199375,25.264878664820838],[-107.30078894197861,25.26487865866867],[-107.30079336196357,25.26488311703773],[-107.30079787215237,25.264887564561718],[-107.30079787215237,25.265155085570555],[-107.30106090650322,25.265155063663162],[-107.30106541669682,25.265155046651195],[-107.30106983668662,25.265155128023512],[-107.30106983668662,25.265159592536534],[-107.30107434688037,25.265159575524162],[-107.30107434688037,25.265164040037043],[-107.30107434688037,25.265431560544123],[-107.30134189171875,25.26543152072689],[-107.3013463117134,25.265431514544918],[-107.3013463117134,25.265435979049563],[-107.30135082191212,25.265436049561387],[-107.30135082191212,25.265440426526595],[-107.30135082191212,25.265712498572103],[-107.3016183670444,25.265712457852448],[-107.30162278704391,25.26571245165557],[-107.3016272070435,25.265712445458536],[-107.3016272070435,25.265716909954676],[-107.30163171724726,25.26571698045098],[-107.30163171724726,25.265721357407845],[-107.30163171724726,25.266265412702854],[-107.30163171724726,25.266269877191576],[-107.30189475246958,25.266269852339978],[-107.30189926267812,25.26626983527764],[-107.30190368268258,25.26626982906105],[-107.30190368268258,25.26627429354509],[-107.30190819289128,25.266274364021243],[-107.30190819289128,25.26627874096624],[-107.30190819289128,25.266541882795085],[-107.302175738616,25.26654183998781],[-107.30218015862532,25.266541833756467],[-107.30218015862532,25.266546298232186],[-107.30218466883898,25.266546368693145],[-107.30218466883898,25.266550745629992],[-107.30218466883898,25.267375709670315],[-107.30245221485755,25.267375752935013],[-107.30245663487172,25.267380211139418],[-107.30246114509033,25.267380194036974],[-107.30246114509033,25.267384658496784],[-107.30246556510464,25.267384652240757],[-107.30246556510464,25.26738911670044],[-107.30246556510464,25.268209613352283],[-107.30272869140275,25.268209573881897],[-107.30273311142176,25.268209567602142],[-107.30273753144085,25.26820956132223],[-107.30273753144085,25.268214025766326],[-107.3027420416645,25.268218473083007],[-107.3027420416645,25.268486076998148],[-107.30300958827543,25.26848603035007],[-107.30301400829939,25.26849048849105],[-107.30301851852798,25.26849047134867],[-107.30301851852798,25.268494935784254],[-107.30301851852798,25.26849940021978],[-107.30301851852798,25.26876691609134],[-107.3032860654327,25.268766956078643],[-107.30329048546149,25.268766949769],[-107.30329048546149,25.268771414196287],[-107.30329499569504,25.26877139703872],[-107.30329499569504,25.26877586146587],[-107.30329499569504,25.26904346437315],[-107.30384344069647,25.269043424566053],[-107.30384786073505,25.26904341823126],[-107.30384786073505,25.26904788264538],[-107.30385237097859,25.269047865462177],[-107.30385237097859,25.269052329876168],[-107.30385237097859,25.269056794290094],[-107.30385237097859,25.26932430886751],[-107.30411991876927,25.26932434642812],[-107.30412433881273,25.269324340078427],[-107.3041288490612,25.269328787285726],[-107.3041288490612,25.269333251691272],[-107.3041288490612,25.269877295963074],[-107.30439630694056,25.26987725565504],[-107.30440081719391,25.269877238437047],[-107.30440523724228,25.269877319604845],[-107.30440523724228,25.2698817839984],[-107.30440523724228,25.26988616085477],[-107.30440523724228,25.27015376174522],[-107.30440974749578,25.27015374452215],[-107.3046772958786,25.27015377999444],[-107.30468171593182,25.270158237995453],[-107.30468622619027,25.270162685146996],[-107.30468622619028,25.27016714953198],[-107.30468622619028,25.270434662375056],[-107.30495377486677,25.270434696944623],[-107.30495819492485,25.27043469054556],[-107.304962614983,25.270439148523],[-107.304962614983,25.2704436128996],[-107.304962614983,25.27099203047687],[-107.30523016395307,25.270992063861808],[-107.30523467422135,25.270992046593435],[-107.30523909428435,25.270992040174654],[-107.30523909428435,25.27099650453921],[-107.30523909428435,25.271000968903707],[-107.30523909428435,25.2726553182433],[-107.3055111538213,25.272655332007567],[-107.30551557388914,25.272655325550613],[-107.30551557388914,25.272659789888348],[-107.30552008416254,25.27265977258068],[-107.30552008416254,25.27266423691829],[-107.30552008416254,25.272931746922342],[-107.30578763372466,25.272931777085642],[-107.30579205379736,25.272931770613855],[-107.30579205379738,25.272936234943217],[-107.30579647387015,25.272936228471192],[-107.30579647387015,25.272940692800425],[-107.30579647387015,25.273208202302285],[-107.30579647387015,25.2732126666279],[-107.30634050423585,25.27321270070863],[-107.30634501452403,25.273212683360537],[-107.30634943460649,25.273212676863523],[-107.30634943460649,25.273217141179654],[-107.30634943460649,25.27322160549574],[-107.30634943460649,25.273489114209653],[-107.30661698504929,25.273489141956013],[-107.30662140513654,25.27348913544434],[-107.30662591542973,25.27348911808097],[-107.30662591542973,25.273493582388728],[-107.30663033551713,25.273493575876646],[-107.30663033551713,25.27349804018427],[-107.30663033551713,25.273765635926722],[-107.30717436768315,25.27376557754648],[-107.30717878778017,25.273770122839494],[-107.30718329808334,25.273770105450406],[-107.30718329808334,25.273774569744937],[-107.30718329808334,25.273779034039407],[-107.30718329808334,25.27404654145843],[-107.3074552695133,25.274046560225948],[-107.3074597798214,25.274046542821747],[-107.3074597798214,25.274051007107893],[-107.30746419992343,25.274051000555747],[-107.30746419992343,25.274055464841755],[-107.30746419992344,25.27431850747146],[-107.30746419992343,25.274322971753907],[-107.30773175154972,25.274322996165058],[-107.30773626186279,25.274322978745754],[-107.30774068196965,25.274327436456545],[-107.30774068196965,25.27433190073417],[-107.30774068196965,25.274599494678718],[-107.30800823388941,25.274599430656817],[-107.30801265400105,25.27459951160995],[-107.30801716431915,25.274599494175366],[-107.30801716431915,25.274603958444676],[-107.30801716431915,25.27460842271391],[-107.30801716431915,25.275152362839354],[-107.30828471653236,25.275152385171744],[-107.30828913664885,25.275152378570695],[-107.30828913664885,25.275156842828018],[-107.30829364697188,25.275156825373504],[-107.30829364697188,25.275161289630688],[-107.30829806708854,25.275161283029163],[-107.30829806708853,25.27516574728621],[-107.30829806708853,25.276811215866715],[-107.30829364697188,25.276815599197157],[-107.30829364697188,25.27682006343227],[-107.30828913664885,25.27682008091531],[-107.30828471653236,25.276820087544436],[-107.30801716431914,25.276820066914077],[-107.30801716431914,25.27708765859223],[-107.30801716431915,25.277092122828428],[-107.30801716431915,25.27709658706456],[-107.30801265400105,25.27709660454197],[-107.30800823388941,25.27709652363154],[-107.30774068196966,25.27709659020125],[-107.30774068196965,25.277101054442035],[-107.30774068196965,25.277930439321555],[-107.30800823388941,25.27793037190107],[-107.30801265400105,25.27793045279724],[-107.30801265400105,25.277934917022304],[-107.30801716431915,25.27793489953051],[-107.30801716431915,25.277939363755433],[-107.30801716431915,25.27794382798029],[-107.30801716431915,25.27876428147306],[-107.30828471653236,25.278764300119224],[-107.30828913664885,25.278764293457353],[-107.30829364697188,25.278768740150138],[-107.30829364697188,25.278773204359247],[-107.30829806708853,25.278773197696903],[-107.30829806708853,25.278777661905874],[-107.30829806708853,25.27931275381756],[-107.30829364697188,25.279312760488992],[-107.30829364697188,25.279317224690864],[-107.30828913664885,25.279321618885234],[-107.30828471653236,25.27932162555649],[-107.30801716431915,25.279321695012577],[-107.30801716431915,25.28070839722404],[-107.30828471653236,25.28070841388614],[-107.30828913664885,25.280708407191536],[-107.30829364697188,25.280712853825083],[-107.30829364697188,25.280717318008303],[-107.30829806708853,25.28071731131321],[-107.30829806708853,25.280721775496293],[-107.30829806708853,25.280989363773376],[-107.30856561959986,25.28098937952263],[-107.3085700397213,25.280989372812954],[-107.30857455004936,25.280993819422626],[-107.30857455004936,25.28099828359731],[-107.30857455004936,25.28126578383859],[-107.3088421028541,25.28126579868949],[-107.30884652298039,25.281265791964984],[-107.30885103331337,25.281270238551155],[-107.30885103331337,25.28127470271745],[-107.30885103331337,25.28154228998851],[-107.31022885361617,25.281542260202865],[-107.31023327376674,25.281542253422682],[-107.31023778412455,25.281546787456925],[-107.31024220427528,25.281551244815255],[-107.31024220427528,25.28181874291339],[-107.31078624423523,25.281818738988537],[-107.31079066439557,25.281823196309137],[-107.31079517476334,25.281823178646466],[-107.31079517476334,25.281827642772285],[-107.31079517476334,25.28183210689805],[-107.31079517476334,25.282652629708828],[-107.31106272992407,25.282652638194538],[-107.31106715008926,25.28265263136497],[-107.31106715008926,25.282657095475102],[-107.31107166046196,25.28265707778776],[-107.31107166046196,25.282661541897756],[-107.31107608062732,25.282661535067714],[-107.31107608062732,25.282665999177567],[-107.31107608062732,25.283210007414336],[-107.31134363608597,25.28321001470498],[-107.3113480562561,25.283210007855683],[-107.31134805625608,25.283214471953602],[-107.31135256663383,25.283214454246163],[-107.31135256663384,25.283218918343938],[-107.31135256663384,25.283486413976966],[-107.31162012238572,25.283486420369165],[-107.31162454256066,25.28348641350504],[-107.31162454256066,25.283490877594566],[-107.31162905294336,25.283490947403177],[-107.31162905294335,25.283495411492567],[-107.31162905294336,25.283499788050737],[-107.31162905294336,25.283762906622528],[-107.31162905294336,25.283767370708286],[-107.3118965187807,25.283767387055864],[-107.31190102916825,25.283767369318365],[-107.31190544934813,25.283767362439175],[-107.31190544934812,25.283771826520177],[-107.31190544934812,25.283776290601104],[-107.31190544934812,25.284043872755507],[-107.31190995973583,25.28404385501293],[-107.31217751607882,25.284043859593652],[-107.31218193626354,25.28404385269962],[-107.31218193626354,25.28404831677223],[-107.31218635644832,25.284048309877964],[-107.31218635644832,25.284052773950428],[-107.31218635644832,25.284320355597064],[-107.3124539130844,25.28432027174874],[-107.3124584234819,25.28432034151152],[-107.3124584234819,25.284324805575725],[-107.31246284367154,25.284324798666624],[-107.31246284367154,25.2843292627307],[-107.31246284367154,25.284587828222396],[-107.31246284367154,25.28459229228295],[-107.3124584234819,25.284596763257134],[-107.31245391308438,25.284596781029766],[-107.31162905294336,25.284596726784937],[-107.31162905294336,25.284601190859586],[-107.31162905294335,25.2848643085656],[-107.31162905294336,25.284868772636674],[-107.31162905294336,25.28487323670769],[-107.31162454256066,25.28487325445395],[-107.31162454256066,25.284877718524978],[-107.3116201223857,25.284877725412535],[-107.31135256663383,25.28487772044043],[-107.31135256663383,25.285421724509003],[-107.31135256663384,25.285426188577347],[-107.3113480562561,25.28543067039109],[-107.31134363608597,25.285430589747033],[-107.31107608062732,25.285430584722878],[-107.31107608062732,25.28597905253203],[-107.31107166046196,25.28598352348364],[-107.31107166046196,25.28598798754928],[-107.31106715008926,25.285988005293753],[-107.31106272992407,25.285988012179498],[-107.31079517476334,25.28598800709808],[-107.31079517476334,25.286255588617298],[-107.31079517476334,25.286260052684007],[-107.31079517476334,25.286264516750656],[-107.31079066439557,25.286264446958793],[-107.31078624423523,25.28626445383901],[-107.31051868936778,25.286264448423385],[-107.31051868936777,25.28681291603157],[-107.31051868936778,25.28681738009555],[-107.3105142692122,25.286817386975073],[-107.3105142692122,25.28682185103907],[-107.31050975884945,25.28682186877694],[-107.31024220427528,25.28682186331386],[-107.31024220427528,25.287089444730437],[-107.31024220427528,25.287093908795427],[-107.31023778412455,25.28709382813875],[-107.31023778412455,25.287098292203773],[-107.31023327376674,25.287098309936006],[-107.31022885361617,25.287098316809754],[-107.30996580969293,25.287098293280554],[-107.30996129934,25.287098311002598],[-107.30996129934,25.288766030761913],[-107.30996580969294,25.288766013011273],[-107.31022885361617,25.288766034867052],[-107.31023327376674,25.28876602796522],[-107.31023778412455,25.288766010204373],[-107.31023778412455,25.288770474247055],[-107.31024220427528,25.28877046734482],[-107.31024220427528,25.288774931387373],[-107.31024220427528,25.289318931420745],[-107.31050975884945,25.289318934335363],[-107.3105142692122,25.289323380585255],[-107.31051868936778,25.28932346119354],[-107.31051868936778,25.289327837693996],[-107.31051868936778,25.289332301724393],[-107.31051868936778,25.289876387806682],[-107.31078624423523,25.28987638953596],[-107.31079066439557,25.289876382594908],[-107.31079517476334,25.289880828812475],[-107.31079517476334,25.289885292830782],[-107.31079517476334,25.290152783701192],[-107.31106272992407,25.290152784531966],[-107.31106715008926,25.29015277757609],[-107.31106715008926,25.29015724158613],[-107.31107166046196,25.290157223770148],[-107.31107166046196,25.290161687780042],[-107.31107608062732,25.290161768353293],[-107.31107608062732,25.290166232363063],[-107.31107608062732,25.290433722721943],[-107.31162012238572,25.29043369713885],[-107.31162454256066,25.290433777687078],[-107.31162905294336,25.290433759845435],[-107.31162905294336,25.290438223842163],[-107.31162905294336,25.290442687838816],[-107.31162905294336,25.29071017741213],[-107.3118965187807,25.290710186675508],[-107.31190102916825,25.29071016881891],[-107.31190544934812,25.290714625811116],[-107.31190544934812,25.290719089799374],[-107.31190544934812,25.291544051311412],[-107.31190995973583,25.29154403344019],[-107.31217751607882,25.291544030365568],[-107.31218193626354,25.291544023345228],[-107.31218193626354,25.29154848731769],[-107.31218635644832,25.291548480297116],[-107.31218635644832,25.29155294426945],[-107.31218635644832,25.291820519913827],[-107.31245391308438,25.291820515940753],[-107.3124584234819,25.291820498044217],[-107.3124584234819,25.29182496200827],[-107.31246284367154,25.29182495497286],[-107.31246284367154,25.291829418936793],[-107.31246284367154,25.29237787334509],[-107.31273040060076,25.292377868186694],[-107.31273491100322,25.292377937798683],[-107.31273933119769,25.29237793074378],[-107.31273933119769,25.292382394695604],[-107.31273933119769,25.292386858647376],[-107.31273933119769,25.29265434553073],[-107.31300688842005,25.292654339473668],[-107.31301130861928,25.292654332404098],[-107.31301581902676,25.29265440200064],[-107.31301581902676,25.292658865944063],[-107.31302023922618,25.29266332281738],[-107.31302023922618,25.293207310753775],[-107.31302023922618,25.293211774689723],[-107.31328779674632,25.293211767437363],[-107.31329221695049,25.293211760348072],[-107.31329672736298,25.2932162063274],[-107.31329672736298,25.293220670258524],[-107.313296727363,25.293764656712924],[-107.31356428517624,25.293764648279748],[-107.31356870538524,25.29376472869879],[-107.31356870538525,25.293769105090124],[-107.31357321580268,25.293769174646155],[-107.31357321580268,25.293773638565174],[-107.31357321580268,25.294041123486437],[-107.31412168316332,25.294041159489556],[-107.31412168316332,25.2940456233956],[-107.3141261033821,25.29404561626157],[-107.3141306138095,25.29405006216995],[-107.3141306138095,25.294054526075726],[-107.3141306138095,25.29432209773056],[-107.31661875825813,25.294322045766073],[-107.3166231785206,25.29432203853546],[-107.3166276889926,25.294322107966234],[-107.3166276889926,25.294326484299184],[-107.3166276889926,25.29433094815873],[-107.3166276889926,25.294598517042697],[-107.31663210925522,25.294598509807106],[-107.31717616298754,25.294598537917125],[-107.31718058325977,25.294598530661332],[-107.31718058325977,25.294602994507823],[-107.31718509374173,25.2946029763862],[-107.31718509374173,25.294607440232557],[-107.31718509374173,25.294875008325736],[-107.31772905845509,25.294874956694205],[-107.31773347873698,25.29487503693956],[-107.31773347873698,25.294879500772936],[-107.31773798922882,25.29487948262582],[-107.31774240951087,25.29488393917778],[-107.31774240951087,25.29488840301089],[-107.31774240951087,25.295155970309754],[-107.31800997203429,25.295155950543258],[-107.31801448253104,25.295155932381025],[-107.31801890281793,25.295160388909746],[-107.31801890281793,25.29516485273444],[-107.31801890281793,25.29543241952931],[-107.31856295953651,25.295432352094],[-107.318567379833,25.295432344773122],[-107.31857180012958,25.295432424977793],[-107.31857180012958,25.29543688878943],[-107.31857631063635,25.2954413344128],[-107.31857631063635,25.29598530628912],[-107.31857631063635,25.295989770093282],[-107.31884387404271,25.29598974761598],[-107.31884829434414,25.295989740275356],[-107.31884829434414,25.29599420407483],[-107.31885271464562,25.295994196733986],[-107.31885271464562,25.295998660533325],[-107.31885271464562,25.296542718452354],[-107.31912027834461,25.296542694794123],[-107.31912478886119,25.296542676566432],[-107.31912478886119,25.29654714035379],[-107.31912920916751,25.29654713299345],[-107.31912920916751,25.296551596780677],[-107.31912920916751,25.297100117003573],[-107.31967326827626,25.29710012859663],[-107.31967768859218,25.29710012120677],[-107.31968210890817,25.29710011381675],[-107.31968210890817,25.297104577587163],[-107.31968661943476,25.297104559328748],[-107.31968661943475,25.29710902309902],[-107.31968661943476,25.297376586631472],[-107.32078800222827,25.29737657884119],[-107.32079242256368,25.297376571405632],[-107.32079242256368,25.29738103515343],[-107.32079693311009,25.297381016848608],[-107.32079693311009,25.29738548059627],[-107.32079693311009,25.297653042773103],[-107.3213409055967,25.29765305652482],[-107.3213454161529,25.297653038194742],[-107.32134983649804,25.297657494468606],[-107.32134983649804,25.297661958203143],[-107.32135434705438,25.297666403606986],[-107.32135434705438,25.29792950125834],[-107.32135434705438,25.297933964989163],[-107.32189832074005,25.29793397563023],[-107.32190274109486,25.29793396814441],[-107.32190725166107,25.29793841350978],[-107.32190725166107,25.29794287723106],[-107.32190725166107,25.298210437826718],[-107.32217481859263,25.298210405653823],[-107.32217923895227,25.29821039815317],[-107.3221837495234,25.298214843494996],[-107.3221837495234,25.298219307207866],[-107.3221837495234,25.298486867299303],[-107.32245122653593,25.298486845098054],[-107.32245573711194,25.298486826712008],[-107.32246015747647,25.298491370424482],[-107.32246466805262,25.298495815742402],[-107.32246466805263,25.298763287801467],[-107.32273214536222,25.29876335221519],[-107.32273214536222,25.298767815911372],[-107.32273665594322,25.29876779750996],[-107.32274107631268,25.298767789979234],[-107.32274107631268,25.298772253675192],[-107.32274107631268,25.298776717371094],[-107.32274107631268,25.299320762683287],[-107.32300864412625,25.299320727516992],[-107.32301306450046,25.299320719966925],[-107.32301757508647,25.299325165229334],[-107.32301757508647,25.29932962891312],[-107.32301757508647,25.29986474539545],[-107.32301757508647,25.299869209072014],[-107.32301757508647,25.299873672748518],[-107.32301306450046,25.29987369117945],[-107.32300864412625,25.299878074892362],[-107.32274107631268,25.29987811062782],[-107.32274107631268,25.300422154141863],[-107.32274107631268,25.300426617815678],[-107.32273665594322,25.300431001525165],[-107.32273214536222,25.300431019955123],[-107.32246466805263,25.300431044767407],[-107.32246466805263,25.300698602796203],[-107.32246466805263,25.300703066471016],[-107.32246015747647,25.300707548570255],[-107.32245573711194,25.300707468600297],[-107.32245122653593,25.300711950699373],[-107.3221837495234,25.300711975172128],[-107.3221837495234,25.300979533262172],[-107.3221837495234,25.300983996938],[-107.32217923895227,25.300983927833638],[-107.32217923895227,25.300988391509488],[-107.32217481859263,25.300988399056948],[-107.32190725166107,25.30098843406659],[-107.32190725166107,25.301255992216927],[-107.32190725166107,25.301260455893768],[-107.32190274109486,25.301260474306826],[-107.32190274109486,25.301264937983685],[-107.32189832074005,25.30126485800255],[-107.32163075410101,25.301264892677818],[-107.32163075410101,25.30237520970924],[-107.32245122653593,25.30237523434302],[-107.32245573711194,25.302375215890248],[-107.32246015747648,25.302379671961496],[-107.32246466805263,25.30238411716059],[-107.32246466805263,25.302388580812806],[-107.32246466805262,25.30265167362035],[-107.32246466805263,25.302656137268983],[-107.32300864412625,25.30265613307089],[-107.32301306450046,25.30265612546463],[-107.32301757508647,25.302656106985943],[-107.32301757508647,25.30266057062509],[-107.32301757508647,25.30266503426419],[-107.32301757508647,25.303485555139904],[-107.32328514319248,25.303485515103898],[-107.32328956357152,25.30348997109687],[-107.32329398395065,25.303489963466216],[-107.32329398395065,25.303494427089475],[-107.32329849454166,25.303494408585866],[-107.32329849454166,25.303498872208994],[-107.32329849454165,25.30404290865019],[-107.32356606294476,25.304042867418442],[-107.32357048332871,25.30404294729007],[-107.32357048332871,25.304047410901212],[-107.32357490371274,25.30404740325082],[-107.32357490371274,25.30405186686182],[-107.32357490371274,25.30460027790705],[-107.32384247240815,25.304600323011137],[-107.32384698300895,25.304600304467964],[-107.32385140339781,25.30460476039695],[-107.32385140339781,25.304609223995765],[-107.32385140339781,25.305153257473542],[-107.3241189723856,25.305153213874643],[-107.32412339277921,25.305153206185423],[-107.32412339277921,25.30515766977224],[-107.32412790338502,25.30515765120895],[-107.32412790338502,25.305162114795635],[-107.32412790338502,25.305429667323562],[-107.32412790338502,25.305434130906598],[-107.32413232377878,25.305434123212315],[-107.32467630343781,25.305434193204484],[-107.32468081405348,25.30543417461569],[-107.3246852344569,25.305438630474523],[-107.3246852344569,25.305443094047945],[-107.3246852344569,25.30571064578069],[-107.32495280432632,25.305710599752636],[-107.32495722473448,25.305710592023317],[-107.32496173535516,25.305710573419244],[-107.32496173535516,25.305715036984303],[-107.32496173535516,25.3057195005493],[-107.32496173535516,25.30598705177733],[-107.32522930551687,25.305987092370952],[-107.32523372592988,25.305987084626793],[-107.32523814634295,25.30599154043911],[-107.32523814634295,25.30599600399569],[-107.32524265696863,25.30599598537617],[-107.32524265696863,25.306263536094885],[-107.32551022742732,25.306263575779344],[-107.32551464784522,25.3062680315684],[-107.3255190682632,25.306268023808993],[-107.3255190682632,25.306272487357077],[-107.3255190682632,25.306276950905104],[-107.3255190682632,25.306544501115493],[-107.32578663901407,25.306544452375867],[-107.32579114964952,25.306544433726355],[-107.32579557007233,25.306544425952108],[-107.32579557007233,25.306548889491772],[-107.32579557007233,25.306553353031376],[-107.32579557007233,25.306820902736984],[-107.3263440639512,25.306820943630324],[-107.32634848438366,25.306820935831063],[-107.32634848438366,25.306825399357585],[-107.32635299502913,25.306825380682163],[-107.32635299502913,25.306829844208558],[-107.32635299502913,25.30709739312237],[-107.32717348277428,25.307097370665083],[-107.32717790322123,25.307097362830618],[-107.32718232366827,25.30710181850459],[-107.32718683432857,25.30710635082137],[-107.32718683432857,25.307110814329782],[-107.32718683432857,25.30737389866101],[-107.32718683432857,25.30737827464613],[-107.32773082055105,25.30737832674645],[-107.32773533122113,25.30737830800964],[-107.3277397516779,25.307378300149743],[-107.3277397516779,25.30738276364509],[-107.3277397516779,25.307387227140364],[-107.3277397516779,25.30765477418921],[-107.3280073247754,25.307654806881263],[-107.3280117452369,25.3076547990067],[-107.32801616569849,25.307654791131966],[-107.32801616569849,25.307659254618883],[-107.32802067637364,25.307663699353316],[-107.32802067637364,25.307931245892718],[-107.32856466438706,25.307931293062314],[-107.32856917507199,25.307931274284716],[-107.32856917507199,25.307935737758495],[-107.3285735955433,25.3079357298585],[-107.3285735955433,25.30794019333215],[-107.3285735955433,25.308207739084214],[-107.32995143314456,25.308207703579015],[-107.32995594385419,25.308212148191046],[-107.32996036434969,25.308212140235323],[-107.32996036434969,25.308216603681622],[-107.32996487505946,25.308216584846733],[-107.32996487505946,25.308221048292896],[-107.32996487505946,25.308488592397666],[-107.33050886724725,25.308488629590748],[-107.33051328775238,25.30848862161],[-107.330517798472,25.308488602749676],[-107.330517798472,25.30849306618277],[-107.330517798472,25.308497529615803],[-107.330517798472,25.308765072933163],[-107.3310662123614,25.30876509903805],[-107.33107072309087,25.308765080152227],[-107.33107072309087,25.308769543572183],[-107.33107514360582,25.308769535566],[-107.33107514360582,25.30877399898582],[-107.33107514360582,25.30904154151123],[-107.33357220558263,25.30904160560233],[-107.33357220558264,25.308774065628256],[-107.33357671635667,25.3087740466482],[-107.33357671635667,25.308769583271033],[-107.33357671635667,25.308765119893796],[-107.33358113691531,25.308765111795402],[-107.3335856476895,25.308765092815175],[-107.33384429561634,25.308765138427994],[-107.33384871617965,25.30876513031975],[-107.33384871617965,25.30876959369234],[-107.33385313674303,25.308769585583853],[-107.33385313674303,25.308774048956316],[-107.33385313674303,25.30959898417883],[-107.33412071629432,25.30959891372725],[-107.33412513686244,25.309598993111564],[-107.33412513686244,25.30960345646825],[-107.33412964764631,25.30960343745321],[-107.33412964764631,25.309607900809763],[-107.33412964764631,25.309875439542946],[-107.33439722748929,25.30987536819201],[-107.33440164806223,25.309875447561314],[-107.33440164806221,25.30987991090957],[-107.33440606863523,25.309879902761995],[-107.33440606863525,25.309884366110122],[-107.33440606863525,25.310151904338255],[-107.33440606863525,25.31015636768273],[-107.33467364876978,25.310156295428055],[-107.33467806934755,25.310156374782274],[-107.33468258014125,25.31015635573697],[-107.33468258014125,25.310160819076675],[-107.33468700071916,25.310160810914013],[-107.33468700071916,25.31016527425358],[-107.33468700071916,25.310709276132418],[-107.33495458115001,25.31070929020226],[-107.33495900173267,25.310709282020337],[-107.33495900173267,25.310713745347897],[-107.33496351253137,25.310713726282483],[-107.33496351253137,25.310718189609904],[-107.33496351253137,25.310985726596922],[-107.33523100303779,25.31098575065075],[-107.33523551384133,25.310990194889577],[-107.33523993442887,25.31099018669257],[-107.33523993442887,25.310994650011573],[-107.33523993442887,25.310999113330503],[-107.33523993442887,25.31126664980879],[-107.3357884487464,25.311266638195296],[-107.33579286934358,25.311266629973264],[-107.33579286934358,25.311271093279117],[-107.33579738015709,25.311271074172826],[-107.33579738015709,25.311275537478544],[-107.33579738015709,25.31181962274752],[-107.33606487154256,25.31181955657361],[-107.33606938236093,25.311819537447693],[-107.33606938236092,25.311824000741396],[-107.33607380296301,25.31182408001519],[-107.336073802963,25.311828543308756],[-107.336073802963,25.311832919086715],[-107.336073802963,25.31265346394914],[-107.33634138485628,25.3126534729373],[-107.33634580546311,25.31265346467152],[-107.33634580546311,25.312657927949306],[-107.33635022607,25.312657919683293],[-107.33635022607,25.312662382960937],[-107.33635022607,25.313210840563666],[-107.33635473689343,25.31321082140314],[-107.33661780825473,25.313210848365284],[-107.33662231908292,25.31321082919471],[-107.33662673969462,25.313210820909184],[-107.33662673969462,25.31321528417469],[-107.33663116030641,25.313215275888926],[-107.33663116030641,25.313219739154302],[-107.33663116030641,25.314044654581497],[-107.33689874278731,25.314044660903935],[-107.33690316340383,25.31404465259417],[-107.3369076742371,25.314049096648063],[-107.3369076742371,25.314053559897506],[-107.3369076742371,25.314597638306033],[-107.33717516679275,25.314597566817763],[-107.33717967763084,25.314597635116904],[-107.33717967763084,25.31460209835433],[-107.33718409825225,25.314602090024817],[-107.33718409825225,25.314606553262106],[-107.33718409825225,25.314611016499338],[-107.33718409825225,25.31515500590501],[-107.33745168131605,25.31515500985856],[-107.3374561019422,25.3151550015097],[-107.33746061278528,25.315154982274276],[-107.33746061278528,25.315159445499408],[-107.33746503341158,25.315163900375158],[-107.33746503341158,25.315707888290486],[-107.3377326167715,25.315707891051943],[-107.3377326167715,25.31571235426501],[-107.33773703740255,25.315712345896408],[-107.33774154825062,25.315712414154834],[-107.33774154825062,25.315716789853703],[-107.33774154825062,25.315721253066492],[-107.33774154825062,25.31598887069614],[-107.33800904168493,25.315988883440358],[-107.33801355253783,25.315988864169835],[-107.33801797317376,25.31598885578623],[-107.33801797317376,25.31599331899065],[-107.33801797317376,25.315997782194998],[-107.33801797317376,25.3162653118052],[-107.33828555711645,25.316265312762873],[-107.33828997775711,25.316265304364574],[-107.33829439839786,25.316269759162108],[-107.33829439839786,25.31627422235803],[-107.33829439839786,25.31654175146274],[-107.33829890925584,25.316541732172013],[-107.33884291931584,25.316541802338005],[-107.33884733996621,25.31654179391452],[-107.33884733996621,25.316546257097354],[-107.33885185083402,25.316546237785786],[-107.33885185083402,25.31655070096848],[-107.33885185083402,25.316555164151122],[-107.338851850834,25.316822692459485],[-107.33911934543796,25.316822701874496],[-107.33912385631061,25.316822682547965],[-107.33912827696587,25.31682267410939],[-107.33912827696587,25.316827137283653],[-107.33912827696587,25.31683160045786],[-107.33912827696587,25.317099128260683],[-107.33967679968495,25.317099174152787],[-107.33968122034982,25.31709916568919],[-107.33968122034982,25.3171036288503],[-107.33968564101478,25.317103620386455],[-107.33968564101478,25.317108083547435],[-107.33968564101478,25.317375610557537],[-107.34022965404519,25.317375585185175],[-107.34023416493753,25.317375653320166],[-107.34023858561213,25.317380107979247],[-107.34023858561213,25.317384571127075],[-107.34024309650462,25.317384551748876],[-107.34024309650462,25.317652077966148],[-107.34078711072884,25.317652049489805],[-107.34078711072884,25.317656512624616],[-107.34079153141305,25.317656504110712],[-107.34079595209732,25.317656583109088],[-107.34079595209732,25.31766104624369],[-107.34079595209732,25.317665509378234],[-107.34079595209732,25.317933034803715],[-107.34107247056296,25.317932999909083],[-107.34107247056295,25.3176654747662],[-107.34107247056296,25.31766101163638],[-107.34107689125214,25.317661003111887],[-107.34107689125214,25.317656539982067],[-107.34108140215953,25.31765652056772],[-107.34108582284885,25.317652048913253],[-107.34162983887748,25.317652104125326],[-107.34162983887748,25.317384579325495],[-107.34162983887748,25.31738011620138],[-107.34163425957635,25.317380107661098],[-107.34163425957635,25.317375644537],[-107.34163877049363,25.317375625106543],[-107.34190626803215,25.31737562773851],[-107.34190626803215,25.317108102998148],[-107.34190626803215,25.317103639875032],[-107.34191077895426,25.31710362043904],[-107.34191077895426,25.317099157315937],[-107.34191519965802,25.317099148770037],[-107.3419197105803,25.317099129333776],[-107.34274015845571,25.31709915494198],[-107.34274015845571,25.316831630830965],[-107.34274015845571,25.316827167718355],[-107.34274457917391,25.316827159146484],[-107.3427445791739,25.316822696033885],[-107.3427490901109,25.31682267657123],[-107.343016588818,25.31682267729109],[-107.343016588818,25.316555153239594],[-107.34302109975982,25.316550670659787],[-107.34302109975982,25.316546207548182],[-107.3430255204829,25.31654173585912],[-107.34303003142487,25.316541803902734],[-107.34385048288405,25.316541736148288],[-107.34385048288405,25.31627421272265],[-107.34385490362153,25.3162697410181],[-107.34385490362153,25.31626527791693],[-107.34385941457823,25.316265345933957],[-107.34386383531589,25.316265337330332],[-107.34467544796195,25.316265282004522],[-107.34467986871377,25.316265273370846],[-107.34468428946569,25.316269727824015],[-107.34468428946568,25.316274190910967],[-107.34468428946569,25.31654180099565],[-107.34495188042834,25.316541786792715],[-107.34495630118498,25.316541778144185],[-107.34496081216122,25.31654622168189],[-107.34496081216122,25.31655068476041],[-107.344965232918,25.31655513918978],[-107.344965232918,25.31709919674614],[-107.34523282417626,25.317099181346205],[-107.34523724493778,25.317099172677917],[-107.34523724493778,25.317103635744285],[-107.345241755919,25.317103616183203],[-107.345241755919,25.317108079249426],[-107.345241755919,25.317652047812665],[-107.34550925724848,25.317652129633995],[-107.34550925724848,25.317656505177414],[-107.3455136780148,25.317656584000407],[-107.34551818900093,25.317656564419444],[-107.34551818900093,25.317661027473513],[-107.34551818900093,25.317665490527528],[-107.34551818900093,25.31792408502488],[-107.34551818900093,25.317928548075347],[-107.3455136780148,25.317928567660978],[-107.3455136780148,25.31793303071147],[-107.34550925724848,25.317933039404004],[-107.345241755919,25.317933045380787],[-107.345241755919,25.31820949214859],[-107.34550925724848,25.31820948588919],[-107.3455136780148,25.318209477191996],[-107.3455136780148,25.318213940238696],[-107.34551818900093,25.318213920648166],[-107.34551818900093,25.318218383694735],[-107.34551818900093,25.3187669004112],[-107.34578569062111,25.318766892965183],[-107.34579020161208,25.31876687335493],[-107.34579462238328,25.318766864637983],[-107.34579462238328,25.318771327672387],[-107.34579462238328,25.318775790706734],[-107.34579462238328,25.31931975538394],[-107.34579913337438,25.319319823274185],[-107.34606221451409,25.319319823372346],[-107.34606663529003,25.319319814636046],[-107.34607114628596,25.319324258027997],[-107.34607556706206,25.319328712313393],[-107.34607556706204,25.31933317533544],[-107.34607556706206,25.31959623099934],[-107.34607556706206,25.319600694017787],[-107.34634315948838,25.319600673581572],[-107.34634758026921,25.319600752340254],[-107.3463520010501,25.31960520660237],[-107.3463520010501,25.319609669615982],[-107.3463520010501,25.319877187792475],[-107.34661959376722,25.31987716645649],[-107.34662401455283,25.319877157690254],[-107.34662852555864,25.319881601034677],[-107.34662852555864,25.31988606403984],[-107.34662852555864,25.320153669220282],[-107.34689602834636,25.320153657879008],[-107.34690053935701,25.32015363820324],[-107.3469049601475,25.320158092418776],[-107.3469049601475,25.320162555415504],[-107.34690938093809,25.320162546633938],[-107.34690938093809,25.320430151303807],[-107.34745340942612,25.32043008680325],[-107.34745792044664,25.32043453008543],[-107.34746234124682,25.320434608788386],[-107.34746234124682,25.320438984262395],[-107.34746234124682,25.320443447245832],[-107.34746234124682,25.320711051123237],[-107.34772993513164,25.320711026456088],[-107.34773435593657,25.320711017634874],[-107.34773877674154,25.3207110088135],[-107.34773877674154,25.320715471788553],[-107.34773877674154,25.320719934763552],[-107.34773877674154,25.320987538134847],[-107.34774328776712,25.320987518413098],[-107.34828731803788,25.320987448969454],[-107.34829173885247,25.320987527632102],[-107.34829173885247,25.320991990594],[-107.34829615966713,25.32099198174735],[-107.34829615966713,25.32099644470911],[-107.34829615966713,25.321263959777927],[-107.34856375442864,25.321263932684086],[-107.34856817524805,25.321263923822826],[-107.34856817524803,25.321268386776286],[-107.3485726862883,25.32126845452745],[-107.3485726862883,25.32127291748077],[-107.3485726862883,25.321277292925146],[-107.3485726862883,25.321544894993178],[-107.3491211391608,25.32154489924903],[-107.34912555998989,25.32154489036249],[-107.34913007104002,25.32154933351916],[-107.34913007104002,25.321553796459188],[-107.34913007104002,25.321821310225115],[-107.34939757645706,25.321821379105227],[-107.34940208751203,25.321821359306853],[-107.349406508346,25.32182581333694],[-107.349406508346,25.321830276268525],[-107.349406508346,25.32209778952842],[-107.3499549630148,25.322097788810147],[-107.34995947407964,25.322102231904577],[-107.34996389492328,25.322106773404297],[-107.34996389492326,25.322374285870847],[-107.34996389492328,25.322378748785532],[-107.35023149143775,25.32237871682874],[-107.35023591228611,25.322378707887218],[-107.35024033313454,25.32238316185544],[-107.35024033313454,25.322387624765298],[-107.35024033313454,25.322655224230214],[-107.35050792993952,25.322655191373546],[-107.35051235079268,25.322655182417172],[-107.3505168618674,25.322655162562597],[-107.3505168618674,25.322659625464066],[-107.3505168618674,25.32266408836547],[-107.3505168618674,25.322931687324054],[-107.3505212827207,25.322931678362682],[-107.35106531892772,25.322931679777117],[-107.35106973979053,25.32293167079554],[-107.35106973979053,25.32293613368384],[-107.35107425087513,25.322936113803515],[-107.35107425087513,25.32294057669168],[-107.35107425087513,25.323208087349034],[-107.35134175833456,25.323208150471544],[-107.35134626942397,25.32320813057632],[-107.35134626942397,25.32321259345618],[-107.35135069029167,25.32321258445951],[-107.35135069029167,25.323217047339234],[-107.35135069029167,25.3232215102189],[-107.35135069029167,25.323489020366523],[-107.35161819804142,25.323489082584675],[-107.35162270913573,25.32348906267424],[-107.35162713000823,25.323489053662726],[-107.35162713000823,25.323493516534004],[-107.3516316411027,25.32349349662316],[-107.3516316411027,25.323497959494297],[-107.35163164110268,25.323765469131175],[-107.35189914914748,25.323765530439484],[-107.35190357002477,25.32376552141312],[-107.35190357002477,25.323769984275952],[-107.35190808112415,25.32376996434997],[-107.35190808112415,25.32377442721267],[-107.35190808112415,25.32404193634338],[-107.35217558945922,25.32404199675188],[-107.35218010056342,25.324041976811007],[-107.35218010056342,25.324046439665395],[-107.3521845214456,25.324046430623934],[-107.3521845214456,25.324050893478187],[-107.3521845214456,25.32405535633238],[-107.3521845214456,25.32431848960959],[-107.3521845214456,25.324322864953306],[-107.35245212029312,25.32432291355748],[-107.35245654118,25.324322904501336],[-107.35246096206698,25.32432289544502],[-107.35246096206698,25.324327358290837],[-107.35246096206698,25.32433182113658],[-107.35246096206698,25.324599329251292],[-107.35246547317621,25.32459939679682],[-107.35273298209655,25.32459936788437],[-107.35273749321061,25.32459934791298],[-107.35273749321061,25.324603810750343],[-107.35274191410245,25.324603801678936],[-107.35274191410245,25.324608264516165],[-107.35274191410245,25.3248669339593],[-107.35274191410245,25.324871396792968],[-107.35273749321061,25.32487140586889],[-107.35273749321061,25.324875868702584],[-107.35273298209655,25.32487580117218],[-107.35246547317621,25.32487583036733],[-107.35246096206698,25.324875850333246],[-107.35246096206698,25.32542434146639],[-107.35246096206698,25.325428804297346],[-107.35245654118,25.325428725865837],[-107.35245654118,25.325433188696802],[-107.35245212029312,25.325433197771687],[-107.3521845214456,25.325433237810113],[-107.3521845214456,25.325977265770547],[-107.3521845214456,25.325981728598755],[-107.3521845214456,25.3259861914269],[-107.35218010056342,25.32598611299466],[-107.35217558945922,25.325986132968946],[-107.35190808112417,25.325986162055543],[-107.35190808112415,25.32625366939794],[-107.35190808112415,25.326258132227135],[-107.35190808112415,25.32626259505627],[-107.35190357002477,25.32626261502509],[-107.35189914914748,25.326267086922822],[-107.35163164110268,25.326267028173213],[-107.35163164110268,25.326534623077603],[-107.35162713000823,25.326539105870907],[-107.35162713000823,25.326543568701045],[-107.35162270913573,25.326543490257627],[-107.35161819804142,25.32654351022056],[-107.35079772153705,25.326543574990453],[-107.35079772153705,25.327087516501976],[-107.35079772153705,25.32709197933886],[-107.35079330067893,25.327096451217503],[-107.35078887982091,25.32709646025917],[-107.35078436874137,25.327100943037266],[-107.3505212827207,25.327100961127115],[-107.3505168618674,25.32710088265213],[-107.3505168618674,25.327368478022073],[-107.3505168618674,25.327372940859952],[-107.35051235079268,25.327372960795593],[-107.35051235079268,25.327377423633497],[-107.35050792993952,25.327377345162912],[-107.35024033313454,25.327377382849427],[-107.35024033313454,25.327644978278432],[-107.35024033313454,25.327649353610656],[-107.35023591228612,25.327649362641264],[-107.35023591228612,25.32765382548015],[-107.35023149143775,25.32765383451067],[-107.34968745701214,25.32765383913182],[-107.34968745701214,25.327921434902553],[-107.34968745701214,25.327925897747125],[-107.3496829459521,25.327925830154353],[-107.34968294595211,25.327930292998946],[-107.34967852511335,25.327930302013748],[-107.34967410427467,25.327930311028396],[-107.349406508346,25.327930347418867],[-107.349406508346,25.32793481026811],[-107.349406508346,25.328211244283057],[-107.35023149143775,25.328211251373858],[-107.35023591228611,25.328211242333936],[-107.35024033313454,25.328215696125074],[-107.35024033313454,25.32822015895623],[-107.35024033313454,25.32848766619656],[-107.35078436874137,25.328487744838025],[-107.35078887982091,25.328487724873007],[-107.35079330067893,25.328487715807878],[-107.35079330067893,25.328492178625936],[-107.35079772153705,25.328492169560565],[-107.35079772153705,25.32849663237849],[-107.35079772153705,25.32876413882509],[-107.35134175833456,25.328764126855177],[-107.35134626942397,25.328764194370457],[-107.35134626942397,25.328768657175345],[-107.35135069029167,25.32876864808494],[-107.35135069029167,25.32877311088969],[-107.35135069029167,25.32877757369438],[-107.35135069029167,25.329321597885897],[-107.35161819804142,25.3293215666327],[-107.35162270913573,25.329321546622033],[-107.35162713000823,25.329321537512104],[-107.35162713000823,25.329326000304683],[-107.35163164110268,25.329330443086032],[-107.35163164110268,25.330431875917007],[-107.35189914914748,25.330431842901454],[-107.35190357002477,25.330431833762596],[-107.35190357002477,25.330436296535456],[-107.35190808112415,25.330436364000263],[-107.35190808112415,25.330440826772982],[-107.35190808112415,25.330989222326576],[-107.35217558945922,25.330989275629186],[-107.35218010056342,25.330989255568912],[-107.3521845214456,25.33098924641031],[-107.3521845214456,25.330993709170848],[-107.3521845214456,25.33099817193132],[-107.3521845214456,25.331265762439312],[-107.35245212029312,25.331265716434903],[-107.35245654118,25.331265707261604],[-107.35246096206698,25.331270160840223],[-107.35246096206698,25.331274623592247],[-107.35246096206698,25.331542213593455],[-107.35246547317621,25.331542193512966],[-107.3530095135354,25.33154216819469],[-107.35301393443197,25.33154215899619],[-107.35301393443197,25.331546621735097],[-107.35301835532862,25.33154661253635],[-107.35301835532862,25.331551075275133],[-107.3530183553286,25.33181866448211],[-107.35301835532862,25.331823127217213],[-107.35328595505189,25.33182307878085],[-107.35329037595324,25.331823157071934],[-107.35329488707715,25.331823136955464],[-107.35329488707715,25.33182759968578],[-107.35329488707715,25.33183206241604],[-107.35329488707715,25.332099563607972],[-107.35384335011807,25.332099611630884],[-107.35384777102911,25.332099602392237],[-107.3538522821629,25.33210404496715],[-107.3538522821629,25.332108507684165],[-107.3538522821629,25.33237600808208],[-107.35439623525983,25.332376073141567],[-107.3544007464033,25.332376052974052],[-107.354405167324,25.33237604371019],[-107.354405167324,25.3323805064141],[-107.35440958824479,25.33238495985378],[-107.35440958824479,25.332652546961647],[-107.35467718942881,25.332652494570347],[-107.3546771894288,25.33265695726587],[-107.35468161035428,25.332656947987086],[-107.35468612150284,25.33266139049933],[-107.35468612150284,25.332665853194587],[-107.35468612150284,25.33320986404438],[-107.35495363275407,25.333209908873553],[-107.35495805368437,25.333209899575245],[-107.35495805368437,25.333214362258442],[-107.35496256483779,25.333214342055413],[-107.35496256483779,25.33321880473847],[-107.35496256483779,25.334877606102943],[-107.35523007637912,25.33487756110586],[-107.35523458753737,25.33487762836708],[-107.35523900847252,25.334877619030276],[-107.35523900847252,25.33488208168613],[-107.35523900847252,25.334886544341916],[-107.35523900847252,25.33515404106985],[-107.35524351963093,25.335154020822927],[-107.35550661052717,25.335154071770347],[-107.35551103146705,25.335154062418855],[-107.355515452407,25.335154053067203],[-107.355515452407,25.335158515714596],[-107.3555199635703,25.335158495457208],[-107.3555199635703,25.335162958104462],[-107.3555199635703,25.335711425742847],[-107.35578747569646,25.335711466151356],[-107.35579198686457,25.335711445874235],[-107.3557964078094,25.33571589913788],[-107.3557964078094,25.335720361772882],[-107.3557964078094,25.3359879447571],[-107.3560639202256,25.335987896763015],[-107.35606843139858,25.33598787647076],[-107.3560728523482,25.335992329711086],[-107.3560728523482,25.33599679233763],[-107.3560728523482,25.336264374814736],[-107.3568977667987,25.336264409022302],[-107.35690227798644,25.336264388693976],[-107.35690227798645,25.33626885130268],[-107.35690669895051,25.336268841880933],[-107.35690669895051,25.336273304489506],[-107.35690669895051,25.336540885889097],[-107.35690669895051,25.33654526099193],[-107.3571743027552,25.33654528654402],[-107.35717872372399,25.336545277107575],[-107.35718314469285,25.33654526767097],[-107.35718314469285,25.336549730271088],[-107.35718765588565,25.336554260029054],[-107.35718765588565,25.33682175341131],[-107.35745516976115,25.33682178896031],[-107.35745968095875,25.336821768601457],[-107.35745968095875,25.336826231193108],[-107.3574641019325,25.336826221741404],[-107.3574641019325,25.336830684332913],[-107.3574641019325,25.337098264709876],[-107.35773161609791,25.337098211857082],[-107.3577361273004,25.337098191483097],[-107.3577361273004,25.337102654066285],[-107.35774054827893,25.337102732101357],[-107.35774054827893,25.33710710718279],[-107.35774054827893,25.337655654432176],[-107.35800815295838,25.33765558948407],[-107.35801257394162,25.337655579998152],[-107.35801708514909,25.33765564710541],[-107.35801708514909,25.337660109676264],[-107.35801708514909,25.33766448474567],[-107.35801708514909,25.337932063880046],[-107.35828459989435,25.337932096441108],[-107.3582890208824,25.337932086940334],[-107.35829353209475,25.337932066531053],[-107.35829353209475,25.337936529093454],[-107.35829795308291,25.337936519592265],[-107.35829795308291,25.337940982154528],[-107.35829795308291,25.338208560777055],[-107.35856546812269,25.33820859242808],[-107.35856997933993,25.338208572003662],[-107.35856997933993,25.33821303455759],[-107.3585744003329,25.338213025041554],[-107.3585744003329,25.338217487595344],[-107.3585744003329,25.338221950149084],[-107.3585744003329,25.338484978209546],[-107.3585744003329,25.33848944075966],[-107.35884200588696,25.33848946059712],[-107.35884642688464,25.338489451066387],[-107.35885093810685,25.338489430626588],[-107.35885093810685,25.338493893171922],[-107.35885093810685,25.338498355717196],[-107.35885093810685,25.33876593332137],[-107.3596758615404,25.338765940510175],[-107.35968028255253,25.33876593094403],[-107.35968028255253,25.33877039347147],[-107.35968470356475,25.338770383905096],[-107.35968470356475,25.338774846432397],[-107.35968470356475,25.33904242295889],[-107.36106261950906,25.33904240343754],[-107.36106704054521,25.33904239381561],[-107.36107155180667,25.33904683578281],[-107.36107155180667,25.3390512982827],[-107.36107597284298,25.339051288660293],[-107.36107597284298,25.339318863538566],[-107.36162003156845,25.339318870448437],[-107.36162003156845,25.33932333293528],[-107.36162445261424,25.339323323288067],[-107.36162887366011,25.339323313640683],[-107.36162887366012,25.339327776127313],[-107.36162887366012,25.339332238613885],[-107.36162887366011,25.33959981269817],[-107.36189648241641,25.3395997370767],[-107.361900903467,25.339599814914195],[-107.36190541474319,25.33959979434053],[-107.36190541474319,25.339604256818696],[-107.36190541474319,25.339608719296802],[-107.36190983579392,25.339608709634245],[-107.36190983579392,25.339876283206465],[-107.36217735461904,25.339876217586248],[-107.36218186590011,25.339876284496853],[-107.36218186590011,25.339880746966557],[-107.36218628695563,25.339880737289217],[-107.36218628695563,25.33988519975878],[-107.36218628695563,25.34015268532417],[-107.36245380607032,25.34015270630318],[-107.36245831735629,25.340157148160475],[-107.3624627384166,25.34015713846827],[-107.3624627384166,25.340161600929378],[-107.3624627384166,25.34016606339042],[-107.3624627384166,25.340433635944077],[-107.36273034804668,25.340433645105964],[-107.36273476911171,25.340433635399073],[-107.36273919017681,25.340433625692018],[-107.36273919017681,25.34043808814466],[-107.36273919017681,25.340442550597235],[-107.36273919017681,25.340710122643358],[-107.36274370146779,25.34071010201911],[-107.36328767352019,25.340710109372818],[-107.36329218482088,25.340710088727956],[-107.36329218482088,25.340714551167412],[-107.36329660589563,25.34071454143506],[-107.36329660589563,25.340719003874383],[-107.36329660589563,25.340986575125417],[-107.36384066935165,25.340986568479998],[-107.36384509043587,25.340986558722832],[-107.36384951152019,25.3409910113917],[-107.36384951152019,25.340995473817838],[-107.36385402283081,25.340995453146952],[-107.36385402283081,25.341263023602867],[-107.36385402283081,25.341267486025245],[-107.36412154369211,25.3412675021391],[-107.36412605500752,25.341267481453315],[-107.36412605500752,25.341271943870982],[-107.36413047609669,25.34127193409848],[-107.36413047609669,25.341276396516015],[-107.36413047609669,25.34154396646071],[-107.36439799724747,25.341543981674224],[-107.36440250856775,25.341543960973304],[-107.36440692966171,25.34154395118602],[-107.36440692966171,25.34154841359515],[-107.36440692966171,25.341552876004215],[-107.36440692966171,25.341820445441293],[-107.36467445110192,25.341820459754477],[-107.36467896242709,25.341820439038408],[-107.36467896242709,25.341824901439146],[-107.36468338352583,25.341824891636932],[-107.36468338352583,25.341829354037525],[-107.36468338352583,25.342096922966963],[-107.36468789485117,25.342096902245807],[-107.36495541658552,25.342096915648597],[-107.36495541658552,25.342101378040862],[-107.36495983768906,25.342101368223783],[-107.36496434901926,25.34210580988422],[-107.36496434901926,25.34211027227621],[-107.36496434901926,25.342377840689768],[-107.36606574755938,25.342377774401264],[-107.36607016868211,25.342377764538575],[-107.36607468003193,25.342382293627264],[-107.36607468003193,25.34238675599656],[-107.36607468003193,25.342654235551503],[-107.36689953656872,25.342654279142124],[-107.36690404793318,25.342654258328096],[-107.36690404793318,25.342658720679545],[-107.3669084690704,25.3426587107812],[-107.3669084690704,25.34266317313252],[-107.3669084690704,25.342921814411216],[-107.36690846907041,25.34292627675896],[-107.36690404793318,25.34292628666181],[-107.36690404793318,25.342930749009575],[-107.36689953656872,25.34293076982836],[-107.36663201279958,25.342930761620828],[-107.36663201279958,25.344032173340874],[-107.36662759166714,25.344036558092885],[-107.36662759166714,25.34404102043031],[-107.36662308030756,25.344041041257803],[-107.36661865917526,25.344041051168947],[-107.36635113570004,25.344041043470504],[-107.36635113570004,25.34404550581259],[-107.36635113570004,25.344313071233394],[-107.36635113570004,25.34431753357179],[-107.36634662434535,25.344317554393644],[-107.36634662434535,25.34432201673206],[-107.36634220321784,25.34432193914093],[-107.36607468003193,25.34432193111253],[-107.36607468003193,25.344589496591524],[-107.36607468003193,25.344593958930897],[-107.36607016868211,25.34459397974711],[-107.36607016868211,25.3445984420865],[-107.36606574755938,25.34459845198667],[-107.36579813443589,25.344598454539582],[-107.36579813443589,25.345142422572895],[-107.36579813443589,25.345146884909486],[-107.36579371331787,25.345146894808895],[-107.36579371331787,25.3451513571455],[-107.36578929219992,25.345151367044817],[-107.36578929219992,25.345155829381437],[-107.36578478085515,25.345155850196587],[-107.36551725825262,25.345155841776677],[-107.36551725825262,25.345423407148004],[-107.36551725825262,25.345427869485576],[-107.36551274691266,25.34543226513596],[-107.36550832579957,25.345432275029662],[-107.36524080348643,25.345432266275207],[-107.36524080348643,25.345976321586154],[-107.36524080348643,25.34598078392094],[-107.36524080348643,25.34598524625567],[-107.36523629215134,25.345985179567705],[-107.36523187104302,25.34598965179537],[-107.36496434901926,25.34598964299388],[-107.36496434901926,25.34625720825281],[-107.36495983768906,25.346261691391664],[-107.36495541658552,25.34626616361477],[-107.36440692966171,25.34626610868092],[-107.36440692966171,25.34681016434778],[-107.36440692966171,25.34681462668549],[-107.36440692966171,25.346819089023136],[-107.36440250856775,25.346819098899473],[-107.36439799724747,25.346819032194283],[-107.36413047609669,25.346819109875987],[-107.36413047609669,25.34682348472138],[-107.36413047609669,25.347367540041247],[-107.36413047609669,25.347372002376108],[-107.36412605500752,25.347372012251586],[-107.36412605500752,25.347376474586472],[-107.36412154369211,25.347376495377286],[-107.36385402283081,25.347376485515074],[-107.36385402283081,25.347643963285005],[-107.36385402283081,25.347648425620836],[-107.36384951152019,25.3476484464061],[-107.36384951152019,25.347652908741942],[-107.36384509043587,25.347652918611804],[-107.36384066935165,25.34765292848151],[-107.36329660589563,25.347652948999883],[-107.36329660589563,25.34820137952321],[-107.36329660589563,25.348205841860985],[-107.36329218482088,25.348205851719797],[-107.36329218482088,25.348210314057585],[-107.36328767352019,25.3482103348314],[-107.36302015353212,25.348210323959915],[-107.36302015353212,25.349320657869644],[-107.36328767352019,25.349320667604978],[-107.36329218482088,25.349320646812075],[-107.36329218482088,25.349325109134725],[-107.36329660589563,25.349325099257026],[-107.36329660589563,25.349329561579534],[-107.36329660589563,25.35153236656237],[-107.36329660589563,25.351536828854897],[-107.36329218482088,25.351541213566534],[-107.36328767352019,25.35154123439761],[-107.36302015353212,25.351541226934444],[-107.36302015353212,25.351545689231564],[-107.36302015353212,25.351808789662485],[-107.36302015353212,25.351813251955974],[-107.36301573246215,25.351817724158984],[-107.36301122116636,25.351822207277934],[-107.36300680009654,25.351822217187262],[-107.36274370146779,25.35182219948472],[-107.36273919017681,25.351822220300008],[-107.36273919017681,25.352089695590596],[-107.36273919017681,25.35209415788506],[-107.36273476911171,25.35209863008342],[-107.36273034804668,25.35209863998722],[-107.3624627384166,25.352098642765135],[-107.3624627384166,25.35265599219775],[-107.36273034804668,25.352655988849392],[-107.36273476911171,25.35265606643201],[-107.36273919017681,25.352656056518637],[-107.36273919017681,25.352660518805397],[-107.36273919017681,25.352664981092104],[-107.36273919017681,25.352932543191706],[-107.36274370146779,25.352932522357325],[-107.36300680009654,25.352932451446883],[-107.36301122116636,25.35293252901447],[-107.36301573246216,25.352932508169868],[-107.36301573246216,25.35293697044815],[-107.36302015353212,25.352936960519678],[-107.36302015353212,25.352941422797826],[-107.36302015353212,25.35320898438454],[-107.36328767352019,25.35320899014124],[-107.36329218482088,25.353208969281496],[-107.36329218482088,25.3532134315513],[-107.36329660589563,25.353213421607965],[-107.36329660589563,25.353217883877637],[-107.36329660589563,25.353485444956036],[-107.36356412617323,25.3534854498123],[-107.36356412617323,25.3534899120737],[-107.36356863747879,25.353489891198734],[-107.36357305855833,25.353489881240534],[-107.36357305855833,25.35349434350173],[-107.36357305855833,25.353498805762868],[-107.36357305855833,25.353766366329296],[-107.36384066935165,25.35376635936331],[-107.36384509043587,25.353766349390416],[-107.36384951152019,25.35376633941736],[-107.36384951152019,25.353770801670073],[-107.36385402283081,25.353775243032125],[-107.36385402283081,25.35404280308561],[-107.36412154369211,25.354042806126323],[-107.36412605500752,25.35404278522089],[-107.36412605500752,25.354047247465125],[-107.36413047609669,25.354047237476966],[-107.36413047609669,25.354051699721065],[-107.36413047609669,25.354319259266184],[-107.36439799724747,25.35431926140642],[-107.36440250856775,25.354323702721608],[-107.36440692966171,25.354323692718584],[-107.36440692966171,25.354328154954196],[-107.36440692966171,25.354332617189762],[-107.36440692966171,25.354600176222842],[-107.36467445110192,25.354600177458043],[-107.36467896242709,25.354600156522242],[-107.36468338352583,25.354600233999005],[-107.36468338352583,25.354604696226147],[-107.36468338352583,25.35460915845323],[-107.36468338352583,25.354876629483257],[-107.36468789485117,25.354876696036943],[-107.36495541658552,25.354876696361504],[-107.36495983768906,25.354876686328748],[-107.36495983768906,25.354881148547417],[-107.36496434901926,25.354881127596055],[-107.36496434901926,25.35488558981458],[-107.36496434901926,25.35515314782615],[-107.36550832579957,25.355153115042647],[-107.36551274691266,25.35515310498484],[-107.36551274691266,25.355157567190304],[-107.36551725825262,25.355157546213412],[-107.36551725825262,25.355162008418738],[-107.36551725825262,25.355166470624],[-107.36551725825262,25.355429565638953],[-107.36551725825262,25.35543402784058],[-107.36578478085515,25.35543402574198],[-107.36578929219992,25.3554340047501],[-107.36579371331787,25.355434082171247],[-107.36579371331787,25.35543854436809],[-107.36579813443589,25.35543853429494],[-107.36579813443589,25.35544299649165],[-107.36579813443589,25.355710553195163],[-107.36606574755939,25.355710539266667],[-107.36607016868211,25.3557105291789],[-107.36607016868211,25.355714991367265],[-107.36607468003193,25.355714970359827],[-107.36607468003193,25.355719432548057],[-107.36607468003193,25.35598698874299],[-107.36634220321784,25.355986984833198],[-107.36634662434535,25.355986974730552],[-107.36634662434535,25.35599143691044],[-107.36635113570004,25.35599141588786],[-107.36635113570004,25.355995878067603],[-107.36635113570004,25.356263433754034],[-107.36661865917526,25.3562634289437],[-107.36662308030756,25.35626341882619],[-107.36662308030756,25.356267880997592],[-107.36662759166714,25.356267859959868],[-107.36662759166714,25.356272322131144],[-107.36663201279958,25.356276861677827],[-107.36663201279958,25.35654432935402],[-107.36689953656871,25.35654441112209],[-107.36690404793318,25.35654439006922],[-107.36690404793318,25.356548852232006],[-107.3669084690704,25.35654884209915],[-107.36690846907041,25.356553304261798],[-107.36690846907041,25.35682085892292],[-107.36745254021531,25.356820802916975],[-107.36745696136202,25.356820792759304],[-107.36746138250881,25.356825332244107],[-107.36746138250881,25.356829794393555],[-107.36746138250881,25.357097260770033],[-107.36746589388316,25.357097327179584],[-107.36772899737329,25.357097329197828],[-107.36773341852478,25.357097319025296],[-107.36773783967637,25.35710177099362],[-107.3677423510556,25.35710621204054],[-107.3677423510556,25.357110674181364],[-107.3677423510556,25.357378227534063],[-107.36800987598646,25.357378218474626],[-107.36801438737048,25.35737819736567],[-107.3680188085269,25.357382649310274],[-107.3680188085269,25.35738711144262],[-107.3680188085269,25.357654664286702],[-107.36856279180628,25.3576546999148],[-107.36856730320007,25.357654678780307],[-107.36857172436606,25.357654668567438],[-107.36857172436606,25.35765913068664],[-107.36857623576,25.35766357167079],[-107.36857623576,25.362920868126288],[-107.36857623576,25.362925330173663],[-107.36857172436606,25.362925351399127],[-107.36857172436606,25.362929813446517],[-107.36856730320007,25.36292982374845],[-107.36856279180628,25.362934219530004],[-107.36829526629705,25.362934235510988],[-107.36829526629705,25.36375472710709],[-107.36829526629705,25.363759189147892],[-107.36829526629707,25.363763651188634],[-107.36829084513585,25.363763661494442],[-107.36828633374694,25.36376368272358],[-107.3680188085269,25.36376361144459],[-107.3680188085269,25.363768073489986],[-107.3680188085269,25.364312092608532],[-107.3680188085269,25.364316554646457],[-107.36801438737048,25.36431656495139],[-107.36801438737048,25.364321026989327],[-107.36800987598644,25.364321048217658],[-107.3677423510556,25.364321064382363],[-107.3677423510556,25.370144590478333],[-107.3677423510556,25.37014905244135],[-107.36773783967637,25.37014907375965],[-107.36773783967637,25.370153535722682],[-107.3677334185248,25.370153546115787],[-107.36772899737329,25.370153556508736],[-107.36746589388316,25.37015356763117],[-107.36746138250881,25.37015358893915],[-107.36746138250881,25.370421131913584],[-107.36746138250881,25.370425593877613],[-107.36746138250881,25.37043005584159],[-107.36745696136202,25.370429978739665],[-107.36745254021531,25.370429989127086],[-107.36718492564015,25.370430021222376],[-107.36718492564015,25.37043448319101],[-107.36718492564015,25.370702026218222],[-107.36718492564015,25.37070648818314],[-107.36718050449814,25.370706498565177],[-107.36718050449814,25.370710960530108],[-107.36717599312881,25.370710894347425],[-107.36579813443589,25.370710965193375],[-107.36579813443589,25.37097850941321],[-107.36579371331787,25.370982894243642],[-107.36579371331787,25.370987356228465],[-107.36578929219992,25.370987366563913],[-107.36578478085515,25.370987387823167],[-107.36551725825262,25.370987405836598],[-107.36551725825262,25.371254950117308],[-107.36551725825262,25.371259412103125],[-107.36551725825262,25.371263874088886],[-107.36551274691266,25.371263895342665],[-107.36550832579958,25.37126381818249],[-107.36524080348643,25.371263835860873],[-107.36524080348643,25.37153138019793],[-107.36524080348643,25.371535842184688],[-107.36524080348643,25.371540304171386],[-107.36523629215134,25.371540325419513],[-107.36523187104302,25.37154479773052],[-107.36496434901926,25.371544815078497],[-107.36496434901926,25.371812359468148],[-107.36496434901926,25.371816821455784],[-107.36495983768906,25.37181675520832],[-107.36495983768906,25.371821217195976],[-107.36495541658552,25.371821227514722],[-107.36468789485117,25.371821244527638],[-107.36468338352583,25.371821265759806],[-107.36468338352583,25.372088810210347],[-107.36468338352584,25.372093272199002],[-107.36468338352583,25.372097734187594],[-107.36467896242709,25.37209774450081],[-107.36467445110192,25.372097678247425],[-107.36440692966171,25.3720976949152],[-107.36440692966171,25.37236523942202],[-107.36440692966171,25.372369701411607],[-107.36440692966171,25.37237416340113],[-107.36440250856775,25.372374173708817],[-107.36439799724747,25.372374194939756],[-107.36439799724747,25.372378656929378],[-107.36385402283081,25.372378633014247],[-107.36385402283081,25.372646177856474],[-107.36384951152019,25.372646199071458],[-107.36384951152019,25.372650661066714],[-107.36384509043587,25.372655133353778],[-107.36384066935165,25.37265505615537],[-107.36302015353212,25.37265508680891],[-107.36302015353212,25.372922632277653],[-107.36302015353212,25.372927094283284],[-107.36301573246216,25.372927104549127],[-107.36301573246216,25.372931566554772],[-107.36301122116636,25.37293158774314],[-107.36300680009654,25.372931598008734],[-107.36274370146779,25.372931601546625],[-107.36273919017681,25.37293153523435],[-107.36273919017681,25.373765405158732],[-107.36274370146779,25.37376538396627],[-107.36300680009654,25.37376537958951],[-107.36301122116636,25.373765456799934],[-107.36301573246216,25.37376543559725],[-107.36301573246216,25.373769897591423],[-107.36302015353212,25.37376988731136],[-107.36302015353212,25.3737743493054],[-107.36302015353212,25.37487576004634],[-107.36328767352019,25.37487574363615],[-107.36329218482088,25.37487572240397],[-107.36329218482088,25.37488018437825],[-107.36329660589563,25.37488017406924],[-107.36329660589563,25.374884636043387],[-107.36329660589563,25.376534512412324],[-107.36329660589563,25.376538974363818],[-107.36329218482088,25.37653898470081],[-107.36329218482088,25.37654344665233],[-107.36328767352019,25.376543467913162],[-107.36302015353212,25.37654339854003],[-107.36302015353212,25.3768109408189],[-107.36302015353212,25.376815402771324],[-107.36301573246215,25.376815413102786],[-107.36301573246215,25.37681987505523],[-107.36301122116636,25.376819896310412],[-107.36300680009654,25.376819906641618],[-107.36274370146779,25.376819914091435],[-107.36273919017681,25.376819935336393],[-107.36273919017681,25.378211100608834],[-107.36274370146779,25.378211166828955],[-107.36300680009654,25.378211157979475],[-107.36301122116636,25.378211147624793],[-107.36301573246215,25.378211126345697],[-107.36301573246216,25.378215588279026],[-107.36302015353212,25.378215577923942],[-107.36302015353212,25.378220039857137],[-107.36302015353212,25.380155288257683],[-107.36328767352019,25.38015535393515],[-107.36329218482088,25.380155332612247],[-107.36329660589563,25.38015978411613],[-107.36329660589563,25.380164246017976],[-107.36329660589563,25.381265633997014],[-107.36356412617323,25.38126561043242],[-107.36356863747879,25.381265589080023],[-107.36357305855833,25.381270128022916],[-107.36357305855833,25.38127450241695],[-107.36357305855833,25.382919970304773],[-107.36357305855833,25.382924432164064],[-107.36357305855833,25.38292889402329],[-107.36356863747879,25.382928904478323],[-107.36356863747879,25.382933366337568],[-107.36356412617323,25.382933300231176],[-107.36329660589563,25.382933325501654],[-107.36329660589563,25.387655517950247],[-107.36356412617323,25.387655487849607],[-107.36356863747879,25.387655553873575],[-107.36357305855833,25.387655543338795],[-107.36357305855833,25.387660005133103],[-107.36357305855833,25.387664466927344],[-107.36357305855833,25.388765828341455],[-107.36384066935165,25.38876578555888],[-107.36384509043587,25.388765862481097],[-107.36384951152019,25.38876585191738],[-107.36384951152019,25.38877031369172],[-107.36385402283081,25.388774753973827],[-107.36385402283081,25.389876110439936],[-107.36412154369211,25.389876164306976],[-107.36412605500752,25.389876142785642],[-107.36412605500752,25.38988060454001],[-107.36413047609669,25.38988059394711],[-107.36413047609669,25.38988505570134],[-107.36413047609669,25.39043350106298],[-107.36439799724747,25.39043355374147],[-107.36440250856775,25.390433532200163],[-107.36440692966171,25.390433521587724],[-107.36440692966171,25.390437983329644],[-107.36440692966171,25.390442445071496],[-107.36440692966171,25.390709974500297],[-107.36467445110192,25.39071002627765],[-107.36467896242709,25.390710004721182],[-107.36468338352583,25.390714455827272],[-107.36468338352583,25.39071891756061],[-107.36468338352583,25.391262898628185],[-107.36468338352583,25.391267360353986],[-107.36468789485117,25.391267426272425],[-107.36495541658552,25.391267389366313],[-107.36495983768906,25.3912673787194],[-107.36495983768906,25.391271840440417],[-107.36496434901926,25.391271818863558],[-107.36496434901926,25.391276280584442],[-107.36496434901926,25.391543808755767],[-107.36523187104302,25.391543858433312],[-107.36523629215134,25.39154384777153],[-107.36523629215134,25.391548309484037],[-107.36524080348643,25.39154828789202],[-107.36524080348643,25.391552749604383],[-107.36524080348643,25.391820277264994],[-107.36550832579957,25.391820326041366],[-107.36551274691266,25.39182031536471],[-107.36551274691266,25.391824777068692],[-107.36551725825262,25.391824755461528],[-107.36551725825262,25.391829217165377],[-107.36551725825262,25.392096744315257],[-107.36578478085515,25.39209679219045],[-107.36578929219992,25.39209677056837],[-107.36578929219992,25.39210123226383],[-107.36579371331787,25.392101221572066],[-107.36579371331787,25.39210568326739],[-107.36579813443589,25.392105672575383],[-107.36579813443589,25.392110134270574],[-107.36579813443589,25.394321902752086],[-107.36606574755938,25.39432184930733],[-107.36607016868211,25.394321838567883],[-107.36607468003193,25.394326366040353],[-107.36607468003193,25.39433082770028],[-107.36607468003193,25.39515570883138],[-107.36634220321784,25.39515575232991],[-107.36634662434535,25.395155741566185],[-107.36635113570004,25.395155719870388],[-107.36635113570004,25.39516018151419],[-107.36635113570004,25.395164643157937],[-107.36635113570004,25.395432166703714],[-107.36661865917526,25.395432209301017],[-107.36662308030756,25.395432198522418],[-107.36662759166714,25.395432176811468],[-107.36662759166714,25.395436638446757],[-107.36662759166714,25.39544110008197],[-107.36663201279958,25.395441089302896],[-107.36663201279958,25.3957086123332],[-107.36689953656872,25.395708654019376],[-107.36690404793318,25.395713093920033],[-107.3669084690704,25.395717544752774],[-107.3669084690704,25.395722006379344],[-107.3669084690704,25.396266061910765],[-107.36717599312881,25.39626601492553],[-107.36718050449814,25.39626608066208],[-107.36718050449812,25.396270454793815],[-107.36718492564015,25.396270531462957],[-107.36718492564015,25.39627499307719],[-107.36718492564015,25.3968189596227],[-107.36745254021531,25.396818988002757],[-107.36745696136202,25.396818977169975],[-107.36745696136202,25.396823438772014],[-107.36746138250881,25.396823427938983],[-107.36746138250881,25.39682788954089],[-107.36746138250881,25.396832351142734],[-107.36746138250881,25.397099872176184],[-107.36746589388316,25.397099850405034],[-107.36772899737329,25.397099899650126],[-107.36773341852478,25.39709988880239],[-107.36773783967637,25.397099877954492],[-107.36773783967637,25.39710433954787],[-107.3677423510556,25.39710431776623],[-107.3677423510556,25.39710877935947],[-107.3677423510556,25.397652830827806],[-107.36800987598646,25.397652780558932],[-107.36801438737048,25.39765730782066],[-107.3680188085269,25.39765729695297],[-107.3680188085269,25.39766175853389],[-107.3680188085269,25.397666220114743],[-107.3680188085269,25.39793373988941],[-107.36828633374694,25.397933776196655],[-107.36829084513585,25.397933754380123],[-107.36829526629705,25.397933743497568],[-107.36829526629705,25.397938205069956],[-107.36829526629707,25.39794266664228],[-107.36829526629705,25.398486715559812],[-107.36856279180628,25.398486663201215],[-107.36856730320007,25.39848664136477],[-107.36857172436606,25.398491092022734],[-107.36857172436606,25.398495553582727],[-107.36857623576,25.398495619227365],[-107.36857623576,25.39876313774677],[-107.36857623576,25.398767599302925],[-107.3688437615631,25.398767633509955],[-107.36884818273386,25.398767622592917],[-107.36884818273386,25.39877208414438],[-107.36885269413268,25.398772062292288],[-107.36885269413268,25.39877652384362],[-107.36885269413268,25.39932048271942],[-107.36912022022491,25.39932051574225],[-107.36912464140046,25.39932050480567],[-107.36912915280416,25.399324944472802],[-107.36912915280416,25.39932940601179],[-107.36912915280416,25.399597010757823],[-107.36939667918553,25.399596955398223],[-107.36940110036583,25.39959703192776],[-107.36940110036585,25.39960149345837],[-107.36940561177441,25.399601471571216],[-107.36940561177441,25.399605933101682],[-107.36940561177441,25.39961039463208],[-107.36940561177441,25.399877911382035],[-107.36941003295489,25.39987790042551],[-107.36967755962999,25.399877931631107],[-107.36968207104343,25.3998779097288],[-107.36968207104343,25.399882371250737],[-107.36968649222868,25.39988236028392],[-107.36968649222868,25.39988682180573],[-107.36968649222868,25.40043086456237],[-107.36995401919286,25.40043080710306],[-107.36995853061119,25.40043087266141],[-107.36995853061119,25.40043533417101],[-107.36996295180121,25.400435323184666],[-107.36996295180121,25.40043978469413],[-107.36996295180121,25.400444246203538],[-107.36996295180121,25.400979276963845],[-107.36996295180121,25.400983738465815],[-107.36995853061119,25.400983749461414],[-107.36995853061119,25.400988210963398],[-107.36995401919286,25.400988232895205],[-107.36968649222868,25.400988203444278],[-107.3696864922287,25.40125580624875],[-107.36968649222868,25.40126026775162],[-107.36968207104343,25.40126019126123],[-107.36968207104343,25.401264652764127],[-107.36967755962999,25.401264674690275],[-107.36941003295489,25.401264732384295],[-107.36940561177441,25.401264655883686],[-107.36940561177441,25.40153225874707],[-107.36940561177441,25.401536720250927],[-107.36940561177441,25.401541181754723],[-107.36940110036585,25.40154111619475],[-107.36939667918553,25.401541127179012],[-107.36885269413268,25.401541186661333],[-107.36885269413268,25.40154564817451],[-107.36885269413268,25.401813163890875],[-107.36884818273386,25.40181764730472],[-107.3688437615631,25.401822119782743],[-107.36857623576,25.401822088701312],[-107.36857623576,25.402089604472007],[-107.36857172436606,25.40209408788111],[-107.36857172436606,25.402098549391447],[-107.36856730320007,25.4020985603545],[-107.36856279180628,25.40209858225301],[-107.3680188085269,25.402098551621222],[-107.3680188085269,25.402642594130153],[-107.3680188085269,25.402647055642365],[-107.3680188085269,25.402651429673888],[-107.36801438737048,25.402651440625842],[-107.36800987598644,25.402655924025293],[-107.3677423510556,25.402655891931474],[-107.3677423510556,25.403476372573948],[-107.3677423510556,25.403480834079378],[-107.36773783967637,25.403485317476044],[-107.3677334185248,25.403485328431696],[-107.36772899737329,25.40348980089271],[-107.36746589388316,25.403489758078027],[-107.36746138250881,25.403489779959],[-107.36746138250881,25.404033821287925],[-107.36746138250881,25.404038282790456],[-107.36745696136202,25.40404266776734],[-107.36745254021531,25.404042678722014],[-107.36718492564015,25.40404274521599],[-107.36718492564015,25.40458669870946],[-107.36718492564015,25.404591160209083],[-107.36718492564015,25.404595621708644],[-107.36718050449812,25.404595632662605],[-107.36718050449814,25.404600094162177],[-107.36717599312882,25.404600116051487],[-107.36690846907041,25.40460008408128],[-107.3669084690704,25.405429485393235],[-107.36690846907041,25.405433946885946],[-107.36717599312882,25.405433978003007],[-107.36718050449812,25.405433956099365],[-107.36718492564015,25.40543840661918],[-107.36718492564015,25.405442868107052],[-107.36718492564015,25.405710382306264],[-107.36772899737329,25.405710398281155],[-107.3677334185248,25.405710387288128],[-107.36773783967637,25.405710463774827],[-107.36773783967637,25.40571483776961],[-107.3677423510556,25.40571490331989],[-107.3677423510556,25.405719364794436],[-107.3677423510556,25.405986878194565],[-107.36800987598644,25.405986906880177],[-107.36801438737048,25.405986884935643],[-107.36801438737048,25.40599134640179],[-107.3680188085269,25.40599133539348],[-107.3680188085269,25.405995796859486],[-107.3680188085269,25.406544294270162],[-107.36828633374694,25.4065442342874],[-107.36829084513585,25.406544299802373],[-107.36829526629705,25.40654428877452],[-107.36829526629705,25.406548750228175],[-107.36829526629705,25.40655321168177],[-107.36829526629705,25.406820723826062],[-107.36856279180628,25.40682075042138],[-107.36856730320007,25.406820728441705],[-107.36857172436606,25.406820717398983],[-107.36857172436606,25.406825178844105],[-107.36857623576,25.406829618309],[-107.36857623576,25.407097217416254],[-107.3688437615631,25.407097155620857],[-107.3688437615631,25.40710161705753],[-107.36884818273386,25.407101693479],[-107.36885269413268,25.4071061329202],[-107.36885269413268,25.407110594356595],[-107.36885269413268,25.407378105469146],[-107.36939667918553,25.407378121323156],[-107.36940110036583,25.407378110240394],[-107.36940561177441,25.407378088219577],[-107.36940561177441,25.407382549642783],[-107.36940561177441,25.40738701106593],[-107.36940561177441,25.40765460886274],[-107.36941003295489,25.407654597774982],[-107.36967755962999,25.40765462102278],[-107.36968207104343,25.407654598986802],[-107.36968207104343,25.407659060401468],[-107.36968649222868,25.407659049303422],[-107.36968649222868,25.407663510717956],[-107.3696864922287,25.407931020519634],[-107.36995401919285,25.407931042865997],[-107.36995853061119,25.407931020814864],[-107.36995853061119,25.40793548222099],[-107.36996295180121,25.407935471108075],[-107.36996295180121,25.40793993251407],[-107.36996295180121,25.408488422546228],[-107.37023047905446,25.408488443703614],[-107.37023499047766,25.4084884216325],[-107.37023941167246,25.408488410500038],[-107.37023941167246,25.408492871893674],[-107.37023941167246,25.40849733328725],[-107.37023941167246,25.408764929310923],[-107.37050693921475,25.408764862088614],[-107.37051145064281,25.408764927480476],[-107.37051587184239,25.408764916333144],[-107.3705158718424,25.408769377718247],[-107.37051587184239,25.408773839103283],[-107.37052038327063,25.40877381701652],[-107.37052038327063,25.409598734784986],[-107.37078791110666,25.409598753558893],[-107.37079233231103,25.409598742387267],[-107.37079233231103,25.409603203756134],[-107.37079684374412,25.4096031816447],[-107.37079684374412,25.409607643013427],[-107.37079684374413,25.41015166710264],[-107.37079684374412,25.41015612846379],[-107.37106437186915,25.410156146048678],[-107.37106879307831,25.410156134857438],[-107.37107330451627,25.410156112726096],[-107.37107330451627,25.410160574082468],[-107.37107330451627,25.410165035438773],[-107.37107330451627,25.41043262922692],[-107.3713408329303,25.41043264591023],[-107.37134525414422,25.410432634704115],[-107.37134976558707,25.410432612557617],[-107.37134976558707,25.410437073905445],[-107.37134976558707,25.41044153525321],[-107.37135418680114,25.41044152404661],[-107.37135418680114,25.410985545570867],[-107.37189826740097,25.41098553159696],[-107.37189826740097,25.410989992927796],[-107.37190268862449,25.410989981691678],[-107.37190710984811,25.4109899704554],[-107.37190710984811,25.410994431786015],[-107.37190710984811,25.410998893116574],[-107.37190710984811,25.411266485360027],[-107.37274100812526,25.41126649026854],[-107.37274100812526,25.410998898878645],[-107.37274100812526,25.41099443756232],[-107.37274100812526,25.41098997624593],[-107.37274542936336,25.410989964978686],[-107.37274994083087,25.410990030246676],[-107.37274994083087,25.41098556893039],[-107.37411881397774,25.410985512722448],[-107.37412332546945,25.41098995175487],[-107.37412774673143,25.410990027912895],[-107.37412774673143,25.410994489205613],[-107.37412774673143,25.41099895049827],[-107.37412774673143,25.411266452992372],[-107.37413225822331,25.411266430726766],[-107.37495271945726,25.411266476062128],[-107.37495714073354,25.41126646470852],[-107.37496165224002,25.4112664424117],[-107.37496165224002,25.41127090368636],[-107.37496165224002,25.41127536496097],[-107.37496165224002,25.41154295384848],[-107.37606300358006,25.4115429524925],[-107.37606751510603,25.41154293014929],[-107.37607193640154,25.411542918749834],[-107.37607193640154,25.41154738000173],[-107.37607193640154,25.41155184125356],[-107.37607635769713,25.4115518298538],[-107.37607635769713,25.412100300923456],[-107.3763439815683,25.412100293759828],[-107.37634840286859,25.41210028234076],[-107.37634840286859,25.412104743580223],[-107.37635282416895,25.41210473216091],[-107.37635282416895,25.412109193400244],[-107.37635282416895,25.412929710487358],[-107.37635282416895,25.41293417171528],[-107.37662044832885,25.412934163078944],[-107.3766248696339,25.412934151635586],[-107.37662929093904,25.412938601415203],[-107.37662929093904,25.41294306263829],[-107.37662929093904,25.414320965293786],[-107.37689691538765,25.414320954618578],[-107.37690133669747,25.4143209431416],[-107.37690575800737,25.414325392863688],[-107.37690575800737,25.414329854062874],[-107.37690575800737,25.41543124352544],[-107.37691026954816,25.415431221083647],[-107.37717338274467,25.41543123109446],[-107.37717780405927,25.41543121958852],[-107.37718222537394,25.41543575673568],[-107.3771867369196,25.41544019546242],[-107.3771867369196,25.416532657619843],[-107.3771867369196,25.41653711878369],[-107.37718222537394,25.41653714125491],[-107.37718222537394,25.416541602418764],[-107.37717780405927,25.416541613943608],[-107.37717338274467,25.416541537994494],[-107.37691026954816,25.416541529101448],[-107.37690575800737,25.416541551562325],[-107.37690575800737,25.417651855773904],[-107.37690575800737,25.41765631692705],[-107.37691026954816,25.417656381920597],[-107.37717338274467,25.417656302217814],[-107.37717780405927,25.417656378147814],[-107.37718222537394,25.41765636660415],[-107.37718222537394,25.41766082775251],[-107.3771867369196,25.41766080526197],[-107.3771867369196,25.417665266410197],[-107.3771867369196,25.41820926360977],[-107.37745427171927,25.41820925865227],[-107.37745869303872,25.41820924708906],[-107.37745869303872,25.418213708225043],[-107.37746320458925,25.418213773187848],[-107.37746320458925,25.418218234323685],[-107.37746320458925,25.418485727415014],[-107.37773073967749,25.41848572155572],[-107.3777351610017,25.418490171105066],[-107.37773967255708,25.41849023605253],[-107.37773967255708,25.418494697179828],[-107.37773967255708,25.418499070833985],[-107.37773967255708,25.418766650882123],[-107.37800720793386,25.418766644116467],[-107.37801162926284,25.418766632523415],[-107.37801614082309,25.418766697455542],[-107.37801614082309,25.418771158574295],[-107.37802056215223,25.418775608099455],[-107.37802056215223,25.41904310015743],[-107.37828809782214,25.41904309248007],[-107.37829260938727,25.419043157396878],[-107.37829260938727,25.419047618507076],[-107.37829703072117,25.419047606898737],[-107.37829703072117,25.419052068008796],[-107.37829703072117,25.419319559554186],[-107.37856456667957,25.419319550975004],[-107.37856907824955,25.419319615876475],[-107.37856907824955,25.41932407697813],[-107.37857349958823,25.41932406535491],[-107.37857349958823,25.41932852645642],[-107.37857349958823,25.419332987557876],[-107.37857349958823,25.419596017489198],[-107.37857349958823,25.419600478586943],[-107.37884103583512,25.419600556573783],[-107.37884554740998,25.41960053398743],[-107.37884996875341,25.419600522349324],[-107.37884996875341,25.41960498344229],[-107.37884996875341,25.419609444535194],[-107.37884996875341,25.420153434988908],[-107.37885439009692,25.42015342334131],[-107.3791219266369,25.420153412660962],[-107.37912643821669,25.420157938607275],[-107.37913085956497,25.42016238802983],[-107.37913085956497,25.420710838037408],[-107.37939839639338,25.420710826167593],[-107.37940290797805,25.420710803541162],[-107.37940732933109,25.42071525293179],[-107.37940732933109,25.420719713999798],[-107.37940732933109,25.421821158545143],[-107.37967486644794,25.42182114491985],[-107.37967937803745,25.421821122263914],[-107.37968379939527,25.421825571605478],[-107.37968379939527,25.421830032653364],[-107.37968379939527,25.422654975564715],[-107.38023231905038,25.42265497511904],[-107.3802367404177,25.422654963378136],[-107.3802367404177,25.422659424405094],[-107.38024116178514,25.422659500135055],[-107.38024116178514,25.422663961161877],[-107.38024116178512,25.42293144771573],[-107.38078517102309,25.422931466848443],[-107.38078968263216,25.422931444131596],[-107.3807941040091,25.42293589337903],[-107.3807941040091,25.422940354392587],[-107.3807986156183,25.422940419146098],[-107.3807986156183,25.423207904899485],[-107.38134262603842,25.423207920919047],[-107.3813470474249,25.42321237012811],[-107.38135155904384,25.42321234738527],[-107.38135155904384,25.423216808385472],[-107.38135155904384,25.42322126938561],[-107.38135155904384,25.423488841809966],[-107.38161909818845,25.423488822125147],[-107.38162351957969,25.42348881031892],[-107.38162794097101,25.423488885982948],[-107.38162794097101,25.423493346974585],[-107.38162794097101,25.423497807966168],[-107.38162794097101,25.423765292407133],[-107.38163245259489,25.423765357114554],[-107.38189557063637,25.42376534833893],[-107.38189999203239,25.423765336517818],[-107.38190441342847,25.42376532469654],[-107.38190441342847,25.423769785679628],[-107.38190892505719,25.42376976290621],[-107.38190892505719,25.42377422388916],[-107.38190892505719,25.424041795282793],[-107.38217646478296,25.42404177378411],[-107.3821808861838,25.42404176194795],[-107.3821808861838,25.42404622292248],[-107.3821853978174,25.424046200133898],[-107.3821853978174,25.424050661108296],[-107.3821853978174,25.424055122082628],[-107.38218539781741,25.42459918554725],[-107.38245293783139,25.42459916285897],[-107.38245735923701,25.424599151003182],[-107.38246187087546,25.424603589156682],[-107.38246187087546,25.42460805011863],[-107.38246187087546,25.424875620252244],[-107.38272941117768,25.424875596661995],[-107.38273383258806,25.424875672261003],[-107.3827382539985,25.424880121343616],[-107.3827382539985,25.424884582297004],[-107.3827427656419,25.424884559473014],[-107.3827427656419,25.425152129088872],[-107.38301030623691,25.425152104586683],[-107.38301030623691,25.42515656553166],[-107.38301472765212,25.42515655364586],[-107.38301923930038,25.425156530806778],[-107.38301923930038,25.425160991751532],[-107.38301923930038,25.425165452696227],[-107.38301923930038,25.425433021795193],[-107.3832867801836,25.42543299638646],[-107.38329120160357,25.42543298448578],[-107.38329571325667,25.425433049100864],[-107.38329571325667,25.425437510037067],[-107.38329571325667,25.4254419709732],[-107.38329571325667,25.425709452089635],[-107.38356325442804,25.425709513248083],[-107.38356767585277,25.42570950133252],[-107.38357218751075,25.42571393939074],[-107.38357218751075,25.42571840031832],[-107.38357218751075,25.427930138080903],[-107.38357660893564,25.427930126127514],[-107.38384415039977,25.427930096914245],[-107.38384415039977,25.42793455780642],[-107.38384857182933,25.42793454584291],[-107.38385308349226,25.427939071285063],[-107.38385308349226,25.427943532176965],[-107.38385308349226,25.428211010640585],[-107.38467357582711,25.428211023516106],[-107.38467799727096,25.42821101151727],[-107.38468250894844,25.428211076031126],[-107.38468250894844,25.428215536905082],[-107.38468693039246,25.428219985779656],[-107.38468693039245,25.428487463159435],[-107.38523094905385,25.428487537952986],[-107.3852353705073,25.42848752592888],[-107.38523988219458,25.42849196380947],[-107.38523988219458,25.428496424670012],[-107.38523988219458,25.42876398872127],[-107.3857883234903,25.428763960904405],[-107.38579274495336,25.428768409702354],[-107.38579725665042,25.428772847543694],[-107.38579725665042,25.428777308390824],[-107.38579725665042,25.429044871637252],[-107.38606480042822,25.429044923778047],[-107.38606922189604,25.429044911713707],[-107.38607373359795,25.429049349531322],[-107.38607373359795,25.429053810369883],[-107.38607373359795,25.4293213731028],[-107.38634127766373,25.42932133687399],[-107.38634569913631,25.42932132479476],[-107.38635021084309,25.4293258500559],[-107.38635021084309,25.42933031088591],[-107.38635021084309,25.429597785638094],[-107.3863546323158,25.429597861021055],[-107.38661775519682,25.42959783597429],[-107.38662217667415,25.429597823880172],[-107.38662659815155,25.4296022726074],[-107.38663110986326,25.429606710377175],[-107.38663110986326,25.43015521599836],[-107.38689865450954,25.430155177667697],[-107.3869030759917,25.430155253020637],[-107.38690758770827,25.430159690758078],[-107.38690758770827,25.43016415156697],[-107.38690758770827,25.430431625053856],[-107.38717513264247,25.430431673287764],[-107.38717955412939,25.43043166115897],[-107.38718406585082,25.43043609887268],[-107.38718406585082,25.430440559673013],[-107.38718406585082,25.43070812011312],[-107.3874516110729,25.430708167444656],[-107.38745603256459,25.43070815530097],[-107.38745603256459,25.43071261609288],[-107.38746045405634,25.43071260394896],[-107.38746045405634,25.43071706474074],[-107.38746496578268,25.43071704163855],[-107.38746496578268,25.430721502430192],[-107.3874649657827,25.43098906234843],[-107.38800899032744,25.430989031816274],[-107.38801341182871,25.430989019647257],[-107.38801783333004,25.430989094944316],[-107.38801783333005,25.430993555722726],[-107.38801783333004,25.430998016501082],[-107.38801783333004,25.43126548815638],[-107.38828537942024,25.43126553304976],[-107.38828989116107,25.43126550990707],[-107.38829431266717,25.431269958492845],[-107.38829431266717,25.431274419262635],[-107.38829431266717,25.431541977870495],[-107.38829882440817,25.431541954722714],[-107.38856637079088,25.431541998703608],[-107.38857079230173,25.43154644726593],[-107.38857530404758,25.4315508848688],[-107.38857530404759,25.431555345629885],[-107.38857530404759,25.431818442958367],[-107.38857530404758,25.431822903715734],[-107.3888428507181,25.43182294678964],[-107.38884727223372,25.431822934575713],[-107.3888516937494,25.431827383114204],[-107.3888516937494,25.431831843866732],[-107.3888516937494,25.43209940143894],[-107.38911924070761,25.432099356145045],[-107.38912375246309,25.432099332956593],[-107.38912817398352,25.432103868937208],[-107.38912817398352,25.432108329681164],[-107.38912817398352,25.432375799274144],[-107.38939572122952,25.432375840543475],[-107.38940023298984,25.43237581733985],[-107.38940465451503,25.432380265831437],[-107.38940907604031,25.43238480178805],[-107.38940907604031,25.43265227086292],[-107.38967662357864,25.432652311219922],[-107.3896811353439,25.432656748727855],[-107.38968555687393,25.43265673646885],[-107.38968555687393,25.432661197195603],[-107.38968555687393,25.432665657922296],[-107.38968555687393,25.43293321394507],[-107.38995310469998,25.43293325339505],[-107.3899576164701,25.432933230160838],[-107.38996203800488,25.432933217886955],[-107.38996203800488,25.432937678605136],[-107.38996203800488,25.432942139323266],[-107.38996203800488,25.43320969483224],[-107.39022958611865,25.433209733379762],[-107.39023400765811,25.433209721091156],[-107.39023851943315,25.43320969784161],[-107.39023851943315,25.433214158551227],[-107.39024294097277,25.433218606971693],[-107.39024294097277,25.433486161962335],[-107.39078697139682,25.43348611358026],[-107.39079139294587,25.43349064942734],[-107.39079590473068,25.433490626151958],[-107.39079590473068,25.43349508684815],[-107.39079590473068,25.433499547544287],[-107.39079590473068,25.433767101734137],[-107.39133993632456,25.433767050248903],[-107.39134435788313,25.433767037909835],[-107.39134877944176,25.433767113034982],[-107.39134877944176,25.433771573717888],[-107.39135329123636,25.433771550416676],[-107.39135329123636,25.433776011099443],[-107.39135329123636,25.434320039003183],[-107.3916208407976,25.43431998583307],[-107.39162526236098,25.43431997347428],[-107.39162526236098,25.434324434144774],[-107.39162977416042,25.434324498287754],[-107.39162977416042,25.434328958958112],[-107.39162977416042,25.43515383205056],[-107.39189732400925,25.435153864871086],[-107.39190174557741,25.435153852487993],[-107.3919061671456,25.435158300758836],[-107.39190616714562,25.43516276141287],[-107.39190616714562,25.435978797665566],[-107.3919061671456,25.43598325830818],[-107.3919017455774,25.43598773134808],[-107.39189732400925,25.435987743745258],[-107.39162977416042,25.435987711779052],[-107.39162977416044,25.436255263038447],[-107.39162977416044,25.43625972368194],[-107.39162526236098,25.436264207679883],[-107.3916208407976,25.43626413260791],[-107.39107680860951,25.436264190573272],[-107.39107238705556,25.436264202944628],[-107.39107238705556,25.436531754544188],[-107.39107238705556,25.436536215193357],[-107.39107238705556,25.43654067584246],[-107.39106787526588,25.436540611717007],[-107.39106787526588,25.436545072366126],[-107.39106345371208,25.436545084741894],[-107.39079590473068,25.436545138942734],[-107.39079590473068,25.436812603127247],[-107.39079590473068,25.436817063777227],[-107.39079139294587,25.43681708710983],[-107.39079139294587,25.436821547759823],[-107.39078697139682,25.43682156013003],[-107.3905194227031,25.436821526531023],[-107.3905194227031,25.437646484179282],[-107.39051500115872,25.43765095719653],[-107.39051048937883,25.437655441176076],[-107.39024294097277,25.43765540781202],[-107.39024294097277,25.438489285458637],[-107.39051048937883,25.438489230505102],[-107.39051500115872,25.438489294617685],[-107.39051500115872,25.438493755249112],[-107.3905194227031,25.43849374286071],[-107.3905194227031,25.438498203492],[-107.3905194227031,25.443198100001492],[-107.3905194227031,25.443202560567226],[-107.39051500115872,25.4432070336009],[-107.39051048937883,25.443206969570745],[-107.39051048937883,25.443211430136518],[-107.39024294097277,25.443211489926068],[-107.39024294097277,25.443755504115472],[-107.39023851943315,25.44375988968326],[-107.39023851943315,25.443764350245957],[-107.39023400765811,25.443764373677052],[-107.39022958611865,25.44376438614391],[-107.38996203800488,25.443764358408423],[-107.38996203800488,25.444031904877477],[-107.38996203800488,25.444036365441104],[-107.38996203800488,25.444040826004667],[-107.3899576164701,25.444040838466137],[-107.38995310469998,25.444040861891402],[-107.38995310469998,25.444045322455047],[-107.38968555687393,25.44404529438792],[-107.38968555687393,25.44458930831979],[-107.38968555687393,25.444593768880363],[-107.38968113534389,25.44459378134096],[-107.38968113534389,25.44459824190154],[-107.38967662357864,25.44459826532597],[-107.38940907604031,25.44459823720582],[-107.38940907604031,25.44598503266343],[-107.38940907604031,25.445989493209243],[-107.38967662357864,25.445989519904362],[-107.38968113534389,25.445989496455997],[-107.38968555687393,25.445993944512875],[-107.38968555687393,25.445998405053846],[-107.38968555687393,25.44626594993652],[-107.38995310469998,25.44626597572904],[-107.3899576164701,25.446265952265513],[-107.38996203800488,25.44627040029891],[-107.38996203800488,25.446274860831306],[-107.38996203800488,25.446542405199384],[-107.39051048937883,25.446542405843125],[-107.39051500115872,25.446546842872987],[-107.3905194227031,25.44655129086759],[-107.3905194227031,25.4470997593094],[-107.39078697139682,25.447099782379613],[-107.39079139294587,25.447099769835813],[-107.39079590473068,25.44710420683292],[-107.3907959047307,25.44710866733943],[-107.39079590473068,25.44737629761618],[-107.39106345371208,25.447376232322924],[-107.39106787526588,25.447376219764227],[-107.39107238705556,25.44738074419832],[-107.39107238705556,25.447385204696253],[-107.39107238705556,25.449311521755128],[-107.39107238705556,25.449315982226093],[-107.39106787526588,25.44932046625508],[-107.39106345371208,25.449320391386387],[-107.39079590473068,25.44932045867057],[-107.39079590473068,25.453199824419954],[-107.3907959047307,25.4532042848413],[-107.39079139294587,25.45320876887711],[-107.39078697139682,25.453208781524083],[-107.3905194227031,25.453208764711242],[-107.3905194227031,25.45375722171553],[-107.39051500115872,25.45376169478004],[-107.39051048937883,25.45376617881185],[-107.38996203800488,25.45376610587506],[-107.38996203800488,25.454033731424417],[-107.38996203800488,25.45403819184834],[-107.3899576164701,25.454042577443275],[-107.38995310469998,25.45404260104055],[-107.38968555687393,25.454042583213162],[-107.38968555687393,25.454310121354414],[-107.38968555687393,25.45431458177919],[-107.38968113534389,25.45431905482872],[-107.38967662357864,25.454319078420312],[-107.38912817398352,25.454319090273337],[-107.38912817398352,25.454323550707503],[-107.38912817398352,25.45458662875339],[-107.38912817398352,25.45459108918382],[-107.38912817398354,25.454595549614176],[-107.38912375246309,25.454595562223048],[-107.38912375246309,25.454600022653423],[-107.38911924070761,25.454600046228844],[-107.38857530404758,25.454600032556634],[-107.38857530404758,25.454867571367117],[-107.38857530404758,25.454872031803053],[-107.38857079230173,25.45487196790294],[-107.38857079230173,25.454876428338885],[-107.38856637079088,25.454876440931887],[-107.38801783333004,25.454876459820976],[-107.38801783333004,25.455143998970343],[-107.38801783333005,25.455148459411923],[-107.38801783333004,25.455152919853443],[-107.38801341182871,25.455152932430657],[-107.38800899032744,25.455152945007708],[-107.3874649657827,25.455152938394196],[-107.38746496578268,25.455420477877645],[-107.38746496578268,25.4554249383248],[-107.38746045405634,25.455424961851868],[-107.38746045405634,25.455429422299034],[-107.38745603256459,25.455429434860303],[-107.38745603256459,25.45543380784774],[-107.38745161107292,25.45543382040891],[-107.38718406585082,25.455433885860536],[-107.38718406585082,25.455701425395812],[-107.38718406585082,25.45570588584383],[-107.38717955412937,25.455710282353397],[-107.38717513264247,25.45571029490902],[-107.38663110986326,25.4557102856565],[-107.38663110986326,25.45597782552595],[-107.38663110986326,25.455982285979534],[-107.38662659815155,25.45598230948475],[-107.38662659815155,25.45598676993835],[-107.38662217667415,25.455986782478195],[-107.38661775519682,25.455986795017868],[-107.38552078000049,25.45598680606873],[-107.38552078000049,25.45625434684288],[-107.38552078000049,25.456258807311553],[-107.38551635854212,25.456258819815087],[-107.38551635854213,25.45626328028376],[-107.38551184684998,25.456263216291617],[-107.38550742539178,25.456263228794896],[-107.38496340614469,25.45626321309456],[-107.38496340614469,25.45626767357262],[-107.38496340614469,25.456811676506945],[-107.38496340614469,25.45681613697732],[-107.38495889446226,25.45681616043401],[-107.38495889446226,25.456820620904402],[-107.38495447301356,25.456820633396635],[-107.38468693039246,25.4568206072125],[-107.38468693039246,25.45736460977832],[-107.38468693039246,25.457369070245676],[-107.38468250894844,25.45736908273711],[-107.38468250894844,25.457373543204483],[-107.38467799727096,25.45737356666016],[-107.38467799727096,25.45737802712755],[-107.38467357582711,25.457378039618803],[-107.38440603349866,25.457378013375887],[-107.38440603349866,25.45792201557461],[-107.38440603349866,25.45792647603896],[-107.38440603349866,25.457930936503242],[-107.38440152182604,25.457930959958077],[-107.38439710038693,25.45793097244844],[-107.3841295583466,25.45793094615205],[-107.3841295583466,25.458198486717954],[-107.3841295583466,25.45820294718315],[-107.3841295583466,25.45820740764828],[-107.38412504667883,25.45820743109745],[-107.38412062524449,25.458211904047474],[-107.38385308349226,25.458211877419124],[-107.38385308349226,25.458479418032066],[-107.38384857182933,25.458483901941545],[-107.38384415039977,25.458488374886855],[-107.38357660893564,25.458488347921964],[-107.38357218751075,25.458488360391215],[-107.38357218751075,25.45903236242917],[-107.38357218751075,25.459036822892198],[-107.38357218751075,25.459041283355166],[-107.38356767585277,25.459041306797648],[-107.38356325442804,25.45904123181585],[-107.38329571325667,25.4590412922476],[-107.38329571325667,25.459045752715227],[-107.38329571325667,25.459866215314527],[-107.38329571325667,25.459870675770595],[-107.38329571325667,25.459875136226593],[-107.38329120160357,25.459875159672993],[-107.3832867801836,25.45987508469518],[-107.38301923930038,25.459875145360844],[-107.38301923930038,25.46097652740593],[-107.38301923930038,25.46098098785116],[-107.38301472765212,25.460985471751375],[-107.38301030623691,25.460985396782288],[-107.3827427656419,25.460985457964775],[-107.3827427656419,25.460989918414597],[-107.3827427656419,25.461533917904035],[-107.3827382539985,25.461538401800293],[-107.3827382539985,25.461542862242442],[-107.38273383258806,25.46154278727259],[-107.38272941117768,25.46154279976224],[-107.38246187087546,25.461542773426],[-107.38246187087546,25.466256118906088],[-107.38246187087546,25.466260579286768],[-107.38245735923701,25.466264975733733],[-107.38245293783139,25.46626498829284],[-107.38218539781741,25.466264966170822],[-107.38218539781741,25.467098882212426],[-107.38245293783139,25.46709881602262],[-107.38245735923701,25.467098890907657],[-107.38246187087546,25.467103327737398],[-107.38246187087546,25.46710778810619],[-107.38246187087546,25.467651777712792],[-107.38246187087546,25.467656238073886],[-107.38272941117768,25.467656258152047],[-107.38273383258806,25.467656245559233],[-107.3827382539985,25.467656232966256],[-107.3827382539985,25.467660693322564],[-107.3827427656419,25.467660669763205],[-107.3827427656419,25.46766513011938],[-107.3827427656419,25.468209205644726],[-107.38301030623691,25.46820913706948],[-107.38301472765212,25.46820921191466],[-107.38301472765212,25.468213672258493],[-107.38301923930038,25.468213648679196],[-107.38301923930038,25.46821810902289],[-107.38301923930038,25.468766555903855],[-107.3832867801836,25.46876657359606],[-107.38329120160357,25.46876656096389],[-107.38329571325667,25.468766537364665],[-107.38329571325667,25.468770997695874],[-107.38329571325667,25.468775458027014],[-107.38329571325667,25.46931953049913],[-107.38356325442804,25.46931945954829],[-107.38356767585277,25.469319534353787],[-107.38356767585277,25.469323994672582],[-107.38357218751075,25.469323971053356],[-107.38357218751075,25.469328431372013],[-107.38357218751075,25.46933289169061],[-107.38357218751075,25.469600423234507],[-107.38357660893564,25.469600410577705],[-107.38384415039977,25.469600426166885],[-107.38384857182933,25.46960041350002],[-107.38384857182933,25.46960487381007],[-107.38385308349226,25.469604850175422],[-107.38385308349226,25.469609310485342],[-107.38385308349226,25.469876841508786],[-107.38412062524449,25.469876856195214],[-107.38412504667883,25.469876843513457],[-107.38412504667883,25.469881303814915],[-107.3841295583466,25.469881367621976],[-107.3841295583466,25.46988582792329],[-107.3841295583466,25.4701533584307],[-107.38439710038693,25.470153372214288],[-107.38440152182604,25.47015335951763],[-107.38440152182605,25.470157819810478],[-107.38440603349866,25.47015779614548],[-107.38440603349866,25.470162256438194],[-107.38440603349866,25.470429786429627],[-107.38440603349866,25.47043424671852],[-107.38467357582711,25.470434259594764],[-107.38467799727096,25.470434246883134],[-107.38468250894844,25.470434223202957],[-107.38468250894844,25.470438683487068],[-107.38468693039245,25.470438758231587],[-107.38468693039246,25.47044321851556],[-107.38468693039245,25.47153117610591],[-107.38468693039246,25.471535636374522],[-107.38468250894844,25.47153564910507],[-107.38468250894844,25.471540109373702],[-107.38467799727096,25.471544593341534],[-107.38467357582711,25.4715446060719],[-107.38440603349866,25.471544594332315],[-107.38440603349866,25.472922465950475],[-107.38440603349866,25.472926926204327],[-107.38440603349866,25.472931386458118],[-107.38440152182605,25.472931410170787],[-107.38439710038693,25.47293133545837],[-107.3841295583466,25.472931324518527],[-107.3841295583466,25.474590186508653],[-107.3841295583466,25.474594646743764],[-107.38412504667883,25.47459458301901],[-107.38412504667883,25.474599043254134],[-107.38412062524449,25.474599056015588],[-107.38385308349226,25.474599046163053],[-107.38385308349226,25.47514310748834],[-107.38385308349226,25.47514756772039],[-107.38384857182933,25.475151964226832],[-107.38384415039977,25.475151976987384],[-107.38384415039977,25.47515643721946],[-107.38357660893564,25.47515642731761],[-107.38357218751075,25.475156440068172],[-107.38357218751075,25.476266774691535],[-107.38357660893564,25.47626676192223],[-107.38384415039977,25.476266770687552],[-107.38384857182933,25.47626675790818],[-107.38384857182933,25.4762712181245],[-107.38385308349226,25.47627119437528],[-107.38385308349226,25.47627565459145],[-107.38385308349226,25.476543267447024],[-107.38412062524449,25.476543275309428],[-107.38412504667883,25.47654326251516],[-107.38412504667883,25.476547722722874],[-107.3841295583466,25.47654769895847],[-107.3841295583466,25.476552159166033],[-107.3841295583466,25.476819684050035],[-107.38439710038693,25.476819691009602],[-107.38440152182605,25.476819678200442],[-107.38440152182605,25.476824138399536],[-107.38440603349866,25.476824114619962],[-107.38440603349866,25.47682857481891],[-107.38440603349866,25.476833035017812],[-107.38440603349866,25.477096186641354],[-107.38440603349866,25.477100646836476],[-107.38467357582711,25.477100652888538],[-107.38467799727097,25.47710064006441],[-107.38468250894844,25.477100616269656],[-107.38468250894844,25.47710507646],[-107.38468693039245,25.477105063635456],[-107.38468693039245,25.477109523825668],[-107.38468693039245,25.47737704766854],[-107.38495447301358,25.477377052807856],[-107.38495889446226,25.47737712742321],[-107.38495889446226,25.477381587604945],[-107.38496340614469,25.477381563794765],[-107.38496340614469,25.477386023976358],[-107.38496340614469,25.47765354730274],[-107.38523094905385,25.477653551539113],[-107.3852353705073,25.477653538685026],[-107.3852353705073,25.47765799885815],[-107.38523988219458,25.477657975032788],[-107.38523988219458,25.47766243520578],[-107.38523988219458,25.478202028219325],[-107.38523988219458,25.47820648838465],[-107.3852353705073,25.47820651221944],[-107.3852353705073,25.478210972384783],[-107.38523094905385,25.478210897794046],[-107.38496340614469,25.478210894128207],[-107.38496340614469,25.478478504212124],[-107.38496340614469,25.478482964378273],[-107.38495889446226,25.47848298820739],[-107.38495889446226,25.478487448373553],[-107.38495447301358,25.478487373777238],[-107.38468693039245,25.47848736977449],[-107.38468693039245,25.478763900241745],[-107.38495447301356,25.47876390396143],[-107.38495889446226,25.47876835126105],[-107.38496340614469,25.47876832742703],[-107.38496340614469,25.478772787589094],[-107.38496340614469,25.4787772477511],[-107.38496340614469,25.4793212121363],[-107.38550742539178,25.479321267292573],[-107.38551184684998,25.479321254400105],[-107.38551635854213,25.47932123053573],[-107.38551635854213,25.479325690680575],[-107.38552078000049,25.479330137932408],[-107.38552078000049,25.47959774649974],[-107.3857883234903,25.479597747496136],[-107.38579274495336,25.479602194724837],[-107.38579725665042,25.47960663098113],[-107.38579725665042,25.479874151578084],[-107.38579725665042,25.47987861171034],[-107.38606480042822,25.479878611799272],[-107.38606922189604,25.479878686330252],[-107.38607373359795,25.47988312256275],[-107.38607373359795,25.479887582690168],[-107.38607373359795,25.4801551027667],[-107.38634127766375,25.48015510195263],[-107.38634569913631,25.48015508901523],[-107.38635021084309,25.480155065105073],[-107.38635021084309,25.480159525223936],[-107.38635021084309,25.480163985342735],[-107.38635021084309,25.48043159235591],[-107.3863546323158,25.480431579413512],[-107.38689865450954,25.480431538461666],[-107.38690307599171,25.48043161295202],[-107.3869030759917,25.48043607305756],[-107.38690758770827,25.48043604912154],[-107.38690758770827,25.48044050922693],[-107.38690758770827,25.480708027982605],[-107.38717513264247,25.48070802473268],[-107.38717955412937,25.48070801175509],[-107.38717955412937,25.480712471852016],[-107.38718406585082,25.48071244790082],[-107.38718406585082,25.4807169079976],[-107.38718406585082,25.480721368094315],[-107.38718406585082,25.48098897378238],[-107.38745161107292,25.480988969624857],[-107.38745603256459,25.4809889566323],[-107.38746045405634,25.48098894363957],[-107.38746045405634,25.480993403727737],[-107.3874649657827,25.48099783984915],[-107.38746496578268,25.481537422584],[-107.38746496578268,25.481541882664363],[-107.38746045405634,25.481541906640413],[-107.38746045405634,25.481818344052225],[-107.38746045405634,25.481822804128708],[-107.38746496578268,25.481822780147823],[-107.38773251129727,25.481822774506792],[-107.38773693279379,25.481822848942148],[-107.38774144452499,25.481827285022455],[-107.38774144452499,25.481831745094006],[-107.38774144452499,25.48320955438514],[-107.38800899032744,25.48320954670437],[-107.38801341182871,25.483209621105615],[-107.38801341182871,25.48321408115304],[-107.38801783333005,25.48321406810213],[-107.38801783333004,25.48321852814941],[-107.38801783333004,25.48347712333257],[-107.38801783333004,25.483481583376143],[-107.38801341182871,25.483486056475165],[-107.38800899032744,25.4834860695305],[-107.38774144452499,25.48348607749435],[-107.38774144452499,25.483490537542522],[-107.38774144452499,25.48431547046784],[-107.38774144452499,25.484319930504313],[-107.38773693279379,25.484319867086846],[-107.38773693279379,25.484324327123332],[-107.38773251129727,25.48432434018258],[-107.38746496578268,25.484324348384575],[-107.38746045405634,25.48432437240846],[-107.38746045405634,25.48486840951141],[-107.38746045405634,25.48487286954488],[-107.38745603256459,25.484872795151517],[-107.38745603256459,25.48487725518499],[-107.3874516110729,25.484877268243178],[-107.38718406585082,25.48487727638127],[-107.38718406585082,25.485425773138445],[-107.38718406585082,25.485430233168763],[-107.38717955412937,25.485430257201052],[-107.38717955412937,25.48543471723138],[-107.38717513264247,25.485434642837166],[-107.38690758770827,25.485434650925793],[-107.38690758770827,25.485702252908993],[-107.38690758770827,25.48570671294013],[-107.3869030759917,25.485711109546287],[-107.38689865450954,25.485711122598083],[-107.38663110986326,25.48571113034968],[-107.38663110986326,25.485978732381874],[-107.38662659815155,25.485978668951123],[-107.38662659815155,25.485983128983143],[-107.38662217667415,25.485987602061346],[-107.38661775519682,25.485987615107405],[-107.3863546323158,25.48598760947589],[-107.3863546323158,25.486531646017987],[-107.38635021084309,25.486536119092275],[-107.38635021084309,25.486540579121147],[-107.38634569913631,25.486544975718402],[-107.38634127766375,25.48654498876364],[-107.38607373359795,25.486544996118774],[-107.38607373359795,25.48681251056395],[-107.38607373359795,25.486816970593647],[-107.38606922189604,25.486816994607878],[-107.38606922189604,25.48682145463758],[-107.38606480042822,25.486821467677252],[-107.38579725665042,25.48682147469533],[-107.38579725665042,25.487088989189395],[-107.38579725665042,25.487093449219905],[-107.38579274495336,25.48709347322845],[-107.38579274495336,25.487097933258973],[-107.3857883234903,25.48709794629307],[-107.3857883234903,25.487102406323608],[-107.38578390202733,25.487102419357615],[-107.38552078000049,25.48710241300919],[-107.38552078000049,25.48875673188072],[-107.38552078000049,25.4887611918924],[-107.38551635854213,25.488761204944495],[-107.38551635854213,25.488765664956183],[-107.38551184685,25.488765601531668],[-107.38550742539178,25.48876561458351],[-107.38523988219458,25.488765622341496],[-107.38523988219458,25.48877008235784],[-107.38523988219458,25.489309656419348],[-107.38523988219458,25.489314116428005],[-107.38523988219458,25.4893185764366],[-107.3852353705073,25.489318600462358],[-107.38523094905385,25.48931852606215],[-107.38496340614469,25.48931853376596],[-107.38496340614469,25.489322993779215],[-107.38496340614469,25.49293488421078],[-107.38523094905385,25.492934872805613],[-107.3852353705073,25.49293485969364],[-107.38523988219458,25.49293492305589],[-107.38523988219458,25.492939383013322],[-107.38523988219458,25.49294384297068],[-107.38523988219458,25.493202432939587],[-107.38523988219458,25.493206892893227],[-107.3852353705073,25.493211376939453],[-107.38523094905385,25.493211390056082],[-107.38496340614469,25.493211314294108],[-107.38496340614469,25.494031858096964],[-107.38496340614469,25.494036318043594],[-107.38495889446226,25.494040714636697],[-107.38495447301358,25.49404072775708],[-107.38495447301356,25.494045187703733],[-107.38495005156496,25.494045200824036],[-107.38468693039245,25.49404519962512],[-107.38468693039245,25.494312796582797],[-107.38468693039246,25.494317169080226],[-107.38468250894844,25.49431718219521],[-107.38468250894844,25.494321642142587],[-107.38467799727096,25.49432166623328],[-107.38467357582711,25.494321679348012],[-107.38440603349866,25.49432169092227],[-107.38440603349866,25.494870177099568],[-107.38440603349866,25.494874637043853],[-107.38440152182604,25.494879033628024],[-107.38439710038693,25.494879046741918],[-107.3841295583466,25.49487905826642],[-107.3841295583466,25.496265836973844],[-107.38439710038693,25.49626582403011],[-107.38440152182605,25.49627027081742],[-107.38440603349866,25.49627033415317],[-107.38440603349866,25.496274794077635],[-107.38440603349866,25.496279254002037],[-107.38440603349866,25.497657105271106],[-107.38467357582711,25.49765709028332],[-107.38467799727097,25.497657077112315],[-107.38468250894844,25.497657052964303],[-107.38468250894844,25.49766151286443],[-107.38468693039245,25.497661499693017],[-107.38468693039246,25.497665959592993],[-107.38468693039246,25.498209979467735],[-107.38495005156496,25.498209976474534],[-107.38495447301358,25.498210050732748],[-107.38495889446226,25.498210037542016],[-107.38495889446226,25.49821449742959],[-107.38496340614469,25.498214473261402],[-107.38496340614469,25.498218933148834],[-107.38496340614469,25.49848643883047],[-107.38523094905385,25.49848650919213],[-107.3852353705073,25.498486495986494],[-107.3852353705073,25.49849095586543],[-107.38523988219458,25.498490931682067],[-107.38523988219458,25.498495391560866],[-107.38523988219458,25.499043868723103],[-107.38550742539178,25.499043850445414],[-107.38551184685,25.49904383722014],[-107.38551635854213,25.499048272883083],[-107.38551635854213,25.499052732749274],[-107.38552078000049,25.49905280697187],[-107.38552078000049,25.499320311374746],[-107.38552078000049,25.49932477123701],[-107.38578390202733,25.4993247652819],[-107.3857883234903,25.499324752041648],[-107.38579274495336,25.49932482624942],[-107.38579274495336,25.499329286106978],[-107.38579725665042,25.499329261888164],[-107.38579725665042,25.49933372174558],[-107.38579725665042,25.499601225626847],[-107.38606480042822,25.499601205528283],[-107.38606922189604,25.49960127972098],[-107.38606922189604,25.4996057395699],[-107.38607373359795,25.499605715335903],[-107.38607373359795,25.49961017518469],[-107.38607373359795,25.500154188814314],[-107.38634127766375,25.500154167529523],[-107.38634569913631,25.500154154254645],[-107.38635021084309,25.500154130000787],[-107.38635021084309,25.500158589837085],[-107.38635021084309,25.50016304967332],[-107.3863546323158,25.500163123845716],[-107.3863546323158,25.50154094784923],[-107.38661775519682,25.501540937823435],[-107.38662217667415,25.501545384326914],[-107.38662659815155,25.50154545846545],[-107.38662659815155,25.501549918277316],[-107.38663110986326,25.501549893988873],[-107.38663110986326,25.501554353800596],[-107.38663110986326,25.501821854941166],[-107.38689865450954,25.501821918146167],[-107.38690307599171,25.5018219048225],[-107.3869030759917,25.50182636462573],[-107.38690758770827,25.5018263403221],[-107.38690758770827,25.501830800125187],[-107.38690758770827,25.502098300747775],[-107.38717513264247,25.50209836304935],[-107.38717955412939,25.502102809505377],[-107.38718406585082,25.50210278518656],[-107.38718406585082,25.502107244981016],[-107.38718406585082,25.502111704775405],[-107.38718406585082,25.502379292323074],[-107.3874516110729,25.502379266269767],[-107.38745603256459,25.50237925291622],[-107.38746045405634,25.502379239562522],[-107.38746045405634,25.502383699348336],[-107.38746045405634,25.502388159134092],[-107.38746045405634,25.502655746163654],[-107.38746496578268,25.50265572182474],[-107.38800899032744,25.50265571700005],[-107.38801341182871,25.50265570362121],[-107.38801341182871,25.50266016339367],[-107.38801783333004,25.5026602374611],[-107.38801783333005,25.502664697233424],[-107.38801783333004,25.502669157005684],[-107.38801783333004,25.502932196010676],[-107.38828537942024,25.502932167520733],[-107.38828989116107,25.502932230592275],[-107.38829431266717,25.50293667696211],[-107.38829431266717,25.50294113672579],[-107.38829431266717,25.503489599730774],[-107.38829882440817,25.50348957534605],[-107.38856637079088,25.503489545655125],[-107.38857079230173,25.50348961968767],[-107.38857079230173,25.5034940794388],[-107.38857530404758,25.503494055043564],[-107.38857530404758,25.50349851479455],[-107.38857530404758,25.50376601229208],[-107.3888428507181,25.503766069143783],[-107.38884727223372,25.503770515457806],[-107.3888516937494,25.50377496177146],[-107.3888516937494,25.504047005935295],[-107.38911924070761,25.50404697443328],[-107.38912375246309,25.504046950007847],[-107.38912817398352,25.50404693656424],[-107.38912817398352,25.504051396297957],[-107.38912817398352,25.504055856031602],[-107.38912817398354,25.50487635850102],[-107.38939572122952,25.504876325529715],[-107.38940023298983,25.504876388525023],[-107.38940465451503,25.504880834774408],[-107.38940907604031,25.504885281023427],[-107.38940907604031,25.505710240151583],[-107.38967662357864,25.5057102056964],[-107.38968113534389,25.505710181221342],[-107.3896811353439,25.505714640922026],[-107.38968555687393,25.505714714874745],[-107.38968555687393,25.505719174575287],[-107.38968555687393,25.50626317012171],[-107.38968555687393,25.506267629814467],[-107.38995310469998,25.50626759416835],[-107.3899576164701,25.506267569673273],[-107.38996203800488,25.506267643606165],[-107.38996203800488,25.506272103294144],[-107.38996203800488,25.50627656298206],[-107.38996203800488,25.50708805023929],[-107.38996203800488,25.507092509915626],[-107.38996203800488,25.507096969591892],[-107.3899576164701,25.50709698311785],[-107.38995310469998,25.50709700762718],[-107.38968555687393,25.507096956677575],[-107.38968555687393,25.507101416358505],[-107.38968555687393,25.507645496956446],[-107.38968555687393,25.50764995662959],[-107.38968113534389,25.507649882710062],[-107.38968113534389,25.50765434238321],[-107.38967662357864,25.50765436689169],[-107.38940907604031,25.507654403336897],[-107.38940907604031,25.508198396108114],[-107.38940907604031,25.508202855778116],[-107.38940465451503,25.508207328972272],[-107.38940023298984,25.508207342496323],[-107.38940023298984,25.50821180216635],[-107.38939572122952,25.508211739229292],[-107.38912817398352,25.508211775614658],[-107.38912817398352,25.50847935597915],[-107.38912817398354,25.508483815649967],[-107.38912375246309,25.508483741723914],[-107.38912375246309,25.508488201394737],[-107.38911924070761,25.5084882258965],[-107.3888516937494,25.50848826194442],[-107.3888516937494,25.50903225443146],[-107.3888516937494,25.509036714099125],[-107.38884727223372,25.509041187284378],[-107.3888428507181,25.509041200801857],[-107.38857530404759,25.50904114935098],[-107.38857530404758,25.50904560902324],[-107.38857530404758,25.509322108579997],[-107.3888428507181,25.509322072298843],[-107.38884727223372,25.50932205877662],[-107.3888516937494,25.509326592362186],[-107.3888516937494,25.509331052025683],[-107.3888516937494,25.509598544275175],[-107.38911924070761,25.509598594535053],[-107.38912375246309,25.509598570014205],[-107.38912817398354,25.50960301613184],[-107.38912817398354,25.509607475786687],[-107.38912817398352,25.510432423400225],[-107.38967662357864,25.510432381228156],[-107.38968113534389,25.510432444115736],[-107.38968113534389,25.510436903749373],[-107.38968555687393,25.5104368901773],[-107.38968555687393,25.510441349810787],[-107.38968555687393,25.511266293473483],[-107.39051048937883,25.51126625421888],[-107.39051500115872,25.511266229616858],[-107.39051500115872,25.51127068922441],[-107.3905194227031,25.511270675607385],[-107.3905194227031,25.5112751352148],[-107.3905194227031,25.51181920684428],[-107.39078697139682,25.511819163644237],[-107.39079139294587,25.511823609602857],[-107.39079590473068,25.51182367242368],[-107.39079590473068,25.511828132018525],[-107.3907959047307,25.511832591613302],[-107.3907959047307,25.51237657425769],[-107.39106345371208,25.51237652986661],[-107.39106787526588,25.5123766036534],[-107.39107238705556,25.512381038593517],[-107.39107238705556,25.51238549817571],[-107.39107238705556,25.51321043234949],[-107.39107680860951,25.51321041867908],[-107.39133993632456,25.513210386484346],[-107.39134435788313,25.513210460246494],[-107.39134877944176,25.513210446566006],[-107.39134877944176,25.513214906131697],[-107.39135329123636,25.51321488146454],[-107.39135329123636,25.513219341030087],[-107.39135329123636,25.513763320109422],[-107.3916208407976,25.513763360490096],[-107.3916208407976,25.513767820043277],[-107.39162526236098,25.513767806343147],[-107.39162977416042,25.51376778165605],[-107.39162977416044,25.51377224120902],[-107.39162977416042,25.513776700761934],[-107.39162977416042,25.5143118466506],[-107.39162977416042,25.514316306195834],[-107.39162526236098,25.514316243450306],[-107.39162526236098,25.51432070299555],[-107.3916208407976,25.51432071670502],[-107.39135329123636,25.514320764337175],[-107.39135329123636,25.514588249772412],[-107.39135329123636,25.514592709318443],[-107.39134877944176,25.51459273400928],[-107.39134877944176,25.514597193555314],[-107.39134435788313,25.5145972072592],[-107.39133993632456,25.51459722096292],[-107.39107680860951,25.51459716711166],[-107.39107238705556,25.514597180805477],[-107.39107238705556,25.51486475373449],[-107.39107238705556,25.514869213281376],[-107.39107238705556,25.514873672828195],[-107.39106787526588,25.514873697513263],[-107.39106787526588,25.51487815706009],[-107.39106345371208,25.514878083316216],[-107.3907959047307,25.514878130267874],[-107.3907959047307,25.515154622335317],[-107.39245471290177,25.51515454714896],[-107.3924591344795,25.51515462083609],[-107.3924591344795,25.515159080355183],[-107.39246355605727,25.515159066600518],[-107.39246355605727,25.515163526119476],[-107.39246355605727,25.515431097140734],[-107.39384146777705,25.51543101635429],[-107.3938458893786,25.51543108998484],[-107.3938458893786,25.515435549476333],[-107.393850401217,25.515435524676718],[-107.393850401217,25.51543998416808],[-107.393850401217,25.515707553533286],[-107.393850401217,25.515712013020767],[-107.3943988608811,25.51571193804289],[-107.39440328249222,25.51571201164778],[-107.39440779434038,25.515716446300278],[-107.39440779434038,25.515720905778128],[-107.39440779434038,25.51598847433275],[-107.39495174333446,25.515988421060776],[-107.39495625519224,25.51598848365039],[-107.39496067681293,25.515988469789228],[-107.39496067681293,25.515992929253763],[-107.39496518867087,25.515997363866877],[-107.39496518867087,25.516264931614696],[-107.39523274198771,25.516264873885312],[-107.39523716361315,25.516264947449546],[-107.39523716361315,25.516269406905433],[-107.39524158523868,25.516269393029116],[-107.39524158523868,25.516273852484872],[-107.39524158523868,25.516541419713594],[-107.39717691094897,25.516541347479276],[-107.3971813326078,25.51654579294528],[-107.3971857542667,25.51654586643187],[-107.3971857542667,25.516550325850496],[-107.3971857542667,25.51655478526906],[-107.3971857542667,25.516822262827368],[-107.3977387329423,25.51682232008023],[-107.39774315461078,25.516822306101908],[-107.39774315461078,25.51655474167494],[-107.39774315461078,25.516550282265893],[-107.39774315461078,25.516545822856777],[-107.39774766651746,25.516545797890913],[-107.39774766651746,25.51654133848181],[-107.39775208818608,25.5165414119473],[-107.39884009169019,25.516541346540613],[-107.3988446036161,25.516541408972433],[-107.3988446036161,25.516545868362815],[-107.39884902530355,25.516545854348195],[-107.39885344699108,25.516550299723573],[-107.39885344699108,25.516554759113667],[-107.39885344699108,25.516822322403424],[-107.39939749561358,25.516822323552383],[-107.39940191731053,25.51682230951261],[-107.39940642924627,25.516822284479364],[-107.39940642924627,25.51682674385615],[-107.39940642924627,25.516831203232872],[-107.39940642924627,25.517098765720178],[-107.3996739871766,25.51709878460655],[-107.39967840887826,25.517098770551872],[-107.39968292081886,25.517098745503425],[-107.39968292081886,25.51710320487156],[-107.39968734252069,25.517107650184467],[-107.39968734252069,25.51737521214797],[-107.40023139290366,25.517375208338752],[-107.40023581461492,25.517375194258754],[-107.40023581461492,25.517379653613517],[-107.40024023632624,25.517379726971605],[-107.40024023632624,25.517384186326222],[-107.40024023632624,25.517388645680782],[-107.40024023632624,25.517651660048987],[-107.40024023632624,25.517656119399728],[-107.40078870959698,25.517656185814324],[-107.40079322155698,25.51765616071437],[-107.40079322155698,25.517660620055615],[-107.40079764327787,25.517660605949988],[-107.40079764327787,25.51766506529109],[-107.40079764327787,25.51793262564124],[-107.40106520265235,25.517932640550043],[-107.4010696243779,25.517932626429737],[-107.40106962437791,25.51793708576233],[-107.40107413634283,25.517937060646936],[-107.40107413634283,25.517941519979395],[-107.40107413634283,25.518209079810184],[-107.40134169600428,25.518209093815024],[-107.40134611773458,25.518209079679814],[-107.40134611773458,25.518213539003742],[-107.40135062970434,25.518213513873164],[-107.40135062970434,25.518217973196947],[-107.40135062970434,25.51848553250838],[-107.40161809941323,25.518485556604656],[-107.40162261138775,25.5184899907744],[-107.40162703312286,25.51848997662404],[-107.40162703312286,25.51849443593918],[-107.40163154509754,25.518494410793146],[-107.40163154509754,25.51849887010815],[-107.40163154509754,25.51876642889186],[-107.40217550934392,25.518766424305394],[-107.40218002132819,25.51876648657127],[-107.40218444307288,25.51876647239559],[-107.40218444307288,25.51877093169727],[-107.40218444307288,25.518775390998893],[-107.40218444307288,25.519042948979976],[-107.4027329204795,25.519042916096865],[-107.40273734223365,25.519042901896032],[-107.40273734223365,25.519047361184345],[-107.40274185422776,25.51904742342391],[-107.40274185422776,25.519051882712066],[-107.40274185422776,25.519319352448946],[-107.4032858208161,25.51931942907965],[-107.4032903328198,25.519319403856798],[-107.4032903328198,25.519323863131724],[-107.40329475458351,25.519323848905497],[-107.40329475458351,25.519328308180285],[-107.40329475458351,25.519332767455015],[-107.40329475458351,25.519600323822427],[-107.40329917634729,25.519600309591365],[-107.40384323435123,25.51960028465883],[-107.40384765612441,25.519600357843945],[-107.40385216813795,25.519604791856374],[-107.40385216813795,25.51960925111765],[-107.40385216813795,25.519876806677743],[-107.40439613706765,25.519876789642446],[-107.40440064909077,25.51987676436808],[-107.40440507087351,25.51987675009137],[-107.40440507087351,25.51988120933934],[-107.40440949265631,25.51988574174645],[-107.40440949265631,25.520153209063118],[-107.40495355300169,25.520153265345744],[-107.40495797479392,25.520153251043894],[-107.40495797479392,25.520157710278465],[-107.40496248682686,25.520157684978052],[-107.40496248682686,25.520162144212488],[-107.40496248682686,25.520429698162534],[-107.40496248682686,25.5204341573931],[-107.40551097013984,25.52043419623842],[-107.4055153919416,25.52043418191116],[-107.4055153919416,25.520438641132216],[-107.40551981374344,25.520438626804722],[-107.40551981374344,25.520443086025637],[-107.40551981374344,25.52071063916455],[-107.40606387642964,25.52071060178077],[-107.40606829824088,25.52071067486381],[-107.40607281029324,25.520710649511933],[-107.40607281029324,25.520715108719543],[-107.40607281029324,25.520719567927078],[-107.40607281029324,25.52098712026307],[-107.40746397003784,25.520987082906018],[-107.40746397003784,25.520719531995482],[-107.40746397003782,25.5207150728117],[-107.40746397003782,25.520710613627863],[-107.40746848211458,25.520710588223288],[-107.4074729039499,25.52071066125381],[-107.40801697075214,25.520710614953096],[-107.40801697075214,25.520162136017696],[-107.40802139259684,25.520162121602183],[-107.40802139259684,25.520157662419987],[-107.40802590468334,25.520153265256628],[-107.40803032652816,25.520153250840934],[-107.4082978934028,25.520153247235456],[-107.40829789340282,25.51988569646687],[-107.40829789340282,25.519881237285468],[-107.4083023152523,25.51987676368288],[-107.40830682734371,25.519876738260987],[-107.4085743042629,25.51987674531887],[-107.4085743042629,25.519332812713145],[-107.40857430426291,25.51932835352858],[-107.40857430426291,25.51932389434395],[-107.40857881635907,25.51932386892129],[-107.40858323821337,25.51931939531458],[-107.40885080566085,25.519319391322203],[-107.40885080566083,25.519051840407787],[-107.40885080566085,25.519047381223945],[-107.40885522751981,25.519047366796364],[-107.4088552275198,25.519042907612533],[-107.40885973962085,25.519042882184102],[-107.40886416147998,25.519042955191246],[-107.40940814097088,25.519042917015028],[-107.40940814097088,25.518775366435598],[-107.40940814097088,25.518770907257334],[-107.4094126530816,25.51876642263446],[-107.40941707495018,25.518766495625673],[-107.41050954953583,25.518766474843055],[-107.41051406166578,25.518766449356903],[-107.41051848355322,25.51877089403181],[-107.41051848355322,25.518775353191096],[-107.41051848355322,25.51904290263257],[-107.41329652672599,25.519042907053823],[-107.41329652672599,25.518775360459838],[-107.41329652672599,25.51877090134799],[-107.41330094866103,25.51876642764855],[-107.41330546083971,25.518766489490538],[-107.41357294293269,25.518766486466053],[-107.4135729429327,25.5184989399193],[-107.41357294293269,25.51849448080825],[-107.41357745511613,25.518489996100044],[-107.41358187705595,25.51848998150676],[-107.41358638923954,25.51848549679839],[-107.4146833034048,25.518485511768677],[-107.4146833034048,25.518217966120208],[-107.41468772536354,25.518218038923806],[-107.41468772536354,25.518213579827805],[-107.41469223756643,25.51820909509738],[-107.41469665952533,25.518209080467535],[-107.41801874518553,25.518209095481122],[-107.41801874518553,25.517941553016282],[-107.41801874518553,25.517937093973266],[-107.41802316720128,25.51793707922476],[-107.41802316720128,25.51793262018176],[-107.4180275892171,25.51793260543317],[-107.41885252210155,25.51793262226392],[-107.41885252210155,25.517665080417938],[-107.41885252210155,25.517660621385236],[-107.41885703437704,25.517656136570338],[-107.4188614564071,25.517656121795525],[-107.41940545692616,25.517656128306456],[-107.41940545692616,25.517651669283083],[-107.41940545692616,25.51738858679139],[-107.4194099692113,25.51738410196587],[-107.4194099692113,25.517379642938696],[-107.4194143912508,25.51737525655281],[-107.41941890353607,25.517375230754293],[-107.42162163010657,25.517375210241703],[-107.42162614243031,25.517379643349184],[-107.42163056450765,25.517384174896822],[-107.42163056450765,25.51738863388597],[-107.42163056450765,25.5176517141338],[-107.42163056450765,25.517656173119153],[-107.42189814545021,25.51765614153627],[-107.42190256753219,25.517656126648767],[-107.4219070798608,25.517660559732015],[-107.4219070798608,25.517665018712503],[-107.4219070798608,25.517932644857023],[-107.42217457084224,25.517932623379643],[-107.42217908317562,25.517932597467283],[-107.42218350526238,25.517937041536605],[-107.42218350526238,25.517941500508446],[-107.42218350526238,25.51820903870248],[-107.42218792734923,25.5182091112258],[-107.4227319348539,25.51820910139758],[-107.42273644719698,25.518209075459414],[-107.42273644719698,25.518213534417924],[-107.42274086929326,25.518213519489947],[-107.42274086929326,25.51821797844832],[-107.42274086929326,25.518485515834627],[-107.42411876207065,25.51848552804392],[-107.42412318419052,25.518489971990995],[-107.4241276965578,25.518490033425465],[-107.4241276965578,25.518494492356197],[-107.4241276965578,25.518498951286862],[-107.4241276965578,25.518766487010804],[-107.42413211867782,25.518766472021923],[-107.4252290775141,25.518766476163545],[-107.4252334996529,25.51876646113386],[-107.4252380120395,25.518766435091624],[-107.42523801203951,25.518770893999434],[-107.42524243417846,25.5187709663989],[-107.42524243417846,25.518775425306575],[-107.42524243417846,25.519042959650978],[-107.42606296787869,25.519042938087605],[-107.4260673900317,25.51904292302235],[-107.4260718121848,25.519042907956923],[-107.4260718121848,25.519047366846547],[-107.42607632458599,25.519051799657294],[-107.42607632458599,25.519319420339382],[-107.42773951076435,25.519319370108807],[-107.42773951076435,25.51905183856207],[-107.42773951076435,25.519047379701025],[-107.42774402319455,25.519047353559287],[-107.42774402319455,25.51904289469826],[-107.42774844537621,25.51904296699935],[-107.42775295780658,25.519042940857357],[-107.42802045481832,25.519042905118766],[-107.42802045481832,25.518775373624123],[-107.42802045481832,25.518770914763945],[-107.42802045481832,25.518766455903698],[-107.4280249672534,25.518766429756194],[-107.42802938943987,25.518766502051534],[-107.42857340919811,25.51876646439206],[-107.42857340919811,25.518498933228646],[-107.42857340919811,25.51849447437399],[-107.42857783139392,25.518490000370335],[-107.42858234383868,25.518489974206535],[-107.42858234383868,25.518485515351895],[-107.4288498417053,25.518485565751654],[-107.42885435415481,25.518485539577664],[-107.42885435415481,25.518218008462597],[-107.42885435415481,25.518213549608753],[-107.42885877635541,25.518209075600236],[-107.42886319855607,25.51820906044547],[-107.42912185230175,25.51820905339908],[-107.42912636475597,25.518213573497263],[-107.4291307869612,25.518218017181635],[-107.4291307869612,25.518485548013075],[-107.42940722006199,25.51848555580715],[-107.42940722006199,25.518218025259348],[-107.42940722006199,25.518213566414953],[-107.42941173252117,25.518213540224576],[-107.42941173252117,25.518209081380196],[-107.42941615473127,25.518209066204953],[-107.43024112385349,25.51820909074662],[-107.43024112385349,25.51794156081836],[-107.43024112385349,25.517937101984295],[-107.4302455460777,25.517937086782908],[-107.4302455460777,25.517932627948852],[-107.43025005855148,25.51793260173165],[-107.43218528527872,25.517932606715068],[-107.43218528527872,25.517665078545704],[-107.43218528527872,25.51766061974094],[-107.43218970753603,25.517656145667452],[-107.43219422004358,25.5176561193816],[-107.43551625911388,25.51765612380738],[-107.43552068142787,25.517656108415284],[-107.43552068142787,25.51765164966745],[-107.43552068142787,25.517388583432915],[-107.43552068142787,25.517384124681264],[-107.43552068142787,25.517379665929568],[-107.43552510374197,25.517379650541983],[-107.43552510374197,25.51737519179029],[-107.43552961630743,25.517375252809796],[-107.43607356152198,25.517375194830326],[-107.43607356152198,25.517107670175644],[-107.43607356152198,25.517103211429465],[-107.43607807409697,25.51710318500644],[-107.43607807409695,25.517098726260272],[-107.43608249642051,25.517098798283183],[-107.43829420913171,25.51709879080238],[-107.43829872174521,25.517098764295564],[-107.43829872174521,25.516831241689008],[-107.43829872174521,25.516826782976963],[-107.43829872174521,25.516822324264858],[-107.43830314410654,25.51682230878376],[-107.43830765672018,25.51682228228136],[-107.43857516459806,25.516822312553135],[-107.43857516459806,25.516554789994426],[-107.43857516459806,25.516550331283188],[-107.43857516459806,25.51654587257188],[-107.43857958696408,25.51654585708521],[-107.43858409958253,25.51654137186591],[-107.4405104532972,25.516541381386507],[-107.44051045329718,25.51654584006476],[-107.44051487569608,25.516545824506384],[-107.44051929809507,25.516550267625888],[-107.44051929809507,25.516554726303877],[-107.44051929809505,25.516822334291742],[-107.44078689849945,25.516822261150065],[-107.44079132090305,25.516822333001663],[-107.44079583355987,25.516822306405285],[-107.44079583355987,25.516826765074658],[-107.44079583355986,25.516831223743978],[-107.44079583355986,25.517098743786992],[-107.44106334399528,25.517098768188436],[-107.44106776640358,25.517098752600216],[-107.44107227906518,25.51710318464935],[-107.44107227906518,25.517107643310005],[-107.44107227906518,25.517375250257913],[-107.44107670147362,25.517375234664687],[-107.44134430245099,25.517375247128154],[-107.44134872486404,25.517379690176902],[-107.44135314727718,25.517384133225267],[-107.44135314727718,25.517388591877122],[-107.44135314727718,25.517651652224185],[-107.44135314727718,25.517656110872228],[-107.44273998364181,25.51765614318443],[-107.44273998364181,25.517651684560114],[-107.44273998364181,25.51710764449368],[-107.44273998364181,25.517103185861565],[-107.44274440607859,25.5171032576353],[-107.44274440607859,25.517098799003197],[-107.44274891876924,25.517098772328282],[-107.44301643121113,25.51709879234454],[-107.44302085365258,25.517098776683945],[-107.44302085365258,25.51655473624438],[-107.44302085365258,25.51655027760921],[-107.44302085365258,25.516545818973967],[-107.44302536634804,25.516545792298146],[-107.44302536634804,25.516541333662918],[-107.44302978878966,25.51654140543565],[-107.44329739177401,25.51654132694487],[-107.44329739177401,25.51543995582796],[-107.44329739177401,25.515435497181663],[-107.44330181422025,25.515435481538816],[-107.44330181422025,25.515431022892535],[-107.44330623666656,25.51543109467402],[-107.44357383993491,25.515431016702653],[-107.44357383993491,25.514887061948688],[-107.44357383993491,25.51488260329927],[-107.44357826238584,25.514878129006117],[-107.44358277509095,25.514878102337985],[-107.44385028838919,25.514878122762426],[-107.44385028838919,25.514610603961156],[-107.44385028838919,25.51460614531253],[-107.4438547108448,25.514606129663232],[-107.4438547108448,25.514601671014624],[-107.4438592235547,25.51460164434081],[-107.4438592235547,25.514597185692214],[-107.44386364601048,25.514597170042727],[-107.44413115959712,25.514597190125073],[-107.44413115959712,25.51405323508879],[-107.44413115959712,25.514048776437058],[-107.44413115959712,25.51404431778526],[-107.4441356723118,25.514044291110622],[-107.44414009477227,25.514044275460243],[-107.44440769889717,25.51404428446509],[-107.44440769889717,25.513495782968132],[-107.44440769889717,25.51349132431321],[-107.44441212136225,25.513491308662122],[-107.44441212136225,25.513486850007208],[-107.4444165438274,25.513486921780636],[-107.44468414823622,25.513486843312666],[-107.44468414823622,25.51321040687305],[-107.44468414823622,25.513205948218804],[-107.44468414823622,25.512942887506075],[-107.44468414823622,25.512938428848027],[-107.44468857070599,25.512938413196053],[-107.44468857070599,25.512933954538017],[-107.44469308343032,25.512933927861464],[-107.44524156052803,25.512933985475478],[-107.44524156052803,25.512666379020757],[-107.44524156052803,25.512661920368316],[-107.44524156052803,25.512657461715825],[-107.44524598300727,25.512657533472503],[-107.44525040548656,25.51265305915206],[-107.4457944612686,25.512653043056062],[-107.44579888375722,25.51265302736778],[-107.44579888375722,25.51238550867051],[-107.44579888375722,25.512381050023624],[-107.44580339650078,25.512376564667786],[-107.44580781898954,25.51237654898386],[-107.44746210581587,25.51237658346516],[-107.44746210581587,25.512109066240527],[-107.44746210581587,25.512104607618188],[-107.44746661858822,25.51210012222885],[-107.4474710411052,25.51210010648797],[-107.44829597721721,25.51210012381804],[-107.44829597721721,25.51209566520985],[-107.44829597721721,25.511556085727143],[-107.44829597721721,25.511551627111228],[-107.448300490004,25.511547141706348],[-107.44830491253512,25.51154721336777],[-107.44857243067966,25.511547226611697],[-107.44857243067966,25.51154276800039],[-107.44857243067966,25.51099872952118],[-107.44857243067965,25.51099427090208],[-107.44857694347122,25.510994244112286],[-107.44857694347122,25.510989785493198],[-107.44858136600703,25.510989769729964],[-107.44858587879875,25.510989830363812],[-107.44885339723146,25.510989756125724],[-107.44885339723146,25.510717780530285],[-107.44885339723146,25.510713321912014],[-107.44885781977196,25.51071330614322],[-107.44885781977196,25.51070884752495],[-107.44886233256847,25.510708908153177],[-107.4491298512847,25.51070883358306],[-107.4491298512847,25.510441316650507],[-107.4491298512847,25.510436858033035],[-107.44912985128471,25.5104323994155],[-107.44913427382988,25.51043238364123],[-107.44913878663117,25.510432444263767],[-107.44940630563093,25.51043236935704],[-107.44940630563093,25.509888418120077],[-107.44940630563093,25.509883959499493],[-107.44941081843693,25.50988393269735],[-107.44941081843693,25.50987947407677],[-107.44941524098687,25.50987945830145],[-107.44941966353689,25.509879442525964],[-107.44996372801779,25.509879500612605],[-107.44996372801779,25.509607437791498],[-107.44996372801779,25.509602979176464],[-107.4499681505771,25.509603050809165],[-107.4499681505771,25.509598592194145],[-107.44997266339283,25.509598565375693],[-107.45135051993535,25.509598506586396],[-107.45135051993535,25.509330990989493],[-107.45135051993535,25.509326532394276],[-107.45135494251818,25.509326516556456],[-107.45135494251818,25.509322057961263],[-107.45135936510107,25.509322129546778],[-107.45162697663429,25.509322127191123],[-107.45163139922181,25.509322111343128],[-107.45163139922181,25.507935311791567],[-107.45163139922181,25.50793085318136],[-107.45162697663429,25.507930869005797],[-107.45135936510107,25.50793086993158],[-107.45135494251818,25.50793088574594],[-107.45135494251818,25.507926427130936],[-107.45135051993535,25.50792635552122],[-107.45135051993535,25.507921896906087],[-107.45135051993535,25.50488530303568],[-107.45135494251818,25.504880828614873],[-107.45135936510107,25.504876354193993],[-107.45162697663429,25.50487635640758],[-107.45163139922181,25.50487634063487],[-107.45163139922181,25.503774963854998],[-107.45163139922181,25.50377050518581],[-107.45163591206627,25.503770478405066],[-107.45163591206628,25.50376601973588],[-107.45164033465393,25.503766003981646],[-107.4535711172226,25.503766066981374],[-107.4535711172226,25.503498461279204],[-107.45357553984303,25.503498532882116],[-107.45357553984303,25.503494074242308],[-107.45357553984303,25.503489615602433],[-107.45358005272112,25.503489588753116],[-107.4535844753417,25.50348957293154],[-107.4555197851961,25.503489579563833],[-107.4555197851961,25.503222063053432],[-107.4555197851961,25.503217604442995],[-107.45551978519612,25.503213145832497],[-107.45552420784954,25.50321312994375],[-107.45552420784954,25.50320867133327],[-107.45552863050305,25.50320865544442],[-107.45607270771401,25.50320869958196],[-107.45607270771401,25.502941095977416],[-107.45607270771401,25.502936637372468],[-107.45607713037681,25.50293662146792],[-107.45607713037681,25.50293216286299],[-107.45608155303968,25.50293223438198],[-107.45663005407407,25.502932173224774],[-107.45663005407407,25.502669115980872],[-107.45663005407407,25.50266465738162],[-107.45663005407407,25.502660198782305],[-107.45663447674629,25.502660182861792],[-107.45663447674629,25.502655724262496],[-107.4566389896772,25.50265569731206],[-107.45690651636137,25.50265570098379],[-107.45690651636137,25.502388185189808],[-107.45690651636137,25.502383726591315],[-107.456911029297,25.502383699635303],[-107.456911029297,25.502379241036824],[-107.45691545197398,25.50237922511066],[-107.45746395475848,25.502379248704564],[-107.45746395475848,25.502111733248583],[-107.45746395475848,25.502107274655724],[-107.45746395475848,25.5021028160628],[-107.45746837744481,25.502102800120834],[-107.45746837744481,25.502098341527926],[-107.45747280013123,25.502098325585873],[-107.45774041792782,25.502098316928482],[-107.45774041792782,25.501554368688222],[-107.45774041792782,25.5015499100922],[-107.45774041792782,25.50154545149612],[-107.45774484061884,25.50154543555336],[-107.45774926330994,25.501545419610434],[-107.45774926330994,25.501540961014438],[-107.45801688138955,25.501540952309394],[-107.45801688138955,25.50100137485963],[-107.45801688138955,25.500996916260522],[-107.45801688138955,25.50099245766135],[-107.45802130408525,25.50099252914123],[-107.45802572678102,25.50098805459834],[-107.45829334514363,25.500988045841073],[-107.458297767844,25.500988029887267],[-107.458297767844,25.500720514106288],[-107.458297767844,25.50071605550801],[-107.45830219054444,25.500711580960402],[-107.45830670350415,25.500711553980533],[-107.4585742318951,25.500711555907316],[-107.45857423189511,25.50016306098935],[-107.45857423189511,25.500158602387923],[-107.45857865460023,25.50015867386133],[-107.45857865460023,25.50015421525991],[-107.45858316756471,25.500154188279225],[-107.45885069623854,25.500154190158426],[-107.45885069623854,25.499886586814043],[-107.45885069623854,25.499882128213436],[-107.45885511894832,25.49987774108067],[-107.45885963191758,25.49987771409432],[-107.45912716087426,25.4998777156372],[-107.45912716087426,25.498776353085457],[-107.45913158358873,25.49877187852674],[-107.45913158358873,25.49876741991516],[-107.45913609656274,25.498767392937534],[-107.45914051927737,25.49876737699014],[-107.46246254063871,25.498767439860643],[-107.46246254063871,25.498762981306083],[-107.46246254063871,25.49849983905271],[-107.46246254063871,25.498495380494365],[-107.4624670536702,25.49849089483733],[-107.46247147644114,25.49848650763562],[-107.46329645991855,25.498486464275153],[-107.46329645991854,25.498218951508836],[-107.46329645991854,25.498214492960805],[-107.46330088270349,25.498214476868668],[-107.46330088270349,25.498210018320652],[-107.46330530548852,25.498210002228422],[-107.46440676180775,25.498209989523723],[-107.46440676180774,25.497942477664377],[-107.46440676180774,25.49793801913147],[-107.46441118461145,25.49793800300289],[-107.46441118461146,25.497933544469987],[-107.46441560741523,25.497933528341324],[-107.46496412592448,25.497933526791105],[-107.46496412592448,25.497666015270255],[-107.46496412592448,25.49766155674298],[-107.46496412592448,25.49765709821564],[-107.46496854873759,25.497657082071182],[-107.46497306181227,25.497652596365068],[-107.46579796291012,25.49765263679192],[-107.46579796291012,25.49738503846825],[-107.46579796291012,25.497380579951294],[-107.4658024759991,25.49737618165085],[-107.46580689882639,25.497376165480087],[-107.46718474855093,25.497376174217568],[-107.46718474855093,25.497108577085843],[-107.46718474855093,25.49710411858875],[-107.46718917140154,25.49710418979291],[-107.46718917140154,25.49709973129583],[-107.46719368451448,25.49709970404274],[-107.47218342972164,25.497099663889568],[-107.47218342972164,25.496832159086267],[-107.47218342972164,25.496827700670956],[-107.47218785265657,25.496827684273125],[-107.47218785265657,25.49682322585782],[-107.47219236585556,25.49682319842077],[-107.47219678879065,25.496818811027385],[-107.47301728967118,25.496818733114427],[-107.47301728967118,25.496551228930624],[-107.47302171262017,25.496551212506592],[-107.47302171262017,25.49654675410169],[-107.47302613556924,25.496542279272663],[-107.47303064878265,25.49654233922852],[-107.47385115227054,25.49654225644811],[-107.47385115227054,25.49627475288765],[-107.47385115227054,25.496270294493055],[-107.47385557523357,25.4962702780429],[-107.47385557523357,25.49626581964832],[-107.4738599981967,25.496265803198067],[-107.47634372942125,25.496265866747436],[-107.4763482426917,25.496265839163094],[-107.4763482426917,25.496270297514936],[-107.47635266569681,25.496270280972272],[-107.47635266569681,25.496274739323972],[-107.47635266569681,25.496542327729237],[-107.47662021251209,25.496542293439457],[-107.47662463552177,25.496542276882106],[-107.47662463552177,25.496546735225294],[-107.47662914879704,25.496546795043983],[-107.47662914879704,25.496551253387032],[-107.47662914879704,25.496818753854672],[-107.47717760258591,25.49681879691127],[-107.47717760258591,25.49682325524107],[-107.47718202560499,25.496823238658315],[-107.47718653888984,25.49682766936227],[-107.47718653888984,25.496832127691786],[-107.47718653888984,25.497099714765756],[-107.47745408655452,25.497099678030718],[-107.47745850957824,25.49709966143303],[-107.47746302286785,25.497104179531178],[-107.47746302286785,25.497108637852048],[-107.47746302286785,25.49737613698877],[-107.47940717470733,25.49737613977919],[-107.47940717470733,25.497108642643152],[-107.47940717470733,25.49710418435563],[-107.47941159776394,25.497099709397997],[-107.4794161110871,25.497099681683405],[-107.47996457069343,25.497099711322562],[-107.47996457069343,25.49683212710837],[-107.47996457069343,25.496827668826498],[-107.47996457069343,25.496823210544566],[-107.47996899375941,25.496823193858557],[-107.47997341682549,25.49682326458968],[-107.4799734168255,25.496818806307836],[-107.48024096732767,25.49681876360653],[-107.48024096732767,25.49655126685577],[-107.48024096732767,25.49654680857467],[-107.48024548066505,25.49654678083832],[-107.48024548066505,25.496542322557232],[-107.48024990373577,25.496542305865585],[-107.48079394200182,25.496542262138956],[-107.48079836508177,25.496542332844083],[-107.48079836508177,25.496274749015367],[-107.48079836508178,25.49627029073992],[-107.48080287842875,25.49626580471186],[-107.48080730150885,25.496265875421425],[-107.4813513409283,25.496265829729264],[-107.4813513409283,25.49599833365234],[-107.4813513409283,25.495993875382478],[-107.48135576401762,25.49599385865917],[-107.48135576401762,25.49598940038931],[-107.48136027737415,25.495989372620482],[-107.48162773902044,25.495989338705627],[-107.48162773902044,25.495721842678723],[-107.48163225238164,25.4957173566353],[-107.48163225238164,25.49571289836627],[-107.48163667547568,25.495708423368313],[-107.48164118883705,25.49570848301078],[-107.48218513971435,25.495708445725203],[-107.48218513971435,25.495440950033835],[-107.48218513971435,25.4954364917704],[-107.48218965308513,25.495436463979807],[-107.48218965308513,25.495432005716378],[-107.48219407618853,25.495431988971553],[-107.48246162895033,25.495432030130154],[-107.48246162895033,25.495164447072092],[-107.48246605205833,25.4951599720592],[-107.48246605205833,25.495155513796597],[-107.48247056543391,25.495155486000268],[-107.48247498854207,25.495155556666635],[-107.4827425415896,25.495155510062446],[-107.4827425415896,25.494888014476004],[-107.4827425415896,25.494883556214308],[-107.4827425415896,25.494879097952552],[-107.48274705496993,25.49487907015055],[-107.48274705496993,25.494874611888807],[-107.48275147808273,25.494874595132785],[-107.48329552152401,25.494874630896014],[-107.48329552152401,25.49460704822388],[-107.48329994464605,25.494602573195976],[-107.48330436776814,25.494598098168005],[-107.48357192165923,25.494598137692826],[-107.4835764350538,25.49459810986437],[-107.4835764350538,25.494330614663788],[-107.4835764350538,25.494326156408526],[-107.48358085818053,25.49432168137583],[-107.48358537157524,25.49432165355181],[-107.48385283548413,25.494321703777192],[-107.48385283548413,25.494054121210095],[-107.48385283548413,25.494049662955664],[-107.48385283548413,25.494045204701177],[-107.4838573488835,25.494045176871662],[-107.48386177201498,25.49404524750534],[-107.48412932647291,25.49404519893153],[-107.48412932647291,25.494040740681722],[-107.48412932647291,25.493773245577874],[-107.48412932647291,25.493768787324218],[-107.48413383987703,25.493768759489043],[-107.48413826301314,25.493764284446854],[-107.48440581775222,25.493764322958377],[-107.48440581775222,25.493496740488172],[-107.4844102408929,25.493492265441343],[-107.4844102408929,25.493487807188547],[-107.48441475430184,25.493487779347625],[-107.48441917744267,25.49348784997008],[-107.48496322433233,25.493487793608203],[-107.48496322433233,25.49322029889422],[-107.48496322433233,25.493215840647068],[-107.48496764748238,25.49321136558996],[-107.48497207063251,25.4932113487799],[-107.48551611866509,25.493211377889928],[-107.48552054182444,25.49321136105956],[-107.48552054182444,25.49294377926861],[-107.48552054182444,25.49293932102711],[-107.48552054182443,25.49293486278555],[-107.48552505525241,25.49293492232876],[-107.48552505525241,25.492930464087216],[-107.4855294784119,25.49293044726128],[-107.48606459099065,25.492930431738845],[-107.48606901415921,25.492934873125122],[-107.48607352759659,25.492934845231126],[-107.4860735275966,25.49293939087951],[-107.4860735275966,25.49294384911152],[-107.48607352759659,25.493211342916656],[-107.48662200108348,25.493211350128043],[-107.4866264242614,25.493211333256706],[-107.4866264242614,25.493215791475382],[-107.48663093770833,25.493215850971538],[-107.48663093770833,25.493220309190068],[-107.48663093770833,25.49348780218705],[-107.48689840471212,25.49348784643633],[-107.48690291816372,25.493487818501457],[-107.48690291816372,25.493492276711482],[-107.48690734134637,25.493492259824972],[-107.48690734134637,25.49349671803486],[-107.48690734134637,25.49376429792883],[-107.48745139337827,25.49376431704752],[-107.48745581657013,25.493764300136075],[-107.48746033003127,25.493768730371933],[-107.48746033003127,25.49377318856843],[-107.48746475322329,25.493773171656496],[-107.48746475322329,25.494040750742005],[-107.48746475322329,25.49404520893458],[-107.48912796895279,25.4940452069636],[-107.48912796895279,25.49404074879956],[-107.48912796895279,25.493773171427208],[-107.48913248244261,25.49377323081827],[-107.48913248244261,25.49376877265047],[-107.48913690566269,25.49376429750889],[-107.48914132888285,25.493764280535007],[-107.48940888870584,25.493764307815447],[-107.48940888870584,25.49349673049812],[-107.48940888870584,25.49349227233116],[-107.48941340220047,25.493487786134466],[-107.48941782542526,25.49348785657007],[-107.48968538552903,25.49348779609962],[-107.48968538552903,25.493220306247743],[-107.48968538552903,25.493215848081626],[-107.4896898087584,25.493211372930627],[-107.48969432225783,25.493211344895126],[-107.48996188264238,25.493211371503765],[-107.48996188264238,25.492943794287402],[-107.48996188264238,25.492939336122127],[-107.48996630587638,25.492934860966418],[-107.48997072911047,25.492934931390895],[-107.48997072911047,25.49293047322564],[-107.48997524261472,25.492930445184392],[-107.49023828977566,25.49293041208822],[-107.49024280328449,25.49293038403687],[-107.49024280328449,25.492109994003222],[-107.49024280328449,25.492105535830998],[-107.49024280328449,25.492101077658706],[-107.49024722652322,25.492101060672088],[-107.49025164976203,25.4920965855131],[-107.49051921071242,25.492096612019026],[-107.49051921071242,25.49043336144911],[-107.49025164976203,25.49043333322972],[-107.49024722652322,25.49043335018819],[-107.49024722652322,25.490428891992376],[-107.49024280328449,25.49042890895061],[-107.49024280328449,25.49042445075465],[-107.49024280328449,25.490419992558632],[-107.49024280328449,25.489323012179344],[-107.49023828977566,25.48932304016833],[-107.48997524261472,25.489322982195635],[-107.48997072911047,25.489318551958288],[-107.48996630587638,25.48931856888743],[-107.48996188264236,25.489314127599975],[-107.48996188264236,25.489309669383463],[-107.48996188264238,25.488489181643722],[-107.48969432225783,25.488489150170448],[-107.4896898087584,25.488484719891503],[-107.48968538552903,25.488484736796078],[-107.48968538552903,25.488480278563134],[-107.48968538552903,25.48847582033012],[-107.48968538552903,25.488208238817915],[-107.48941782542526,25.488208206434603],[-107.48941340220047,25.488208223324424],[-107.48940888870584,25.48820825126282],[-107.48940888870584,25.488203793021224],[-107.48940888870584,25.488199334779562],[-107.48940888870584,25.487655341409024],[-107.48914132888285,25.487655307835528],[-107.48913690566269,25.487655324705717],[-107.4891324824426,25.4876508833216],[-107.4891324824426,25.487646425067407],[-107.48912796895279,25.487646365568736],[-107.48912796895279,25.485996544920937],[-107.4891324824426,25.48599205875386],[-107.4891324824426,25.485987600476278],[-107.48913690566269,25.48598758363456],[-107.48914132888285,25.485987654209886],[-107.48940888870584,25.48598760208424],[-107.48940888870584,25.485443604909293],[-107.48940888870584,25.485439146628718],[-107.48940888870584,25.485434688348086],[-107.48941340220047,25.485434660457642],[-107.48941782542526,25.485430185334366],[-107.48968538552903,25.485430220579566],[-107.48968538552903,25.485162636490507],[-107.48968538552903,25.485158178210728],[-107.4896898087584,25.485158248779864],[-107.4896898087584,25.485153790500096],[-107.48969432225783,25.485153762603904],[-107.49023828977566,25.485153798085637],[-107.49024280328449,25.485153770168736],[-107.49024280328449,25.484886186420145],[-107.49024280328449,25.48488172814604],[-107.49024280328449,25.484877269871866],[-107.49024722652322,25.48487725300788],[-107.49025164976202,25.484877323560863],[-107.49051921071242,25.48487727008717],[-107.49051921071242,25.484609773806657],[-107.49051921071242,25.4846053155334],[-107.49052372422607,25.484600829342128],[-107.4905281474695,25.48460081247243],[-107.49107211670841,25.484600845307725],[-107.49107211670841,25.484596387043833],[-107.49107211670841,25.48405239096063],[-107.49107663023153,25.484052363031296],[-107.49107663023153,25.484047904759755],[-107.49107663023153,25.484043446488155],[-107.49108105348425,25.484043429607436],[-107.4910855670075,25.484043401677916],[-107.4913530385339,25.484043445657694],[-107.4913530385339,25.48377586211414],[-107.49135303853392,25.483771403843445],[-107.49135303853392,25.483766945572693],[-107.49135755206183,25.483767005054762],[-107.49136197531926,25.483766988168338],[-107.49162953739678,25.483767020763718],[-107.49162953739679,25.48349943727137],[-107.49162953739679,25.483494979001538],[-107.49162953739679,25.483490520731635],[-107.49163396065879,25.48349050383983],[-107.49163847419152,25.483486017629193],[-107.49218695926382,25.48348601977196],[-107.49218695926382,25.482942024115694],[-107.49218695926382,25.482937565847575],[-107.49218695926382,25.482933107579388],[-107.49219138253517,25.482933090676415],[-107.49219589607743,25.482933150141196],[-107.49246336873036,25.48293310535652],[-107.49246336873036,25.481541861847642],[-107.49219589607743,25.48154190519959],[-107.49219138253517,25.481541845710368],[-107.49218695926382,25.481541862589726],[-107.49218695926382,25.481537404301896],[-107.49218695926382,25.481532946014003],[-107.49218695926382,25.4804315721471],[-107.49191939662056,25.48043153736593],[-107.49191488308303,25.48043156526447],[-107.4919104598163,25.48043158211474],[-107.4919104598163,25.48042712380654],[-107.49190603654966,25.480422682348227],[-107.49190603654966,25.476819736779476],[-107.49163847419152,25.476819697646192],[-107.49163396065879,25.47681972547167],[-107.49162953739679,25.47681528388639],[-107.49162953739678,25.476810825522502],[-107.49162953739679,25.47654323615562],[-107.49136197531926,25.476543196116985],[-107.49135755206183,25.476543212880763],[-107.4913530385339,25.4765387823184],[-107.49135303853392,25.47653432394588],[-107.49135303853392,25.47599031460898],[-107.49135303853392,25.47598585622875],[-107.4910855670075,25.475985803949236],[-107.49108105348425,25.475985831739425],[-107.49107663023153,25.47598584848333],[-107.49107663023153,25.475981390098294],[-107.49107211670841,25.475976959502898],[-107.49107211670841,25.47570936885821],[-107.49080464546708,25.475709403083226],[-107.49080013194862,25.475709343438552],[-107.49080013194862,25.47570488504488],[-107.49079570870062,25.475704901773614],[-107.49079570870062,25.475700443379804],[-107.49079570870062,25.47543293963665],[-107.4905281474695,25.475432896582966],[-107.49052372422607,25.475432913297013],[-107.49052372422607,25.475428454894715],[-107.49051921071242,25.475428482654067],[-107.49051921071242,25.475424024251627],[-107.49051921071242,25.474055029480983],[-107.49051921071242,25.474050571059248],[-107.49051921071242,25.47404611263745],[-107.49052372422607,25.474046172322037],[-107.4905281474695,25.474041697209827],[-107.49079570870062,25.47404165427704],[-107.49079570870062,25.472654908675842],[-107.4905281474695,25.472654862759683],[-107.49052372422607,25.472654879426557],[-107.49052372422607,25.472650420985236],[-107.49051921071242,25.472650448696548],[-107.49051921071242,25.47264599025509],[-107.49051921071242,25.472097514057328],[-107.49025164976203,25.47209755436712],[-107.49024722652322,25.47209748359364],[-107.49024280328449,25.472097500240647],[-107.49024280328449,25.472093041786678],[-107.49024280328449,25.47208858333264],[-107.49024280328449,25.47098716842759],[-107.49023828977566,25.470987196099543],[-107.48997524261472,25.470987206973543],[-107.48997072911047,25.47098723463539],[-107.48996630587638,25.470987163832255],[-107.48996630587638,25.47098270535795],[-107.48996188264238,25.47098272197564],[-107.48996188264238,25.47097826350119],[-107.48996188264238,25.46905193442628],[-107.48996188264238,25.46904747592475],[-107.48996630587638,25.469047459339922],[-107.48996630587638,25.469043000838397],[-107.48997072911047,25.469043071675088],[-107.48997524261472,25.469043044046852],[-107.49023828977566,25.469043035141983],[-107.49024280328449,25.469043007503657],[-107.49024280328449,25.468498983006537],[-107.49024280328449,25.468494524502074],[-107.49024280328449,25.468490065997546],[-107.49024722652322,25.468490136833445],[-107.49024722652322,25.468485678328932],[-107.49025164976203,25.46848566174308],[-107.49079570870062,25.468485631131042],[-107.49079570870062,25.46821812131074],[-107.49080013194862,25.46821364621029],[-107.49080464546708,25.46820916006628],[-107.49107211670841,25.46820922098685],[-107.49107211670841,25.467941623797177],[-107.49107663023153,25.467941596146428],[-107.49107663023153,25.467937137648455],[-107.49107663023153,25.467932679150426],[-107.49108105348425,25.467932749964795],[-107.4910855670075,25.467932722313865],[-107.49135303853392,25.467932695467763],[-107.4913530385339,25.46766518575634],[-107.49135303853392,25.467660727259243],[-107.49135303853392,25.46765626876208],[-107.49135755206183,25.467656241105665],[-107.49136197531926,25.4676562244928],[-107.49218695926382,25.46765626497708],[-107.49218695926382,25.467651806494175],[-107.49218695926382,25.467388668470882],[-107.49218695926382,25.46738420998423],[-107.49218695926382,25.467379751497507],[-107.49219138253517,25.467379822279938],[-107.49219138253517,25.467375363793234],[-107.49219589607743,25.467375336110038],[-107.49273986875768,25.46737531000068],[-107.49273986875768,25.467107801249075],[-107.49273986875768,25.46710334276797],[-107.49274429203831,25.46710332611332],[-107.49274429203831,25.46709886763223],[-107.49274880559004,25.467098839932966],[-107.49301636907494,25.467098886592595],[-107.49302079236018,25.46709886992779],[-107.49302079236018,25.466554847924222],[-107.49302079236018,25.46655038944019],[-107.49302079236018,25.466545930956094],[-107.49302521564553,25.466545914300514],[-107.49302521564553,25.46654145581644],[-107.49302972920208,25.46654142811621],[-107.493297292972,25.466541474720113],[-107.493297292972,25.46627387842022],[-107.493297292972,25.466269419937003],[-107.49330171626198,25.46626503221391],[-107.49330613955203,25.466265015552704],[-107.49357370360237,25.46626497440025],[-107.49357370360237,25.465997465573864],[-107.49357370360237,25.46599300709152],[-107.4935782171683,25.46599297938008],[-107.4935782171683,25.465988520897753],[-107.49358264046299,25.465988504230992],[-107.49385020479384,25.46598855016441],[-107.49385020479384,25.465720953969257],[-107.49385020479384,25.465716495487783],[-107.49385462809309,25.465716566236786],[-107.49385462809309,25.46571210775533],[-107.49385905139242,25.465712091083038],[-107.49386356496322,25.465712063365693],[-107.49413112957905,25.46571210895383],[-107.49413112957905,25.465707650477054],[-107.49413112957905,25.46544005433518],[-107.49413112957905,25.465435595854593],[-107.49413555288301,25.465435579176763],[-107.49413555288301,25.46543112069619],[-107.49413997618704,25.46543119143946],[-107.49440754108323,25.46543114927593],[-107.49440754108323,25.4648871273261],[-107.49440754108323,25.464882668842517],[-107.49441205466343,25.464878182635253],[-107.4944164779721,25.46487825337773],[-107.49468404314874,25.46487821116379],[-107.49468404314874,25.46461070231551],[-107.49468404314874,25.464606243832804],[-107.49468846646197,25.464601768665897],[-107.49469298004695,25.464597282453774],[-107.49469740336035,25.46459726576939],[-107.49496045523223,25.46459733837567],[-107.49496496882189,25.464597310636044],[-107.49496496882189,25.46321946309667],[-107.49496496882189,25.4632150045993],[-107.49496939213984,25.46321052943096],[-107.49497390572965,25.463210501714993],[-107.4952413811997,25.463210558435918],[-107.4952413811997,25.460998788681263],[-107.4952413811997,25.46099433015755],[-107.4952413811997,25.460989871633775],[-107.49524589479417,25.460989931367994],[-107.49525031811682,25.46098991472441],[-107.49525031811682,25.46098545620073],[-107.49551788413906,25.46098541612817],[-107.49551788413906,25.460717904868705],[-107.49552230746627,25.460713429696852],[-107.49552682106554,25.46070894348042],[-107.49607531422345,25.460708975856214],[-107.49607531422345,25.46044137751715],[-107.49607531422345,25.460436918999967],[-107.49607973756001,25.460432531239803],[-107.49608416089663,25.460432514574823],[-107.49635172776432,25.46043247320207],[-107.49635172776432,25.460164962337625],[-107.49635172776432,25.460160503821307],[-107.4963561511055,25.460156028634593],[-107.49636066471903,25.460156000919145],[-107.49662823186704,25.460156046633056],[-107.49662823186705,25.459888448399635],[-107.49662823186705,25.4598839898842],[-107.49663265521286,25.45988406063011],[-107.49663265521286,25.4598796021147],[-107.49663707855876,25.45987512692325],[-107.49664159217708,25.45987509920206],[-107.49718557402397,25.45987515595622],[-107.49718557402397,25.459607558061503],[-107.49718557402397,25.459603099551718],[-107.49719008765167,25.459603071814545],[-107.49719008765167,25.459598613304767],[-107.49719451100691,25.45959868403462],[-107.4982959287669,25.4595986314671],[-107.49829592876691,25.459331121906384],[-107.49829592876691,25.459326663411805],[-107.49830035214067,25.459326646683586],[-107.49830035214067,25.45932218818902],[-107.4983047755145,25.459322171460713],[-107.49857234463286,25.459322213673637],[-107.49857234463286,25.458773731519504],[-107.49857685828428,25.45877370374436],[-107.49857685828428,25.458769245246803],[-107.49858128166275,25.45876477002013],[-107.4985857050413,25.458764840712405],[-107.49885327444429,25.458764795448417],[-107.49885327444429,25.45849728576239],[-107.49885327444429,25.45849282726572],[-107.49885778810051,25.458488340988186],[-107.49886221148368,25.458488324253416],[-107.49912978116681,25.45848836607577],[-107.49912978116681,25.458220769021306],[-107.49912978116681,25.458216310525525],[-107.49913420455455,25.45821183528954],[-107.49913862794234,25.458211905970714],[-107.49940619790551,25.45821186003669],[-107.49940619790553,25.458207401545536],[-107.49940619790551,25.457939891961743],[-107.4994107115712,25.45793540567468],[-107.49941513496364,25.457930930433964],[-107.49941955835614,25.45793091368803],[-107.4996871286039,25.457930954835035],[-107.4996871286039,25.45766344530889],[-107.4996871286039,25.45765898681488],[-107.49969164227437,25.457654500522985],[-107.49969606567151,25.457654483771524],[-107.49996363619935,25.457654437162006],[-107.49996363619935,25.45738692768892],[-107.49996363619937,25.457382469195792],[-107.49996805960106,25.45737799394578],[-107.49997248300282,25.457378064610207],[-107.50024005381064,25.457378017665764],[-107.50024005381064,25.456829535691746],[-107.50024005381064,25.456825077195578],[-107.50024456749055,25.456825049391238],[-107.50024456749055,25.456820590895095],[-107.50024899089696,25.456820661558822],[-107.50051656198482,25.456820614568908],[-107.50051656198482,25.455995705152446],[-107.50052098539578,25.45599568839863],[-107.50052098539578,25.455991229895638],[-107.50052540880681,25.45598675463877],[-107.50052992249161,25.455986814259795],[-107.50079749386398,25.455986767499507],[-107.50079749386398,25.455433825805603],[-107.50052992249161,25.455433871995854],[-107.50052540880681,25.455433899786886],[-107.50052540880681,25.45542944127612],[-107.50052098539578,25.455429370598694],[-107.50052098539578,25.455424912087793],[-107.50051656198484,25.45542047032086],[-107.50051656198484,25.45460001580714],[-107.50024899089696,25.45459997308573],[-107.50024456749055,25.454595531278525],[-107.50024005381064,25.454591100516897],[-107.50024005381064,25.45458664198946],[-107.50024005381064,25.454323501338056],[-107.50024005381064,25.45431904280688],[-107.49969606567151,25.454319075756654],[-107.49969164227437,25.45431909245145],[-107.4996871286039,25.454319120191563],[-107.4996871286039,25.45431466165082],[-107.4996871286039,25.454310203110023],[-107.4996871286039,25.454042603125544],[-107.4977518543594,25.454042638698958],[-107.49774743099482,25.4540426553171],[-107.49774300763033,25.45403812593399],[-107.49774300763033,25.45403366735593],[-107.49774300763033,25.45376615255828],[-107.49773849399315,25.45376618021532],[-107.496918006311,25.453766193779224],[-107.4969135829604,25.453766122938358],[-107.4969135829604,25.453761664342252],[-107.49690915960987,25.453761680924597],[-107.49690915960987,25.453757222328356],[-107.49690915960987,25.45348970643965],[-107.49664159217708,25.453489654483192],[-107.49663707855876,25.453485223489185],[-107.49663265521286,25.453485240056605],[-107.49663265521286,25.453480781451752],[-107.49662823186704,25.453480798018933],[-107.49662823186705,25.453476339413942],[-107.49662823186705,25.453208735576638],[-107.49636066471903,25.453208770124295],[-107.4963561511055,25.453208797719544],[-107.49635172776432,25.453204268234536],[-107.49635172776432,25.453199809620934],[-107.49635172776432,25.4529412099253],[-107.49635172776432,25.452936751308016],[-107.4963561511055,25.452936734760318],[-107.4963561511055,25.45293227614305],[-107.49636066471903,25.452932335976445],[-107.49662823186705,25.452932301713716],[-107.49662823186704,25.45265586761148],[-107.49636066471903,25.452655814165343],[-107.4963561511055,25.452651383129844],[-107.49635172776432,25.4526513996727],[-107.49635172776432,25.45264694105138],[-107.49635172776432,25.452642482429987],[-107.49635172776432,25.451822007611106],[-107.49608416089663,25.451821952685215],[-107.49607973756001,25.45182196920392],[-107.49607973756001,25.451817510566347],[-107.49607531422345,25.451817527084806],[-107.49607531422345,25.45181306844709],[-107.49607531422345,25.451264568109224],[-107.495807747636,25.45126459941329],[-107.49580323403192,25.451264626954043],[-107.4957988107,25.451264556028367],[-107.49579881070001,25.45126009737818],[-107.4957988107,25.451255638727943],[-107.49579438736816,25.451255655226458],[-107.49579438736816,25.450988136093397],[-107.49552682106554,25.450988166482674],[-107.49552230746627,25.450988106583367],[-107.49552230746627,25.450983647924573],[-107.49551788413906,25.450983664408245],[-107.49551788413906,25.45097920574932],[-107.49551788413906,25.45071168609981],[-107.49525031811682,25.450711628159354],[-107.49524589479417,25.45070718596094],[-107.4952413811997,25.45070721347086],[-107.4952413811997,25.450702754803334],[-107.4952413811997,25.450698296135737],[-107.4952413811997,25.45015425079712],[-107.49497390572965,25.450154268046226],[-107.49496939213984,25.450154295536326],[-107.49496496882189,25.450149853305444],[-107.49496496882189,25.450145394625384],[-107.49496496882189,25.44960134776616],[-107.49496496882189,25.44959688907844],[-107.49496045523223,25.44959691655856],[-107.49469740336035,25.4495969161742],[-107.49469298004695,25.449596845178444],[-107.49468846646197,25.449596872648293],[-107.49468846646197,25.449592413955777],[-107.49468404314874,25.44959243038495],[-107.49468404314874,25.449587971692292],[-107.49468404314874,25.447933617571763],[-107.49441647797211,25.447933642323452],[-107.49441205466343,25.447929199993915],[-107.49440754108323,25.44792922742433],[-107.49440754108323,25.447924768703718],[-107.49440754108323,25.44792030998305],[-107.49440754108323,25.447376258168852],[-107.49413997618704,25.447376281726207],[-107.49413555288301,25.447376298097442],[-107.49413112957905,25.447371768309313],[-107.49413112957905,25.44736730957618],[-107.49413112957905,25.44682334366822],[-107.49413112957905,25.446818884927453],[-107.49386356496322,25.446818907290684],[-107.49385905139242,25.44681884725482],[-107.49385462809309,25.44681886360619],[-107.49385462809309,25.446814404860604],[-107.49385020479384,25.446814421211737],[-107.49385020479384,25.446809962466013],[-107.49385020479384,25.446265907595013],[-107.49358264046299,25.44626592875855],[-107.4935782171683,25.446265945090303],[-107.4935782171683,25.446261486332265],[-107.49357370360237,25.44625705494419],[-107.49357370360237,25.44570853978758],[-107.49330613955203,25.445708559756838],[-107.49330171626198,25.445708576068892],[-107.493297292972,25.4457085049539],[-107.493297292972,25.445704046183266],[-107.493297292972,25.44569958741257],[-107.493297292972,25.44487917254725],[-107.493297292972,25.444874713765067],[-107.49302972920208,25.44487473225533],[-107.49302521564553,25.444874672153567],[-107.49302079236018,25.44487468844106],[-107.49302079236018,25.444870229654054],[-107.4930207923602,25.444865770866993],[-107.49302079236018,25.44460716111111],[-107.49302079236018,25.44460270232038],[-107.49302521564553,25.444598227246793],[-107.49302972920208,25.44459819992614],[-107.493297292972,25.444598269148052],[-107.493297292972,25.44265405766276],[-107.49302972920208,25.4426540738644],[-107.49302521564553,25.442654101151415],[-107.49302079236018,25.442649571155446],[-107.49302079236018,25.442645112337456],[-107.4930207923602,25.441820229941037],[-107.49301636907494,25.441820246176476],[-107.49274880559004,25.44182017346094],[-107.49274429203831,25.441820200722933],[-107.49274429203831,25.44181574188864],[-107.49273986875768,25.441815758113776],[-107.49273986875768,25.44181129927935],[-107.49273986875768,25.440986326414663],[-107.49191939662056,25.44098635264646],[-107.49191488308303,25.440986379862753],[-107.4919104598163,25.440986396043108],[-107.4919104598163,25.4409819371829],[-107.49190603654966,25.44097740707404],[-107.49190603654968,25.44070987533933],[-107.49163847419152,25.44070988641877],[-107.49163396065879,25.440709913619685],[-107.49163396065879,25.440705454750876],[-107.49162953739679,25.440705470916075],[-107.49162953739679,25.44070101204713],[-107.49162953739679,25.440433479796713],[-107.4910855670075,25.440433444398693],[-107.49108105348425,25.44043347157398],[-107.49107663023153,25.440428941402804],[-107.49107663023153,25.440424482520516],[-107.49107211670841,25.440420050812875],[-107.49107211670841,25.44015697663965],[-107.49107211670841,25.440152517753486],[-107.4905281474695,25.4401524792265],[-107.49052372422607,25.440152495341398],[-107.49051921071242,25.44014806359493],[-107.49051921071242,25.44014360469915],[-107.49051921071242,25.439599618949376],[-107.49025164976203,25.439599625776207],[-107.49024722652322,25.43959955444192],[-107.49024722652322,25.439595095533843],[-107.49024280328449,25.439595111628872],[-107.49024280328449,25.439590652720668],[-107.49024280328449,25.43932311811436],[-107.49023828977566,25.439323145238657],[-107.48969432225783,25.439323101174114],[-107.48969432225783,25.439318642252704],[-107.4896898087584,25.439318669356236],[-107.48968538552903,25.439318685425967],[-107.48968538552903,25.43931422650433],[-107.48968538552903,25.43930976758264],[-107.48968538552903,25.43877460909916],[-107.48968538552903,25.43877015016996],[-107.4896898087584,25.438770221539535],[-107.4896898087584,25.438765762610352],[-107.48969432225783,25.438765735516373],[-107.48996188264238,25.43876573079802],[-107.48996188264238,25.43849819521378],[-107.48996188264238,25.438493736285476],[-107.48996630587638,25.438493720219547],[-107.48996630587638,25.438489261291263],[-107.48997072911047,25.438489245225234],[-107.48997524261472,25.438489305555418],[-107.49023828977566,25.438489240172277],[-107.49024280328449,25.438489300492286],[-107.49024280328449,25.438221677536884],[-107.49024280328449,25.438217218609562],[-107.49024280328449,25.438212759682187],[-107.49024722652322,25.438212831040577],[-107.49024722652322,25.438208372113216],[-107.49025164976202,25.438208356041574],[-107.49079570870062,25.438208301438173],[-107.49079570870062,25.43794076624799],[-107.49079570870062,25.43793630732626],[-107.49080013194862,25.437936378668784],[-107.49080013194862,25.437931919747065],[-107.49080464546708,25.437931892625656],[-107.49107211670841,25.43793189731221],[-107.49107211670841,25.437664362176243],[-107.49107663023153,25.4376643350492],[-107.49107663023153,25.437659876128457],[-107.49107663023153,25.43765541720764],[-107.49108105348425,25.437655401114718],[-107.4910855670075,25.43765537398749],[-107.49162953739679,25.437655415206564],[-107.49162953739679,25.437387880414352],[-107.49162953739679,25.437383421499256],[-107.49162953739679,25.437378962584102],[-107.49163396065879,25.437378946475416],[-107.49163847419152,25.43737891933213],[-107.49163847419152,25.43737446041706],[-107.49246336873036,25.437374518821034],[-107.49246336873036,25.4371069846538],[-107.49246336873036,25.43710252574912],[-107.49246788227727,25.43710249857934],[-107.49246788227727,25.43709803967468],[-107.49247230555333,25.43709802353975],[-107.4941176791246,25.437098053647482],[-107.49412219269985,25.43709802641541],[-107.49412661600364,25.437102469095457],[-107.49413112957905,25.437106900739007],[-107.49413112957905,25.437374520616384],[-107.4946751062508,25.437374461117013],[-107.49467952956388,25.437378991187256],[-107.49468404314874,25.437378963929138],[-107.49468404314874,25.437383422791825],[-107.49468404314874,25.437387881654455],[-107.49468404314874,25.437655413298714],[-107.49495160859672,25.437655398541107],[-107.49495603191444,25.43765538230484],[-107.49496045523223,25.437655453496912],[-107.49496045523223,25.437659912351013],[-107.49496496882189,25.43766434393139],[-107.49496496882189,25.43793187505547],[-107.49523253455477,25.437931859383244],[-107.49523695787721,25.437931843131885],[-107.49523695787721,25.43793630197739],[-107.4952413811997,25.437936373154134],[-107.4952413811997,25.437940831999494],[-107.4952413811997,25.438208362608005],[-107.49578545043262,25.438208372692685],[-107.49578987376432,25.438208356416176],[-107.49578987376432,25.43821281524834],[-107.49579438736816,25.438212787933928],[-107.49579438736816,25.438217246765948],[-107.49579438736816,25.438221705597915],[-107.49579438736816,25.438489235402077],[-107.49579881070001,25.43848930654846],[-107.4960663772784,25.438489288432688],[-107.4960708006148,25.438489272141013],[-107.4960708006148,25.438493730964442],[-107.49607531422345,25.43849370363457],[-107.49607531422345,25.43849816245786],[-107.49607531422345,25.43876569174179],[-107.49661929490328,25.438765707895698],[-107.49662371824894,25.43876569157887],[-107.49662823186704,25.438770210461097],[-107.49662823186705,25.43877466927105],[-107.49662823186704,25.439042197754308],[-107.49690915960987,25.43904220460252],[-107.49690915960987,25.438774676408837],[-107.49690915960987,25.43877021760372],[-107.4969135829604,25.438765742470988],[-107.496918006311,25.43876572614327],[-107.49717663704132,25.438765748947866],[-107.49718115066888,25.438765721571595],[-107.49718115066888,25.438770180372103],[-107.49718557402397,25.438770164034416],[-107.49718557402397,25.438774622834785],[-107.49718557402397,25.439042238170963],[-107.50024005381064,25.439042176241927],[-107.50024005381064,25.438774651482017],[-107.50024005381064,25.438770192734125],[-107.50024456749055,25.438770165242268],[-107.50024456749055,25.438765706494394],[-107.50024899089696,25.438765690043454],[-107.50051656198484,25.438765749094333],[-107.50051656198484,25.43849822438885],[-107.50052098539578,25.438493749185486],[-107.50052098539578,25.43848929043852],[-107.50052540880681,25.43848927398205],[-107.50052992249161,25.43848924648429],[-107.50106497523346,25.438489286912077],[-107.50106948892747,25.43848925939397],[-107.50107391234766,25.43849370165469],[-107.50107391234766,25.438498160392086],[-107.50107391234766,25.438765771949132],[-107.50134148427091,25.43876574172456],[-107.50134590769567,25.438765725233036],[-107.50135042139449,25.438770156428422],[-107.50135042139449,25.438774615157232],[-107.50135042139449,25.439042226198335],[-107.50329456891298,25.439042211003805],[-107.50329456891298,25.438774689393362],[-107.50329899237043,25.43877021413412],[-107.50329899237043,25.438765755438734],[-107.50330350610258,25.438765727831612],[-107.50330792956018,25.438765711267504],[-107.5049533706436,25.438765756295904],[-107.5049577941288,25.43876573967076],[-107.50496221761406,25.43877018171226],[-107.50496221761406,25.438774640379],[-107.50496221761406,25.439599580083176],[-107.5052297934726,25.43959962770752],[-107.50523430723771,25.439599600013146],[-107.50523873072761,25.439599583363435],[-107.50523873072761,25.439604042013883],[-107.50523873072761,25.439608500664274],[-107.50524315421758,25.43960848401425],[-107.50524315421758,25.439876090343898],[-107.5057871537717,25.439876062388965],[-107.50579166754633,25.439876034668778],[-107.50579166754633,25.43988049330588],[-107.50579609104555,25.43988047663078],[-107.50579609104555,25.439884935267745],[-107.50579609104555,25.440152540796163],[-107.50606366774753,25.44015249855646],[-107.50606809125131,25.44015248186668],[-107.50606809125131,25.44015694049518],[-107.50607260503071,25.440157000183635],[-107.50607260503071,25.440161458811993],[-107.50607260503071,25.440165917440293],[-107.50607260503071,25.440433435024836],[-107.50607702853462,25.440433418329942],[-107.50662102980338,25.440433472829625],[-107.50662554359225,25.44043344506835],[-107.5066299671054,25.440437886967935],[-107.5066299671054,25.44044234558281],[-107.5066299671054,25.440709862361782],[-107.50689754465067,25.44070990510165],[-107.50690196816838,25.440709888371533],[-107.50690639168614,25.440714330247594],[-107.50690639168614,25.440718788853868],[-107.50690639168614,25.440986392540555],[-107.50717396951093,25.440986346951885],[-107.50717839303326,25.44098633020684],[-107.50718290683162,25.4409908484362],[-107.50718290683162,25.440995307033877],[-107.50718733035407,25.440995290288352],[-107.50718733035409,25.440999748885886],[-107.50718733035407,25.44126280603087],[-107.50718733035407,25.441267264624685],[-107.50745490846293,25.441267305539842],[-107.50745933198993,25.44126728877963],[-107.50745933198993,25.44127174736871],[-107.50746384579308,25.44127171956131],[-107.50746384579308,25.44127617815025],[-107.50746384579308,25.44154378079629],[-107.50773133390534,25.441543744430277],[-107.50773584771314,25.441543716607903],[-107.50774027124484,25.441548245836138],[-107.50774027124484,25.441552704416484],[-107.50774027124484,25.441820219123287],[-107.5099608934952,25.441820254896207],[-107.509965407341,25.441820226984973],[-107.509965407341,25.441552627150905],[-107.509965407341,25.44154816860882],[-107.50996983090995,25.441543780631267],[-107.50997425447899,25.4415437637733],[-107.51079478267444,25.441543786515815],[-107.51079478267444,25.441276187306677],[-107.51079478267444,25.441271728775007],[-107.51079920625726,25.441271711891147],[-107.51079920625726,25.441267253359484],[-107.51080372011735,25.441267312848396],[-107.5108081437003,25.44126729596428],[-107.51107572546832,25.441267241339208],[-107.51107572546832,25.441262782812235],[-107.51107572546832,25.440999729611192],[-107.51107572546832,25.4409952710805],[-107.51107572546832,25.440990812549746],[-107.51108014905583,25.440990795660266],[-107.51108014905583,25.440986337129527],[-107.5110845726434,25.440986407662134],[-107.51245354113135,25.44098634694776],[-107.51245796474187,25.440986330007387],[-107.51245796474187,25.440990788514434],[-107.51246247863021,25.4409908479451],[-107.51246247863021,25.440995306452002],[-107.51246247863021,25.440999764958853],[-107.51246247863021,25.4412628167531],[-107.51246247863021,25.441267275256223],[-107.51357280722203,25.4412673004547],[-107.51357280722203,25.441262841970662],[-107.51357280722202,25.440999703881552],[-107.51357280722203,25.440995245393797],[-107.51357723085123,25.440995315833188],[-107.51357723085121,25.440990857345444],[-107.51358174475864,25.440986370824465],[-107.51358616838797,25.440986353842337],[-107.51385366268299,25.44098639175211],[-107.51385366268299,25.440718795234257],[-107.51385366268299,25.440714336747412],[-107.51385817659511,25.440709937643014],[-107.51386260022906,25.44070992065537],[-107.51413018508134,25.440709859758027],[-107.51413018508134,25.440442350715955],[-107.51413018508134,25.44043789223003],[-107.51413460871984,25.44043341675103],[-107.51413912263675,25.440433388706417],[-107.51440661748973,25.440433425947358],[-107.51440661748973,25.440165916959785],[-107.51440661748973,25.440161458474762],[-107.51441113141126,25.440156971939594],[-107.51441555505444,25.440156954940896],[-107.51441555505444,25.440152496455905],[-107.51468314046484,25.44015252231536],[-107.51468756411255,25.440152505306667],[-107.51468756411255,25.439884996374516],[-107.51468756411255,25.43988053789042],[-107.51469198776034,25.439876062402117],[-107.51469650168674,25.439876034346135],[-107.51496399710206,25.439876070912906],[-107.51496399710206,25.439608474614058],[-107.51496399710206,25.43960401613087],[-107.51496399710206,25.439599557647618],[-107.51496851103308,25.43959961700741],[-107.51497293468556,25.439599599997567],[-107.51524052065845,25.43959953775689],[-107.51524052065845,25.439332028933855],[-107.51524052065845,25.439327570451578],[-107.51524494431547,25.439323094954037],[-107.51524936797256,25.439323165359895],[-107.51579790202362,25.439323152293237],[-107.51579790202362,25.439318693820425],[-107.51579790202362,25.439051097917094],[-107.51579790202362,25.439046639440498],[-107.51580232568993,25.439046622409375],[-107.51580232568993,25.439042163932797],[-107.51580674935633,25.4390422343227],[-107.51635077060556,25.439042159972022],[-107.51635077060556,25.43877465182959],[-107.51635077060556,25.438770193358657],[-107.51635528456019,25.438770165259275],[-107.51635528456019,25.438765706788363],[-107.5163597082358,25.438765689741402],[-107.51636422219057,25.438765749062753],[-107.5171846798872,25.438765747719636],[-107.5171846798872,25.438498152786362],[-107.5171846798872,25.43849369432593],[-107.51718910357663,25.438493764673705],[-107.51718910357663,25.438489306213285],[-107.51719352726614,25.43848928914018],[-107.51774206533752,25.438489268903073],[-107.51774206533752,25.436830458602536],[-107.51774206533752,25.436826000128512],[-107.51774648903626,25.436821524589227],[-107.51775100301464,25.43682158389203],[-107.51801850151028,25.436821529344012],[-107.51801850151027,25.436554021070624],[-107.51801850151027,25.436549562597513],[-107.51802292521361,25.43654508705362],[-107.51802743919669,25.43654505892974],[-107.51828609055532,25.436545125629934],[-107.51829051426311,25.436545108549307],[-107.51829493797099,25.43654509146853],[-107.51829493797099,25.436549549936952],[-107.51829493797099,25.436554008405306],[-107.51829493797099,25.436821603814284],[-107.51857588871208,25.43682156207404],[-107.51857588871206,25.43655405437594],[-107.51857588871208,25.436549595912414],[-107.51857588871208,25.436545137448828],[-107.51858031242472,25.43654512035749],[-107.51858482641727,25.436545092212583],[-107.51940529097985,25.43654508263417],[-107.5194097147063,25.436545065512153],[-107.5194097147063,25.43654060706285],[-107.5194097147063,25.436277558444132],[-107.5194097147063,25.4362730999911],[-107.5194097147063,25.43626864153802],[-107.51941422871296,25.436268613366632],[-107.51941422871296,25.436264154913555],[-107.51941865243957,25.436264137795984],[-107.51996268109384,25.43626414023414],[-107.51996268109384,25.435996633502675],[-107.51996268109384,25.435992175055265],[-107.51996710482958,25.435992157922033],[-107.51996710482958,25.43598769947463],[-107.51997161884572,25.435987671287087],[-107.5202391195793,25.43598770004392],[-107.5202391195793,25.435720193367356],[-107.52023911957932,25.435715734920862],[-107.52024363360006,25.43571570672778],[-107.52024363360006,25.435711248281294],[-107.5202480573405,25.43571123114244],[-107.52025248108099,25.43571121400343],[-107.5207965114438,25.43571121380182],[-107.5207965114438,25.435443707470153],[-107.5207965114438,25.435439249029404],[-107.5207965114438,25.435434790588587],[-107.52080102547406,25.435434762379362],[-107.52080544922377,25.435430286783873],[-107.52107295079736,25.435430314247306],[-107.52107295079736,25.43460987352706],[-107.52107295079736,25.43460541507948],[-107.52107746483232,25.434605386874196],[-107.52107746483232,25.43460092842663],[-107.52108188858662,25.43460091127583],[-107.52108640262172,25.434600970490823],[-107.52134948071946,25.434600927921128],[-107.52135390447832,25.43460091076026],[-107.52135390447832,25.434596452317393],[-107.52135390447832,25.43432894563215],[-107.52135390447832,25.43432448718551],[-107.52135832823723,25.434324470029186],[-107.52135832823723,25.43432001158255],[-107.52136284227701,25.434319983371452],[-107.52163034441205,25.43432001073187],[-107.52163034441205,25.43405250410167],[-107.52163034441205,25.434048045655942],[-107.52163485845645,25.434048017439302],[-107.52163485845645,25.43404355899359],[-107.52163928222006,25.434043541831652],[-107.52190687491448,25.434043557802934],[-107.52190687491448,25.4337759638074],[-107.52190687491448,25.433771505362593],[-107.52191129868262,25.433771575615708],[-107.52191129868262,25.433767117170913],[-107.52191572245083,25.43376710000345],[-107.52218331542375,25.433767115640485],[-107.52218331542373,25.433499521700067],[-107.52218773919648,25.433495046083284],[-107.52218773919648,25.4334905876394],[-107.52219225325037,25.433490646831874],[-107.52219225325037,25.433486188388013],[-107.52219667702325,25.433486171214945],[-107.52246427027917,25.433486186512244],[-107.52246427027917,25.433218592627878],[-107.52246427027917,25.433214134184926],[-107.52246869405658,25.43320965856348],[-107.52247311783408,25.433209728805338],[-107.52274071136847,25.433209656348044],[-107.52274071136847,25.4329421499392],[-107.52274071136847,25.43293769149717],[-107.52274513515047,25.432933215871117],[-107.52274964921384,25.432933187631765],[-107.52301715274538,25.432933213315938],[-107.52301715274538,25.432665706962254],[-107.52301715274538,25.432661248521143],[-107.523021576532,25.4326612313316],[-107.523021576532,25.432656772890493],[-107.52302609060006,25.432656744645502],[-107.52302609060006,25.432652286204423],[-107.52303051438682,25.432652269014696],[-107.52579521495785,25.432652268189386],[-107.52579521495785,25.432384764469983],[-107.52579963879072,25.432380288785243],[-107.52580406262365,25.43237581310042],[-107.52580857673895,25.43237587217494],[-107.52690550903156,25.432375797995583],[-107.52690550903156,25.43210829519243],[-107.52690993288289,25.432108277868462],[-107.52690993288289,25.4321038194866],[-107.52690993288289,25.432099361104676],[-107.52691444701698,25.432099332722732],[-107.52691887086846,25.43209940281783],[-107.52718637859554,25.432099420019483],[-107.52718637859554,25.43183182985704],[-107.52718637859554,25.431827371476096],[-107.52718637859556,25.43182291309509],[-107.52719089273432,25.43182288470752],[-107.5271953165904,25.431822954797077],[-107.5274629148784,25.431822873187294],[-107.5274629148784,25.43181841481098],[-107.5274629148784,25.42959778604694],[-107.5271953165904,25.429597865358744],[-107.52719089273432,25.429597795230706],[-107.52718637859554,25.429597823579694],[-107.52718637859554,25.429593365167772],[-107.52718637859554,25.429588906755775],[-107.52718637859556,25.428487502260676],[-107.52691887086846,25.428487481328965],[-107.52691444701698,25.428487498591636],[-107.52690993288289,25.42848752691096],[-107.52690993288289,25.42848306847888],[-107.52690993288289,25.428478610046746],[-107.52690550903156,25.428478627308927],[-107.52690550903156,25.427653641444632],[-107.52663791130439,25.427653630078755],[-107.5266334874576,25.427653647316838],[-107.52663348745759,25.427649188868447],[-107.52662906361086,25.427649206106288],[-107.52662906361086,25.427644747657755],[-107.52662906361086,25.427377153212095],[-107.52636146616186,25.427377228361667],[-107.52635704231965,25.42737715816409],[-107.52635704231965,25.42737269970711],[-107.52635252819503,25.42737272798609],[-107.52635252819503,25.427368269528973],[-107.52635252819503,25.427100761988505],[-107.52608502130671,25.42710073775619],[-107.52608059746909,25.427100754964414],[-107.52608059746909,25.427096296498842],[-107.52607608334917,25.427096237341715],[-107.52607608334917,25.427091778876],[-107.52607608334917,25.427087320410227],[-107.52607608334917,25.426819812350722],[-107.5260716595117,25.42681982955383],[-107.52580857673895,25.42681978720884],[-107.52580406262365,25.426819815457552],[-107.52579963879072,25.4268198326506],[-107.52579963879072,25.426815374176293],[-107.52579521495785,25.42681530394804],[-107.52579521495785,25.426810845473604],[-107.52579521495784,25.42626682370738],[-107.52552761834801,25.426266895841522],[-107.52552319451968,25.426266825593625],[-107.52552319451968,25.426262367106908],[-107.52551868040922,25.4262623953352],[-107.52551868040922,25.426257936848344],[-107.52551868040922,25.42625347836142],[-107.52551868040922,25.425985969033192],[-107.52525117435984,25.42598594178125],[-107.5252467505361,25.425985958939652],[-107.52524223643033,25.42598598715273],[-107.52524223643033,25.425981528657285],[-107.52524223643033,25.425977070161775],[-107.52524223643033,25.42543304582498],[-107.52497473065911,25.425433017382638],[-107.52497021655796,25.425433045575872],[-107.52496579273891,25.42542851678489],[-107.52496579273891,25.425424058276967],[-107.52496136891992,25.425424075415254],[-107.52496136891992,25.42459916295097],[-107.52469377314942,25.42459914407222],[-107.52468934933496,25.424599161186396],[-107.52468934933496,25.42459470266223],[-107.52468483523865,25.42459473083018],[-107.52468483523865,25.424590272305874],[-107.52468483523865,25.424041785923265],[-107.52441733002837,25.424041754795343],[-107.5244128159367,25.424041782943448],[-107.52440839212692,25.42404180003775],[-107.52440839212692,25.424037341501034],[-107.52440839212692,25.42403288296425],[-107.52440839212692,25.423765283222075],[-107.52414088719486,25.423765338611698],[-107.52413637310786,25.42376527932213],[-107.52413194930269,25.4237608378562],[-107.52413194930269,25.423756379310834],[-107.52413194930269,25.423488866475914],[-107.52412743521586,25.423488894603672],[-107.52301715274538,25.42348888036289],[-107.52301715274538,25.42375639434885],[-107.52301715274538,25.423760852913396],[-107.52301272895883,25.42376532851586],[-107.523008214891,25.423765356606225],[-107.52274071136847,25.42376532143634],[-107.52274071136847,25.424032835478084],[-107.52274071136847,25.42403729404356],[-107.52273619730525,25.42404178069388],[-107.52273177352339,25.42404179772617],[-107.52246427027917,25.424041762222352],[-107.52246427027917,25.424309363742736],[-107.52246427027917,25.42431382230914],[-107.52245975622067,25.424318221531887],[-107.5224553324434,25.424318238558662],[-107.5224553324434,25.424322697125096],[-107.52135390447832,25.424322724360174],[-107.52135390447832,25.424590239370612],[-107.52134948071946,25.424594714942817],[-107.52134948071946,25.424599173524456],[-107.5213449666799,25.42459920156657],[-107.52134054292121,25.42459913113372],[-107.52080544922377,25.42459915291795],[-107.52080102547406,25.424599169888328],[-107.52080102547406,25.424594711297253],[-107.5207965114438,25.424594739318614],[-107.5207965114438,25.4245902807274],[-107.5207965114438,25.42432267771814],[-107.52052901014869,25.42432272559184],[-107.52052449612307,25.424318207575052],[-107.52052007237805,25.424318224530253],[-107.52052007237805,25.424313765930457],[-107.52052007237805,25.42430930733059],[-107.52052007237805,25.42376535768435],[-107.52025248108099,25.423765327990377],[-107.5202480573405,25.42376534492611],[-107.52024363360006,25.423765274437912],[-107.52024363360006,25.42376081582569],[-107.5202391195793,25.42375638519924],[-107.52023911957932,25.422655018634185],[-107.51997161884572,25.42265497611388],[-107.51996710482958,25.42265054543801],[-107.51996268109384,25.422650562344216],[-107.51996268109384,25.42264610371174],[-107.51996268109384,25.421821168217722],[-107.51969509035855,25.4218211352668],[-107.51969066662734,25.42182115214883],[-107.51968624289621,25.42181671038199],[-107.51968624289621,25.421812251733215],[-107.51968624289621,25.421544645269478],[-107.51941865243957,25.421544698838137],[-107.51941422871296,25.421544715705238],[-107.51941422871296,25.421540257048022],[-107.5194097147063,25.421540197539514],[-107.5194097147063,25.421535738882156],[-107.5194097147063,25.42153128022474],[-107.5194097147063,25.420987323557068],[-107.51940529097985,25.42098725298955],[-107.51913770080641,25.420987305353222],[-107.51913327708449,25.420987322200453],[-107.51913327708449,25.42098286353069],[-107.51912885336263,25.420982792952778],[-107.51912885336263,25.42097833428288],[-107.51912885336263,25.41904309087462],[-107.51886126346788,25.41904314061174],[-107.51885683975057,25.41904315741567],[-107.51885683975057,25.419038698714257],[-107.51885232575339,25.41903863914052],[-107.51885232575339,25.41903418043897],[-107.51885232575339,25.418766658233494],[-107.51830838965458,25.41876669038296],[-107.51830387566673,25.418766630783566],[-107.5182994519587,25.418762188847356],[-107.5182994519587,25.418757730132484],[-107.51829493797099,25.41875775795838],[-107.51829493797099,25.418753299243363],[-107.51829493797099,25.418490234948226],[-107.51829493797099,25.41848577622951],[-107.51775100301464,25.418485717824744],[-107.51774648903626,25.418485745625258],[-107.51774206533752,25.418485762378474],[-107.51774206533753,25.41848130365018],[-107.51774206533753,25.41847684492183],[-107.51774206533753,25.41820923368185],[-107.5169170919529,25.41820928897618],[-107.51691266826799,25.418209305694017],[-107.51691266826799,25.41820484694764],[-107.51690815430388,25.418204787285283],[-107.51690815430389,25.418200328538763],[-107.51690815430388,25.417932803634795],[-107.5166406569277,25.417932836204045],[-107.51663614296822,25.41793277652656],[-107.51663614296822,25.417928317771604],[-107.516631719288,25.417928334474272],[-107.516631719288,25.417923875719175],[-107.516631719288,25.4176563503006],[-107.51662729560786,25.417656366998475],[-107.51608327379145,25.41765631030267],[-107.51608327379145,25.417651851534384],[-107.51607875984146,25.417651879257583],[-107.51607433617055,25.417651895934934],[-107.51607433617055,25.41764743716643],[-107.51607433617055,25.417642978397865],[-107.51607433617055,25.417375452171036],[-107.51580674935633,25.417375405916008],[-107.51580232568993,25.417375422578598],[-107.51579790202362,25.417375439241027],[-107.51579790202362,25.41737098046395],[-107.51579790202362,25.417366521686805],[-107.51579790202362,25.417098994945405],[-107.5155303154883,25.417098947785522],[-107.51552589182653,25.417098964433183],[-107.51552137788602,25.41709899212581],[-107.51552137788602,25.417094533340148],[-107.5155169542244,25.41709000377444],[-107.5155169542244,25.41682247651379],[-107.51497293468556,25.416822500436947],[-107.51496851103308,25.416818058260308],[-107.51496399710206,25.41681799849961],[-107.51496399710206,25.416813539700488],[-107.51496399710206,25.416809080901295],[-107.51496399710206,25.416541552837028],[-107.51469650168674,25.416541579616304],[-107.51469198776034,25.416541607267995],[-107.51468756411255,25.416541536447582],[-107.51468756411255,25.41653707763987],[-107.51468756411255,25.41653261883211],[-107.51468756411255,25.415712197154456],[-107.51468756411255,25.415707738335286],[-107.51468314046483,25.41570775492813],[-107.51441555505444,25.415707703833988],[-107.51441113141126,25.41570772041676],[-107.51441113141126,25.415703261592782],[-107.51440661748973,25.415703289219195],[-107.51440661748973,25.415698830395076],[-107.51440661748973,25.41488723595159],[-107.51440661748973,25.41488277711619],[-107.51441113141126,25.414882749503995],[-107.51441113141126,25.41487829066862],[-107.51441555505444,25.4148783615281],[-107.51468314046484,25.414878326050445],[-107.51468756411255,25.41487830947172],[-107.51468756411255,25.41487385064104],[-107.51468756411255,25.414053424747625],[-107.51468756411255,25.414048965905543],[-107.51468756411255,25.414044507063412],[-107.51469198776034,25.414044490498718],[-107.51469650168674,25.41404446289029],[-107.51496399710206,25.41404443868775],[-107.51496399710206,25.413767990649962],[-107.51496399710206,25.4137635318087],[-107.51469650168674,25.413763555721367],[-107.51469198776034,25.413763583324926],[-107.51468756411255,25.413763512456487],[-107.51468756411255,25.413759053610416],[-107.51468756411255,25.413754594764278],[-107.51468756411255,25.41183273892029],[-107.51468756411255,25.411828280047562],[-107.51468756411255,25.411823821174774],[-107.51469198776034,25.41182380464786],[-107.51469198776034,25.411819345775086],[-107.51469650168674,25.4118194056341],[-107.51496399710206,25.41181938372763],[-107.51496399710206,25.410717953995317],[-107.51496399710206,25.410713495111967],[-107.51496851103308,25.4107135549801],[-107.51496851103309,25.410709096096767],[-107.51497293468556,25.410709079578435],[-107.51524052065845,25.410709047155823],[-107.51524052065845,25.409607702244372],[-107.51524052065845,25.409603243350467],[-107.51524494431547,25.409603226840893],[-107.51524494431547,25.409598767947],[-107.51524936797256,25.40959875143734],[-107.5155169542244,25.409598719541695],[-107.5155169542244,25.409054734596335],[-107.5155169542244,25.409050275699553],[-107.51552137788602,25.409050259189172],[-107.51552137788602,25.40904580029241],[-107.51552589182653,25.409045860168703],[-107.51552589182653,25.40904140127196],[-107.5155303154883,25.409041384761398],[-107.51579790202362,25.409041352811823],[-107.51579790202362,25.408220915625453],[-107.51579790202362,25.40821645672201],[-107.51579790202362,25.408211997818515],[-107.51580232568993,25.40821198131201],[-107.51580674935633,25.40821196480534],[-107.51607433617055,25.40821193309282],[-107.51607433617055,25.408207474194008],[-107.51607433617055,25.40766348807855],[-107.51607433617055,25.407659029172187],[-107.51607875984146,25.40765901266487],[-107.51607875984146,25.407654553758523],[-107.51608327379145,25.407654613638112],[-107.51635077060556,25.40765459292433],[-107.51635077060556,25.407387058711628],[-107.51635077060556,25.40738259980621],[-107.51635528456019,25.40738257225073],[-107.51635528456019,25.407378113345324],[-107.5163597082358,25.407378096832403],[-107.51636422219057,25.407378156706176],[-107.5171846798872,25.4073780798636],[-107.5171846798872,25.40711054628311],[-107.5171846798872,25.40710608738823],[-107.51718910357663,25.40710169938372],[-107.51719352726614,25.407101682844683],[-107.51719352726614,25.407097223949826],[-107.51857588871208,25.407097211351246],[-107.51857588871206,25.40682967897477],[-107.51857588871208,25.406825220099947],[-107.51858031242472,25.406820744639553],[-107.51858482641727,25.4068207170098],[-107.51885232575339,25.406820778984233],[-107.51885232575339,25.405986881762914],[-107.51858482641727,25.405986906356638],[-107.51858031242472,25.405986846542795],[-107.51857588871208,25.405986863114123],[-107.51857588871208,25.405982404227693],[-107.51857588871208,25.405977945341203],[-107.51857588871206,25.40571041203951],[-107.51802743919669,25.40571044311617],[-107.51802292521361,25.405710383276265],[-107.51802292521361,25.40570592437652],[-107.51801850151027,25.405705940922466],[-107.51801850151028,25.405701482022575],[-107.51801850151027,25.40543394791695],[-107.51608327379145,25.405433983250077],[-107.51607875984146,25.4054294643944],[-107.51607433617055,25.405429480863774],[-107.51607433617055,25.40542502192662],[-107.51607433617055,25.405420562989423],[-107.51607433617055,25.405153026644605],[-107.5155303154883,25.40515302861345],[-107.51552589182653,25.405153045057848],[-107.51552137788602,25.40515307254344],[-107.51552137788602,25.40514861359297],[-107.5155169542244,25.405144083655955],[-107.5155169542244,25.404600091221464],[-107.51524936797256,25.4046001179569],[-107.51524494431547,25.404600134381496],[-107.51524494431547,25.40459567541866],[-107.51524052065845,25.40459560441238],[-107.51524052065845,25.404591145449402],[-107.51524052065845,25.404586686486365],[-107.51524052065845,25.40404269253523],[-107.51497293468556,25.404042718076116],[-107.51496851103309,25.40404273448102],[-107.51496399710206,25.40403821552013],[-107.51496399710206,25.404033756544727],[-107.51496399710206,25.40320884503818],[-107.51469650168674,25.4032088580588],[-107.51469198776034,25.403208885479444],[-107.51468756411255,25.403208901859767],[-107.51468756411255,25.40320444286819],[-107.51468756411255,25.403199983876547],[-107.51468756411255,25.40154560631105],[-107.51468756411255,25.401541147296573],[-107.51468314046484,25.401541163648353],[-107.51441555505444,25.401541185358543],[-107.51441113141126,25.401541114268518],[-107.51441113141126,25.40153665524923],[-107.51440661748973,25.401536682630148],[-107.51440661748973,25.401532223610715],[-107.51440661748973,25.399329460514572],[-107.51440661748973,25.39932500146479],[-107.51441113141126,25.3993249741222],[-107.51441113141126,25.399320515072436],[-107.51441555505444,25.399320498768496],[-107.51468314046484,25.39932047935084],[-107.51468756411255,25.3993205504691],[-107.51468756411255,25.397933784495752],[-107.51468314046484,25.397933713353513],[-107.51441555505444,25.397933731339513],[-107.51441555505444,25.397929272270694],[-107.51441113141126,25.397929288550962],[-107.51440661748973,25.397924856800316],[-107.51440661748973,25.397920397731223],[-107.51440661748973,25.39765285347336],[-107.51413912263675,25.397652772079297],[-107.51413460871984,25.397652799382655],[-107.51413018508134,25.397648356570244],[-107.51413018508134,25.397643897492586],[-107.51413018508134,25.39737635272137],[-107.51386260022906,25.397376368893767],[-107.51385817659511,25.397376385144188],[-107.51385366268299,25.39737186591296],[-107.51385366268299,25.397367406826753],[-107.51385366268299,25.397099861542113],[-107.51358616838797,25.39709986577244],[-107.51358174475864,25.397099882007943],[-107.51357723085123,25.397095450186015],[-107.51357723085123,25.397090991091254],[-107.51357280722203,25.397091007326264],[-107.51357280722203,25.396542538193877],[-107.51330522293239,25.396542464823955],[-107.51330079930773,25.396542481039585],[-107.51330079930773,25.39653802193247],[-107.51329628540512,25.396538049184926],[-107.5132962854051,25.396533590077667],[-107.5132962854051,25.396266043530268],[-107.51302879167258,25.396266045652425],[-107.51302427777459,25.39626607288992],[-107.51302427777459,25.39626161377424],[-107.51301985415462,25.39626154254107],[-107.51301985415462,25.39625708342526],[-107.51301985415462,25.39570861171356],[-107.51275227042323,25.3957086236781],[-107.51274784680781,25.3957086398591],[-107.51274342319246,25.39570865603995],[-107.51274342319246,25.395704196911787],[-107.51274342319246,25.39569973778357],[-107.51273890929933,25.395699765000497],[-107.51273890929933,25.39487482521151],[-107.51247141612937,25.39487482465032],[-107.51246690224087,25.39487476440851],[-107.51246690224087,25.39487030526413],[-107.51246247863021,25.394870321420335],[-107.51246247863021,25.39486586227583],[-107.51246247863021,25.39404537864429],[-107.51219489546162,25.394045387643875],[-107.51219489546162,25.394040928483438],[-107.5121904718555,25.39404094461547],[-107.5121859579718,25.39404097178283],[-107.5121859579718,25.39403651262217],[-107.51218595797178,25.39403205346146],[-107.51218595797178,25.393211566848187],[-107.51191846536001,25.393211563332883],[-107.51191395148093,25.393211590475616],[-107.51191395148093,25.393207131298897],[-107.51190952787951,25.393207059971523],[-107.51190952787951,25.393202600794666],[-107.51190952787951,25.39319814161775],[-107.51190952787951,25.39210126967183],[-107.51190952787951,25.392096810479796],[-107.51190510427816,25.39209673913306],[-107.5116420355468,25.39209680519539],[-107.51163752167243,25.392096744873164],[-107.51163309807562,25.39209676095152],[-107.51163309807562,25.392092301754673],[-107.5116285842014,25.39209232886727],[-107.5116285842014,25.392087869670277],[-107.5116285842014,25.39154384717863],[-107.51136109215236,25.391543840694798],[-107.51135657828276,25.39154386778764],[-107.51135657828276,25.391539408578446],[-107.51135215469064,25.39153942463694],[-107.51135215469064,25.39153496542761],[-107.51135215469064,25.39126741275584],[-107.5108081437003,25.391267364080832],[-107.51080372011735,25.391267380114417],[-107.51080372011735,25.391262920891926],[-107.51079920625726,25.391262947958904],[-107.51079920625726,25.391258488736277],[-107.51079478267444,25.391258504769386],[-107.51079478267444,25.39125404554662],[-107.51079478267444,25.390986492068322],[-107.51052720119023,25.39098649417655],[-107.51052277761195,25.390986422759077],[-107.51051826375667,25.39098199057942],[-107.51051826375667,25.390977531348103],[-107.51051826375667,25.39070997735681],[-107.51025077282881,25.39070996752748],[-107.51024625897814,25.390709994564055],[-107.51024183540457,25.3907055513276],[-107.51024183540457,25.390701092087728],[-107.51024183540457,25.389876131659527],[-107.50997425447899,25.389876131383694],[-107.50996983090995,25.389876147362813],[-107.509965407341,25.38987170408576],[-107.509965407341,25.389867244829695],[-107.509965407341,25.38571136647757],[-107.50996089349519,25.385711305979257],[-107.5096934031303,25.385711377181998],[-107.5096934031303,25.385706917864244],[-107.50968888928912,25.385706857355522],[-107.50968446572486,25.385702413935174],[-107.50968446572486,25.385697954617136],[-107.50968446572486,25.38544377338803],[-107.50968446572486,25.38543931406645],[-107.50968888928912,25.385434926289488],[-107.5096934031303,25.385434899365315],[-107.5096934031303,25.385430440043773],[-107.50996089349519,25.38543045656845],[-107.509965407341,25.38543042963411],[-107.509965407341,25.385162870510204],[-107.509965407341,25.38515841118961],[-107.50996983090995,25.385153935970354],[-107.50997425447899,25.385153920071588],[-107.51051826375667,25.38515398537304],[-107.51051826375667,25.384609948955205],[-107.51051826375667,25.384605489636552],[-107.51051826375667,25.384601030317835],[-107.51052277761195,25.384601003376886],[-107.51052720119024,25.384601074904726],[-107.51052720119023,25.3845966155861],[-107.51079478267444,25.384596532636376],[-107.51079478267444,25.384329061120958],[-107.51079920625726,25.384329045205757],[-107.51079920625726,25.384324585888084],[-107.51080372011735,25.38432009962369],[-107.5108081437003,25.384320083708314],[-107.51273890929933,25.384320132571766],[-107.51273890929933,25.384052575398538],[-107.51274342319246,25.38405254838347],[-107.51274342319246,25.38404808909546],[-107.51274342319246,25.384043629807397],[-107.51274784680781,25.384043613825064],[-107.51275227042323,25.384043685279583],[-107.51329628540512,25.384043652831583],[-107.51329628540512,25.383218685248856],[-107.51329628540512,25.383214225958945],[-107.51330079930774,25.383214286374482],[-107.51330079930773,25.383209827084592],[-107.51330522293239,25.383209811095853],[-107.51357280722202,25.383209810797062],[-107.51357280722203,25.382099446880197],[-107.51330522293239,25.38209944603256],[-107.51330079930774,25.38209946200239],[-107.51330079930773,25.38209500269724],[-107.5132962854051,25.382095029699368],[-107.5132962854051,25.382090570394084],[-107.51329628540512,25.38070827025256],[-107.51302879167258,25.38070825631771],[-107.51302427777459,25.38070828328556],[-107.51301985415462,25.380708211783517],[-107.51301985415462,25.3807037524545],[-107.51301985415462,25.38069929312543],[-107.51301985415462,25.380164260631698],[-107.51301985415462,25.38015980129525],[-107.51301985415462,25.38015534195873],[-107.51302427777459,25.380155326032362],[-107.51302879167258,25.380155299074108],[-107.51329628540512,25.380155313579696],[-107.51329628540512,25.379887753562652],[-107.5132962854051,25.379883294227174],[-107.51329628540512,25.379878834891635],[-107.51330079930774,25.37987880792793],[-107.51330522293239,25.379878879433836],[-107.51330522293239,25.379874420098396],[-107.51357280722202,25.379874423243376],[-107.51357280722202,25.37960686328135],[-107.51357723085123,25.379606847343894],[-107.51357723085121,25.37960238800941],[-107.51358174475864,25.37959790170545],[-107.51358616838797,25.37959788576781],[-107.51385366268299,25.379597899601652],[-107.51385366268299,25.377943571481428],[-107.51385366268299,25.377939112128963],[-107.51385366268299,25.377934652776435],[-107.51385817659511,25.37793471326373],[-107.51385817659511,25.377930253911224],[-107.51386260022906,25.37793023799176],[-107.51413018508134,25.37793024189671],[-107.51413018508134,25.37766268091556],[-107.51413018508134,25.377658221564015],[-107.51413460871984,25.377658205639133],[-107.51413460871984,25.377653746287603],[-107.51413912263675,25.377653719330905],[-107.51440661748973,25.377653733934427],[-107.51440661748973,25.376552360834975],[-107.51440661748973,25.376547901473025],[-107.51441113141126,25.376547874525254],[-107.51441113141126,25.376543415163315],[-107.51441555505444,25.37654339924703],[-107.51468314046484,25.37654340334648],[-107.51468756411255,25.376543474858536],[-107.51468756411255,25.375999432825044],[-107.51468756411255,25.375994973460372],[-107.51468756411255,25.375990514095633],[-107.51469198776034,25.375990498178552],[-107.51469198776036,25.37598603881383],[-107.51469650168674,25.375986011865063],[-107.51662729560786,25.3759860600232],[-107.516631719288,25.375986044034548],[-107.516631719288,25.37432279663539],[-107.51662729560786,25.374322812595732],[-107.51636422219059,25.374322783571305],[-107.5163597082358,25.374322810554016],[-107.5163597082358,25.374318351195225],[-107.51635528456019,25.37431836714544],[-107.51635077060556,25.374313847330324],[-107.51635077060556,25.374309387971252],[-107.51635077060556,25.373212471229337],[-107.51635077060556,25.373208011855237],[-107.51608327379145,25.37320799701167],[-107.51607875984146,25.373208023964473],[-107.51607433617055,25.37320358050649],[-107.51607433617055,25.373199121127513],[-107.51607433617055,25.37237859435896],[-107.51580674935633,25.37237867651104],[-107.51580674935633,25.372374217116192],[-107.51580232568993,25.372374145573765],[-107.51579790202362,25.372374161470297],[-107.51579790202362,25.372369702075236],[-107.51579790202362,25.37236524268012],[-107.51579790202362,25.37127723589194],[-107.51579790202362,25.371272776481923],[-107.51579790202362,25.371268317071838],[-107.51580232568993,25.371268301194135],[-107.51580674935633,25.371263825906276],[-107.51690815430389,25.371263900487367],[-107.51690815430389,25.367941812148906],[-107.51690815430389,25.367937352712513],[-107.51691266826799,25.367932866383505],[-107.5169170919529,25.36793293796135],[-107.5171846798872,25.367932945355307],[-107.5171846798872,25.36766537934286],[-107.5171846798872,25.367660919907465],[-107.51718910357663,25.367660904039965],[-107.51718910357663,25.367656444604584],[-107.51719352726614,25.367656428737003],[-107.51746111547924,25.367656435798025],[-107.51746111547924,25.367651976367267],[-107.51746111547924,25.367375491541626],[-107.51719352726614,25.367375571630404],[-107.51718910357663,25.36737550005322],[-107.51718910357663,25.36737104061395],[-107.5171846798872,25.367371056476518],[-107.5171846798872,25.367366597037115],[-107.5171846798872,25.36709903056168],[-107.5169170919529,25.367099022306398],[-107.51691266826799,25.367099038154286],[-107.51691266826799,25.367094578706496],[-107.51690815430388,25.36709460558452],[-107.51690815430388,25.367090146136587],[-107.51690815430388,25.366831498052687],[-107.51690815430388,25.366827038601173],[-107.51691266826799,25.366822552276282],[-107.5169170919529,25.36682262387333],[-107.5171846798872,25.366822632414088],[-107.5171846798872,25.366555065494026],[-107.5171846798872,25.36655060604351],[-107.51718910357663,25.36654613074441],[-107.51719352726614,25.366546114895726],[-107.51719352726614,25.366541655445236],[-107.51746111547924,25.366541663657692],[-107.51746111547924,25.3662740967935],[-107.5174655391733,25.36627416837959],[-107.5174655391733,25.366269708930076],[-107.5174655391733,25.366265249480502],[-107.5174700531469,25.366265222595878],[-107.51747447684109,25.36626520674161],[-107.51774206533752,25.366265214610998],[-107.51774206533752,25.36543138480367],[-107.51747447684109,25.365431376072994],[-107.51747005314688,25.36543139191307],[-107.5174655391733,25.365431331342826],[-107.5174655391733,25.36542687188184],[-107.5174655391733,25.365422412420784],[-107.51746111547924,25.365422428260377],[-107.51746111547924,25.36515486048165],[-107.51719352726614,25.36515493827734],[-107.51718910357663,25.36515040719224],[-107.5171846798872,25.365145963547345],[-107.5171846798872,25.364878395257254],[-107.5169170919529,25.36487847214907],[-107.51691266826799,25.36487394104036],[-107.51690815430388,25.364873967879884],[-107.51690815430388,25.364869508401707],[-107.51690815430388,25.364865048923473],[-107.51690815430388,25.364597480118313],[-107.5166406569277,25.364597545072055],[-107.51663614296822,25.364597484455633],[-107.516631719288,25.364597500250554],[-107.516631719288,25.364593040763857],[-107.516631719288,25.364588581277108],[-107.516631719288,25.364321011960623],[-107.51662729560786,25.364321027750673],[-107.51636422219057,25.36432107601078],[-107.5163597082358,25.36432101537899],[-107.51635528456019,25.364321031158997],[-107.51635528456019,25.364316571663785],[-107.51635077060556,25.36431659847266],[-107.51635077060556,25.3643121389773],[-107.51635077060556,25.364044569144884],[-107.51608327379145,25.36404454484016],[-107.51607875984146,25.364044571634082],[-107.51607875984146,25.364040112130343],[-107.51607433617055,25.364040127895194],[-107.51607433617055,25.364035668391317],[-107.51607433617055,25.364031208887372],[-107.51607433617055,25.363487148951553],[-107.51580674935633,25.363487221922966],[-107.51580232568993,25.363487150226867],[-107.51579790202362,25.36348270645594],[-107.51579790202362,25.363478246939717],[-107.51579790202362,25.362109347474277],[-107.51579790202362,25.362104887939363],[-107.51579790202362,25.36210042840439],[-107.51580232568993,25.362100412682775],[-107.51580674935633,25.362100396960987],[-107.51607433617055,25.36210041286336],[-107.51607433617055,25.361832840939638],[-107.51607433617055,25.361828381405722],[-107.51607433617055,25.361823921871753],[-107.51607875984146,25.361823906144636],[-107.51608327379145,25.361819507297177],[-107.51635077060556,25.361819446457616],[-107.51635077060556,25.361551962031886],[-107.51635077060556,25.361547502498915],[-107.51635528456019,25.36154747573806],[-107.51635528456019,25.361543016205097],[-107.5163597082358,25.361543000472388],[-107.51636422219057,25.36154297371128],[-107.5171846798872,25.361543041998097],[-107.5171846798872,25.361275470766238],[-107.5171846798872,25.361271011243854],[-107.51718910357663,25.361270995485157],[-107.51718910357663,25.361266535962788],[-107.51719352726614,25.361266520203998],[-107.51912885336263,25.36126652344433],[-107.51912885336263,25.36099904143597],[-107.51912885336264,25.360994581943295],[-107.51913327708449,25.360990106624868],[-107.51913770080641,25.360990090799007],[-107.51913770080641,25.360985631306363],[-107.51940529097985,25.36098564090839],[-107.5194097147063,25.36098562507256],[-107.5194097147063,25.359607815271875],[-107.5194097147063,25.359603355765124],[-107.51941422871296,25.359598869416125],[-107.51941865243957,25.359598853603583],[-107.5196862428962,25.359598864009744],[-107.51968624289621,25.359331293775668],[-107.51968624289621,25.359326834269922],[-107.51968624289621,25.35932237476411],[-107.51969066662734,25.359322358946237],[-107.51969509035855,25.35932243056948],[-107.51996268109384,25.35932235320161],[-107.51996268109384,25.35905487046886],[-107.51996268109384,25.35905041096411],[-107.51996268109384,25.3590459514593],[-107.51996710482958,25.359045935635923],[-107.51997161884572,25.359045908782363],[-107.51997161884572,25.359041449277647],[-107.52190687491448,25.359041435226136],[-107.52190687491448,25.357663630544625],[-107.52190687491448,25.357659171054443],[-107.52191129868262,25.35765915518291],[-107.52191129868262,25.357654695692748],[-107.52191572245083,25.357654679821128],[-107.52218331542373,25.35765468664995],[-107.52218331542375,25.357387117410386],[-107.52218773919648,25.35738264204418],[-107.52218773919647,25.357378182555024],[-107.52219225325037,25.357378243087787],[-107.52219667702323,25.357378227210496],[-107.52246427027917,25.357378233696487],[-107.52246427027917,25.357110664521873],[-107.52246427027917,25.35710620503378],[-107.52246427027917,25.35710174554563],[-107.52246869405658,25.35710172966301],[-107.52246869405658,25.35709727017487],[-107.52247311783408,25.357097341733105],[-107.52301715274538,25.357097321644765],[-107.52301715274538,25.356829752812438],[-107.523021576532,25.356825277431735],[-107.523021576532,25.356820817949362],[-107.52302609060006,25.356820791019455],[-107.52303051438682,25.3568208625617],[-107.5232981084826,25.356820867758366],[-107.5232981084826,25.356553298991038],[-107.5232981084826,25.35654883950974],[-107.5232981084826,25.356544380028385],[-107.5233025322739,25.35654436412447],[-107.52330695606527,25.356544348220392],[-107.52357455043943,25.356544353084406],[-107.52357455043943,25.356276784377403],[-107.52357455043943,25.356272324897105],[-107.52357455043943,25.356267865416743],[-107.52357897423533,25.356267936948132],[-107.52358348831287,25.356263450526573],[-107.52385099268386,25.356263466094187],[-107.52385099268386,25.35599589744395],[-107.52385550676601,25.355991411017868],[-107.52385993056659,25.355987023064312],[-107.52412743521586,25.35598695085863],[-107.52413194930269,25.35598701134225],[-107.52413194930269,25.355442954990103],[-107.52413194930269,25.35543849550808],[-107.52413194930269,25.355434036025997],[-107.52413637310786,25.355434020110224],[-107.52414088719486,25.355434080603246],[-107.52440839212692,25.355434008340477],[-107.52440839212692,25.355429636303835],[-107.52440839212692,25.355166527031287],[-107.52440839212692,25.355162067550275],[-107.52440839212692,25.355157608069206],[-107.5244128159367,25.355157592147926],[-107.5244128159367,25.355153132666867],[-107.52441733002837,25.355153105713544],[-107.52468483523866,25.355153120563614],[-107.52468483523866,25.354885551870492],[-107.52468483523865,25.35488109239042],[-107.52468934933496,25.35488115287236],[-107.52468934933496,25.354876693392317],[-107.52469377314942,25.35487667746545],[-107.52496136891992,25.35487668095068],[-107.52496136891992,25.354609112318165],[-107.52496136891992,25.35460465283911],[-107.52496579273891,25.35460463690684],[-107.52496579273891,25.354600177427795],[-107.52497021655796,25.354600161495437],[-107.52497473065911,25.3546002219715],[-107.52579521495785,25.354600165752913],[-107.52579521495785,25.35433268519745],[-107.52579521495785,25.35432822572901],[-107.52579963879072,25.354323750302232],[-107.52580406262365,25.354323734343804],[-107.52580406262365,25.354319274875383],[-107.52580857673895,25.354319247884177],[-107.5260716595117,25.354319276453136],[-107.52607608334917,25.354319260484743],[-107.52607608334917,25.354051692550225],[-107.52607608334917,25.354047233082802],[-107.52608059746909,25.35404283405921],[-107.52608502130671,25.354042818095195],[-107.52689657104645,25.354042799050116],[-107.52690099489763,25.35404278305598],[-107.52690550903156,25.354047302921746],[-107.52690550903156,25.354051762374876],[-107.52690550903156,25.35431924201198],[-107.52690993288289,25.354319313452983],[-107.53024093324929,25.354319308445678],[-107.53024093324929,25.354051744815774],[-107.53024093324929,25.354047285420094],[-107.53024535715608,25.354047269302416],[-107.53024535715608,25.35404280990675],[-107.53024978106293,25.35404279378898],[-107.53051738242277,25.354042785708046],[-107.53051738242277,25.35349882699417],[-107.53051738242277,25.353494367595754],[-107.53052180633415,25.353489892078894],[-107.5305263205295,25.353489864924548],[-107.53053074444104,25.35348538940752],[-107.53079383188333,25.353485408438846],[-107.53079825579931,25.35348539231033],[-107.53079825579931,25.353217916016778],[-107.53079825579931,25.353213456619386],[-107.53080276999935,25.353213429459444],[-107.53080276999935,25.35320897006207],[-107.53080719391548,25.353208953937934],[-107.53135124587503,25.353208991558546],[-107.53135124587503,25.352941428172475],[-107.53135124587503,25.352936968780863],[-107.53135566980026,25.35293695264111],[-107.53135566980026,25.352932493249515],[-107.53136009372558,25.352932477109675],[-107.53162769620145,25.352932467693005],[-107.53162769620145,25.352664904367657],[-107.53163212013129,25.35266051627085],[-107.53163212013129,25.352656056880264],[-107.53163663434549,25.35265602969862],[-107.53164105827547,25.352656013553112],[-107.53190857074932,25.35265601483032],[-107.53190857074932,25.35238845157033],[-107.53190857074932,25.35238399218083],[-107.53190857074932,25.352379532791257],[-107.5319130849682,25.352379593043015],[-107.5319130849682,25.352375133653464],[-107.53191750890277,25.35237511750254],[-107.53246156313094,25.352375064387626],[-107.53246156313094,25.352107588909593],[-107.53246598707462,25.35210311335927],[-107.53246598707462,25.352098653975496],[-107.53247041101838,25.352098637808886],[-107.53247492524677,25.352098610605367],[-107.53301889032888,25.352098654012675],[-107.53301889032888,25.351831091447],[-107.53301889032888,25.351826632069063],[-107.53302340456656,25.35182214547171],[-107.53302782851958,25.351822216728017],[-107.5341292145367,25.351822139019898],[-107.5341292145367,25.351554664815684],[-107.5341292145367,25.351550205453126],[-107.53413372879321,25.35154571883418],[-107.53413815276467,25.351545702615418],[-107.53413815276467,25.351541243252903],[-107.53440566774638,25.351541240098655],[-107.53440566774638,25.35127367851326],[-107.53441018200758,25.351273738689706],[-107.53441018200758,25.35126927932818],[-107.53441460598361,25.351264803742428],[-107.53441912024498,25.35126477648023],[-107.53496308929677,25.351264812799975],[-107.53496308929677,25.350997251566064],[-107.53496308929677,25.350992792210324],[-107.534967513282,25.350992775970372],[-107.534967513282,25.350988316614647],[-107.5349720275527,25.350988289336446],[-107.53523954337156,25.35098837232748],[-107.53523954337156,25.349597051851994],[-107.53497202755271,25.349597054860954],[-107.534967513282,25.349597082115],[-107.53496308929677,25.349592638956434],[-107.53496308929677,25.349588179581648],[-107.53496308929677,25.348219236106193],[-107.53496308929677,25.348214776712812],[-107.534967513282,25.348214760520218],[-107.534967513282,25.34821030112684],[-107.5349720275527,25.34821027389688],[-107.53523954337156,25.348210272321595],[-107.53523954337156,25.347666313887828],[-107.53523954337156,25.347661854491705],[-107.53524405764688,25.34765736786493],[-107.53524848163676,25.34765289227539],[-107.53525290562672,25.34765296352098],[-107.5355205120131,25.34765295085636],[-107.5355205120131,25.347385387262264],[-107.5355205120131,25.347380927867185],[-107.53552493600758,25.347376452273174],[-107.53552936000212,25.34737643607414],[-107.53579696666607,25.347376423077176],[-107.53579696666607,25.347108946983358],[-107.53579696666607,25.347104487589295],[-107.53580139066514,25.34710001199082],[-107.53580581466427,25.347099995786287],[-107.53634987683218,25.34710002351889],[-107.53634987683218,25.346832460333147],[-107.53635430084042,25.346827984724747],[-107.53635430084042,25.34682352533649],[-107.5363588151346,25.34682349807842],[-107.5363588151346,25.34681903869019],[-107.536363239143,25.346819109908857],[-107.5366307563581,25.346819106661307],[-107.5366307563581,25.346551543537803],[-107.5366307563581,25.34654708415057],[-107.53663527065697,25.346547056886905],[-107.53663527065697,25.346542597499685],[-107.53663969466994,25.346542581273876],[-107.53690730244851,25.346542566655994],[-107.53690730244851,25.346275091032766],[-107.53690730244851,25.346270631646558],[-107.536911726466,25.346266156029156],[-107.53691615048356,25.34626613979786],[-107.5371837585396,25.34626612484759],[-107.5371837585396,25.34543230688394],[-107.53691615048356,25.345432320971806],[-107.536911726466,25.345432249749713],[-107.536911726466,25.34542779035218],[-107.53690730244851,25.34542780656902],[-107.53690730244851,25.345423347171344],[-107.53690730244851,25.345155783200145],[-107.53663969466994,25.345155796383725],[-107.53663527065697,25.345151353179837],[-107.5366307563581,25.34515138041927],[-107.5366307563581,25.345146921013075],[-107.5366307563581,25.34514246160683],[-107.5366307563581,25.34487489712156],[-107.536363239143,25.344874898358917],[-107.5363588151346,25.344874914546086],[-107.53635430084042,25.344874941770314],[-107.53635430084042,25.34487048235562],[-107.53634987683218,25.344865951688046],[-107.53634987683218,25.342663168265013],[-107.53635430084043,25.342663152115886],[-107.53635430084043,25.342658692671268],[-107.53635430084043,25.342654233226593],[-107.5363588151346,25.342654293481015],[-107.536363239143,25.342654277331704],[-107.5366307563581,25.342654278390377],[-107.5366307563581,25.34237779299818],[-107.53636323914299,25.342377791653636],[-107.5363588151346,25.342377807798222],[-107.53635430084042,25.342373375530617],[-107.53635430084043,25.342368916082084],[-107.53634987683218,25.342364385337348],[-107.53634987683218,25.34211028410363],[-107.53635430084042,25.342105808511835],[-107.53635430084042,25.342101349059682],[-107.5363588151346,25.342101321883618],[-107.5363588151346,25.342096862431486],[-107.536363239143,25.342096846291675],[-107.5366307563581,25.342096847926722],[-107.5366307563581,25.34154396341614],[-107.53552936000212,25.341543932963926],[-107.53552493600758,25.34154394906352],[-107.53552493600758,25.34153948958948],[-107.5355205120131,25.34153950568884],[-107.5355205120131,25.34153504621466],[-107.5355205120131,25.341267477653524],[-107.53525290562672,25.341267483714283],[-107.53524848163676,25.34126304031642],[-107.53524405764686,25.34126305640087],[-107.53523954337156,25.341258536596836],[-107.53523954337156,25.341254077114023],[-107.53523954337156,25.33960869872067],[-107.53523954337156,25.33960423921555],[-107.53524405764686,25.339604212124787],[-107.53524405764688,25.33959975261968],[-107.53524848163676,25.339599824004868],[-107.5352529056267,25.33959980794862],[-107.5355205120131,25.33959980361265],[-107.5355205120131,25.33932331447406],[-107.5355205120131,25.339318854969925],[-107.53525290562672,25.339318859015318],[-107.53524848163676,25.339318875066777],[-107.53524405764686,25.339318891118076],[-107.53524405764688,25.339314431609118],[-107.53523954337156,25.3393143712535],[-107.53523954337156,25.339309911744405],[-107.53523954337156,25.33877485765686],[-107.53523954337156,25.338770398140475],[-107.53524405764686,25.338770371064182],[-107.53524405764686,25.338765911547817],[-107.53524848163676,25.33876589550595],[-107.53525290562672,25.338765966905402],[-107.53550705945892,25.33876594621507],[-107.53551157373877,25.338765919128797],[-107.5355159977331,25.33876590307705],[-107.5355159977331,25.338770362588733],[-107.5355205120131,25.33877488245499],[-107.5355205120131,25.33904236559598],[-107.53579696666607,25.339042416545915],[-107.53579696666607,25.33877484624946],[-107.53579696666607,25.338770386742684],[-107.53580139066514,25.33877037068033],[-107.53580139066513,25.33876591117357],[-107.53580581466427,25.33876589511113],[-107.53634987683218,25.33876594036936],[-107.53634987683218,25.338498370420616],[-107.53635430084042,25.338493894841594],[-107.53635430084042,25.338489435340623],[-107.5363588151346,25.33848949566848],[-107.536363239143,25.338489479590184],[-107.5371837585396,25.338489483791566],[-107.5371837585396,25.338485024304834],[-107.5371837585396,25.338221914481178],[-107.5371837585396,25.338217454990833],[-107.53718818256168,25.338217438886733],[-107.53718818256168,25.338212979396403],[-107.53719260658383,25.338208591242896],[-107.53719712089222,25.338208564102896],[-107.5377410956129,25.33820852780329],[-107.5377410956129,25.337664558127795],[-107.5377410956129,25.337660098639535],[-107.53774560993057,25.337655612000187],[-107.53775003396196,25.337655595884925],[-107.53801755256839,25.33765559901233],[-107.53801755256839,25.33710716951636],[-107.53802206689075,25.33710268287351],[-107.53802206689075,25.337098223382515],[-107.53802649092673,25.337098207266557],[-107.5380309149628,25.337098191150435],[-107.53829400981047,25.337098210352398],[-107.5382985241375,25.337098183190253],[-107.5382985241375,25.33655421285801],[-107.5382985241375,25.33654975336436],[-107.5382985241375,25.33654529387066],[-107.53830294817807,25.33654527775393],[-107.53830737221871,25.336545261637042],[-107.53857498167079,25.336545253630693],[-107.53857498167079,25.336540794141687],[-107.53857498167079,25.335162984039805],[-107.53857498167079,25.335158524532144],[-107.53857940571595,25.33515850842887],[-107.53857940571595,25.335154048921225],[-107.53858392004783,25.33515402178212],[-107.53885143949064,25.335154025632573],[-107.53885143949064,25.334886542786574],[-107.53885143949064,25.334882083279943],[-107.53885586354038,25.33488206717118],[-107.53885586354038,25.33487760766458],[-107.53886037787692,25.33487758051987],[-107.53912789759698,25.334877584038285],[-107.53912789759698,25.334610013813137],[-107.53912789759698,25.33460555430755],[-107.53913232165131,25.334605625634584],[-107.53913232165131,25.334601166129016],[-107.53913683599252,25.33460113897871],[-107.539141260047,25.33459666335873],[-107.53939541758531,25.334596638507218],[-107.53939993193099,25.33460115828932],[-107.53940435598982,25.334601142165106],[-107.53940878004872,25.33460558554153],[-107.53940878004872,25.334610045042275],[-107.53940878004872,25.334877614976854],[-107.53968523873262,25.334877573954603],[-107.53968523873262,25.334329143382952],[-107.53968523873262,25.334324683883192],[-107.5396897530832,25.33432465671689],[-107.5396897530832,25.33432019721714],[-107.53969417714684,25.334320181087023],[-107.53996169770298,25.33432018331825],[-107.53996169770298,25.333218773636673],[-107.53996169770298,25.333214314126693],[-107.53996621205822,25.333214374410666],[-107.53996621205822,25.3332099149007],[-107.53997063612644,25.333209898779316],[-107.53997515048185,25.333209871621655],[-107.54024267131969,25.33320987437324],[-107.54024267131969,25.33294230395148],[-107.54024267131969,25.332937844442615],[-107.54024267131969,25.33293338493369],[-107.54024709539249,25.332933456248174],[-107.54025160975257,25.33293342908491],[-107.54051913086755,25.332933431504514],[-107.54051913086755,25.332665861145077],[-107.54051913086757,25.332661401637253],[-107.54051913086757,25.33265694212936],[-107.54052355494494,25.332656925997014],[-107.54052806930972,25.33265252676169],[-107.54079559070183,25.332652528853938],[-107.54079559070183,25.332384958553238],[-107.54079559070183,25.332380499046387],[-107.5408000147838,25.33238048290854],[-107.5408000147838,25.33237602340171],[-107.54080452915325,25.33237599622734],[-107.54107205082246,25.332375997987707],[-107.54107647490903,25.33237606928097],[-107.54107647490902,25.332108499047187],[-107.54107647490903,25.33210403954146],[-107.54107647490903,25.332099580035663],[-107.54108098928313,25.3320995528557],[-107.54108541336986,25.332099536712118],[-107.54135302560819,25.332099527093906],[-107.54135302560819,25.331832044363807],[-107.54135302560819,25.33182758485912],[-107.54135302560819,25.331823125354365],[-107.5413574496994,25.331823109205466],[-107.54136187379069,25.3318230930564],[-107.54190594729053,25.331823127660538],[-107.54190594729053,25.331818668165266],[-107.54190594729053,25.331551098338757],[-107.54191037139091,25.33155108217409],[-107.54191037139091,25.33154662267523],[-107.54191479549135,25.33154223445278],[-107.54191930987966,25.331542207250962],[-107.54218683266612,25.33154220738223],[-107.54218683266612,25.33099814864393],[-107.54218683266612,25.330993689142375],[-107.54218683266612,25.330989229640767],[-107.54219125677116,25.330989300916528],[-107.54219577116412,25.33098927371392],[-107.5424632942276,25.330989273799272],[-107.5424632942276,25.329330511687388],[-107.5424632942276,25.32932605216814],[-107.54246771833722,25.32932603602086],[-107.54246771833722,25.329321576501627],[-107.54247223273487,25.32932154931759],[-107.54273975607536,25.329321550510276],[-107.54273975607536,25.329053979527487],[-107.54273975607536,25.32904952000928],[-107.54274418018954,25.32904959129805],[-107.54274418018954,25.329045131779857],[-107.54274869459186,25.329045104590236],[-107.54275311870622,25.32904508843722],[-107.54301621820935,25.329045105451033],[-107.54302064232812,25.32904508928815],[-107.54302064232812,25.329040629774664],[-107.54302064232812,25.328777518372565],[-107.54302064232812,25.328773058855482],[-107.54302064232812,25.32876859933832],[-107.54302515673511,25.328768659584618],[-107.54302515673511,25.328764200067486],[-107.54302958085403,25.32876418390907],[-107.54329710475291,25.32876418443274],[-107.54329710475291,25.328496613576203],[-107.54329710475291,25.328492154060097],[-107.54330161916458,25.328492126859285],[-107.54330161916458,25.328487667343197],[-107.54330604328807,25.32848773862078],[-107.5446839356045,25.328487707366556],[-107.5446839356045,25.328220137721647],[-107.5446839356045,25.328215678225728],[-107.5446883597509,25.328215662015467],[-107.5446883597509,25.328211202519565],[-107.54469287418605,25.32821126271241],[-107.54469729833261,25.32821124650189],[-107.54496482390184,25.328211243870516],[-107.54496482390184,25.32794367429289],[-107.54496482390184,25.3279392147981],[-107.54496482390184,25.327934755303247],[-107.54496933834169,25.32793481549048],[-107.54496933834169,25.327930355995647],[-107.54497376249282,25.327930339779726],[-107.54524128833887,25.327930336821115],[-107.54524128833887,25.32710987705406],[-107.54524128833887,25.32710541755281],[-107.5452458027834,25.32710093080175],[-107.54525022693909,25.327100914589774],[-107.54551775306197,25.327100911871497],[-107.54551775306197,25.327096452374892],[-107.54551775306197,25.326828882468934],[-107.54552226751116,25.326824483154514],[-107.54552669167144,25.32682000743689],[-107.54579421807112,25.32682000439142],[-107.54579873252497,25.32681997712576],[-107.54579873252497,25.32655240728728],[-107.54579873252497,25.32654794778814],[-107.54580315668983,25.326543559507243],[-107.54580758085477,25.326543543284213],[-107.54607519782482,25.326543528858725],[-107.54607519782482,25.326275959083105],[-107.54607519782482,25.326271499585026],[-107.54607519782482,25.32626704008687],[-107.54607962199425,25.326267111299657],[-107.54608404616377,25.326267095071145],[-107.54635166341068,25.32626708031376],[-107.54635166341068,25.325999510601033],[-107.54635166341068,25.325995051103988],[-107.54635166341068,25.32599059160689],[-107.54635608758467,25.325990575373062],[-107.54636051175875,25.325986187083174],[-107.5466281292825,25.325986171998515],[-107.5466281292825,25.32571860234509],[-107.54663255346107,25.325714126609732],[-107.54663255346107,25.32570966711369],[-107.54663697763975,25.32570965087429],[-107.54664149210784,25.32570971103733],[-107.54746195280603,25.325709696364356],[-107.54746195280603,25.32544212735069],[-107.54746195280603,25.3254376678653],[-107.54746637699841,25.325437651599938],[-107.54746637699841,25.325433192114566],[-107.54747089148053,25.32543325225101],[-107.54747531567307,25.3254332359854],[-107.54829577893028,25.325433216475208],[-107.54829577893028,25.32516564810137],[-107.54829577893028,25.325161188626645],[-107.5483002934264,25.32515678926171],[-107.54830471763266,25.325156772970217],[-107.54830471763266,25.325152313495526],[-107.54968705994872,25.32515231357883],[-107.54968705994872,25.324884746418334],[-107.54968705994871,25.324880286963825],[-107.54969148417791,25.32488027062589],[-107.54969148417791,25.324875811171395],[-107.54969599869759,25.324875783792972],[-107.55078842440706,25.32487580970978],[-107.55079293894522,25.324880329165495],[-107.55079736319273,25.32488477222211],[-107.55079736319273,25.32515233823326],[-107.55135030441427,25.32515231118083],[-107.55135030441427,25.324884745742064],[-107.55135472867097,25.32488472934269],[-107.55135472867099,25.32488026991695],[-107.5513592432187,25.324875870489905],[-107.55136366747557,25.324875854090344],[-107.55190767104419,25.324875868895447],[-107.55190767104419,25.324331819662678],[-107.55190767104419,25.324327360239046],[-107.55191209531013,25.324322884405003],[-107.55191660986726,25.324322944392353],[-107.55218414265921,25.324322929651224],[-107.55218414265921,25.324318470232242],[-107.55218414265921,25.324055364406338],[-107.55218414265921,25.324050904983764],[-107.55218856692971,25.324046429145294],[-107.55219308149151,25.324041942264827],[-107.55219750576215,25.3240420132884],[-107.5524606145598,25.324042014636298],[-107.55246503883487,25.32404199821034],[-107.55246503883487,25.323497948782663],[-107.55246503883487,25.323493489357435],[-107.55246503883487,25.32348902993215],[-107.55246955340134,25.323489089913235],[-107.55247397767656,25.32348907349639],[-107.5527415110256,25.323489058372857],[-107.5527415110256,25.32294054919224],[-107.5527415110256,25.322936089764287],[-107.55274602559673,25.322936149744645],[-107.55274602559673,25.322931690316715],[-107.55275044987651,25.322931673899173],[-107.55301798350186,25.322931658734817],[-107.55301798350186,25.322387696089695],[-107.55301798350186,25.322383236659086],[-107.55302240778613,25.32238322024088],[-107.55302240778613,25.32237876081028],[-107.553026922362,25.322378733350007],[-107.55329445626364,25.322378718140214],[-107.55329445626364,25.322374258714255],[-107.55329445626364,25.321830295737147],[-107.55329888055249,25.32183027931818],[-107.55329888055249,25.32182581988493],[-107.55329888055249,25.32182136045161],[-107.55330339513303,25.321821332990623],[-107.55330781942202,25.321821316571484],[-107.55357535360436,25.32182138875081],[-107.55357535360436,25.321553822928447],[-107.55357535360436,25.32154936349625],[-107.55357535360436,25.32154490406399],[-107.55357986818954,25.32154487659741],[-107.5535842924831,25.321544860172793],[-107.55385182694168,25.32154484458074],[-107.55385182694168,25.321277366261473],[-107.55385182694168,25.32127290683033],[-107.55385182694168,25.32126844739913],[-107.55385634153153,25.321268419926973],[-107.55385634153153,25.32126396049578],[-107.55386076582967,25.321263944065755],[-107.55440919877991,25.32126393867661],[-107.55440919877991,25.320996460707875],[-107.55440919877991,25.320992001282573],[-107.55441371337916,25.32098751436898],[-107.5544181376865,25.32098749792311],[-107.55773124205999,25.320987463963686],[-107.55773575671522,25.320987523789118],[-107.5577401810774,25.32099196658857],[-107.5577401810774,25.320996425956384],[-107.5577401810774,25.321263987915447],[-107.55800771968626,25.321263963327468],[-107.55801214405294,25.321263946744292],[-107.55801214405294,25.32126840610375],[-107.55801665871289,25.321268378475146],[-107.55801665871289,25.321272837834474],[-107.55801665871289,25.321277297193742],[-107.55801665871289,25.32182133857459],[-107.55802108307972,25.321821321981567],[-107.55856510017009,25.32182131296445],[-107.55856961483936,25.32182137274353],[-107.55856961483936,25.32182583208588],[-107.55857403921532,25.32182581547238],[-107.55857403921532,25.321830274814594],[-107.55857403921532,25.322097835237788],[-107.55884157865637,25.32209780792298],[-107.5588460030368,25.322097791294805],[-107.5588460030368,25.32210225062867],[-107.55885051771081,25.32210231039213],[-107.55885051771081,25.322106769725853],[-107.55885051771081,25.322374242201903],[-107.55885051771081,25.322378701531974],[-107.55939896087382,25.322378758356333],[-107.55940338526347,25.322378741702792],[-107.55940789994683,25.322383173322955],[-107.55940789994683,25.32238763264329],[-107.55940789994685,25.3226551917534],[-107.55967544021993,25.322655161998018],[-107.55967986461414,25.322655232767048],[-107.55968437930218,25.322655205051618],[-107.55968437930218,25.322659664363517],[-107.55968437930218,25.322664123675356],[-107.55968437930218,25.322931682276128],[-107.55995191985112,25.32293165161656],[-107.55995634424987,25.32293163493318],[-107.55996076864874,25.322931705686955],[-107.55996076864874,25.322936164990374],[-107.55996076864874,25.322940624293725],[-107.5599652833415,25.32294059656276],[-107.5599652833415,25.32320815464961],[-107.56023282417065,25.323208123075986],[-107.56023282417065,25.323212582370985],[-107.56023724857404,25.323212565672442],[-107.56024176327148,25.32321708465829],[-107.56024176327148,25.323221543953014],[-107.56024176327148,25.323489014089798],[-107.56134317112534,25.323489079970365],[-107.56134759554705,25.32348906322614],[-107.56135201996884,25.323493505753646],[-107.56135201996885,25.323497965025485],[-107.56135201996885,25.32376552122639],[-107.56190498297244,25.32376553582708],[-107.5619094074034,25.323765519057392],[-107.5619094074034,25.32349796343385],[-107.5619094074034,25.323493504171626],[-107.5619094074034,25.323489044909348],[-107.56191392212898,25.323489017095564],[-107.56191834656009,25.323489087766795],[-107.56328730517178,25.32348901209413],[-107.56329172962555,25.323489082714225],[-107.56329624437437,25.323493514086795],[-107.56329624437437,25.32349797332507],[-107.56329624437437,25.323765527512005],[-107.56356378852504,25.323765487917107],[-107.56356821298337,25.323765558522105],[-107.56357263744178,25.32377000092091],[-107.56357263744178,25.323774460150695],[-107.56357263744178,25.324599329194243],[-107.56384027216308,25.324599364503193],[-107.56384469662598,25.324599347647872],[-107.56384912108892,25.32459933079238],[-107.56384912108892,25.324603790006243],[-107.56385363584711,25.324608308749408],[-107.56385363584711,25.325709645267015],[-107.56412118055331,25.325709689847915],[-107.56412560502083,25.325709672963264],[-107.56412560502083,25.325714132157415],[-107.56413002948842,25.32571411527252],[-107.56413002948842,25.325718574466542],[-107.56413002948842,25.3265435243277],[-107.56439757447008,25.32654356742683],[-107.56440208923749,25.32654353946634],[-107.56440651370964,25.32654798173516],[-107.56440651370964,25.326552440913186],[-107.56440651370964,25.326819991484896],[-107.56467405896679,25.32682003367955],[-107.56467857373886,25.32682000570385],[-107.56468299821556,25.326824447949253],[-107.56468299821556,25.326828907118784],[-107.56468742269234,25.326828890194278],[-107.56468742269234,25.327096440251765],[-107.56468742269234,25.327100899417562],[-107.56495496822942,25.327100940693235],[-107.56495948300622,25.32710091270208],[-107.56495948300622,25.32710537186312],[-107.56496390748754,25.32710535492369],[-107.56496390748754,25.327109814084594],[-107.56496390748754,25.32737736362881],[-107.5652314533001,25.32737740399999],[-107.56523596808152,25.32737737599363],[-107.56524039256742,25.327381818191817],[-107.56524039256742,25.327386277344228],[-107.56524039256742,25.327653826378754],[-107.5660653347195,25.327653835933027],[-107.56606975921905,25.32765381894342],[-107.56606975921905,25.327658278077845],[-107.56607427401458,25.32765833746907],[-107.56607427401458,25.32766279660336],[-107.56607427401458,25.327930344550655],[-107.56634182093327,25.327930294432885],[-107.56634624543737,25.32793027742836],[-107.56634624543737,25.32793473655429],[-107.56635066994154,25.327934806983365],[-107.56635066994156,25.327939266109162],[-107.56635066994154,25.327943725234892],[-107.56635066994154,25.328211272668934],[-107.56717561550352,25.32821127279009],[-107.56718013031762,25.3282112446961],[-107.56718455483553,25.328211227655842],[-107.56718455483555,25.328215686763507],[-107.56718455483555,25.32822014587112],[-107.56718455483555,25.328487692217927],[-107.5680095029579,25.32848768570854],[-107.56801392748947,25.32848766863295],[-107.56801392748947,25.328492127722583],[-107.56801844231768,25.328492187025304],[-107.56801844231768,25.328496646114793],[-107.56801844231768,25.32876419137424],[-107.5688522420906,25.328764144011604],[-107.5688522420906,25.32849659961607],[-107.5688522420906,25.328492140540977],[-107.56885675693287,25.328492199811883],[-107.56885675693287,25.328487740736808],[-107.5688611814784,25.328487723629955],[-107.57023008517878,25.32848772798002],[-107.5702346000442,25.328487699766328],[-107.57023902461239,25.328492141659833],[-107.57023902461239,25.328496600710974],[-107.57023902461239,25.328764143669492],[-107.57024353947797,25.328764202882958],[-107.57106398210881,25.328764202655808],[-107.57106840669066,25.32876418546278],[-107.57106840669066,25.328768644495934],[-107.57107292157015,25.328768616245817],[-107.57107292157015,25.328773075278836],[-107.57107292157015,25.32877753431179],[-107.57107292157015,25.329040617149854],[-107.57107292157015,25.329045076179202],[-107.57217428353962,25.329045117184563],[-107.57217870813973,25.32904509994577],[-107.57218322303787,25.329045071649084],[-107.57218322303787,25.329049530659198],[-107.57218322303787,25.329053989669255],[-107.57218322303787,25.329321530162687],[-107.57218764763812,25.32932160035033],[-107.57328458955301,25.32932155977098],[-107.5732891044697,25.329321531427883],[-107.57329352908815,25.32932151414322],[-107.57329352908815,25.329325973130437],[-107.57329795370664,25.329326043276662],[-107.57329795370664,25.329330502263737],[-107.57329795370664,25.32959804137845],[-107.57356550781402,25.32959806081727],[-107.57357002273544,25.329598032458794],[-107.57357002273544,25.32960249143751],[-107.57357444735848,25.32960247413768],[-107.57357444735848,25.32960693311626],[-107.57357444735848,25.329874471721055],[-107.57384200174077,25.32987449025519],[-107.57384200174077,25.32987894922548],[-107.57384642636829,25.329878931910894],[-107.57385094129441,25.329878903536965],[-107.57385094129441,25.329883362507044],[-107.57385094129441,25.329887821477055],[-107.57385094129441,25.33043190279946],[-107.57411849595157,25.33043183270707],[-107.57412292058365,25.330431902803372],[-107.57412734521577,25.33043188546897],[-107.57412734521577,25.33043634442683],[-107.57413186014662,25.330440774990343],[-107.57413186014662,25.33098922633176],[-107.57439941508302,25.33098924246415],[-107.57440383971971,25.33098922511001],[-107.57440383971971,25.33099368405559],[-107.57440826435648,25.330993754131516],[-107.57440826435648,25.33099821307695],[-107.57440826435648,25.331542203969345],[-107.57467581956764,25.33154221891055],[-107.57468033450769,25.33154219047647],[-107.57468033450769,25.33154664940982],[-107.574684759149,25.33154663203578],[-107.574684759149,25.331551090968997],[-107.574684759149,25.33237608000903],[-107.57495231463497,25.332376006037883],[-107.57495673928074,25.332376076069394],[-107.57496125422549,25.332380506527493],[-107.57496125422549,25.332384965444692],[-107.57496125422549,25.332652500366564],[-107.57496567887141,25.33265248296326],[-107.57662005004862,25.332652487765127],[-107.5766244747218,25.332656929185415],[-107.57662889939505,25.332656999149773],[-107.57662889939505,25.332661458034433],[-107.57662889939505,25.332665916919034],[-107.57662889939505,25.333209900389438],[-107.57689645681288,25.33320990863681],[-107.57690097179014,25.33320988009016],[-107.57690539646794,25.333209862605752],[-107.57690539646794,25.333214321478184],[-107.57690539646794,25.33321878035056],[-107.5769098211458,25.333218850294703],[-107.5769098211458,25.33348638252239],[-107.57745387647863,25.333486350507904],[-107.5774583011655,25.33348633299836],[-107.5774583011655,25.33349079185751],[-107.57746281615219,25.333490850713453],[-107.57746281615219,25.333495309572466],[-107.57746281615219,25.333499768431416],[-107.57746281615219,25.333762841003303],[-107.57746281615219,25.333767299858653],[-107.57773028409854,25.33376731672673],[-107.57773479908978,25.333767288139015],[-107.57773922378128,25.333767270614302],[-107.57773922378128,25.333771729464807],[-107.57773922378128,25.333776188315262],[-107.57773922378128,25.33404371923237],[-107.57800678230197,25.334043724132655],[-107.57801120699794,25.334043706593178],[-107.57801572199388,25.334043765418357],[-107.57801572199388,25.334048224260364],[-107.57802014669001,25.334048206720485],[-107.57802014669001,25.334052665562357],[-107.57802014669001,25.334320195964576],[-107.57884061302421,25.334320212191834],[-107.57884512803408,25.33432018355272],[-107.57884955274379,25.334324624801457],[-107.57884955274379,25.334329083625263],[-107.57885397745359,25.33432915347772],[-107.57885397745359,25.33459668279184],[-107.57995546155338,25.334596704858374],[-107.57995546155338,25.334601163659404],[-107.57995988628134,25.334601146038477],[-107.57996431100936,25.334605587218206],[-107.57996431100936,25.33461004601897],[-107.57996431100936,25.334877573954714],[-107.58078478326226,25.334877575079087],[-107.58078929830468,25.33487763378424],[-107.58079372304633,25.33487761612781],[-107.58079372304633,25.33488207491058],[-107.58079814778804,25.33488651603653],[-107.58079814778804,25.33515404288406],[-107.58106570934557,25.335154039793274],[-107.58107022439268,25.335154098482878],[-107.58107022439268,25.335158557257135],[-107.58107464913893,25.33515853958553],[-107.58107464913893,25.335162998359653],[-107.58107464913893,25.335430524696775],[-107.58134221097083,25.335430520701003],[-107.58134663572154,25.335434961780468],[-107.58135115077337,25.335435020454444],[-107.58135115077337,25.33543947922006],[-107.58135115077337,25.33544393798561],[-107.58135115077337,25.335711463808693],[-107.58161862257853,25.335711469969862],[-107.5816231376349,25.33571144120201],[-107.58162756239022,25.33571142350055],[-107.58162756239022,25.33571588225766],[-107.58163207744677,25.335720399672972],[-107.58163207744677,25.338765891481703],[-107.58189954953055,25.338765893848514],[-107.58190406459164,25.33876595244263],[-107.58190406459164,25.33877041115373],[-107.58190848935158,25.338770393389606],[-107.58190848935158,25.33877485210058],[-107.58190848935156,25.33959088262072],[-107.58190406459164,25.33959535909884],[-107.58189954953055,25.339599759219386],[-107.58163207744677,25.33959975771698],[-107.58163207744677,25.339867367309026],[-107.58162756239022,25.339867308724056],[-107.58162756239022,25.339871767425077],[-107.58162756239022,25.339876226126034],[-107.5816231376349,25.339876243898694],[-107.58161862257852,25.33987627273906],[-107.58135115077337,25.339876270895232],[-107.58135115077337,25.34071013523402],[-107.58161862257853,25.34071013621346],[-107.5816231376349,25.340710107358582],[-107.58162756239022,25.340710089571665],[-107.58162756239022,25.340714548261296],[-107.58162756239022,25.34071900695087],[-107.58163207744677,25.34071897809549],[-107.58163207744677,25.340986586780236],[-107.58189954953055,25.340986586845034],[-107.58190406459164,25.34099101665589],[-107.58190848935156,25.34099545753479],[-107.58190848935156,25.34126306570868],[-107.58190848935156,25.341267524385987],[-107.58245255477459,25.341267453238864],[-107.58245697954352,25.341267522836667],[-107.58246140431253,25.341267505009437],[-107.58246140431253,25.341271963677137],[-107.58246140431253,25.341276422344766],[-107.58246140431253,25.34154394229258],[-107.58246591938303,25.341543913391472],[-107.58328639924737,25.341543963587952],[-107.58329082403,25.341543945725384],[-107.58329524881268,25.34154392786265],[-107.58329524881268,25.341548386512198],[-107.58329524881268,25.341552845161697],[-107.58329524881268,25.341820451445273],[-107.58412024629752,25.341820378681973],[-107.5841246710938,25.34182044820805],[-107.58412467109382,25.341824906839527],[-107.58412909589016,25.341824888941204],[-107.58412909589016,25.341829347572542],[-107.58412909589016,25.342096865342914],[-107.58467759059695,25.342096851849487],[-107.58467759059695,25.342101310467672],[-107.58468210570453,25.342101368897346],[-107.58468653051003,25.342105809591697],[-107.58468653051003,25.342110268209613],[-107.58468653051003,25.34237778517419],[-107.58495409592446,25.342377765896625],[-107.58495852073442,25.342377835381942],[-107.58496294554445,25.342382276052852],[-107.58496294554445,25.342386734662245],[-107.58496294554445,25.342654251116024],[-107.58523051123292,25.342654230933515],[-107.58523502634975,25.342654289332412],[-107.58523945116431,25.342658729979867],[-107.58523945116431,25.342663188580758],[-107.58523945116431,25.342930704523628],[-107.58550701712689,25.342930770859358],[-107.58551144194593,25.342930752891096],[-107.58551595706746,25.34293518244349],[-107.58551595706746,25.342939641035862],[-107.58552038188662,25.342939623067117],[-107.58552038188662,25.34294408165935],[-107.58552038188662,25.343207225917798],[-107.58552038188662,25.34321168450641],[-107.58578794812767,25.343211662499023],[-107.5857923729513,25.34321164451558],[-107.585796797775,25.343216085115756],[-107.585796797775,25.343220543699484],[-107.585796797775,25.34348814603551],[-107.58606436429002,25.34348812312315],[-107.58606887942081,25.343488094052603],[-107.58607330424904,25.34349262205237],[-107.58607330424904,25.34349708062758],[-107.58607330424904,25.343764595029427],[-107.58634087103812,25.343764571211906],[-107.58634529587081,25.3437645531986],[-107.58634981100629,25.343769070102294],[-107.58634981100629,25.343773528668976],[-107.58635423583912,25.34377351065519],[-107.58635423583912,25.34404102454148],[-107.5866218029066,25.344041087231613],[-107.5866218029066,25.344045545789925],[-107.58662622774392,25.34404552776144],[-107.58663065258129,25.344049968290896],[-107.58663065258129,25.344054426848924],[-107.58663065258129,25.34515586368179],[-107.5868982199227,25.34515583717467],[-107.58690273506744,25.345155808043696],[-107.58690715990933,25.345160248524163],[-107.58690715990933,25.345164707062406],[-107.58690715990933,25.345432306668794],[-107.58856593891262,25.345432319627932],[-107.58857036378177,25.345432301503962],[-107.58857036378176,25.345436760009772],[-107.58857487895445,25.345436730810977],[-107.58857487895445,25.345441189316656],[-107.58857487895445,25.345708786968455],[-107.58911886751078,25.345708774634822],[-107.58912329238898,25.34570875648571],[-107.58912329238898,25.34571321497822],[-107.58912780757089,25.345713185753805],[-107.58912780757089,25.34571764424618],[-107.58912780757089,25.345985241099882],[-107.58912780757089,25.345989699588586],[-107.58913223244924,25.34598968143433],[-107.5893998022688,25.34598964846684],[-107.58940422715162,25.3459897177238],[-107.58940422715162,25.345994176207657],[-107.58940874233822,25.345994146967772],[-107.58940874233822,25.3459986054515],[-107.58940874233822,25.346542627434115],[-107.58967622212778,25.346542604350244],[-107.58968073731894,25.346542575090577],[-107.58968073731894,25.346547033562175],[-107.58968516220634,25.346547102798986],[-107.58968516220634,25.346551561270445],[-107.58968516220634,25.34709995280034],[-107.58995273257345,25.347100004865084],[-107.5899571574653,25.347099986661387],[-107.58996167266116,25.347099957381435],[-107.58996167266116,25.34710441584064],[-107.58996167266116,25.347108874299774],[-107.58996167266116,25.347376469158593],[-107.59022915299803,25.34737644397357],[-107.59023366819842,25.347376414678557],[-107.5902380930949,25.347376483880364],[-107.59023809309488,25.347380942331043],[-107.59024260829544,25.34738537148617],[-107.59024260829544,25.347652878408393],[-107.59051008891036,25.34765293972892],[-107.59051460411546,25.347652910418528],[-107.59051460411546,25.34765736886069],[-107.59051902901652,25.34765735062671],[-107.5905190290165,25.347661809068736],[-107.5905190290165,25.347666267510704],[-107.59051902901652,25.348486794645456],[-107.59078660020921,25.348486755985476],[-107.59079102511473,25.34848673772727],[-107.59079102511473,25.348491196153372],[-107.59079545002031,25.348491265315037],[-107.59079545002031,25.348495723741003],[-107.59079545002031,25.348763229188066],[-107.59134395826568,25.348763258371914],[-107.59134395826568,25.34876771678471],[-107.59134838318033,25.348767698501124],[-107.59135289839942,25.348772127552337],[-107.59135289839942,25.348776585964856],[-107.59135289839942,25.349044178025352],[-107.59162047041752,25.349044136921776],[-107.5916248953367,25.349044118623244],[-107.59162932025593,25.349048646148294],[-107.59162932025593,25.349053104552297],[-107.59162932025593,25.34959711680656],[-107.59189689254764,25.349597074510985],[-107.59190131747131,25.3495970561928],[-107.59190131747133,25.34960151458467],[-107.59190583269965,25.349601572607416],[-107.59190583269965,25.349606030999144],[-107.59190583269965,25.349610489390813],[-107.59190583269965,25.350154500140828],[-107.59191025762348,25.350154481812776],[-107.59217331496035,25.350154467727062],[-107.59217783019321,25.350154438310497],[-107.59218225512149,25.350154507391604],[-107.59218225512149,25.350158965771065],[-107.59218677035452,25.350158936354077],[-107.59218677035452,25.3501633947334],[-107.59218677035452,25.35043089738242],[-107.59245425289312,25.350430951472752],[-107.5924587681307,25.350430922040793],[-107.5924587681307,25.350435380411728],[-107.59246319306358,25.350435362058448],[-107.59246319306358,25.35043982042926],[-107.59246319306358,25.350707409985866],[-107.59246319306357,25.35071186835298],[-107.59273076618048,25.350711823035457],[-107.5927351911178,25.35071189208628],[-107.59273970636005,25.35071186263885],[-107.59273970636005,25.35071632100113],[-107.59273970636005,25.350720779363343],[-107.59273970636005,25.350988280985817],[-107.59328812824471,25.350988307599586],[-107.59329255319115,25.350988289206228],[-107.59329255319115,25.3509927475552],[-107.59329706844271,25.35099280550051],[-107.59329706844271,25.35099726384934],[-107.59329706844272,25.351264764668922],[-107.59439843085418,25.35126477957392],[-107.59440294612419,25.351264750054256],[-107.59440294612419,25.351269208380288],[-107.59440737108889,25.351269277359105],[-107.59440737108889,25.351273735684998],[-107.59440737108889,25.351541235128053],[-107.59523231219912,25.351541240551423],[-107.59523673717736,25.351545680384675],[-107.59524125246138,25.35154573824636],[-107.59524125246138,25.35155019655409],[-107.59524125246138,25.351554654861758],[-107.59524125246138,25.35182215321135],[-107.59578525442993,25.351822185079552],[-107.59578967941722,25.351822166579705],[-107.59579410440458,25.351822148079698],[-107.59579410440458,25.351826606374136],[-107.59579410440458,25.351831064668495],[-107.59579861969789,25.35183112250396],[-107.59579861969789,25.352098620050555],[-107.59634262278679,25.3520986487999],[-107.5963470477832,25.35209863027475],[-107.5963470477832,25.352103088555864],[-107.59635156308573,25.35210305894824],[-107.59635156308573,25.35210751722923],[-107.59635156308573,25.35237510139463],[-107.597452937929,25.352375083426143],[-107.59745736294357,25.35237515227209],[-107.59745736294357,25.352379610530257],[-107.59746187826462,25.35237958087602],[-107.59746187826462,25.35238403913405],[-107.59746187826462,25.35238849739202],[-107.59746187826462,25.35265599275977],[-107.59829567874066,25.35265602374898],[-107.59829567874066,25.352388529246404],[-107.59829567874066,25.35238407100286],[-107.5983001940757,25.352379583073454],[-107.5983046191041,25.352375106227672],[-107.59857219799679,25.352375133532135],[-107.59857219799679,25.352107551671583],[-107.59857662302964,25.35210753306394],[-107.59857662302964,25.352103074821443],[-107.59857662302964,25.352098616578882],[-107.59858104806256,25.352098685387745],[-107.59858556340235,25.352098655696107],[-107.59912957209092,25.352098671767187],[-107.59912957209092,25.35183109026037],[-107.59912957209092,25.35182663202369],[-107.59913399713287,25.351822155163596],[-107.59913851248187,25.35182221287237],[-107.59968694733197,25.351822208367633],[-107.59968694733197,25.35155462721458],[-107.59968694733197,25.35155016898379],[-107.59968694733197,25.351545710752937],[-107.59969137238303,25.35154569211374],[-107.59969137238303,25.3515412338829],[-107.59969588774133,25.351541291575476],[-107.59996337770116,25.351541240300755],[-107.59996337770116,25.35072075083223],[-107.59996337770116,25.350716292594928],[-107.59996789306399,25.350711892054477],[-107.59997231811963,25.350711873419165],[-107.60023989865972,25.350711898718533],[-107.60023989865972,25.35070744048589],[-107.60023989865972,25.350439859000538],[-107.60024432371982,25.35043538212358],[-107.60024874877998,25.350430905246565],[-107.60079727618508,25.350430974941794],[-107.60079727618508,25.35016339381034],[-107.60079727618508,25.350158935579913],[-107.60080170125427,25.35015445869302],[-107.60080621663107,25.350154428951672],[-107.60107370768704,25.35015446404883],[-107.60107370768704,25.349886970395872],[-107.60107370768704,25.349882512166484],[-107.60107822306837,25.34988248241964],[-107.60107822306837,25.34987802419026],[-107.60108264814215,25.34987800552822],[-107.60163108692738,25.349877996244345],[-107.60163108692738,25.349610502945243],[-107.60163108692738,25.349606044721757],[-107.60163108692738,25.349601586498203],[-107.601635602318,25.349601556735273],[-107.60164002740088,25.349597079833906],[-107.60218404222212,25.349597087289798],[-107.60218404222212,25.34932950692035],[-107.60218404222212,25.349325048702617],[-107.60218846731395,25.349325117425238],[-107.60218846731395,25.34932065920752],[-107.60219298271385,25.34932062942851],[-107.60219740780583,25.349320610734836],[-107.60329438130516,25.349320658129226],[-107.60329438130516,25.34905307868799],[-107.60329880641511,25.349053059958223],[-107.60329880641511,25.349048601756028],[-107.60329880641511,25.34904414355378],[-107.60330323152513,25.349044124824005],[-107.60330774694361,25.349044182423576],[-107.60357524046802,25.34904412566198],[-107.60357524046802,25.348495679497294],[-107.60357524046802,25.348491221292345],[-107.603579755891,25.348491191475585],[-107.603579755891,25.34848673327065],[-107.60358418100563,25.348486801955815],[-107.60385176511126,25.348486734068015],[-107.60385176511126,25.3482192419438],[-107.60385176511126,25.34821478373989],[-107.60385619023032,25.348214765003885],[-107.6038561902303,25.348210306799995],[-107.60386061534943,25.348210288063896],[-107.60412819972781,25.348210307260402],[-107.60412819972781,25.347942727782918],[-107.60412819972781,25.347938269580048],[-107.60413262485139,25.347938338254302],[-107.60413262485139,25.347933880051457],[-107.60413714028367,25.34793385022344],[-107.60414156540739,25.3479338314817],[-107.60607237117011,25.347933858990796],[-107.60607237117011,25.34792940082144],[-107.60607237117011,25.347666281307628],[-107.60607237117011,25.347661823134654],[-107.6060767963254,25.34766180432611],[-107.6060767963254,25.347657346153152],[-107.60608131179004,25.34765294549899],[-107.60608573694546,25.347652926690266],[-107.60718715134317,25.347652926668246],[-107.60718715134317,25.347385349914635],[-107.60718715134317,25.347380891757137],[-107.60719157651661,25.347376502169624],[-107.6071960919998,25.34737647223618],[-107.60801655654225,25.347376432737775],[-107.60801655654225,25.34710894403567],[-107.60802098172923,25.34710892516479],[-107.60802098172923,25.34710446701799],[-107.60802098172923,25.347100008871134],[-107.60802549722622,25.34709997891129],[-107.60802992241334,25.34709996004024],[-107.60829742059322,25.347099982150237],[-107.60829742059322,25.346832493515347],[-107.60829742059322,25.346828035369587],[-107.60829742059322,25.34682348980915],[-107.60830193609479,25.34682354725835],[-107.60830636128641,25.346819070236098],[-107.60857395004878,25.346819080930178],[-107.60857395004878,25.3462660961383],[-107.60830636128641,25.346266172284608],[-107.60830193609479,25.346266103736824],[-107.60830193609479,25.346261645583482],[-107.60829742059322,25.346261675539107],[-107.60829742059322,25.346257217385634],[-107.60829742059322,25.345164705722183],[-107.60829742059322,25.34516024755387],[-107.60829742059322,25.3451557893855],[-107.60830193609479,25.345155846864227],[-107.60830636128641,25.345155828016242],[-107.60857395004878,25.345155840437943],[-107.60857395004878,25.34376454079569],[-107.60830636128641,25.343764614344256],[-107.60830193609479,25.343764545752983],[-107.60829742059322,25.343764575665073],[-107.60829742059322,25.34376011747784],[-107.60829742059322,25.343755659290533],[-107.60829742059322,25.343211672572746],[-107.60802992241334,25.343211646425203],[-107.60802549722622,25.34321166522969],[-107.60802549722622,25.34320720703027],[-107.60802098172923,25.343207236922236],[-107.60802098172923,25.343202778722688],[-107.60801655654225,25.343198251911325],[-107.60801655654225,25.342654263681386],[-107.60774896832928,25.34265424741422],[-107.60774454314672,25.342654266198792],[-107.60774454314672,25.342649807986987],[-107.60774011796425,25.34264982677131],[-107.60774011796427,25.34264536855937],[-107.60774011796425,25.341543926115946],[-107.60747253002378,25.34154390807702],[-107.60746810484574,25.341543926832372],[-107.60746810484574,25.34153946860079],[-107.60746358935803,25.341539498442696],[-107.60746358935803,25.34153504021097],[-107.60746358935803,25.340710091472268],[-107.6071960919998,25.340710060862268],[-107.60719157651661,25.34071009067948],[-107.60718715134317,25.340705651162473],[-107.60718715134317,25.340701192914704],[-107.60718715134317,25.339323329218924],[-107.60718715134317,25.339318870952493],[-107.60691956394781,25.339318849365366],[-107.60691513877879,25.339318868062218],[-107.60691071360984,25.339318886758896],[-107.60691071360984,25.33931442848762],[-107.6069061981314,25.339314370852666],[-107.6069061981314,25.33930991258125],[-107.6069061981314,25.337388042328445],[-107.6069061981314,25.33738358403103],[-107.60691071360984,25.337379183402764],[-107.60691513877879,25.337379164739286],[-107.60691513877879,25.33737470644191],[-107.60691956394781,25.33737468777835],[-107.60718715134317,25.33737471138489],[-107.60718715134317,25.33710712629705],[-107.60718715134317,25.337102668000703],[-107.60719157651661,25.337098191035434],[-107.6071960919998,25.337098248698776],[-107.60774011796425,25.33709825727235],[-107.60774011796425,25.336830672535037],[-107.60774011796425,25.33682621424453],[-107.60774454314672,25.336826195559897],[-107.60774454314672,25.33682173726942],[-107.60774896832928,25.33682180600216],[-107.60829742059322,25.336821793940285],[-107.60829742059322,25.336273337511827],[-107.60829742059322,25.336268879223457],[-107.60830193609479,25.336268849442074],[-107.60830193609479,25.336264391153726],[-107.60830636128641,25.336264372457972],[-107.60857395004878,25.336264394115773],[-107.60857395004878,25.335430519182044]],[[-107.40273734223365,25.132933864893737],[-107.4027329204795,25.132933785021457],[-107.40272840848554,25.132933803563674],[-107.40219337680213,25.13293385464182],[-107.40218886481762,25.13293387316386],[-107.40218886481762,25.132938250128326],[-107.40218444307288,25.132938257775116],[-107.40218444307288,25.1329427222789],[-107.40218444307288,25.13320140078291],[-107.40218444307288,25.13320586528333],[-107.40218886481763,25.133205857631996],[-107.40218886481763,25.13321032213229],[-107.40219337680213,25.133210303605473],[-107.40272840848554,25.133210339498383],[-107.4027329204795,25.133210320951395],[-107.40273734223365,25.133210313279875],[-107.40273734223365,25.13320584878899],[-107.40274185422776,25.133205830241742],[-107.40274185422776,25.133201365750875],[-107.40274185422777,25.132942775339682],[-107.40274185422776,25.13293831084546],[-107.40273734223365,25.13293832938808],[-107.40273734223365,25.132933864893737]],[[-107.40301383737852,25.132652893972754],[-107.40300941561964,25.132652901644967],[-107.40275078797633,25.1326529070537],[-107.40274627598207,25.13265292559172],[-107.40274627598207,25.132657390089495],[-107.40274185422777,25.132657397751966],[-107.40274185422777,25.132661774710588],[-107.40274185422776,25.132666239208323],[-107.40274185422776,25.13292045286803],[-107.40274185422776,25.132924917362473],[-107.40274185422776,25.132929381856858],[-107.40274627598207,25.13292937418977],[-107.40274627598207,25.13293383868403],[-107.40275078797632,25.13293382014115],[-107.40300941561964,25.132933814453406],[-107.40301383737852,25.132933806776435],[-107.40301383737852,25.132929342286765],[-107.4030182591375,25.132929334609706],[-107.40301825913748,25.132924870120053],[-107.4030182591375,25.13292049316937],[-107.40301825913748,25.13266627977954],[-107.40301825913748,25.132661815286546],[-107.4030182591375,25.132657350793494],[-107.40301383737852,25.132657358465938],[-107.40301383737852,25.132652893972754]]]},"id":"00000000000000000000","properties":{"gid":"1"}}]}