{"type":"FeatureCollection","features":[{"type":"Feature","geometry":{"type":"Polygon","coordinates":[[[-107.4415627155942,25.51494054082608],[-107.44129078223351,25.51494053088996],[-107.44129078223351,25.51440102921413],[-107.44075567091701,25.514400986314197],[-107.44075567091701,25.514129005220106],[-107.44048364814628,25.514129003617054],[-107.44048364814628,25.515208097744356],[-107.43994411609968,25.515208068391964],[-107.43994411609968,25.515747658893275],[-107.44021613830657,25.51574766003821],[-107.44021613830657,25.51601518160098],[-107.44102318131117,25.51601523365452],[-107.44102318131117,25.515747625495255],[-107.4415627155942,25.515747648844325],[-107.4415627155942,25.51494054082608]]]},"id":"00000000000000000000","properties":{"CLASS_CLRS":"0,128,0","CLASS_ID":"3","CLASS_NAME":"BosqEncinoPino"}},{"type":"Feature","geometry":{"type":"Polygon","coordinates":[[[-107.43671127939479,25.509277451902573],[-107.43617166491974,25.509277491636805],[-107.43617166491974,25.509009960178748],[-107.43644368318216,25.509009976968198],[-107.43644368318216,25.508470367635923],[-107.43617166491974,25.50847043771201],[-107.43617166491974,25.50820281813787],[-107.43590415951384,25.508202861050894],[-107.43590415951384,25.508470393470823],[-107.43536463696503,25.508470416863492],[-107.43536463696505,25.509009941000873],[-107.43509261983152,25.50900992174852],[-107.43509261983152,25.509549532951244],[-107.43536463696503,25.509549464211663],[-107.43536463696503,25.509817083467265],[-107.43482502528482,25.509817030792796],[-107.43482502528482,25.51008902181299],[-107.43455752126457,25.510089063639317],[-107.43455752126457,25.51035659583504],[-107.43482502528482,25.51035664116288],[-107.43482502528482,25.510628631715697],[-107.43644368318216,25.51062862454703],[-107.43644368318216,25.51035663568338],[-107.43671127939479,25.510356578331127],[-107.43671127939479,25.509277451902573]]]},"id":"00000000000000000001","properties":{"CLASS_CLRS":"0,128,0","CLASS_ID":"3","CLASS_NAME":"BosqEncinoPino"}},{"type":"Feature","geometry":{"type":"Polygon","coordinates":[[[-107.44722139465178,25.50874238033883],[-107.44668184865033,25.508742368101718],[-107.44668184865033,25.508202866939353],[-107.44533515464536,25.50820282057934],[-107.44533515464536,25.510089025864314],[-107.44587469785942,25.510089041408968],[-107.44587469785942,25.5103565619851],[-107.44668184865033,25.510356582219075],[-107.44668184865033,25.509817083828814],[-107.44695378763797,25.50981708681055],[-107.44695378763797,25.509277500632038],[-107.44722139465178,25.50927750821545],[-107.44722139465178,25.50874238033883]]]},"id":"00000000000000000002","properties":{"CLASS_CLRS":"0,128,0","CLASS_ID":"3","CLASS_NAME":"BosqEncinoPino"}},{"type":"Feature","geometry":{"type":"Polygon","coordinates":[[[-107.44641424219033,25.506316648248028],[-107.44614221351054,25.50631665140382],[-107.44614221351054,25.506044668932283],[-107.44587469785942,25.50604464458072],[-107.44587469785942,25.50577712033392],[-107.4456026697427,25.505777121694766],[-107.4456026697427,25.506044646220964],[-107.44533515464536,25.506044620658283],[-107.44533515464536,25.506856198588288],[-107.4456026697427,25.506856223317385],[-107.4456026697427,25.507663339601375],[-107.44614221351054,25.507663271533904],[-107.44614221351054,25.50739129022743],[-107.44641424219033,25.50739128594929],[-107.44641424219033,25.506316648248028]]]},"id":"00000000000000000005","properties":{"CLASS_CLRS":"0,128,0","CLASS_ID":"3","CLASS_NAME":"BosqEncinoPino"}},{"type":"Feature","geometry":{"type":"Polygon","coordinates":[[[-107.43779033119958,25.50685623418596],[-107.43751831152869,25.506856218221962],[-107.43751831152869,25.50658422721408],[-107.43644368318216,25.50658417569339],[-107.43644368318216,25.506856167822892],[-107.43617166491974,25.50685623621453],[-107.43617166491974,25.50739130257024],[-107.43644368318216,25.507391321049226],[-107.43644368318216,25.50766331248027],[-107.43751831152869,25.507663272122375],[-107.43751831152869,25.50739128181287],[-107.43779033119958,25.507391297218327],[-107.43779033119958,25.50685623418596]]]},"id":"00000000000000000006","properties":{"CLASS_CLRS":"0,128,0","CLASS_ID":"3","CLASS_NAME":"BosqEncinoPino"}},{"type":"Feature","geometry":{"type":"Polygon","coordinates":[[[-107.40679961271711,25.501465115780736],[-107.40544852347811,25.501465144677],[-107.40544852347811,25.501732714066573],[-107.40490897412116,25.501732684117812],[-107.40490897412116,25.50200471332617],[-107.40464141075914,25.50200469072537],[-107.40464141075914,25.502544289503923],[-107.40490897412116,25.50254422411085],[-107.40490897412116,25.50281179313576],[-107.40544852347811,25.502811820854472],[-107.40544852347811,25.5030793016583],[-107.40626006053577,25.503079330797856],[-107.40626006053579,25.502811763385086],[-107.40652762557589,25.50281178152607],[-107.40652762557589,25.502004706720037],[-107.40679961271711,25.50200471102415],[-107.40679961271711,25.501465115780736]]]},"id":"00000000000000000007","properties":{"CLASS_CLRS":"0,128,0","CLASS_ID":"3","CLASS_NAME":"BosqEncinoPino"}},{"type":"Feature","geometry":{"type":"Polygon","coordinates":[[[-107.39413130843103,25.50173269036308],[-107.39332423115708,25.50173273581332],[-107.39332423115708,25.502004689642405],[-107.39305216799981,25.502004665582465],[-107.3930521679998,25.50307936297372],[-107.3938637562591,25.503079378062253],[-107.3938637562591,25.502811797949683],[-107.39413130843103,25.502811756466173],[-107.39413130843103,25.50173269036308]]]},"id":"00000000000000000008","properties":{"CLASS_CLRS":"0,128,0","CLASS_ID":"3","CLASS_NAME":"BosqEncinoPino"}},{"type":"Feature","geometry":{"type":"Polygon","coordinates":[[[-107.42620113763415,25.499846503513403],[-107.4248545497056,25.49984653231455],[-107.4248545497056,25.50011845492554],[-107.42458254358331,25.50011848984513],[-107.42458254358331,25.500653591447158],[-107.42431495986949,25.500653611614872],[-107.42431495986949,25.501193172029662],[-107.4248545497056,25.501193115268006],[-107.4248545497056,25.50146512415051],[-107.42566163524408,25.501465139403145],[-107.42566163524408,25.501193131362484],[-107.42593364249821,25.50119318029441],[-107.42593364249821,25.500925631451807],[-107.42620113763415,25.500925618379476],[-107.42620113763415,25.499846503513403]]]},"id":"00000000000000000009","properties":{"CLASS_CLRS":"0,128,0","CLASS_ID":"3","CLASS_NAME":"BosqEncinoPino"}},{"type":"Feature","geometry":{"type":"Polygon","coordinates":[[[-107.39089841250315,25.496881168968006],[-107.39062644214718,25.496881210504558],[-107.39062644214718,25.49661362180859],[-107.39008692383514,25.496613689110628],[-107.39008692383514,25.496881190911562],[-107.38981937586983,25.49688121724934],[-107.38981937586983,25.49769272918239],[-107.39062644214718,25.497692719931358],[-107.39062644214718,25.4974207595697],[-107.39089841250315,25.49742071747167],[-107.39089841250315,25.496881168968006]]]},"id":"0000000000000000000a","properties":{"CLASS_CLRS":"0,128,0","CLASS_ID":"3","CLASS_NAME":"BosqEncinoPino"}},{"type":"Feature","geometry":{"type":"Polygon","coordinates":[[[-107.41569106073254,25.495806573143835],[-107.41488391601737,25.495806571325122],[-107.41488391601737,25.495534547159405],[-107.41434443719939,25.495534536097807],[-107.41434443719939,25.495806560825944],[-107.4140724421163,25.49580656727383],[-107.4140724421163,25.496074132630095],[-107.4135328747473,25.49607413000969],[-107.4135328747473,25.496341608252354],[-107.4132653024522,25.496341686639244],[-107.4132653024522,25.496613624356023],[-107.41434443719939,25.496613627345777],[-107.41434443719939,25.496881191738044],[-107.41541906423348,25.4968812091497],[-107.41541906423348,25.49661364585939],[-107.41569106073254,25.496613635498495],[-107.41569106073254,25.495806573143835]]]},"id":"0000000000000000000b","properties":{"CLASS_CLRS":"0,128,0","CLASS_ID":"3","CLASS_NAME":"BosqEncinoPino"}},{"type":"Feature","geometry":{"type":"Polygon","coordinates":[[[-107.40760673218455,25.49472745854362],[-107.40733474419307,25.49472744849855],[-107.40733474419307,25.494187929338306],[-107.40679961271711,25.494187878399938],[-107.40679961271711,25.4944554525858],[-107.40626006053577,25.494455413710597],[-107.40626006053577,25.494995022076747],[-107.40598807396307,25.49499500923888],[-107.40598807396307,25.49526695569933],[-107.40544852347811,25.495267002272147],[-107.40544852347811,25.495806523484013],[-107.40518095955666,25.495806583184347],[-107.40518095955666,25.496074070212803],[-107.40490897412116,25.496074056037802],[-107.40490897412116,25.49661366442577],[-107.40626006053577,25.496613666749358],[-107.40626006053577,25.4963416342919],[-107.40652762557589,25.496341659064363],[-107.40652762557589,25.49607408620059],[-107.40679961271711,25.496074096683525],[-107.40679961271711,25.495534578721756],[-107.40733474419307,25.495534539457285],[-107.40733474419307,25.49526696673566],[-107.40760673218455,25.495266976218577],[-107.40760673218455,25.49472745854362]]]},"id":"0000000000000000000c","properties":{"CLASS_CLRS":"0,128,0","CLASS_ID":"3","CLASS_NAME":"BosqEncinoPino"}},{"type":"Feature","geometry":{"type":"Polygon","coordinates":[[[-107.38955182818295,25.493380783218814],[-107.38927976901621,25.49338082902092],[-107.38927976901621,25.49284127026045],[-107.38901222189091,25.49284129065179],[-107.38901222189091,25.49256923697565],[-107.38874025353024,25.492569269724065],[-107.38874025353024,25.49230167543691],[-107.38847270696654,25.49230169406566],[-107.38847270696654,25.492029726811843],[-107.38820073917677,25.492029670319287],[-107.38820073917677,25.492301725305506],[-107.38793319317469,25.492301655274698],[-107.38793319317469,25.492569250388232],[-107.38766113572127,25.492569204204287],[-107.38766113572127,25.493108766771957],[-107.3879331931747,25.49310881239416],[-107.38793319317469,25.493380779279043],[-107.38820073917675,25.493380760755866],[-107.38820073917677,25.49364835467995],[-107.38874025353024,25.49364838948036],[-107.38874025353024,25.493920355060066],[-107.38955182818295,25.49392034049456],[-107.38955182818295,25.493380783218814]]]},"id":"0000000000000000000d","properties":{"CLASS_CLRS":"0,128,0","CLASS_ID":"3","CLASS_NAME":"BosqEncinoPino"}},{"type":"Feature","geometry":{"type":"Polygon","coordinates":[[[-107.47282547817943,25.48475688842881],[-107.47255351229055,25.484756918282315],[-107.47255351229055,25.48448485739983],[-107.47228596962016,25.48448487015637],[-107.47228596962016,25.484217354774984],[-107.47201400429053,25.484217382833695],[-107.47201400429053,25.484484898494863],[-107.47147440713627,25.484484860760166],[-107.47147440713627,25.485024438531887],[-107.47120686556643,25.485024449422344],[-107.47120686556643,25.485831542181803],[-107.47174637190649,25.485831589367912],[-107.47174637190649,25.485563987146964],[-107.47282547817943,25.485563976846727],[-107.47282547817943,25.48475688842881]]]},"id":"00000000000000000011","properties":{"CLASS_CLRS":"0,128,0","CLASS_ID":"3","CLASS_NAME":"BosqEncinoPino"}},{"type":"Feature","geometry":{"type":"Polygon","coordinates":[[[-107.42027055366854,25.483405759839563],[-107.4200029744071,25.483405752636173],[-107.42000297440711,25.483138270069944],[-107.41946348491892,25.48313825653006],[-107.41946348491892,25.483405827090877],[-107.41892390630909,25.48340582266119],[-107.41892390630909,25.484217366215557],[-107.41838432882368,25.484217361023703],[-107.41838432882366,25.4834058157906],[-107.41784484270796,25.483405795483005],[-107.41784484270796,25.48367782700923],[-107.41757726595327,25.48367781464323],[-107.41757726595327,25.484217330581963],[-107.41730968947518,25.4842173181691],[-107.41730968947518,25.48475692118259],[-107.41757726595327,25.484756933041954],[-107.41757726595327,25.48502441672673],[-107.41784484270796,25.485024427711426],[-107.41784484270796,25.48529645784541],[-107.41838432882368,25.485296474242773],[-107.41838432882368,25.485563956643578],[-107.41919590649137,25.485564039656182],[-107.41919590649137,25.485296470646773],[-107.41973097337716,25.48529649519312],[-107.41973097337716,25.485024467026143],[-107.42000297440711,25.48502445891364],[-107.4200029744071,25.484756890275534],[-107.42027055366854,25.484756896092772],[-107.42027055366854,25.483405759839563]]]},"id":"00000000000000000012","properties":{"CLASS_CLRS":"0,128,0","CLASS_ID":"3","CLASS_NAME":"BosqEncinoPino"}},{"type":"Feature","geometry":{"type":"Polygon","coordinates":[[[-107.39628509098578,25.478826290908568],[-107.39601753657534,25.478826312659834],[-107.39601753657534,25.478558714191493],[-107.3949383882359,25.4785587440855],[-107.3949383882359,25.478826256208578],[-107.39467083522501,25.47882627493995],[-107.39467083522501,25.479093874561865],[-107.3943988608811,25.47909381873414],[-107.3943988608811,25.479633390395012],[-107.39413130843103,25.479633408743194],[-107.39413130843103,25.48017298003714],[-107.3938637562591,25.480172910887187],[-107.3938637562591,25.48098454064757],[-107.39413130843103,25.480984521515587],[-107.39413130843103,25.481252032415473],[-107.39467083522501,25.481252065989864],[-107.39467083522501,25.48098446819222],[-107.39547791672153,25.480984477727578],[-107.39547791672152,25.4804449105984],[-107.39574998244292,25.480444951579685],[-107.39574998244292,25.47990538409286],[-107.39601753657534,25.479905361836302],[-107.39601753657534,25.479633391768882],[-107.39628509098578,25.47963336919093],[-107.39628509098578,25.478826290908568]]]},"id":"00000000000000000014","properties":{"CLASS_CLRS":"0,128,0","CLASS_ID":"3","CLASS_NAME":"BosqEncinoPino"}},{"type":"Feature","geometry":{"type":"Polygon","coordinates":[[[-107.39116596159118,25.475321466132808],[-107.39089841250315,25.475321472816038],[-107.39089841250315,25.47505386614363],[-107.38981937586983,25.47505391174187],[-107.38981937586983,25.475593412288195],[-107.38955182818295,25.475593416230662],[-107.38955182818295,25.47586102382676],[-107.38927976901621,25.475860963936878],[-107.38927976901621,25.476672531534827],[-107.39116596159118,25.47667252518245],[-107.39116596159118,25.475321466132808]]]},"id":"00000000000000000017","properties":{"CLASS_CLRS":"0,128,0","CLASS_ID":"3","CLASS_NAME":"BosqEncinoPino"}},{"type":"Feature","geometry":{"type":"Polygon","coordinates":[[[-107.40032948272004,25.465890417634814],[-107.40006192410922,25.46589043520129],[-107.40006192410922,25.465622917419747],[-107.39978994407247,25.46562285984918],[-107.39978994407247,25.46535088146625],[-107.39952238602176,25.465350897270408],[-107.39952238602176,25.46508337848204],[-107.39925031631576,25.465083330096885],[-107.39925031631576,25.465622915562083],[-107.39898275882531,25.4656229304353],[-107.39898275882531,25.465890449322465],[-107.39871077992755,25.465890477024278],[-107.39871077992755,25.466162456069554],[-107.39844322299737,25.466162470286104],[-107.39844322299737,25.46642998927191],[-107.39817566634504,25.466430003162774],[-107.39817566634504,25.466697522197478],[-107.3979036882993,25.466697548900676],[-107.3979036882993,25.467237134407995],[-107.39763613220734,25.467237060463223],[-107.39763613220734,25.46777664560716],[-107.40006192410922,25.467776608448172],[-107.40006192410922,25.467237115769038],[-107.40032948272004,25.46723709682266],[-107.40032948272004,25.465890417634814]]]},"id":"0000000000000000001c","properties":{"CLASS_CLRS":"0,128,0","CLASS_ID":"3","CLASS_NAME":"BosqEncinoPino"}},{"type":"Feature","geometry":{"type":"Polygon","coordinates":[[[-107.42188921103991,25.45969231720008],[-107.42162163010657,25.45969228929439],[-107.42162163010657,25.459424788405258],[-107.42081013508398,25.45942471699946],[-107.42081013508398,25.459692306168527],[-107.4200029744071,25.459692314678687],[-107.4200029744071,25.45995981700358],[-107.41973097337716,25.459959798975166],[-107.41973097337716,25.460231848630542],[-107.42000297440711,25.46023186637518],[-107.42000297440711,25.46077141715743],[-107.42027055366854,25.460771360137457],[-107.42027055366854,25.461038948728568],[-107.42081013508398,25.46103890589757],[-107.42081013508398,25.460771405307216],[-107.42134962737697,25.46077137158204],[-107.42134962737697,25.460499411523283],[-107.42162163010657,25.460499425299897],[-107.42162163010657,25.460231837641775],[-107.4218892110399,25.46023186499374],[-107.42188921103991,25.45969231720008]]]},"id":"0000000000000000001e","properties":{"CLASS_CLRS":"0,128,0","CLASS_ID":"3","CLASS_NAME":"BosqEncinoPino"}},{"type":"Feature","geometry":{"type":"Polygon","coordinates":[[[-107.38874025353024,25.457806090333122],[-107.38847270696654,25.457806073642104],[-107.38847270696654,25.457538537193386],[-107.38712604511933,25.457538566969234],[-107.38712604511933,25.457806104796845],[-107.38658653415501,25.457806076149353],[-107.38658653415501,25.458073614304684],[-107.38631447812756,25.458073616590376],[-107.38631447812756,25.458345615225436],[-107.38577496886768,25.458345671483865],[-107.38577496886768,25.458613210016864],[-107.38550742539178,25.458613187506877],[-107.38550742539178,25.459152724874833],[-107.38577496886768,25.459152746832384],[-107.38577496886768,25.459424745107317],[-107.38631447812756,25.459424774080226],[-107.38631447812756,25.459692311154228],[-107.38658653415501,25.45969230718325],[-107.38658653415501,25.45995984375389],[-107.38685407875487,25.45995986246658],[-107.38685407875487,25.45969232616988],[-107.38847270696654,25.45969229105981],[-107.38847270696654,25.459424756195617],[-107.38874025353024,25.459424771228985],[-107.38874025353024,25.457806090333122]]]},"id":"00000000000000000020","properties":{"CLASS_CLRS":"0,128,0","CLASS_ID":"3","CLASS_NAME":"BosqEncinoPino"}},{"type":"Feature","geometry":{"type":"Polygon","coordinates":[[[-107.41730968947518,25.451607975340593],[-107.41703769127473,25.451607942463603],[-107.41703769127473,25.451335970090724],[-107.4164981177211,25.45133597579518],[-107.4164981177211,25.451068375188704],[-107.41595863553704,25.45106836691628],[-107.41595863553704,25.449721700027332],[-107.41515148998705,25.449721732326775],[-107.41515148998705,25.44998924799155],[-107.41488391601737,25.449989282477553],[-107.41488391601739,25.4502612582435],[-107.41434443719939,25.450261328459785],[-107.41434443719939,25.4505288445002],[-107.41407244211631,25.45052880374176],[-107.41407244211631,25.45080086734635],[-107.41434443719939,25.450800820369057],[-107.41434443719939,25.451068423409378],[-107.41461192036697,25.45106840000921],[-107.41461192036697,25.451335915099047],[-107.41488391601737,25.451335953786657],[-107.41488391601737,25.451607928405384],[-107.41515148998705,25.451607979710634],[-107.41515148998705,25.452147467674873],[-107.41541906423348,25.452147517826813],[-107.41541906423348,25.452415031184398],[-107.41569106073254,25.452415066907594],[-107.41569106073254,25.452687039765124],[-107.4164981177211,25.45268709307827],[-107.4164981177211,25.45241503361149],[-107.41703769127471,25.452415025674696],[-107.41703769127473,25.45187545461331],[-107.41730968947518,25.451875487211286],[-107.41730968947518,25.451607975340593]]]},"id":"00000000000000000023","properties":{"CLASS_CLRS":"0,128,0","CLASS_ID":"3","CLASS_NAME":"BosqEncinoPino"}},{"type":"Feature","geometry":{"type":"Polygon","coordinates":[[[-107.41623063260333,25.444063126676216],[-107.41595863553704,25.444063170924753],[-107.41595863553704,25.4437911035516],[-107.41541906423348,25.44379117622432],[-107.41541906423348,25.44406315670677],[-107.41515148998705,25.444063185713603],[-107.41515148998705,25.44460268641748],[-107.41488391601737,25.444602715378213],[-107.41488391601737,25.44513775560308],[-107.41461192036697,25.445137797904795],[-107.41461192036697,25.44540977808372],[-107.41488391601737,25.445409822951735],[-107.41488391601737,25.445677342500836],[-107.41595863553704,25.445677292653833],[-107.41595863553704,25.445409774207004],[-107.41623063260333,25.445409816007142],[-107.41623063260333,25.444063126676216]]]},"id":"00000000000000000026","properties":{"CLASS_CLRS":"0,128,0","CLASS_ID":"3","CLASS_NAME":"BosqEncinoPino"}},{"type":"Feature","geometry":{"type":"Polygon","coordinates":[[[-107.39763613220734,25.43867211205847],[-107.39655706732233,25.43867206824842],[-107.39655706732233,25.438404524055233],[-107.39574998244292,25.438404565142324],[-107.39574998244292,25.43867211016245],[-107.39547791672153,25.438672113117548],[-107.39547791672152,25.43921166358153],[-107.39574998244292,25.439211660064263],[-107.39574998244292,25.43975120905706],[-107.39601753657534,25.439751227937943],[-107.39601753657534,25.440290775468714],[-107.39628509098578,25.440290705736405],[-107.39628509098578,25.440558248632417],[-107.39682462229337,25.440558269086985],[-107.39682462229337,25.44029072674381],[-107.39736415473125,25.440290745313952],[-107.39736415473125,25.440018742806938],[-107.39763613220734,25.440018745120415],[-107.39763613220734,25.43867211205847]]]},"id":"00000000000000000027","properties":{"CLASS_CLRS":"0,128,0","CLASS_ID":"3","CLASS_NAME":"BosqEncinoPino"}},{"type":"Feature","geometry":{"type":"Polygon","coordinates":[[[-107.49060839775626,25.435978822084806],[-107.4903408367153,25.435978825380232],[-107.4903408367153,25.43570682890117],[-107.49007327594599,25.43570683131666],[-107.49007327594599,25.43543920586487],[-107.48953373199556,25.43543922434356],[-107.48953373199556,25.435167226561564],[-107.48926174882355,25.4351672425957],[-107.48926174882354,25.43543924066261],[-107.48899418914998,25.43543924038397],[-107.48899418914998,25.435706779516945],[-107.48872220653496,25.435706794887103],[-107.48872220653496,25.436246332025142],[-107.48845464740937,25.436246331368974],[-107.48845464740937,25.43651387038484],[-107.48818266535142,25.43651388537121],[-107.48818266535142,25.43705342227289],[-107.48845464740937,25.43705340672141],[-107.48845464740937,25.437325404034596],[-107.48872220653494,25.437325403578857],[-107.48872220653496,25.437593028849605],[-107.48926174882354,25.437593009563038],[-107.48926174882354,25.437865005573105],[-107.48953373199556,25.437864986713183],[-107.48953373199556,25.43840451853446],[-107.48980129221704,25.438404514548253],[-107.48980129221704,25.43813251956104],[-107.4903408367153,25.43813258170645],[-107.4903408367153,25.437864958554357],[-107.49060839775626,25.437864953315216],[-107.49060839775626,25.435978822084806]]]},"id":"00000000000000000028","properties":{"CLASS_CLRS":"0,128,0","CLASS_ID":"3","CLASS_NAME":"BosqEncinoPino"}},{"type":"Feature","geometry":{"type":"Polygon","coordinates":[[[-107.49141992902557,25.432741483519415],[-107.49060839775626,25.432741519038437],[-107.49060839775626,25.432473979097445],[-107.49007327594599,25.43247397786482],[-107.49007327594599,25.43274151835725],[-107.48980129221704,25.432741445647963],[-107.48980129221704,25.433013532636622],[-107.48953373199556,25.43301353106745],[-107.48953373199556,25.434092610119137],[-107.49007327594599,25.434092594438724],[-107.49007327594599,25.434360133582395],[-107.49114794390688,25.434360109834557],[-107.49114794390688,25.4340925717983],[-107.49141992902557,25.434092640023703],[-107.49141992902557,25.432741483519415]]]},"id":"0000000000000000002a","properties":{"CLASS_CLRS":"0,128,0","CLASS_ID":"3","CLASS_NAME":"BosqEncinoPino"}},{"type":"Feature","geometry":{"type":"Polygon","coordinates":[[[-107.48872220653496,25.423042930898387],[-107.4879151067739,25.423042902041058],[-107.4879151067739,25.423310452604003],[-107.48737556724369,25.423310523562357],[-107.48737556724369,25.423578074458895],[-107.48710800948612,25.42357805773112],[-107.48710800948612,25.424117618585488],[-107.4868360288189,25.424117617520416],[-107.4868360288189,25.424657090600803],[-107.48737556724369,25.42465710671665],[-107.48737556724369,25.42438955671689],[-107.48845464740937,25.424389582747697],[-107.48845464740937,25.42411757448379],[-107.48872220653494,25.42411758763855],[-107.48872220653496,25.423042930898387]]]},"id":"0000000000000000002d","properties":{"CLASS_CLRS":"0,128,0","CLASS_ID":"3","CLASS_NAME":"BosqEncinoPino"}},{"type":"Feature","geometry":{"type":"Polygon","coordinates":[[[-107.383888725632,25.422503431873256],[-107.38362118412144,25.42250336816],[-107.38362118412144,25.4222314237352],[-107.38334922146863,25.42223137099328],[-107.38334922146863,25.422503403171312],[-107.38254208782044,25.422503404326932],[-107.38254208782044,25.42304292122116],[-107.38227454771351,25.4230429425157],[-107.38227454771351,25.4235779980781],[-107.38254208782044,25.423578063705843],[-107.38254208782044,25.42411757879759],[-107.38281413985094,25.424117620460237],[-107.38281413985094,25.424389564130387],[-107.38308168052035,25.42438962771885],[-107.38308168052035,25.4246571099299],[-107.38334922146863,25.424657172645325],[-107.38334922146863,25.42438960323861],[-107.38362118412144,25.42438956626419],[-107.38362118412144,25.423850053856874],[-107.383888725632,25.423850028721304],[-107.383888725632,25.422503431873256]]]},"id":"0000000000000000002e","properties":{"CLASS_CLRS":"0,128,0","CLASS_ID":"3","CLASS_NAME":"BosqEncinoPino"}},{"type":"Feature","geometry":{"type":"Polygon","coordinates":[[[-107.38173495671066,25.41926609472942],[-107.38146299605668,25.41926612207953],[-107.38146299605668,25.418998546258674],[-107.38119545707484,25.418998560996954],[-107.38119545707484,25.418730984679843],[-107.38038833020126,25.418730959637394],[-107.38038833020126,25.418459008661177],[-107.38011637097483,25.418458944635102],[-107.38011637097483,25.41873098336661],[-107.37984883339743,25.418730994816748],[-107.37984883339743,25.418998572512734],[-107.37957678451131,25.418998518769353],[-107.37957678451131,25.419266096521625],[-107.37930924749679,25.419266107311778],[-107.37930924749679,25.41980563630728],[-107.37984883339743,25.41980559039582],[-107.37984883339743,25.420077628268242],[-107.38038833020126,25.42007767778072],[-107.38038833020126,25.42034516633355],[-107.38146299605668,25.420345170273094],[-107.38146299605668,25.419805646628333],[-107.38173495671066,25.419805618716733],[-107.38173495671066,25.41926609472942]]]},"id":"00000000000000000030","properties":{"CLASS_CLRS":"0,128,0","CLASS_ID":"3","CLASS_NAME":"BosqEncinoPino"}},{"type":"Feature","geometry":{"type":"Polygon","coordinates":[[[-107.37796263372354,25.411721306729437],[-107.37769058683867,25.411721328590932],[-107.37769058683867,25.411181695248327],[-107.37661593679316,25.411181707184863],[-107.37661593679316,25.411721255271033],[-107.37688347099702,25.411721258232195],[-107.37688347099702,25.412260804864005],[-107.37715100548014,25.412260806674144],[-107.37715100548014,25.41253285372296],[-107.37769058683867,25.41253283256877],[-107.37769058683867,25.412800417619664],[-107.37796263372354,25.412800394634967],[-107.37796263372354,25.411721306729437]]]},"id":"00000000000000000033","properties":{"CLASS_CLRS":"0,128,0","CLASS_ID":"3","CLASS_NAME":"BosqEncinoPino"}},{"type":"Feature","geometry":{"type":"Polygon","coordinates":[[[-107.37850212655908,25.40714178833016],[-107.378230169333,25.407141795708192],[-107.378230169333,25.406869745240755],[-107.37742305179235,25.40686975101675],[-107.37742305179235,25.4071418023244],[-107.37688347099702,25.407141811141095],[-107.37688347099702,25.407681365424907],[-107.37661593679316,25.407681358328322],[-107.37661593679316,25.40822091226341],[-107.37688347099702,25.408220918807668],[-107.37688347099702,25.408756010012695],[-107.37715100548014,25.408756015410532],[-107.37715100548014,25.409027977937114],[-107.37742305179235,25.40902796010687],[-107.37742305179235,25.408755997863366],[-107.37769058683867,25.408756002053796],[-107.37769058683867,25.40848841365043],[-107.37796263372354,25.40848839515407],[-107.37796263372354,25.408220894283357],[-107.37850212655908,25.408220889313167],[-107.37850212655908,25.40714178833016]]]},"id":"00000000000000000034","properties":{"CLASS_CLRS":"0,128,0","CLASS_ID":"3","CLASS_NAME":"BosqEncinoPino"}},{"type":"Feature","geometry":{"type":"Polygon","coordinates":[[[-107.43213176694611,25.403097357779092],[-107.43185975319662,25.403097395480454],[-107.43185975319662,25.402829857945417],[-107.4315922522291,25.4028298704646],[-107.4315922522291,25.402557784547653],[-107.43132023904462,25.402557820457993],[-107.43132023904462,25.402290281922898],[-107.43051313590766,25.402290260154835],[-107.43051313590766,25.402557799518892],[-107.42997353430388,25.402557852571235],[-107.42997353430387,25.402829852719055],[-107.42970603527932,25.402829861017395],[-107.42970603527932,25.403636940039128],[-107.42997353430388,25.403636930912068],[-107.42997353430388,25.404444007092362],[-107.4302455460777,25.40444405973626],[-107.4302455460777,25.40525559347317],[-107.4315922522291,25.405255544349178],[-107.4315922522291,25.404983547930396],[-107.43185975319662,25.404983620658193],[-107.43185975319662,25.404715997223878],[-107.43213176694611,25.404716045291018],[-107.43213176694611,25.403097357779092]]]},"id":"00000000000000000035","properties":{"CLASS_CLRS":"0,128,0","CLASS_ID":"3","CLASS_NAME":"BosqEncinoPino"}},{"type":"Feature","geometry":{"type":"Polygon","coordinates":[[[-107.37337865972235,25.40040409204811],[-107.37311112917874,25.400404069660794],[-107.37311112917874,25.400132095677485],[-107.37283908744544,25.400132094438952],[-107.37283908744544,25.399864493932675],[-107.37176445775317,25.399864503215476],[-107.37176445775317,25.400132104821836],[-107.37149241745091,25.400132100519944],[-107.37149241745091,25.40067167762624],[-107.37176445775317,25.40067159388671],[-107.37176445775317,25.400943656297727],[-107.3720319868896,25.4009436811455],[-107.3720319868896,25.40121119410627],[-107.37257155746558,25.401211219424624],[-107.37257155746558,25.40148319306268],[-107.37283908744544,25.401483215552613],[-107.37283908744544,25.401750727241502],[-107.37311112917872,25.401750726795505],[-107.37311112917874,25.40148321538502],[-107.37337865972235,25.401483149188635],[-107.37337865972235,25.40040409204811]]]},"id":"00000000000000000036","properties":{"CLASS_CLRS":"0,128,0","CLASS_ID":"3","CLASS_NAME":"BosqEncinoPino"}},{"type":"Feature","geometry":{"type":"Polygon","coordinates":[[[-107.3720319868896,25.394205920828583],[-107.37122488887843,25.39420593314662],[-107.37122488887843,25.393933951998633],[-107.3706853211412,25.393933905583282],[-107.3706853211412,25.394205974774692],[-107.37041779341241,25.39420594001873],[-107.37041779341241,25.39447346019453],[-107.37014575454162,25.394473446940953],[-107.37014575454162,25.394745516241272],[-107.36987822737697,25.394745480830597],[-107.36987822737697,25.395013001113433],[-107.37014575454162,25.39501303625032],[-107.37014575454162,25.395285017615983],[-107.37041779341241,25.39528503002502],[-107.37041779341241,25.39555254931054],[-107.37095284914966,25.395552615467675],[-107.37095284914966,25.395820133984863],[-107.37149241745091,25.395820175299885],[-107.37149241745091,25.395552569853507],[-107.37176445775317,25.395552578921166],[-107.37176445775317,25.39528506101375],[-107.3720319868896,25.39528500417176],[-107.3720319868896,25.394205920828583]]]},"id":"00000000000000000039","properties":{"CLASS_CLRS":"0,128,0","CLASS_ID":"3","CLASS_NAME":"BosqEncinoPino"}},{"type":"Feature","geometry":{"type":"Polygon","coordinates":[[[-107.45126576882184,25.39070111972989],[-107.45099373508219,25.390701100556655],[-107.4509937350822,25.390433572459745],[-107.45045418127766,25.390433506916704],[-107.45045418127766,25.390701123024712],[-107.44991462858873,25.39070105560166],[-107.44991462858873,25.39204770630091],[-107.45072621445487,25.392047702467842],[-107.45072621445487,25.391780175204826],[-107.45126576882184,25.39178014927137],[-107.45126576882184,25.39070111972989]]]},"id":"0000000000000000003a","properties":{"CLASS_CLRS":"0,128,0","CLASS_ID":"3","CLASS_NAME":"BosqEncinoPino"}},{"type":"Feature","geometry":{"type":"Polygon","coordinates":[[[-107.39089841250315,25.386121621605437],[-107.38981937586983,25.386121562192237],[-107.38981937586983,25.3858495936307],[-107.38955182818295,25.385849593113356],[-107.38955182818295,25.386121561953576],[-107.38927976901621,25.386121583519955],[-107.38927976901621,25.386389091043252],[-107.38901222189091,25.386389177349837],[-107.38901222189091,25.386928653654127],[-107.38927976901621,25.386928654272676],[-107.38927976901621,25.387468216606493],[-107.38955182818295,25.387468193637112],[-107.38955182818295,25.387735787250936],[-107.39035889362046,25.387735769684653],[-107.39035889362047,25.387468264375176],[-107.39089841250315,25.387468246343698],[-107.39089841250315,25.386121621605437]]]},"id":"0000000000000000003c","properties":{"CLASS_CLRS":"0,128,0","CLASS_ID":"3","CLASS_NAME":"BosqEncinoPino"}},{"type":"Feature","geometry":{"type":"Polygon","coordinates":[[[-107.46554829894883,25.38531002465195],[-107.46527625034798,25.38531003233447],[-107.46527625034798,25.38477490898511],[-107.46473666706473,25.38477498360608],[-107.46473666706473,25.38450291721293],[-107.46420159795468,25.38450296363937],[-107.46420159795468,25.38477494313935],[-107.46366210714694,25.38477491445994],[-107.46366210714694,25.38531004113233],[-107.4631225271901,25.385310022127182],[-107.4631225271901,25.385849609146394],[-107.46285048110967,25.38584961187461],[-107.46285048110967,25.38638911111053],[-107.46366210714694,25.386389124582966],[-107.46366210714694,25.386928708692604],[-107.46392964101403,25.3869286407629],[-107.46392964101403,25.38719624588899],[-107.46420159795468,25.387196250295332],[-107.46420159795468,25.387468227544066],[-107.46446913237304,25.387468245304575],[-107.46446913237303,25.38719626833578],[-107.46473666706473,25.387196198325235],[-107.46473666706473,25.386928681482345],[-107.46500871510506,25.386928673333383],[-107.46500871510506,25.386661156550478],[-107.46527625034798,25.386661173335703],[-107.465276250348,25.38638910908426],[-107.46554829894883,25.386389100272353],[-107.46554829894883,25.38531002465195]]]},"id":"0000000000000000003d","properties":{"CLASS_CLRS":"0,128,0","CLASS_ID":"3","CLASS_NAME":"BosqEncinoPino"}},{"type":"Feature","geometry":{"type":"Polygon","coordinates":[[[-107.36583386429054,25.384235368583102],[-107.36556634163664,25.384235400260017],[-107.36556634163664,25.3831562535161],[-107.36529430792666,25.383156304940933],[-107.36529430792666,25.382884308371484],[-107.36448723117758,25.382884240283378],[-107.36448723117758,25.383156237692383],[-107.36368006675156,25.38315626341322],[-107.36368006675154,25.38531001957745],[-107.36394767765695,25.38531006757811],[-107.36394767765695,25.38558206351958],[-107.36448723117758,25.3855820700758],[-107.36448723117758,25.385849603425],[-107.36475475270187,25.385849572509493],[-107.36475475270187,25.385582039433956],[-107.36529430792666,25.38558204235062],[-107.36529430792666,25.385310047809806],[-107.36583386429054,25.385310048854507],[-107.36583386429054,25.384235368583102]]]},"id":"00000000000000000040","properties":{"CLASS_CLRS":"0,128,0","CLASS_ID":"3","CLASS_NAME":"BosqEncinoPino"}},{"type":"Feature","geometry":{"type":"Polygon","coordinates":[[[-107.47147440713627,25.37830476968101],[-107.47120686556643,25.37830475816002],[-107.47120686556643,25.37803724067482],[-107.47093932426948,25.378037228279812],[-107.47093932426948,25.378304746040484],[-107.47039972932615,25.37830474532732],[-107.47039972932615,25.378576810967527],[-107.4698602257563,25.378576797384262],[-107.4698602257563,25.37884431581336],[-107.46958817267898,25.378844326537084],[-107.46958817267898,25.379111845026788],[-107.47120686556643,25.379111856820693],[-107.47120686556643,25.3788443399976],[-107.47147440713627,25.378844350962943],[-107.47147440713627,25.37830476968101]]]},"id":"00000000000000000042","properties":{"CLASS_CLRS":"0,128,0","CLASS_ID":"3","CLASS_NAME":"BosqEncinoPino"}},{"type":"Feature","geometry":{"type":"Polygon","coordinates":[[[-107.36718050449814,25.375879012324425],[-107.36691298043499,25.37587903846244],[-107.36691298043499,25.375339498215652],[-107.3666409452919,25.375339457081484],[-107.3666409452919,25.375071917299813],[-107.36556634163664,25.37507194396911],[-107.36556634163664,25.375339484850368],[-107.36475475270187,25.375339504092],[-107.36475475270187,25.376686133206537],[-107.36529430792666,25.376686154479565],[-107.36529430792666,25.37695815622614],[-107.36556634163664,25.376958111248793],[-107.36556634163664,25.377225650582112],[-107.36610580834777,25.377225678008788],[-107.36610580834777,25.37749767846089],[-107.3666409452919,25.37749770244451],[-107.3666409452919,25.376958164315464],[-107.36691298043499,25.376958116277248],[-107.36691298043499,25.37641857781636],[-107.36718050449812,25.376418551126292],[-107.36718050449814,25.375879012324425]]]},"id":"00000000000000000043","properties":{"CLASS_CLRS":"0,128,0","CLASS_ID":"3","CLASS_NAME":"BosqEncinoPino"}},{"type":"Feature","geometry":{"type":"Polygon","coordinates":[[[-107.47012776595236,25.37318573625672],[-107.4698602257563,25.373185716451818],[-107.4698602257563,25.372913733206982],[-107.46932063303353,25.37291371642935],[-107.46932063303355,25.373185700239038],[-107.46904867077906,25.373185692812637],[-107.46904867077906,25.372913708718272],[-107.4687811316842,25.372913686219484],[-107.4687811316842,25.37264616181803],[-107.46851359286241,25.37264613844532],[-107.46851359286241,25.373185735231576],[-107.4682415411826,25.373185736967823],[-107.46824154118259,25.373725245972732],[-107.46851359286241,25.373725243671636],[-107.46851359286241,25.37399285491924],[-107.4687811316842,25.373992789450735],[-107.4687811316842,25.37426486038088],[-107.46904867077906,25.374264794033998],[-107.46904867077906,25.374532404288317],[-107.4698602257563,25.374532336267098],[-107.4698602257563,25.373992831956553],[-107.47012776595236,25.373992850930318],[-107.47012776595236,25.37318573625672]]]},"id":"00000000000000000044","properties":{"CLASS_CLRS":"0,128,0","CLASS_ID":"3","CLASS_NAME":"BosqEncinoPino"}},{"type":"Feature","geometry":{"type":"Polygon","coordinates":[[[-107.3696062793081,25.360789466655618],[-107.3687991889478,25.360789446920858],[-107.3687991889478,25.36105699618756],[-107.36852715179818,25.3610569444756],[-107.36852715179818,25.361864053862117],[-107.3687991889478,25.361864104733957],[-107.3687991889478,25.36213611517679],[-107.36933866247941,25.362136071681793],[-107.36933866247941,25.36132896547169],[-107.3696062793081,25.36132893787844],[-107.3696062793081,25.360789466655618]]]},"id":"00000000000000000047","properties":{"CLASS_CLRS":"0,128,0","CLASS_ID":"3","CLASS_NAME":"BosqEncinoPino"}},{"type":"Feature","geometry":{"type":"Polygon","coordinates":[[[-107.32729833787697,25.298263886359184],[-107.32675877302313,25.298263893218135],[-107.32675877302313,25.29907548596936],[-107.32702625487101,25.299075452967205],[-107.32702625487101,25.299343007425396],[-107.32729833787697,25.29934303161874],[-107.32729833787697,25.298263886359184]]]},"id":"000000000000000000a7","properties":{"CLASS_CLRS":"0,128,0","CLASS_ID":"3","CLASS_NAME":"BosqEncinoPino"}},{"type":"Feature","geometry":{"type":"Polygon","coordinates":[[[-107.32487251529331,25.29718924300928],[-107.32406096600313,25.297189280240374],[-107.32406096600315,25.2979963327594],[-107.3243329556098,25.297996375948873],[-107.3243329556098,25.298263934024238],[-107.32487251529331,25.298263938075337],[-107.32487251529331,25.29718924300928]]]},"id":"000000000000000000a8","properties":{"CLASS_CLRS":"0,128,0","CLASS_ID":"3","CLASS_NAME":"BosqEncinoPino"}},{"type":"Feature","geometry":{"type":"Polygon","coordinates":[[[-107.303312766016,25.249485797901322],[-107.30304079905841,25.249485831816372],[-107.30304079905841,25.249218300671448],[-107.30223364976446,25.24921830930553],[-107.30223364976446,25.24948584127401],[-107.30169413847541,25.249485810134125],[-107.30169413847541,25.249757807147635],[-107.30142659326259,25.24975783176016],[-107.30142659326259,25.250297360982234],[-107.3011546283428,25.25029739146976],[-107.3011546283428,25.250832455689213],[-107.30088708370351,25.2508324801968],[-107.30088708370351,25.251372008813817],[-107.30142659326259,25.251372039696825],[-107.30142659326259,25.25164403547027],[-107.30223364976446,25.251644035632648],[-107.30223364976446,25.251372040696342],[-107.30277325241431,25.25137196714808],[-107.3027732524143,25.251104437222622],[-107.303312766016,25.25110446018624],[-107.303312766016,25.249485797901322]]]},"id":"000000000000000000a9","properties":{"CLASS_CLRS":"0,128,0","CLASS_ID":"3","CLASS_NAME":"BosqEncinoPino"}},{"type":"Feature","geometry":{"type":"Polygon","coordinates":[[[-107.2830997025474,25.22981221189796],[-107.28256014216416,25.229812240336063],[-107.28256014216416,25.23008427296828],[-107.28175305869132,25.230084260303272],[-107.28175305869132,25.230623773735438],[-107.28148102488362,25.23062383769034],[-107.28148102488362,25.231698485371176],[-107.28229261733648,25.231698479163985],[-107.28229261733648,25.2314309128237],[-107.2830997025474,25.23143091772611],[-107.2830997025474,25.22981221189796]]]},"id":"00000000000000000175","properties":{"CLASS_CLRS":"0,128,0","CLASS_ID":"3","CLASS_NAME":"BosqEncinoPino"}},{"type":"Feature","geometry":{"type":"Polygon","coordinates":[[[-107.2545346390531,25.19962857351191],[-107.25426263489797,25.19962863139763],[-107.25426263489797,25.199361098949144],[-107.25372313681997,25.19936102306688],[-107.25372313681997,25.199628643636622],[-107.25345555270067,25.199628608800676],[-107.25345555270067,25.20016814089144],[-107.25372313681997,25.200168175178145],[-107.25372313681997,25.200440173715094],[-107.25426263489797,25.200440159810654],[-107.25426263489797,25.200168161831915],[-107.2545346390531,25.20016819095974],[-107.2545346390531,25.19962857351191]]]},"id":"00000000000000000179","properties":{"CLASS_CLRS":"0,128,0","CLASS_ID":"3","CLASS_NAME":"BosqEncinoPino"}},{"type":"Feature","geometry":{"type":"Polygon","coordinates":[[[-107.24294550558054,25.187232293927266],[-107.24213836995226,25.187232343343844],[-107.24213836995226,25.188043850864627],[-107.24267351410799,25.18804381867844],[-107.242673514108,25.187771886479883],[-107.24294550558054,25.18777186704065],[-107.24294550558054,25.187232293927266]]]},"id":"0000000000000000017b","properties":{"CLASS_CLRS":"0,128,0","CLASS_ID":"3","CLASS_NAME":"BosqEncinoPino"}},{"type":"Feature","geometry":{"type":"Polygon","coordinates":[[[-107.24563874226654,25.186692716536903],[-107.244559694527,25.186692706575418],[-107.244559694527,25.186964725254406],[-107.24429212027187,25.186964744738443],[-107.24429212027187,25.18723229697889],[-107.24483168806601,25.187232341659104],[-107.24483168806601,25.187504272052394],[-107.24537125703253,25.187504313756587],[-107.24537125703253,25.187232296343147],[-107.24563874226652,25.18723228497031],[-107.24563874226654,25.186692716536903]]]},"id":"0000000000000000017c","properties":{"CLASS_CLRS":"0,128,0","CLASS_ID":"3","CLASS_NAME":"BosqEncinoPino"}},{"type":"Feature","geometry":{"type":"Polygon","coordinates":[[[-107.49680651984397,25.39743875654958],[-107.49653904278756,25.397438810410403],[-107.49653904278756,25.396631661084502],[-107.49627147572998,25.396631724539787],[-107.49627147572998,25.39635970110595],[-107.4951923635688,25.39635971658415],[-107.4951923635688,25.396092151215655],[-107.49465280914313,25.39609211102466],[-107.49465280914313,25.396359676949558],[-107.4943852439982,25.396359648462038],[-107.49438524399818,25.39663167387338],[-107.49411325582093,25.3966316605754],[-107.49411325582093,25.39717125185584],[-107.49384569122326,25.39717122299721],[-107.49384569122326,25.397438788864466],[-107.49357370360237,25.39743877518454],[-107.49357370360237,25.398245844286702],[-107.49384569122326,25.398245857120706],[-107.49384569122326,25.398517881515993],[-107.49411325582093,25.398517908985983],[-107.49411325582093,25.398785473466457],[-107.4943852439982,25.3987853970676],[-107.4943852439982,25.39905742044471],[-107.49492037455946,25.39905747125671],[-107.49492037455946,25.399324947020833],[-107.4951923635688,25.399324955658734],[-107.4951923635688,25.399864540214434],[-107.49573191909779,25.39986457012469],[-107.49573191909779,25.399597008203727],[-107.49599948560837,25.399596942899063],[-107.49599948560837,25.399325009105393],[-107.49627147572998,25.39932501528714],[-107.49627147572998,25.399057453477287],[-107.49653904278756,25.39905747495942],[-107.49653904278756,25.398785453840286],[-107.49680651984397,25.398785398591425],[-107.49680651984397,25.39743875654958]]]},"id":"00000000000000000037","properties":{"CLASS_CLRS":"153,99,0","CLASS_ID":"5","CLASS_NAME":"AgriculturaCultivada"}},{"type":"Feature","geometry":{"type":"Polygon","coordinates":[[[-107.48845464740937,25.38827535633154],[-107.48818266535142,25.388275320780124],[-107.48818266535142,25.387468210139378],[-107.4879151067739,25.387468245444563],[-107.4879151067739,25.38719620557933],[-107.48764754846819,25.387196240005395],[-107.48764754846819,25.387735772955686],[-107.48656847160957,25.387735762163548],[-107.48656847160957,25.388007802988827],[-107.48576137844954,25.38800782554696],[-107.48576137844954,25.388275319851523],[-107.48548939917349,25.388275365617254],[-107.48548939917349,25.388814901262986],[-107.4852218433328,25.388814844483594],[-107.4852218433328,25.38989400164636],[-107.48548939917349,25.389893969868776],[-107.48548939917349,25.3901615503465],[-107.48818266535142,25.390161485940663],[-107.48818266535142,25.389354467425136],[-107.48845464740937,25.389354414401915],[-107.48845464740937,25.38827535633154]]]},"id":"0000000000000000003b","properties":{"CLASS_CLRS":"153,99,0","CLASS_ID":"5","CLASS_NAME":"AgriculturaCultivada"}},{"type":"Feature","geometry":{"type":"Polygon","coordinates":[[[-107.49815763066955,25.38234922912706],[-107.49788563860453,25.382349209439393],[-107.49788563860454,25.38180960140719],[-107.49761816045475,25.38180964157092],[-107.49761816045475,25.38153760715033],[-107.49734607867288,25.381537596405288],[-107.49734607867288,25.38127010850615],[-107.49707860106975,25.381270059463628],[-107.49707860106975,25.3807305354091],[-107.49680651984397,25.380730522589687],[-107.49680651984397,25.3804630334719],[-107.49653904278756,25.380462982389947],[-107.49653904278756,25.38019094571385],[-107.4943852439982,25.380190996910375],[-107.4943852439982,25.379923417409163],[-107.49384569122326,25.379923427394655],[-107.49384569122326,25.38046295950807],[-107.49357370360237,25.38046301547763],[-107.49357370360237,25.381270126715922],[-107.49330613955203,25.381270080251493],[-107.49330613955203,25.382077190323432],[-107.49303415248757,25.382077159313333],[-107.49303415248757,25.38369583478312],[-107.49330613955203,25.383695864096367],[-107.49330613955203,25.385042493809934],[-107.49411325582093,25.385042516981056],[-107.49411325582093,25.385310005115446],[-107.4951923635688,25.385310045335018],[-107.4951923635688,25.385581991705987],[-107.49599948560837,25.38558200046432],[-107.49599948560837,25.385849573652997],[-107.49707860106975,25.38584959460201],[-107.49707860106975,25.386121538545062],[-107.49761816045475,25.38612158852186],[-107.49761816045475,25.385310042355393],[-107.49788563860453,25.38530999858287],[-107.49788563860454,25.383695820951473],[-107.49815763066955,25.38369583922711],[-107.49815763066955,25.38234922912706]]]},"id":"0000000000000000003e","properties":{"CLASS_CLRS":"153,99,0","CLASS_ID":"5","CLASS_NAME":"AgriculturaCultivada"}},{"type":"Feature","geometry":{"type":"Polygon","coordinates":[[[-107.56175780296306,25.319284120367794],[-107.56148583618882,25.319284080525247],[-107.56148583618882,25.31874458906401],[-107.56121829410988,25.318744531377035],[-107.56121829410988,25.31847705842818],[-107.56094623758841,25.31847702755652],[-107.56094623758841,25.31820946667231],[-107.56067869604762,25.318209494663385],[-107.56067869604762,25.317937473928467],[-107.55987164862903,25.317937482626284],[-107.55987164862903,25.317669920194447],[-107.55879254930244,25.317669886000587],[-107.55879254930242,25.318477035386213],[-107.55906008896154,25.318477011332604],[-107.55906008896154,25.318744573954955],[-107.5595995934735,25.318744594340053],[-107.5595995934735,25.319284089740794],[-107.55987164862903,25.319284122822552],[-107.55987164862903,25.31982370421679],[-107.56013918936479,25.319823676357334],[-107.56013918936479,25.32009569611548],[-107.5604111547737,25.320095650724777],[-107.5604111547737,25.320363210643546],[-107.56148583618882,25.320363235693286],[-107.56148583618882,25.320095676887725],[-107.56175780296306,25.320095715875617],[-107.56175780296306,25.319284120367794]]]},"id":"00000000000000000059","properties":{"CLASS_CLRS":"153,99,0","CLASS_ID":"5","CLASS_NAME":"AgriculturaCultivada"}},{"type":"Feature","geometry":{"type":"Polygon","coordinates":[[[-107.56310445791141,25.316858394974684],[-107.56283691421861,25.31685833895087],[-107.56283691421861,25.316590866159775],[-107.56256494635066,25.316590825932366],[-107.56256494635066,25.316323265206147],[-107.56202534557998,25.316323264172212],[-107.56202534558,25.316051243311446],[-107.56175780296306,25.316051271478376],[-107.56175780296306,25.315783709481693],[-107.56121829410988,25.31578369263728],[-107.56121829410988,25.316051255192853],[-107.55987164862903,25.316051250326364],[-107.55987164862903,25.31659083697139],[-107.56013918936479,25.316590812459996],[-107.56013918936479,25.31685837548363],[-107.5604111547737,25.316858333500917],[-107.5604111547737,25.317130355401076],[-107.56094623758841,25.317130389690572],[-107.56094623758841,25.317397951443798],[-107.56121829410988,25.31739789601376],[-107.56121829410988,25.317669916622204],[-107.56148583618882,25.317669887984263],[-107.56148583618882,25.317937448744093],[-107.56175780296306,25.317937490004734],[-107.56175780296306,25.3182095096032],[-107.56202534558,25.318209479200874],[-107.56202534557998,25.31847703896725],[-107.56283691421861,25.318476986304947],[-107.56283691421861,25.318209514816854],[-107.56310445791141,25.318209482003244],[-107.56310445791141,25.316858394974684]]]},"id":"0000000000000000005a","properties":{"CLASS_CLRS":"153,99,0","CLASS_ID":"5","CLASS_NAME":"AgriculturaCultivada"}},{"type":"Feature","geometry":{"type":"Polygon","coordinates":[[[-107.56714888780549,25.31605127325696],[-107.56687691557008,25.316051242256464],[-107.56687691557008,25.315783685563513],[-107.56606975921905,25.31578374035934],[-107.56606975921905,25.315511723317154],[-107.56579778807621,25.315511689296926],[-107.56579778807621,25.315244131051568],[-107.56553024169943,25.315244166811425],[-107.56553024169943,25.314704589802727],[-107.56499063496813,25.314704598750215],[-107.56499063496813,25.314437039019126],[-107.56472308939551,25.31443707213941],[-107.56472308939551,25.314165052577],[-107.56310445791141,25.314165035736576],[-107.56310445791141,25.315783694529678],[-107.56364406085176,25.31578369182772],[-107.56364406085176,25.316051251870302],[-107.56391160534909,25.316051306926596],[-107.56391160534908,25.316323238362873],[-107.56499063496813,25.316323243094452],[-107.56499063496813,25.3165908013076],[-107.56579778807621,25.316590838700783],[-107.56579778807621,25.316858395862212],[-107.56714888780549,25.316858400459086],[-107.56714888780549,25.31605127325696]]]},"id":"0000000000000000005c","properties":{"CLASS_CLRS":"153,99,0","CLASS_ID":"5","CLASS_NAME":"AgriculturaCultivada"}},{"type":"Feature","geometry":{"type":"Polygon","coordinates":[[[-107.56984216822454,25.313357994575064],[-107.56822350589461,25.313357954438597],[-107.56822350589461,25.3130859376814],[-107.56768398404975,25.313085944334023],[-107.56768398404975,25.313357961659644],[-107.56741643579441,25.313357999679674],[-107.56741643579441,25.31362555776513],[-107.56714888780549,25.313625508027304],[-107.56714888780549,25.31416508340424],[-107.56741643579441,25.314165045145767],[-107.56741643579441,25.314972176090556],[-107.56768398404975,25.314972136398044],[-107.56768398404975,25.31524415218111],[-107.56849556978969,25.31524415875965],[-107.56849556978969,25.31470458794771],[-107.5690350932638,25.31470466169213],[-107.5690350932638,25.31497212958055],[-107.56957019326357,25.31497212980063],[-107.56957019326357,25.314704662466585],[-107.56984216822454,25.314704601331417],[-107.56984216822454,25.313357994575064]]]},"id":"0000000000000000005d","properties":{"CLASS_CLRS":"153,99,0","CLASS_ID":"5","CLASS_NAME":"AgriculturaCultivada"}},{"type":"Feature","geometry":{"type":"Polygon","coordinates":[[[-107.57361453986456,25.312546431056923],[-107.57334707600678,25.3125463829977],[-107.57334707600678,25.312278830191296],[-107.57307500720341,25.312278907784528],[-107.57307500720341,25.312011354481072],[-107.57226792254096,25.312011340775648],[-107.57226792254096,25.312278894915732],[-107.57199594512674,25.31227887156899],[-107.57199594512674,25.312546425775924],[-107.57172839258023,25.31254638515305],[-107.57172839258023,25.313625519389383],[-107.57253547562411,25.313625531684167],[-107.57253547562411,25.31335797890417],[-107.57334707600678,25.313357958527867],[-107.57334707600678,25.31308594716962],[-107.57361453986456,25.313085994669617],[-107.57361453986456,25.312546431056923]]]},"id":"00000000000000000060","properties":{"CLASS_CLRS":"153,99,0","CLASS_ID":"5","CLASS_NAME":"AgriculturaCultivada"}},{"type":"Feature","geometry":{"type":"Polygon","coordinates":[[[-107.54208426568019,25.306348280300277],[-107.54181222860994,25.3063482806354],[-107.54181222860994,25.30608069018731],[-107.5412771840559,25.306080722418766],[-107.5412771840559,25.30581313120219],[-107.540737626206,25.3058131872007],[-107.54073762620598,25.306080691527317],[-107.54046559050819,25.306080688522588],[-107.54046559050819,25.30715979940672],[-107.54181222860994,25.307159795451756],[-107.54181222860994,25.306887833271173],[-107.54208426568019,25.306887832368407],[-107.54208426568019,25.306348280300277]]]},"id":"00000000000000000062","properties":{"CLASS_CLRS":"153,99,0","CLASS_ID":"5","CLASS_NAME":"AgriculturaCultivada"}},{"type":"Feature","geometry":{"type":"Polygon","coordinates":[[[-107.53615368568344,25.30500162242655],[-107.53588607866138,25.305001592387022],[-107.53588607866138,25.30473408217636],[-107.53561413819754,25.30473405571331],[-107.53561413819756,25.304462085035663],[-107.53534653171717,25.304462053232523],[-107.53534653171717,25.304734111641995],[-107.5345394704806,25.304734094329483],[-107.5345394704806,25.305541175921114],[-107.53480698586523,25.305541131984096],[-107.53480698586523,25.30581319008047],[-107.53588607866138,25.30581321652793],[-107.53588607866138,25.305541159566506],[-107.53615368568344,25.30554118904776],[-107.53615368568344,25.30500162242655]]]},"id":"00000000000000000066","properties":{"CLASS_CLRS":"153,99,0","CLASS_ID":"5","CLASS_NAME":"AgriculturaCultivada"}},{"type":"Feature","geometry":{"type":"Polygon","coordinates":[[[-107.53292084110502,25.303922521170378],[-107.53184176031893,25.303922547576626],[-107.53184176031893,25.304194522660318],[-107.53157415762792,25.30419448215288],[-107.53157415762792,25.30446208470711],[-107.53184176031891,25.30446203748605],[-107.53184176031893,25.304734099581346],[-107.53211369693226,25.30473404715682],[-107.53211369693226,25.30500164871998],[-107.53265323732971,25.305001633256712],[-107.53265323732971,25.30473411970296],[-107.53292084110502,25.304734069790253],[-107.53292084110502,25.303922521170378]]]},"id":"00000000000000000067","properties":{"CLASS_CLRS":"153,99,0","CLASS_ID":"5","CLASS_NAME":"AgriculturaCultivada"}},{"type":"Feature","geometry":{"type":"Polygon","coordinates":[[[-107.5345394704806,25.30122922650786],[-107.53426744110568,25.301229204324887],[-107.53426744110568,25.300961689415253],[-107.53399992626275,25.300961639960384],[-107.53399992626275,25.30042214889163],[-107.5337278974387,25.30042212463475],[-107.5337278974387,25.300150148459124],[-107.53346038313751,25.30015009696006],[-107.53346038313751,25.300422160869182],[-107.53318835486438,25.300422135387215],[-107.53318835486438,25.30096171560065],[-107.53292084110502,25.30096166373612],[-107.53292084110502,25.301229180038323],[-107.5337278974387,25.30122921919043],[-107.53372789743868,25.302036311794485],[-107.5345394704806,25.302036316579798],[-107.5345394704806,25.30122922650786]]]},"id":"0000000000000000006d","properties":{"CLASS_CLRS":"153,99,0","CLASS_ID":"5","CLASS_NAME":"AgriculturaCultivada"}},{"type":"Feature","geometry":{"type":"Polygon","coordinates":[[[-107.53211369693226,25.300961716785423],[-107.53184176031891,25.300961677792852],[-107.53184176031893,25.30042209477076],[-107.53076710782105,25.300422081635315],[-107.53076710782105,25.30096166689867],[-107.53103461941684,25.300961636119748],[-107.53103461941684,25.301501219953007],[-107.53157415762792,25.30150121664922],[-107.53157415762792,25.301768733911473],[-107.53211369693226,25.301768815072354],[-107.53211369693226,25.300961716785423]]]},"id":"0000000000000000006e","properties":{"CLASS_CLRS":"153,99,0","CLASS_ID":"5","CLASS_NAME":"AgriculturaCultivada"}},{"type":"Feature","geometry":{"type":"Polygon","coordinates":[[[-107.49788563860453,25.29988260345715],[-107.49761816045475,25.29988255911782],[-107.49761816045475,25.299610544575987],[-107.49653904278756,25.299610519463204],[-107.49653904278756,25.29988253513729],[-107.49627147572998,25.29988258625145],[-107.49627147572998,25.300422156793207],[-107.49599948560837,25.300422134343293],[-107.49599948560838,25.300689689218157],[-107.49627147572997,25.300689623922676],[-107.49627147572998,25.301229193159582],[-107.49653904278756,25.301229228120366],[-107.49653904278756,25.301768795927796],[-107.49734607867288,25.301768805072495],[-107.49734607867288,25.3015012524526],[-107.49761816045475,25.301501259717817],[-107.49761816045475,25.301229246495375],[-107.49788563860453,25.301229201981076],[-107.49788563860453,25.29988260345715]]]},"id":"0000000000000000006f","properties":{"CLASS_CLRS":"153,99,0","CLASS_ID":"5","CLASS_NAME":"AgriculturaCultivada"}},{"type":"Feature","geometry":{"type":"Polygon","coordinates":[[[-107.53831188654598,25.3004221560023],[-107.53588607866138,25.3004221447789],[-107.53588607866138,25.301229232600694],[-107.53669323426136,25.301229240753315],[-107.53669323426136,25.30096164090155],[-107.53696526611205,25.300961657857687],[-107.53696526611205,25.30122925742798],[-107.53750030201874,25.301229254492043],[-107.53750030201874,25.301501225821887],[-107.53803985332158,25.301501193399844],[-107.53803985332158,25.301229222637364],[-107.53831188654598,25.301229236254233],[-107.53831188654598,25.3004221560023]]]},"id":"00000000000000000070","properties":{"CLASS_CLRS":"153,99,0","CLASS_ID":"5","CLASS_NAME":"AgriculturaCultivada"}},{"type":"Feature","geometry":{"type":"Polygon","coordinates":[[[-107.49492037455946,25.29476348793795],[-107.49465280914313,25.294763530156498],[-107.49465280914313,25.294223947105507],[-107.49411325582093,25.294223954936655],[-107.49411325582093,25.294491516722882],[-107.49384569122326,25.294491556859132],[-107.49384569122326,25.295031053690824],[-107.49411325582093,25.295031100464822],[-107.49411325582093,25.295570595868963],[-107.4943852439982,25.295570627689656],[-107.49438524399818,25.295838188117244],[-107.49465280914313,25.295838145387123],[-107.49465280914313,25.296110166112673],[-107.49492037455946,25.29611020997098],[-107.49492037455946,25.29476348793795]]]},"id":"00000000000000000079","properties":{"CLASS_CLRS":"153,99,0","CLASS_ID":"5","CLASS_NAME":"AgriculturaCultivada"}},{"type":"Feature","geometry":{"type":"Polygon","coordinates":[[[-107.42539405041676,25.280476574057907],[-107.42512204372855,25.28047655584952],[-107.42512204372855,25.28020899929862],[-107.4248545497056,25.280209045773507],[-107.4248545497056,25.280476515105264],[-107.42458254358331,25.280476583167534],[-107.42458254358331,25.28182766454492],[-107.42539405041676,25.2818276512239],[-107.42539405041676,25.280476574057907]]]},"id":"00000000000000000082","properties":{"CLASS_CLRS":"153,99,0","CLASS_ID":"5","CLASS_NAME":"AgriculturaCultivada"}},{"type":"Feature","geometry":{"type":"Polygon","coordinates":[[[-107.4827960702853,25.277515727891128],[-107.48144946131508,25.277515734798904],[-107.48144946131508,25.277783235513958],[-107.48117739622958,25.277783254141514],[-107.48117739622958,25.278055303660164],[-107.48063787051417,25.27805530468655],[-107.48063787051417,25.278322805808667],[-107.48037031960804,25.278322799195053],[-107.48037031960804,25.278590387855793],[-107.48009834590597,25.278590393905198],[-107.48009834590597,25.27912994493692],[-107.48037031960804,25.27912993832198],[-107.48037031960804,25.27940190012037],[-107.48063787051417,25.27940190562125],[-107.48063787051417,25.279669493146177],[-107.48198447532845,25.279669484173457],[-107.48198447532845,25.27940189803731],[-107.4827960702853,25.27940195224729],[-107.4827960702853,25.277515727891128]]]},"id":"00000000000000000083","properties":{"CLASS_CLRS":"153,99,0","CLASS_ID":"5","CLASS_NAME":"AgriculturaCultivada"}},{"type":"Feature","geometry":{"type":"Polygon","coordinates":[[[-107.4218892110399,25.277783247841505],[-107.42162163010657,25.277783295550943],[-107.42162163010657,25.277515733255726],[-107.42134962737697,25.277515703399853],[-107.42134962737697,25.277243678313763],[-107.4210821372472,25.277243713331416],[-107.42108213724718,25.27697615005188],[-107.42027055366854,25.27697613001639],[-107.42027055366854,25.277515720343196],[-107.42054255526516,25.277515752645744],[-107.42054255526516,25.278055254045594],[-107.42081013508398,25.278055295959373],[-107.42081013508398,25.278590333648275],[-107.42108213724718,25.278590363604778],[-107.42108213724718,25.27886238787907],[-107.42134962737697,25.27886235119879],[-107.42134962737697,25.27912991270013],[-107.42162163010657,25.279129940869677],[-107.42162163010657,25.278862379647848],[-107.42188921103991,25.278862330829668],[-107.4218892110399,25.277783247841505]]]},"id":"00000000000000000084","properties":{"CLASS_CLRS":"153,99,0","CLASS_ID":"5","CLASS_NAME":"AgriculturaCultivada"}},{"type":"Feature","geometry":{"type":"Polygon","coordinates":[[[-107.48063787051417,25.276164595783758],[-107.47955873213861,25.276164593667012],[-107.47955873213861,25.276436646193428],[-107.47902363279553,25.27643662366435],[-107.47902363279553,25.277243684035664],[-107.47955873213861,25.277243704900393],[-107.47955873213861,25.27751575655312],[-107.47983079554896,25.277515741878087],[-107.47983079554896,25.277783244261936],[-107.48037031960804,25.277783247432218],[-107.48037031960804,25.2775157456046],[-107.48063787051417,25.277515753050423],[-107.48063787051417,25.276164595783758]]]},"id":"00000000000000000086","properties":{"CLASS_CLRS":"153,99,0","CLASS_ID":"5","CLASS_NAME":"AgriculturaCultivada"}},{"type":"Feature","geometry":{"type":"Polygon","coordinates":[[[-107.4852218433328,25.276164615192922],[-107.48494977434589,25.276164640681],[-107.48494977434589,25.275897054811754],[-107.48414268614933,25.275897067622154],[-107.48414268614933,25.275629480707348],[-107.4838707085461,25.275629492208026],[-107.4838707085461,25.276704125993],[-107.48414268614933,25.2767042008407],[-107.48414268614933,25.27697616064863],[-107.4844102408929,25.27697616023466],[-107.4844102408929,25.277515704891965],[-107.4852218433328,25.27751574858542],[-107.4852218433328,25.276164615192922]]]},"id":"00000000000000000087","properties":{"CLASS_CLRS":"153,99,0","CLASS_ID":"5","CLASS_NAME":"AgriculturaCultivada"}},{"type":"Feature","geometry":{"type":"Polygon","coordinates":[[[-107.47336056489323,25.276436588800493],[-107.47309302139995,25.2764366514857],[-107.47309302139995,25.27616459218149],[-107.47282547817943,25.276164653989657],[-107.47282547817943,25.275897055617516],[-107.47228596962016,25.275897102063496],[-107.47228596962016,25.27616461351258],[-107.47255351229055,25.276164640386927],[-107.47255351229055,25.276704123521405],[-107.47336056489323,25.276704186191388],[-107.47336056489323,25.276436588800493]]]},"id":"00000000000000000088","properties":{"CLASS_CLRS":"153,99,0","CLASS_ID":"5","CLASS_NAME":"AgriculturaCultivada"}},{"type":"Feature","geometry":{"type":"Polygon","coordinates":[[[-107.48225654124892,25.27427842726578],[-107.48171692305208,25.27427843626901],[-107.48171692305208,25.27455040058247],[-107.48117739622958,25.27455039674769],[-107.4811773962296,25.275089952022554],[-107.48144946131508,25.27508993621909],[-107.48144946131508,25.275357526341317],[-107.48198447532845,25.275357551248874],[-107.48198447532845,25.27508996167847],[-107.48225654124892,25.275089944044193],[-107.48225654124892,25.27427842726578]]]},"id":"0000000000000000008c","properties":{"CLASS_CLRS":"153,99,0","CLASS_ID":"5","CLASS_NAME":"AgriculturaCultivada"}},{"type":"Feature","geometry":{"type":"Polygon","coordinates":[[[-107.4833356004283,25.27212467168574],[-107.48306362365943,25.27212467768172],[-107.48306362365943,25.271852625342238],[-107.48225654124892,25.271852700353843],[-107.48225654124892,25.27239217023493],[-107.48198447532845,25.272392185040214],[-107.48198447532846,25.272931742098837],[-107.48225654124892,25.27293172672775],[-107.48225654124893,25.27320377904108],[-107.48306362365943,25.273203787302815],[-107.48306362365943,25.272931735835858],[-107.4833356004283,25.272931728993754],[-107.4833356004283,25.27212467168574]]]},"id":"0000000000000000008e","properties":{"CLASS_CLRS":"153,99,0","CLASS_ID":"5","CLASS_NAME":"AgriculturaCultivada"}},{"type":"Feature","geometry":{"type":"Polygon","coordinates":[[[-107.54343091194697,25.261882129600533],[-107.54289134974434,25.26188210360884],[-107.54289134974435,25.261614566270808],[-107.54100514780815,25.2616145724418],[-107.54100514780815,25.262154111250997],[-107.540737626206,25.262154124139823],[-107.540737626206,25.262693662645376],[-107.54100514780815,25.262693649198198],[-107.54100514780815,25.262961187633607],[-107.5412771840559,25.262961234786435],[-107.5412771840559,25.263228772728265],[-107.54181222860994,25.263228741722575],[-107.54181222860994,25.26350073930743],[-107.54289134974434,25.26350079181531],[-107.54289134974434,25.263228795366057],[-107.54316338791406,25.26322875049974],[-107.54316338791406,25.262961214510185],[-107.54343091194697,25.26296119537519],[-107.54343091194697,25.261882129600533]]]},"id":"00000000000000000095","properties":{"CLASS_CLRS":"153,99,0","CLASS_ID":"5","CLASS_NAME":"AgriculturaCultivada"}},{"type":"Feature","geometry":{"type":"Polygon","coordinates":[[[-107.55582723814508,25.260535463870657],[-107.55474815510298,25.260535416900638],[-107.55474815510298,25.26080749049264],[-107.55421299437019,25.26080749776368],[-107.55421299437019,25.261342550060863],[-107.55394103525121,25.261342519525613],[-107.55394103525121,25.261614593317855],[-107.55448061974892,25.261614570153966],[-107.55448061974892,25.261882095492176],[-107.55502011504156,25.261882080365964],[-107.55502011504156,25.261614555586544],[-107.55555970171324,25.261614527567616],[-107.55555970171324,25.26134254293531],[-107.55582723814508,25.261342585278946],[-107.55582723814508,25.260535463870657]]]},"id":"00000000000000000099","properties":{"CLASS_CLRS":"153,99,0","CLASS_ID":"5","CLASS_NAME":"AgriculturaCultivada"}},{"type":"Feature","geometry":{"type":"Polygon","coordinates":[[[-107.55259433604854,25.257842155206806],[-107.55205484564368,25.257842150983148],[-107.55205484564368,25.25757015962464],[-107.55178731298096,25.25757019241438],[-107.55178731298096,25.25784218405455],[-107.55151526603524,25.257842155353302],[-107.55151526603524,25.258109686748774],[-107.55016866932861,25.258109708042678],[-107.55016866932861,25.25891676546763],[-107.550436200373,25.258916822351086],[-107.550436200373,25.259188814330557],[-107.5507081559309,25.259188855081593],[-107.5507081559309,25.25945638624728],[-107.55178731298096,25.259456375598305],[-107.55178731298096,25.259188845550185],[-107.55232237857382,25.25918877602159],[-107.55232237857382,25.258916786028003],[-107.55259433604856,25.258916822788194],[-107.55259433604854,25.257842155206806]]]},"id":"0000000000000000009b","properties":{"CLASS_CLRS":"153,99,0","CLASS_ID":"5","CLASS_NAME":"AgriculturaCultivada"}},{"type":"Feature","geometry":{"type":"Polygon","coordinates":[[[-107.55582723814508,25.255955938228325],[-107.55555970171324,25.255955977760213],[-107.55555970171324,25.255683988576003],[-107.55474815510298,25.255683969541316],[-107.55474815510298,25.25541643957597],[-107.55394103525121,25.255416398901115],[-107.55394103525121,25.25595600804826],[-107.55367350070351,25.255955955916342],[-107.55367350070351,25.256495477305204],[-107.55394103525121,25.25649552887819],[-107.55394103525121,25.256763058826387],[-107.55582723814508,25.25676307056861],[-107.55582723814508,25.255955938228325]]]},"id":"0000000000000000009e","properties":{"CLASS_CLRS":"153,99,0","CLASS_ID":"5","CLASS_NAME":"AgriculturaCultivada"}},{"type":"Feature","geometry":{"type":"Polygon","coordinates":[[[-107.53615368568344,25.254337342907462],[-107.53588607866138,25.254337347895884],[-107.53588607866138,25.25379778592973],[-107.53561413819756,25.253797793360953],[-107.53561413819754,25.253530242095287],[-107.53534653171717,25.253530245044804],[-107.53534653171718,25.253258232635375],[-107.53480698586523,25.253258239740564],[-107.53480698586523,25.252990687213337],[-107.53426744110568,25.25299069133371],[-107.53426744110568,25.252451123843855],[-107.5337278974387,25.252451124411884],[-107.53372789743868,25.251371984601732],[-107.53346038313751,25.251371970104568],[-107.53346038313751,25.25110450215898],[-107.53292084110502,25.251104496287805],[-107.53292084110502,25.252990678269207],[-107.53346038313751,25.25299068020502],[-107.53346038313751,25.253258234125553],[-107.53372789743868,25.253258246671308],[-107.5337278974387,25.25353026078345],[-107.53399992626275,25.253530246902606],[-107.53399992626275,25.25379779983852],[-107.53426744110568,25.25379772315885],[-107.53426744110568,25.254069736269983],[-107.5345394704806,25.254069808062123],[-107.5345394704806,25.25433727254951],[-107.53480698586523,25.254337281572592],[-107.53480698586523,25.254604833035575],[-107.53534653171717,25.25460482312058],[-107.53534653171717,25.25487683444795],[-107.53561413819756,25.254876830104774],[-107.53561413819756,25.255144380306046],[-107.53588607866138,25.255144371458595],[-107.53588607866138,25.254876909001943],[-107.53615368568344,25.254876903455095],[-107.53615368568344,25.254337342907462]]]},"id":"000000000000000000a0","properties":{"CLASS_CLRS":"153,99,0","CLASS_ID":"5","CLASS_NAME":"AgriculturaCultivada"}},{"type":"Feature","geometry":{"type":"Polygon","coordinates":[[[-107.55340145184083,25.247871655450165],[-107.55313391783227,25.24787159373946],[-107.55313391783227,25.247599595510433],[-107.55232237857382,25.24759962212067],[-107.55232237857382,25.24813915964],[-107.55205484564368,25.248139183259372],[-107.55205484564368,25.248678720479226],[-107.55259433604854,25.24867874384179],[-107.55259433604856,25.248946281359107],[-107.55286195980935,25.248946244682195],[-107.55286195980935,25.249218242117593],[-107.55313391783227,25.24921828786686],[-107.55313391783227,25.248946290717893],[-107.55340145184083,25.248946263856364],[-107.55340145184083,25.247871655450165]]]},"id":"000000000000000000a5","properties":{"CLASS_CLRS":"153,99,0","CLASS_ID":"5","CLASS_NAME":"AgriculturaCultivada"}},{"type":"Feature","geometry":{"type":"Polygon","coordinates":[[[-107.4908803823182,25.24274810694053],[-107.49060839775626,25.24274809922832],[-107.49060839775626,25.242208599407903],[-107.4903408367153,25.242208577771475],[-107.4903408367153,25.24194105805132],[-107.49007327594599,25.241941035542336],[-107.49007327594599,25.241673427853197],[-107.48899418914998,25.24167344359759],[-107.48899418914998,25.24194105240057],[-107.48818266535142,25.241940999395453],[-107.48818266535142,25.2422085213426],[-107.48872220653496,25.242208560958183],[-107.48872220653496,25.242748152186078],[-107.48899418914999,25.24274807668994],[-107.48899418914998,25.244906343278757],[-107.48926174882354,25.244906277651122],[-107.48926174882355,25.24517388362919],[-107.4908803823182,25.245173874653062],[-107.4908803823182,25.24274810694053]]]},"id":"000000000000000000aa","properties":{"CLASS_CLRS":"153,99,0","CLASS_ID":"5","CLASS_NAME":"AgriculturaCultivada"}},{"type":"Feature","geometry":{"type":"Polygon","coordinates":[[[-107.55448061974892,25.241133867726067],[-107.55394103525121,25.24113393556221],[-107.55394103525121,25.2408619327861],[-107.55367350070351,25.24086186501613],[-107.55367350070351,25.24005477556193],[-107.55340145184084,25.24005481986271],[-107.55340145184084,25.24032236333907],[-107.55205484564368,25.240322313074678],[-107.55205484564368,25.24059431826907],[-107.55178731298096,25.24059433347756],[-107.55178731298096,25.241133883245784],[-107.55151526603524,25.241133924407166],[-107.55151526603524,25.241941018043242],[-107.55205484564368,25.2419410468897],[-107.55205484564368,25.242208590276253],[-107.55232237857382,25.242208572799328],[-107.55232237857382,25.242480576202322],[-107.55259433604856,25.24248054280935],[-107.55259433604854,25.242748085212252],[-107.55313391783227,25.242748107520097],[-107.55313391783227,25.243020109636458],[-107.55394103525121,25.24302010702305],[-107.55394103525121,25.242748105756736],[-107.55421299437019,25.242748155873745],[-107.55421299437019,25.24220852627558],[-107.55448061974892,25.2422085804296],[-107.55448061974892,25.241133867726067]]]},"id":"000000000000000000ab","properties":{"CLASS_CLRS":"153,99,0","CLASS_ID":"5","CLASS_NAME":"AgriculturaCultivada"}},{"type":"Feature","geometry":{"type":"Polygon","coordinates":[[[-107.52968794548008,25.228737574459284],[-107.52941601134462,25.228737628962392],[-107.52941601134462,25.228465590468534],[-107.52914841109217,25.228465641129453],[-107.52914841109217,25.22819806322851],[-107.5288763872247,25.22819803946499],[-107.5288763872247,25.22792608744572],[-107.52860887779816,25.2279260378784],[-107.52860887779816,25.227386506265333],[-107.5288763872247,25.227386468918123],[-107.5288763872247,25.22684693700998],[-107.52860887779816,25.22684697379916],[-107.52860887779816,25.22657939407061],[-107.52752972420957,25.226579419883006],[-107.52752972420957,25.226847000728043],[-107.52672268666858,25.226846950171897],[-107.52672268666858,25.227118992789386],[-107.52618315829456,25.227118994060646],[-107.52618315829456,25.227658531156905],[-107.52591556129427,25.22765848630413],[-107.52591556129427,25.229005139875703],[-107.52618315829456,25.229005183335126],[-107.52618315829456,25.22981220988721],[-107.52699019419835,25.229812254817592],[-107.52699019419835,25.22954467574029],[-107.52941601134462,25.22954473353212],[-107.52941601134462,25.229272695682035],[-107.52968794548008,25.22927272808829],[-107.52968794548008,25.228737574459284]]]},"id":"000000000000000000b4","properties":{"CLASS_CLRS":"153,99,0","CLASS_ID":"5","CLASS_NAME":"AgriculturaCultivada"}},{"type":"Feature","geometry":{"type":"Polygon","coordinates":[[[-107.48494977434589,25.223346570872003],[-107.48468230932203,25.2233465936846],[-107.48468230932203,25.22307459138291],[-107.4844102408929,25.22307455995242],[-107.4844102408929,25.222807019081255],[-107.48414268614933,25.22280705109747],[-107.48414268614933,25.222535047800005],[-107.48360315435116,25.222535034153392],[-107.48360315435116,25.22226749202688],[-107.4833356004283,25.22226743419931],[-107.4833356004283,25.22280698074605],[-107.48360315435116,25.22280703801682],[-107.48360315435116,25.223346583154413],[-107.4833356004283,25.223346526440427],[-107.4833356004283,25.223886071282315],[-107.48306362365943,25.223886114180427],[-107.48306362365943,25.224425658735495],[-107.48279607028529,25.22442568942203],[-107.4827960702853,25.22496077174879],[-107.48306362365943,25.224960740510237],[-107.48306362365943,25.2252327430071],[-107.4833356004283,25.225232786185412],[-107.4833356004283,25.22550032626436],[-107.48360315435116,25.225500293267302],[-107.48360315435116,25.225772294768213],[-107.48414268614933,25.22577230167907],[-107.48414268614933,25.22550030074411],[-107.4844102408929,25.225500265949165],[-107.4844102408929,25.224693186501383],[-107.48468230932203,25.224693216233383],[-107.48468230932203,25.22415367546919],[-107.48494977434589,25.22415365182413],[-107.48494977434589,25.223346570872003]]]},"id":"000000000000000000b8","properties":{"CLASS_CLRS":"153,99,0","CLASS_ID":"5","CLASS_NAME":"AgriculturaCultivada"}},{"type":"Feature","geometry":{"type":"Polygon","coordinates":[[[-107.41623063260333,25.218762572948847],[-107.41595863553704,25.218762557003306],[-107.41595863553704,25.21822750233464],[-107.41569106073254,25.218227475625596],[-107.41569106073254,25.21714843630229],[-107.41541906423348,25.217148417449092],[-107.41541906423348,25.216608895946596],[-107.41515148998705,25.216608866372535],[-107.41515148998705,25.21580172578373],[-107.41488391601737,25.215801782298392],[-107.41488391601737,25.21526225756247],[-107.41407244211631,25.215262167375382],[-107.4140724421163,25.21499017222618],[-107.4138048692629,25.21499022550487],[-107.4138048692629,25.217148417515904],[-107.4140724421163,25.21714836201976],[-107.4140724421163,25.218227495564996],[-107.41434443719939,25.218227516338782],[-107.41434443719939,25.21903456618854],[-107.41461192036697,25.219034605977672],[-107.41461192036697,25.219574125323607],[-107.41515148998705,25.21957417059179],[-107.41515148998705,25.219841697805812],[-107.41595863553704,25.21984167763391],[-107.41595863553704,25.219302161501062],[-107.41623063260333,25.21930217688284],[-107.41623063260333,25.218762572948847]]]},"id":"000000000000000000c0","properties":{"CLASS_CLRS":"153,99,0","CLASS_ID":"5","CLASS_NAME":"AgriculturaCultivada"}},{"type":"Feature","geometry":{"type":"Polygon","coordinates":[[[-107.4782121397508,25.217415985543777],[-107.47794459131411,25.217415910701206],[-107.47794459131411,25.21714844622306],[-107.47551879515144,25.217148424778408],[-107.47551879515146,25.216876407933636],[-107.47471173591258,25.216876436167524],[-107.47471173591258,25.217415921669875],[-107.47525124945838,25.21741598590258],[-107.47525124945838,25.21768800259882],[-107.47578634111716,25.217687988138774],[-107.47578634111716,25.217955541913398],[-107.47659791693373,25.21795548032515],[-107.47659791693373,25.218227495180265],[-107.47767252985662,25.2182275252792],[-107.47767252985662,25.21795551155099],[-107.4782121397508,25.217955462915572],[-107.4782121397508,25.217415985543777]]]},"id":"000000000000000000c1","properties":{"CLASS_CLRS":"153,99,0","CLASS_ID":"5","CLASS_NAME":"AgriculturaCultivada"}},{"type":"Feature","geometry":{"type":"Polygon","coordinates":[[[-107.46554829894883,25.204212517493886],[-107.46527625034798,25.204212597947727],[-107.46527625034798,25.203672984546298],[-107.46500871510506,25.203673041722592],[-107.46500871510506,25.203401003166356],[-107.46473666706473,25.203400994048145],[-107.46473666706473,25.2031334175186],[-107.46392964101403,25.203133418094396],[-107.46392964101403,25.20286592802537],[-107.46366210714694,25.20286589387182],[-107.46366210714694,25.202593940766107],[-107.46339006050577,25.202593927753952],[-107.46339006050577,25.202326349207674],[-107.4631225271901,25.202326313296833],[-107.4631225271901,25.20205435919873],[-107.46285048110967,25.202054344399752],[-107.46285048110967,25.202326386284245],[-107.4625829483455,25.202326349172342],[-107.4625829483455,25.202593928550577],[-107.46231541585477,25.202593891118894],[-107.46231541585477,25.203133424869282],[-107.46204337061327,25.20313349687575],[-107.46204337061327,25.20340098868009],[-107.46177583867417,25.203401038380576],[-107.46177583867417,25.20394057198456],[-107.46204337061327,25.20394052172816],[-107.46204337061327,25.20421256296469],[-107.46231541585477,25.204212577328757],[-107.46231541585477,25.204480068012334],[-107.46366210714694,25.20448010787431],[-107.46366210714694,25.20475205948654],[-107.46446913237304,25.204752143174943],[-107.46446913237304,25.2050196312189],[-107.465276250348,25.205019697713375],[-107.46527625034798,25.204752123001292],[-107.46554829894883,25.20475212948193],[-107.46554829894883,25.204212517493886]]]},"id":"000000000000000000db","properties":{"CLASS_CLRS":"153,99,0","CLASS_ID":"5","CLASS_NAME":"AgriculturaCultivada"}},{"type":"Feature","geometry":{"type":"Polygon","coordinates":[[[-107.4526124031882,25.202865923169735],[-107.45234036804517,25.20286588543254],[-107.45234036804517,25.202326330536287],[-107.45207284603762,25.202326357534716],[-107.45207284603762,25.202593947743118],[-107.448568008144,25.202593939372928],[-107.448568008144,25.202326345554358],[-107.44802845935625,25.202326316096105],[-107.44802845935625,25.20205434619146],[-107.44748891168479,25.20205431374648],[-107.44748891168479,25.20232637172247],[-107.44722139465178,25.202326387924153],[-107.44722139465178,25.203940531640182],[-107.44748891168479,25.203940513776708],[-107.44748891168479,25.20501963780099],[-107.45153329000225,25.205019655465897],[-107.45153329000225,25.204752154096358],[-107.45180081145683,25.204752125800702],[-107.45180081145683,25.204480074261607],[-107.45207284603762,25.204480111529374],[-107.45207284603762,25.203940558613386],[-107.45234036804517,25.203940529952643],[-107.45234036804517,25.203673028573476],[-107.4526124031882,25.203672977960796],[-107.4526124031882,25.202865923169735]]]},"id":"000000000000000000dc","properties":{"CLASS_CLRS":"153,99,0","CLASS_ID":"5","CLASS_NAME":"AgriculturaCultivada"}},{"type":"Feature","geometry":{"type":"Polygon","coordinates":[[[-107.45746395475848,25.201786838274018],[-107.45719191456318,25.20178681038715],[-107.45719191456318,25.201514762146417],[-107.45584525658555,25.20151480941579],[-107.45584525658555,25.20178677156337],[-107.45557773098786,25.201786805806265],[-107.45557773098786,25.202326354824642],[-107.45503816771091,25.20232635683164],[-107.45503816771091,25.202865906123645],[-107.45530569275611,25.202865871970094],[-107.45530569275611,25.203133458427626],[-107.45557773098786,25.20313348917292],[-107.45557773098786,25.203400987638133],[-107.45611278245718,25.203401002735042],[-107.45611278245717,25.20367305061259],[-107.45692438758688,25.20367298061268],[-107.45692438758688,25.203401021088396],[-107.45719191456318,25.203400982185656],[-107.45719191456318,25.203133485383137],[-107.45746395475848,25.20313342435612],[-107.45746395475848,25.201786838274018]]]},"id":"000000000000000000e3","properties":{"CLASS_CLRS":"153,99,0","CLASS_ID":"5","CLASS_NAME":"AgriculturaCultivada"}},{"type":"Feature","geometry":{"type":"Polygon","coordinates":[[[-107.47120686556643,25.19693528039416],[-107.47093932426948,25.19693534382453],[-107.47093932426948,25.196395730777752],[-107.47066727007262,25.196395727738725],[-107.47066727007262,25.195856200780657],[-107.47012776595236,25.195856158628104],[-107.47012776595236,25.19612819778677],[-107.46851359286241,25.196128233286494],[-107.46851359286241,25.196395723871813],[-107.46797400291157,25.196395771617965],[-107.46797400291157,25.196667725107122],[-107.46770204205434,25.19666779220171],[-107.46770204205434,25.196935283204287],[-107.46743450433407,25.196935338834958],[-107.46743450433408,25.197202829905383],[-107.46716245377448,25.19720281978044],[-107.46716245377448,25.197742439416114],[-107.46689491660514,25.197742407176786],[-107.46689491660514,25.198014448233756],[-107.46716245377448,25.198014392691594],[-107.46716245377448,25.19828197070458],[-107.46904867077906,25.198281945291267],[-107.46904867077906,25.19801436922318],[-107.47012776595236,25.198014440874026],[-107.47012776595236,25.1977424032062],[-107.47120686556643,25.19774237880085],[-107.47120686556643,25.19693528039416]]]},"id":"000000000000000000ea","properties":{"CLASS_CLRS":"153,99,0","CLASS_ID":"5","CLASS_NAME":"AgriculturaCultivada"}},{"type":"Feature","geometry":{"type":"Polygon","coordinates":[[[-107.38388872563202,25.17456848852427],[-107.38281413985094,25.174568446164486],[-107.38281413985094,25.174835954061635],[-107.38254208782044,25.174836002617177],[-107.38254208782044,25.175107974886743],[-107.38200258648764,25.175108041351493],[-107.38200258648764,25.175375549664142],[-107.38173495671066,25.17537558933266],[-107.38173495671066,25.176722232823558],[-107.38362118412144,25.176722226835384],[-107.38362118412144,25.176994196497358],[-107.383888725632,25.176994249383945],[-107.383888725632,25.176182629787988],[-107.38362118412144,25.176182663603253],[-107.38362118412144,25.1753755930843],[-107.383888725632,25.175375560096967],[-107.38388872563202,25.17456848852427]]]},"id":"000000000000000000fc","properties":{"CLASS_CLRS":"153,99,0","CLASS_ID":"5","CLASS_NAME":"AgriculturaCultivada"}},{"type":"Feature","geometry":{"type":"Polygon","coordinates":[[[-107.36448723117758,25.163246784627148],[-107.36394767765695,25.163246756510297],[-107.36394767765695,25.163518757252046],[-107.36232902393238,25.16351883516992],[-107.36232902393238,25.164058374598937],[-107.3626009642593,25.164058393815477],[-107.3626009642593,25.16432593054464],[-107.36286857403421,25.164325857202545],[-107.36286857403421,25.164597858223456],[-107.36340812527578,25.16459788838382],[-107.36340812527578,25.1648654238702],[-107.36394767765695,25.164865451059534],[-107.36394767765695,25.16459791612609],[-107.36421519861632,25.16459793791464],[-107.36421519861632,25.164325938296795],[-107.36448723117758,25.16432585457179],[-107.36448723117758,25.163246784627148]]]},"id":"00000000000000000109","properties":{"CLASS_CLRS":"153,99,0","CLASS_ID":"5","CLASS_NAME":"AgriculturaCultivada"}},{"type":"Feature","geometry":{"type":"Polygon","coordinates":[[[-107.47228596962016,25.134949298697432],[-107.47201400429053,25.13494931083915],[-107.47201400429053,25.134681776564044],[-107.47174637190649,25.13468178850799],[-107.47174637190649,25.134142255500088],[-107.46932063303355,25.13414220776196],[-107.46932063303355,25.1344142085589],[-107.46904867077906,25.13441421344247],[-107.46904867077906,25.134949375831233],[-107.4687811316842,25.134949370538134],[-107.4687811316842,25.13548890847381],[-107.46904867077906,25.13548891321036],[-107.46904867077906,25.135760913248404],[-107.46932063303355,25.13576090695269],[-107.46932063303355,25.136028443183342],[-107.47012776595236,25.136028429228432],[-107.47012776595236,25.136300427716346],[-107.47066727007262,25.13630041872096],[-107.47066727007262,25.13656804066619],[-107.47228596962016,25.136567975654998],[-107.47228596962016,25.134949298697432]]]},"id":"00000000000000000137","properties":{"CLASS_CLRS":"153,99,0","CLASS_ID":"5","CLASS_NAME":"AgriculturaCultivada"}},{"type":"Feature","geometry":{"type":"Polygon","coordinates":[[[-107.45827105112456,25.132795563191713],[-107.45719191456318,25.132795562467887],[-107.45719191456318,25.132528011264938],[-107.4563848215292,25.132528015152015],[-107.4563848215292,25.13279556718696],[-107.45611278245717,25.13279563959593],[-107.45611278245717,25.133602671366607],[-107.4563848215292,25.13360268563283],[-107.4563848215292,25.13441426577675],[-107.4566523479532,25.13441421164108],[-107.4566523479532,25.13468176196221],[-107.45746395475848,25.134681816486488],[-107.45746395475848,25.13441426700205],[-107.45827105112454,25.134414250017453],[-107.45827105112456,25.132795563191713]]]},"id":"0000000000000000013d","properties":{"CLASS_CLRS":"153,99,0","CLASS_ID":"5","CLASS_NAME":"AgriculturaCultivada"}},{"type":"Feature","geometry":{"type":"Polygon","coordinates":[[[-107.54854994517991,25.24490631899249],[-107.54747531567307,25.244906301295618],[-107.54747531567307,25.245173847089262],[-107.54747531567305,25.24625294923174],[-107.54828241602225,25.24625297458147],[-107.54828241602225,25.245713425624672],[-107.54854994517991,25.24571341292909],[-107.54854994517991,25.245173863673273],[-107.54854994517991,25.24490631899249]]]},"id":"0000000000000000018c","properties":{"CLASS_CLRS":"153,99,0","CLASS_ID":"5","CLASS_NAME":"AgriculturaCultivada"}},{"type":"Feature","geometry":{"type":"Polygon","coordinates":[[[-107.37904171076138,25.352972636053078],[-107.37876966273151,25.352972599196402],[-107.37876966273151,25.352433045651956],[-107.37850212655908,25.352433073687553],[-107.37850212655908,25.351625971895213],[-107.37796263372354,25.351625947486887],[-107.37796263372354,25.35189349484803],[-107.37688347099702,25.351893549187825],[-107.37688347099702,25.353240212323925],[-107.37661593679316,25.353240149481184],[-107.37661593679316,25.353779706147282],[-107.3763439815683,25.353779741184557],[-107.3763439815683,25.354051750483514],[-107.37742305179235,25.35405170301743],[-107.37742305179235,25.354319248953963],[-107.37876966273151,25.35431924818178],[-107.37876966273151,25.35377969685119],[-107.37904171076138,25.353779732867196],[-107.37904171076138,25.352972636053078]]]},"id":"0000000000000000004b","properties":{"CLASS_CLRS":"177,142,228","CLASS_ID":"7","CLASS_NAME":"SelvaSec"}},{"type":"Feature","geometry":{"type":"Polygon","coordinates":[[[-107.38334922146863,25.343809146448294],[-107.38308168052035,25.34380917588045],[-107.38308168052035,25.343002067068188],[-107.38281413985094,25.343002095075917],[-107.38281413985094,25.342730083370665],[-107.38227454771351,25.342730070937414],[-107.38227454771351,25.343002083204745],[-107.38173495671066,25.343002068902656],[-107.38173495671066,25.343269619417494],[-107.38092791837198,25.34326961637979],[-107.38092791837198,25.34354162960395],[-107.38011637097483,25.343541643295094],[-107.38011637097483,25.345427799641318],[-107.38065586834136,25.345427827149948],[-107.38065586834136,25.345695376798066],[-107.38092791837198,25.345695329458714],[-107.38092791837198,25.34596734067762],[-107.38119545707484,25.34596740133686],[-107.38119545707484,25.346234949993306],[-107.38281413985094,25.34623489629562],[-107.38281413985094,25.345967349297485],[-107.38308168052035,25.345967405742748],[-107.38308168052035,25.3451558401828],[-107.38334922146863,25.34515580937103],[-107.38334922146863,25.343809146448294]]]},"id":"00000000000000000050","properties":{"CLASS_CLRS":"177,142,228","CLASS_ID":"7","CLASS_NAME":"SelvaSec"}},{"type":"Feature","geometry":{"type":"Polygon","coordinates":[[[-107.51998498033394,25.32871956034154],[-107.51971738957619,25.328719606145807],[-107.51971738957619,25.328447550948102],[-107.51917787542725,25.32844755700424],[-107.51917787542725,25.328180048401943],[-107.51836634926548,25.328180021495644],[-107.51836634926549,25.3279080518853],[-107.51809876013952,25.32790800578355],[-107.51809876013952,25.32818006312502],[-107.51729166096882,25.328180013705254],[-107.51729166096882,25.32844761170619],[-107.51701964923994,25.328447578953458],[-107.51701964923994,25.3289871473806],[-107.51648014057565,25.328987142403992],[-107.51648014057565,25.330333788731526],[-107.51675215175135,25.33033373327902],[-107.51675215175135,25.331680372711634],[-107.51701964923994,25.33168042894471],[-107.51701964923994,25.33221999209985],[-107.51729166096882,25.332219933441067],[-107.51729166096882,25.332759495149272],[-107.5175592492809,25.332759538041998],[-107.5175592492809,25.33329909831219],[-107.51783126156296,25.333299037294317],[-107.51783126156296,25.333571090483535],[-107.51863836237487,25.33357103201599],[-107.51863836237487,25.33329906712308],[-107.51917787542725,25.3332990533914],[-107.51917787542725,25.33221993871463],[-107.51944537536103,25.33221998896954],[-107.51944537536103,25.331680430867976],[-107.51971738957619,25.331680454713197],[-107.51971738957619,25.330066236729472],[-107.51998498033394,25.330066189533888],[-107.51998498033394,25.32871956034154]]]},"id":"00000000000000000053","properties":{"CLASS_CLRS":"177,142,228","CLASS_ID":"7","CLASS_NAME":"SelvaSec"}},{"type":"Feature","geometry":{"type":"Polygon","coordinates":[[[-107.48494977434589,25.330333816094026],[-107.4838707085461,25.330333804679192],[-107.4838707085461,25.330066261166632],[-107.4833356004283,25.33006619354733],[-107.4833356004283,25.330333737611593],[-107.48252409407425,25.330333747894226],[-107.48252409407425,25.330605753112547],[-107.48225654124892,25.33060580461057],[-107.48225654124893,25.33087334935068],[-107.48198447532845,25.330873338001844],[-107.48198447532845,25.331412887925914],[-107.48225654124893,25.331412898709164],[-107.48225654124892,25.331952447187216],[-107.48252409407425,25.33195239430122],[-107.48252409407425,25.332491941342596],[-107.4827960702853,25.3324919607638],[-107.4827960702853,25.332759503421457],[-107.4833356004283,25.33275955387407],[-107.4833356004283,25.332492011772622],[-107.48414268614933,25.332492003291527],[-107.48414268614933,25.332220001321275],[-107.48468230932203,25.332219948370685],[-107.48468230932203,25.331952407220832],[-107.48494977434589,25.331952447371876],[-107.48494977434589,25.330333816094026]]]},"id":"00000000000000000057","properties":{"CLASS_CLRS":"177,142,228","CLASS_ID":"7","CLASS_NAME":"SelvaSec"}},{"type":"Feature","geometry":{"type":"Polygon","coordinates":[[[-107.41461192036697,25.314437045180245],[-107.41434443719939,25.31443710335732],[-107.41434443719939,25.313625557645786],[-107.41407244211631,25.313625548990597],[-107.41407244211631,25.313086004164543],[-107.4138048692629,25.31308598320197],[-107.4138048692629,25.31254643694558],[-107.4135328747473,25.312546425939445],[-107.4135328747473,25.31201134021139],[-107.4132653024522,25.312011316940634],[-107.4132653024522,25.311471767822095],[-107.412997730434,25.3114717433999],[-107.412997730434,25.310660186251297],[-107.41272573676744,25.310660258934785],[-107.41272573676743,25.310392713831483],[-107.41245816530763,25.310392687096698],[-107.41245816530763,25.31012514150337],[-107.41218617220873,25.310125124913778],[-107.41218617220872,25.30985311680626],[-107.41191869155048,25.309853077375195],[-107.41191869155048,25.30958553079383],[-107.41164660877622,25.309585610845073],[-107.41164660877622,25.310125166376363],[-107.41137912867634,25.31012512602044],[-107.41137912867634,25.3111997735485],[-107.41164660877622,25.311199812801323],[-107.41164660877622,25.31173936571276],[-107.41191869155048,25.311739283413452],[-107.41191869155048,25.312011290256756],[-107.41218617220872,25.312011327472405],[-107.41218617220872,25.312278871826763],[-107.41245816530763,25.31227888616835],[-107.41245816530763,25.31281843564755],[-107.41272573676744,25.312818459891467],[-107.41272573676744,25.313625550656365],[-107.412997730434,25.313625562367847],[-107.412997730434,25.314165108542653],[-107.4132653024522,25.314165042710048],[-107.4132653024522,25.314704587454408],[-107.4135328747473,25.31470460795952],[-107.4135328747473,25.314972148762003],[-107.4138048692629,25.314972157236127],[-107.4138048692629,25.315244159463358],[-107.41434443719939,25.315244185175313],[-107.41434443719939,25.31497218351132],[-107.41461192036697,25.314972212273492],[-107.41461192036697,25.314437045180245]]]},"id":"0000000000000000005e","properties":{"CLASS_CLRS":"177,142,228","CLASS_ID":"7","CLASS_NAME":"SelvaSec"}},{"type":"Feature","geometry":{"type":"Polygon","coordinates":[[[-107.50920735315543,25.310932214264565],[-107.50893534972342,25.310932232211382],[-107.50893534972342,25.310392705048724],[-107.50866777011808,25.310392707233657],[-107.50866777011807,25.309853091181],[-107.5083957672404,25.30985310676983],[-107.5083957672404,25.30958557204707],[-107.50812818818044,25.309585572193193],[-107.50812818818044,25.30931357659941],[-107.50785618585721,25.309313590396762],[-107.50785618585721,25.308774058363124],[-107.50758869761879,25.308774045460613],[-107.50758869761879,25.30850650903733],[-107.50732111937468,25.308506506266443],[-107.50732111937468,25.30823450894388],[-107.50704911788088,25.30823443231703],[-107.50704911788088,25.30796689490307],[-107.50678154018235,25.30796689036976],[-107.50678154018235,25.307699352464592],[-107.50624205236588,25.30769934449122],[-107.50624205236588,25.307966882953394],[-107.50516289948258,25.307966882839203],[-107.50516289948258,25.308234509660302],[-107.50435583972191,25.308234485837268],[-107.5043558397219,25.308506486272343],[-107.50381626657777,25.308506480058583],[-107.50381626657777,25.309585560941386],[-107.5040838412769,25.309585570426375],[-107.5040838412769,25.310660186265515],[-107.50435583972191,25.31066017961983],[-107.50435583972191,25.31173933873191],[-107.50462332469189,25.311739355792163],[-107.50462332469188,25.31227888974905],[-107.5048954139669,25.31227886917504],[-107.5048954139669,25.31254640534605],[-107.50516289948258,25.312546420368395],[-107.50516289948258,25.312818416431853],[-107.50543047554413,25.312818419571],[-107.50543047554413,25.313085954755586],[-107.50597005198128,25.31308594416397],[-107.50597005198128,25.313357938938946],[-107.50624205236586,25.313358012637025],[-107.50624205236588,25.3136255465496],[-107.50650953924314,25.313625557450866],[-107.50650953924314,25.313897551218147],[-107.50732111937468,25.313897517299438],[-107.50732111937468,25.313625524384],[-107.50785618585721,25.313625529762714],[-107.50785618585721,25.313357997516633],[-107.50812818818044,25.313357979473793],[-107.50812818818044,25.313085986964158],[-107.5083957672404,25.313085983203127],[-107.5083957672404,25.31281845108005],[-107.50866777011807,25.31281843237835],[-107.50866777011807,25.312546439993817],[-107.50893534972342,25.312546435584647],[-107.50893534972342,25.311739291148367],[-107.50920735315543,25.311739359811735],[-107.50920735315543,25.310932214264565]]]},"id":"0000000000000000005f","properties":{"CLASS_CLRS":"177,142,228","CLASS_ID":"7","CLASS_NAME":"SelvaSec"}},{"type":"Feature","geometry":{"type":"Polygon","coordinates":[[[-107.3450811650368,25.309585583739892],[-107.34481366415757,25.30958558022792],[-107.34481366415757,25.308773981558893],[-107.34454607334035,25.30877398750993],[-107.34454607334035,25.30823446615124],[-107.34427406205988,25.308234479436877],[-107.34427406205988,25.307966949751577],[-107.34373455132634,25.30796695456827],[-107.34373455132634,25.30823448480517],[-107.34346696164476,25.308234487796597],[-107.34346696164476,25.308506481303905],[-107.34292745262395,25.308506483601974],[-107.34292745262395,25.30877401422983],[-107.34265986379194,25.30877401597203],[-107.34265986379194,25.309046009876777],[-107.3423878545296,25.309046019727667],[-107.3423878545296,25.310125155347958],[-107.34265986379195,25.31012514437544],[-107.34265986379194,25.311199812179655],[-107.34292745262395,25.31119980795702],[-107.34292745262395,25.311471799597914],[-107.34319495151874,25.311471805389374],[-107.34319495151874,25.311739333356215],[-107.34346696164476,25.311739318875176],[-107.34346696164476,25.312011309513494],[-107.34373455132634,25.312011302659997],[-107.34373455132634,25.31173931229981],[-107.34400656202968,25.311739296594762],[-107.34400656202968,25.31147176945763],[-107.34427406205988,25.31147177284181],[-107.34427406205987,25.311199782600553],[-107.34454607334035,25.311199766232512],[-107.34454607334035,25.31066024881213],[-107.34481366415757,25.31066024093213],[-107.34481366415757,25.310125098841652],[-107.3450811650368,25.31012510180205],[-107.3450811650368,25.309585583739892]]]},"id":"00000000000000000061","properties":{"CLASS_CLRS":"177,142,228","CLASS_ID":"7","CLASS_NAME":"SelvaSec"}},{"type":"Feature","geometry":{"type":"Polygon","coordinates":[[[-107.36637342179337,25.304734065009026],[-107.36610580834777,25.304734114935115],[-107.36610580834777,25.30419454399951],[-107.36583386429054,25.304194503574532],[-107.36583386429054,25.303922529805916],[-107.36556634163664,25.303922479286378],[-107.36556634163664,25.30365496791717],[-107.36529430792666,25.30365493660978],[-107.36529430792666,25.30311544975777],[-107.36502678583753,25.30311539720812],[-107.36502678583753,25.302847884638226],[-107.36475475270187,25.302847851266606],[-107.36475475270187,25.302308361993344],[-107.36448723117758,25.302308307413625],[-107.36448723117758,25.302036330703103],[-107.36421519861632,25.302036295262653],[-107.36421519861632,25.301768780995328],[-107.36394767765695,25.301768724659485],[-107.36394767765695,25.30203632670951],[-107.36368006675156,25.30203628095172],[-107.36368006675156,25.302575860392928],[-107.36340812527578,25.302575900291036],[-107.36340812527578,25.302847877684002],[-107.3631405149356,25.302847919062117],[-107.3631405149356,25.303387410793636],[-107.36286857403421,25.30338745031267],[-107.36286857403421,25.303654964658286],[-107.3631405149356,25.303655012369603],[-107.3631405149356,25.304194502793496],[-107.36340812527578,25.304194547545166],[-107.36340812527578,25.304462060690035],[-107.36368006675156,25.304462106337837],[-107.36368006675156,25.304734081907128],[-107.36394767765695,25.304734037393985],[-107.36394767765695,25.30527361191101],[-107.36421519861632,25.305273664658543],[-107.36421519861632,25.305541176110033],[-107.36448723117758,25.30554120790184],[-107.36448723117758,25.305813181749333],[-107.36475475270187,25.30581314523311],[-107.36475475270187,25.30634825345648],[-107.36502678583753,25.30634828318404],[-107.36502678583753,25.306620255810337],[-107.36583386429054,25.306620293242048],[-107.36583386429054,25.306348233948693],[-107.36610580834777,25.306348272132105],[-107.36610580834777,25.305813166675257],[-107.36637342179337,25.30581320315127],[-107.36637342179337,25.304734065009026]]]},"id":"00000000000000000064","properties":{"CLASS_CLRS":"177,142,228","CLASS_ID":"7","CLASS_NAME":"SelvaSec"}},{"type":"Feature","geometry":{"type":"Polygon","coordinates":[[[-107.40006192410922,25.301229237548792],[-107.39978994407247,25.301229183551158],[-107.39978994407247,25.300961705088287],[-107.39709659919973,25.300961689960925],[-107.39709659919973,25.300689658622282],[-107.39682462229337,25.300689684833184],[-107.39682462229337,25.302036278567048],[-107.39655706732233,25.302036295260812],[-107.39655706732233,25.30284783712255],[-107.39628509098578,25.30284786435997],[-107.39628509098578,25.30338737510831],[-107.39655706732233,25.3033874348059],[-107.39655706732233,25.303922481751123],[-107.39682462229335,25.30392255061993],[-107.39682462229337,25.304194492105623],[-107.39709659919973,25.30419454973747],[-107.39709659919973,25.304462028367293],[-107.39817566634504,25.304462097425098],[-107.39817566634504,25.304194532405187],[-107.39925031631576,25.304194515801598],[-107.39925031631576,25.303922489348654],[-107.39978994407247,25.303922505588485],[-107.39978994407247,25.303654941791258],[-107.40006192410922,25.303654993258533],[-107.40006192410922,25.301229237548792]]]},"id":"00000000000000000068","properties":{"CLASS_CLRS":"177,142,228","CLASS_ID":"7","CLASS_NAME":"SelvaSec"}},{"type":"Feature","geometry":{"type":"Polygon","coordinates":[[[-107.41003243735899,25.301501219204003],[-107.4092208884455,25.301501200800537],[-107.4092208884455,25.301229182551996],[-107.40868584330296,25.301229258075896],[-107.40868584330296,25.3017687457859],[-107.40841376393304,25.301768810342036],[-107.40841376393304,25.302308297741874],[-107.40814628718012,25.302308329642607],[-107.40814628718012,25.30311537259243],[-107.40868584330296,25.30311544888914],[-107.40868584330296,25.303387378662972],[-107.40976044681307,25.30338745709963],[-107.40976044681307,25.302036298482296],[-107.41003243735899,25.3020363290185],[-107.41003243735899,25.301501219204003]]]},"id":"00000000000000000069","properties":{"CLASS_CLRS":"177,142,228","CLASS_ID":"7","CLASS_NAME":"SelvaSec"}},{"type":"Feature","geometry":{"type":"Polygon","coordinates":[[[-107.3979036882993,25.299075433940285],[-107.39763613220735,25.29907545000453],[-107.39763613220735,25.297996331768545],[-107.39736415473125,25.297996356394712],[-107.39736415473125,25.297456839154584],[-107.39709659919973,25.297456852354628],[-107.39709659919973,25.297189280605025],[-107.39628509098578,25.297189248726056],[-107.39628509098578,25.296917300963603],[-107.39547791672152,25.296917263490748],[-107.39547791672153,25.29664968964795],[-107.3943988608811,25.296649738989583],[-107.3943988608811,25.29691722643929],[-107.3938637562591,25.296917237904005],[-107.3938637562591,25.29745685075695],[-107.39359178276807,25.29745677876512],[-107.39359178276807,25.298263878505928],[-107.39332423115707,25.298263884117272],[-107.39332423115708,25.299882541872094],[-107.39467083522501,25.2998825666479],[-107.39467083522501,25.300150138725524],[-107.39655706732233,25.30015009809434],[-107.39655706732233,25.300422130435958],[-107.3979036882993,25.30042211612087],[-107.3979036882993,25.299075433940285]]]},"id":"00000000000000000073","properties":{"CLASS_CLRS":"177,142,228","CLASS_ID":"7","CLASS_NAME":"SelvaSec"}},{"type":"Feature","geometry":{"type":"Polygon","coordinates":[[[-107.49114794390688,25.29772435952005],[-107.4908803823182,25.297724396372153],[-107.4908803823182,25.297189271091238],[-107.4903408367153,25.297189268109836],[-107.4903408367153,25.296917243739667],[-107.49007327594599,25.29691727795746],[-107.49007327594599,25.296649713944987],[-107.48953373199555,25.296649706207695],[-107.48953373199556,25.29637768055164],[-107.48926174882354,25.296377726035384],[-107.48926174882355,25.296110160753614],[-107.48899418914998,25.29611019173008],[-107.48899418914998,25.29583816506891],[-107.48845464740937,25.295838150785677],[-107.48845464740937,25.29557058423925],[-107.4868360288189,25.29557061261611],[-107.4868360288189,25.295838180832146],[-107.48656847160957,25.295838206113373],[-107.48656847160957,25.296377715909216],[-107.48629649149967,25.296377754664558],[-107.48629649149967,25.29664969624639],[-107.48602893483864,25.296649721160186],[-107.48602893483864,25.297189230767607],[-107.48576137844954,25.297189255640568],[-107.48576137844954,25.297724391482383],[-107.48629649149967,25.29772434003547],[-107.48629649149969,25.297996367989743],[-107.4868360288189,25.297996387499197],[-107.4868360288189,25.298263953772196],[-107.48737556724369,25.29826388282786],[-107.48737556724369,25.29853590921104],[-107.4879151067739,25.298535922740417],[-107.4879151067739,25.298803487468046],[-107.48845464740937,25.298803498011875],[-107.48845464740937,25.29907543535602],[-107.48899418914998,25.299075442905178],[-107.48899418914998,25.29934300608731],[-107.48953373199556,25.299343010650844],[-107.48953373199556,25.299610573061923],[-107.49007327594599,25.299610574639807],[-107.49007327594599,25.299882597096452],[-107.49060839775626,25.299882609412812],[-107.49060839775626,25.299610587517428],[-107.4908803823182,25.2996105355881],[-107.4908803823182,25.299075500796825],[-107.49114794390688,25.299075462550952],[-107.49114794390688,25.29772435952005]]]},"id":"00000000000000000074","properties":{"CLASS_CLRS":"177,142,228","CLASS_ID":"7","CLASS_NAME":"SelvaSec"}},{"type":"Feature","geometry":{"type":"Polygon","coordinates":[[[-107.50273712359277,25.29260533276303],[-107.50246964053093,25.292605291741573],[-107.50246964053093,25.292337737071403],[-107.50219764402642,25.292337807670133],[-107.50219764402642,25.292065791792925],[-107.50193007123634,25.292065760006583],[-107.50193007123634,25.291798204347888],[-107.5013905030433,25.291798239889033],[-107.5013905030433,25.291526222725995],[-107.5011185076494,25.29152620255917],[-107.5011185076494,25.291258645631217],[-107.49869719225958,25.291258689392443],[-107.4986971922596,25.291526248819814],[-107.49842519963882,25.291526222541087],[-107.49842519963882,25.29179824281616],[-107.49815763066955,25.291798202331684],[-107.49815763066955,25.29206576188459],[-107.49761816045475,25.292065770008183],[-107.49761816045475,25.292337790691462],[-107.49734607867288,25.292337773808576],[-107.49734607867288,25.292605333767572],[-107.49707860106975,25.29260528071438],[-107.49707860106975,25.292877301525113],[-107.49680651984397,25.29287728398368],[-107.49680651984397,25.293412403938277],[-107.49707860106975,25.293412420918063],[-107.49707860106975,25.293684441072337],[-107.49734607867288,25.29368440554575],[-107.49734607867288,25.294223983862143],[-107.49761816045475,25.294223998765247],[-107.49761816045475,25.29476348817874],[-107.49788563860453,25.294763537800574],[-107.49788563860453,25.295298652508865],[-107.49815763066955,25.295298588588047],[-107.49815763066955,25.295838162609858],[-107.49842519963882,25.29583819892382],[-107.49842519963882,25.296110215691204],[-107.49869719225958,25.296110149694655],[-107.49869719225958,25.296649721282996],[-107.49896476177555,25.29664975555451],[-107.49896476177555,25.297189238249768],[-107.49923233156258,25.29718927136691],[-107.49923233156258,25.297724379410656],[-107.49950432501461,25.297724397353495],[-107.49950432501461,25.29799641145272],[-107.500311460236,25.29799640137486],[-107.500311460236,25.29772438812265],[-107.5011185076494,25.297724384453076],[-107.5011185076494,25.297456832485313],[-107.50193007123634,25.297456799106904],[-107.50193007123636,25.296649683775385],[-107.50219764402642,25.296649710828696],[-107.50219764402642,25.29557058135466],[-107.50246964053093,25.29557059482768],[-107.50246964053093,25.293684429654444],[-107.50273712359277,25.293684382097606],[-107.50273712359277,25.29260533276303]]]},"id":"00000000000000000075","properties":{"CLASS_CLRS":"177,142,228","CLASS_ID":"7","CLASS_NAME":"SelvaSec"}},{"type":"Feature","geometry":{"type":"Polygon","coordinates":[[[-107.47902363279553,25.29476348357737],[-107.47875166048699,25.294763503521825],[-107.47875166048699,25.29368444534001],[-107.47848411150093,25.293684450355613],[-107.47848411150093,25.293412410700444],[-107.4782121397508,25.293412428005045],[-107.4782121397508,25.293144848954014],[-107.47794459131411,25.29314485220919],[-107.47794459131411,25.292877360141123],[-107.47740498196946,25.292877300942127],[-107.47740498196946,25.292605346972348],[-107.47686546399883,25.29260527380021],[-107.47686546399883,25.292337780188387],[-107.47659791693373,25.292337779605997],[-107.47659791693373,25.292065736878303],[-107.47605840062094,25.292065746425667],[-107.47605840062094,25.291798251550624],[-107.47578634111716,25.291798185164136],[-107.47578634111716,25.291526228621],[-107.47525124945838,25.29152622036927],[-107.47525124945838,25.29098667921442],[-107.47336056489323,25.290986701370205],[-107.47336056489323,25.290719115377303],[-107.47282547817943,25.29071909463445],[-107.47282547817943,25.290986681178897],[-107.47255351229055,25.29098668310446],[-107.47255351229055,25.292065775757838],[-107.47282547817943,25.292065772701857],[-107.47282547817943,25.292877363400166],[-107.47309302139995,25.292877284371325],[-107.47309302139995,25.293144868913522],[-107.47336056489323,25.293144876486434],[-107.47336056489323,25.293412460538725],[-107.47390016592642,25.29341244935752],[-107.47390016592642,25.293684406342866],[-107.47417213321091,25.293684398536115],[-107.47417213321091,25.293951981320085],[-107.47443967780423,25.293951985652747],[-107.47443967780423,25.294223941633994],[-107.47471173591258,25.294224008534226],[-107.47471173591258,25.294491502856463],[-107.47497928105587,25.294491505428716],[-107.47497928105587,25.297456843660605],[-107.47605840062094,25.29745679846201],[-107.47605840062094,25.297724376280556],[-107.47686546399883,25.29772435000197],[-107.47686546399883,25.297456860487447],[-107.4771374343548,25.297456842000486],[-107.4771374343548,25.29718926507991],[-107.4782121397508,25.29718930226644],[-107.4782121397508,25.296917265179335],[-107.47875166048698,25.29691723585395],[-107.47875166048699,25.296649747636923],[-107.47902363279553,25.296649725715902],[-107.47902363279553,25.29476348357737]]]},"id":"00000000000000000076","properties":{"CLASS_CLRS":"177,142,228","CLASS_ID":"7","CLASS_NAME":"SelvaSec"}},{"type":"Feature","geometry":{"type":"Polygon","coordinates":[[[-107.39898275882531,25.292877288146475],[-107.39871077992755,25.292877310488247],[-107.39871077992755,25.29206575107984],[-107.39844322299737,25.292065761753413],[-107.39844322299737,25.291258662045593],[-107.3979036882993,25.291258690117836],[-107.3979036882993,25.290986651714423],[-107.39467083522501,25.29098667917638],[-107.39467083522501,25.29233778572973],[-107.3949383882359,25.292337783192437],[-107.3949383882359,25.29314489114044],[-107.39467083522501,25.293144894505613],[-107.39467083522501,25.2936844242848],[-107.3949383882359,25.293684420366215],[-107.3949383882359,25.29395199713874],[-107.39521036314987,25.293951982230876],[-107.39521036314987,25.294223933529196],[-107.39547791672153,25.2942240153539],[-107.39547791672152,25.29449150364046],[-107.39574998244292,25.2944914760252],[-107.39574998244292,25.29476351382168],[-107.39601753657534,25.294763506388772],[-107.39601753657534,25.295031081189737],[-107.39628509098578,25.29503107288547],[-107.39628509098578,25.295298647197562],[-107.39655706732233,25.295298627831592],[-107.39655706732233,25.295570576629157],[-107.39736415473125,25.295570621929052],[-107.39736415473125,25.29529858647371],[-107.39817566634504,25.295298616933632],[-107.39817566634504,25.295031044561167],[-107.39871077992755,25.295031105225465],[-107.39871077992755,25.294763533187695],[-107.39898275882531,25.294763508878805],[-107.39898275882531,25.292877288146475]]]},"id":"0000000000000000007a","properties":{"CLASS_CLRS":"177,142,228","CLASS_ID":"7","CLASS_NAME":"SelvaSec"}},{"type":"Feature","geometry":{"type":"Polygon","coordinates":[[[-107.48576137844954,25.28963997030984],[-107.48548939917349,25.289640000170515],[-107.48548939917349,25.289372425607013],[-107.48468230932203,25.289372483973494],[-107.48468230932204,25.289100447310545],[-107.4838707085461,25.289100436209633],[-107.4838707085461,25.289372473723624],[-107.48306362365943,25.289372433720857],[-107.48306362365943,25.28964001078628],[-107.48252409407425,25.28964004438915],[-107.48252409407425,25.28991199540445],[-107.48198447532845,25.289912038126005],[-107.48198447532845,25.290179528400735],[-107.48144946131508,25.290179534057184],[-107.48144946131508,25.28991204323091],[-107.48063787051417,25.28991201278235],[-107.48063787051417,25.290719123176114],[-107.4809098447744,25.290719103190714],[-107.4809098447744,25.29125863301351],[-107.48117739622958,25.291258712557127],[-107.48117739622958,25.29152620258742],[-107.48144946131508,25.291526169550785],[-107.48144946131508,25.29206578442207],[-107.48171692305208,25.292065785438563],[-107.48171692305208,25.29233773532842],[-107.48198447532846,25.292337811957537],[-107.48198447532845,25.29260530029297],[-107.48225654124892,25.292605351764912],[-107.48225654124893,25.293144875745355],[-107.48252409407425,25.293144862866143],[-107.48252409407425,25.29341243747101],[-107.4827960702853,25.293412410383404],[-107.4827960702853,25.293684445518238],[-107.48360315435116,25.29368438643763],[-107.48360315435116,25.29341243961983],[-107.4838707085461,25.29341242345909],[-107.4838707085461,25.293144850242946],[-107.4844102408929,25.29314489076224],[-107.4844102408929,25.29287731788849],[-107.48468230932203,25.292877276098363],[-107.48468230932203,25.29260532975537],[-107.48494977434589,25.292605323002466],[-107.48494977434589,25.29206580375222],[-107.4852218433328,25.292065761588557],[-107.4852218433328,25.29152624203391],[-107.48548939917349,25.291526224205473],[-107.48548939917349,25.290719130850324],[-107.48576137844954,25.290719099858332],[-107.48576137844954,25.28963997030984]]]},"id":"0000000000000000007b","properties":{"CLASS_CLRS":"177,142,228","CLASS_ID":"7","CLASS_NAME":"SelvaSec"}},{"type":"Feature","geometry":{"type":"Polygon","coordinates":[[[-107.36691298043499,25.288832931638634],[-107.3666409452919,25.28883288795275],[-107.3666409452919,25.288565365587257],[-107.36421519861632,25.288565368307225],[-107.36421519861632,25.29098664854492],[-107.36475475270187,25.29098667414974],[-107.36475475270187,25.290719151576358],[-107.36583386429054,25.290719109099264],[-107.36583386429054,25.29045158741655],[-107.3666409452919,25.290451581848348],[-107.3666409452919,25.289640004345536],[-107.36691298043499,25.28964004719094],[-107.36691298043499,25.288832931638634]]]},"id":"0000000000000000007c","properties":{"CLASS_CLRS":"177,142,228","CLASS_ID":"7","CLASS_NAME":"SelvaSec"}},{"type":"Feature","geometry":{"type":"Polygon","coordinates":[[[-107.49788563860453,25.286139658760973],[-107.49761816045475,25.286139600239277],[-107.49761816045475,25.28506050527834],[-107.49734607867288,25.285060480756794],[-107.49734607867288,25.28425340872424],[-107.49707860106975,25.284253434520636],[-107.49707860106975,25.283981406705553],[-107.49680651984397,25.28398137982673],[-107.49680651984397,25.283713899890778],[-107.49627147572997,25.283713870886462],[-107.49627147572997,25.28344184178676],[-107.49599948560837,25.28344188898996],[-107.49599948560838,25.283174320321685],[-107.49249460247667,25.28317434219474],[-107.49249460247667,25.286407150423155],[-107.49276658898462,25.286407195529982],[-107.49276658898462,25.286674677485014],[-107.49303415248757,25.286674735292177],[-107.49303415248757,25.286946677695894],[-107.49330613955203,25.286946721012523],[-107.49330613955203,25.287486231129993],[-107.49357370360237,25.28748628689524],[-107.49357370360237,25.287753854625155],[-107.49384569122326,25.287753808401845],[-107.49384569122326,25.288025836547316],[-107.49411325582093,25.28802580308254],[-107.49411325582093,25.288293369824693],[-107.4943852439982,25.288293409280005],[-107.4943852439982,25.28856534895265],[-107.49465280914313,25.28856540119537],[-107.49465280914313,25.288832879481284],[-107.49492037455946,25.288832930850614],[-107.49492037455946,25.289372434570932],[-107.4951923635688,25.289372471062716],[-107.4951923635688,25.289640035615236],[-107.49545992953229,25.289639997479167],[-107.49545992953229,25.289912022398774],[-107.49573191909779,25.289912057100107],[-107.49573191909779,25.290179533196913],[-107.49627147572998,25.29017952649622],[-107.49627147572998,25.290451550125876],[-107.49707860106975,25.290451585311175],[-107.49707860106975,25.289639977132694],[-107.49734607867288,25.289640033245973],[-107.49734607867288,25.28883288477655],[-107.49761816045475,25.2888329053383],[-107.49761816045475,25.28802584323822],[-107.49788563860453,25.288025812345776],[-107.49788563860453,25.286139658760973]]]},"id":"0000000000000000007d","properties":{"CLASS_CLRS":"177,142,228","CLASS_ID":"7","CLASS_NAME":"SelvaSec"}},{"type":"Feature","geometry":{"type":"Polygon","coordinates":[[[-107.48117739622958,25.284788502728723],[-107.4809098447744,25.284788503986043],[-107.4809098447744,25.2845210082985],[-107.48063787051417,25.28452093431355],[-107.48063787051417,25.284253438132133],[-107.48037031960804,25.284253437633822],[-107.48037031960804,25.283981392293285],[-107.47983079554896,25.28398140201046],[-107.47983079554896,25.283713904566607],[-107.47955873213861,25.283713838265157],[-107.47955873213861,25.283441879110807],[-107.47875166048699,25.283441879107535],[-107.47875166048699,25.283713839107698],[-107.47767252985662,25.283713851411513],[-107.47767252985662,25.28398143855547],[-107.47740498196946,25.28398143115989],[-107.47740498196946,25.285600072443742],[-107.47767252985662,25.285600078170628],[-107.47767252985662,25.28694675168104],[-107.47929118233088,25.286946714907938],[-107.47929118233088,25.287214297801807],[-107.4809098447744,25.287214237507083],[-107.4809098447744,25.286946743755763],[-107.48117739622958,25.286946740273034],[-107.48117739622958,25.284788502728723]]]},"id":"0000000000000000007f","properties":{"CLASS_CLRS":"177,142,228","CLASS_ID":"7","CLASS_NAME":"SelvaSec"}},{"type":"Feature","geometry":{"type":"Polygon","coordinates":[[[-107.36232902393238,25.281555683091664],[-107.36206141472282,25.2815557002616],[-107.36206141472282,25.281288079877847],[-107.36179389601917,25.281288085283855],[-107.36179389601917,25.281016088660664],[-107.36152186632629,25.281016112743774],[-107.36152186632629,25.280748578891874],[-107.36125434818791,25.280748582542813],[-107.36125434818791,25.280476584920326],[-107.36098231906988,25.28047660721886],[-107.36098231906988,25.280208984868572],[-107.36071480149683,25.28020898676439],[-107.36071480149683,25.27966945260341],[-107.35909616826609,25.279669418938845],[-107.35909616826609,25.279941506978425],[-107.3582890208824,25.27994144022752],[-107.3582890208824,25.280208978032736],[-107.35774948046026,25.280208988616643],[-107.35774948046026,25.28155569137502],[-107.35748196627611,25.281555687442406],[-107.35748196627611,25.283174298230932],[-107.35774948046026,25.283174300507067],[-107.35774948046026,25.283441836283664],[-107.3582890208824,25.283441906542592],[-107.3582890208824,25.28371390484405],[-107.35882856244548,25.283713884599905],[-107.35882856244548,25.283981418841073],[-107.36071480149683,25.28398141335728],[-107.36071480149683,25.283713881046822],[-107.36179389601917,25.283713903832638],[-107.36179389601917,25.2831742900274],[-107.36206141472282,25.283174282690574],[-107.36206141472282,25.282367224075575],[-107.36232902393238,25.282367206074653],[-107.36232902393238,25.281555683091664]]]},"id":"00000000000000000080","properties":{"CLASS_CLRS":"177,142,228","CLASS_ID":"7","CLASS_NAME":"SelvaSec"}},{"type":"Feature","geometry":{"type":"Polygon","coordinates":[[[-107.35317001919661,25.280208973580145],[-107.35263048960687,25.280209048668254],[-107.35263048960687,25.27994150507234],[-107.35209087093757,25.27994150055046],[-107.35209087093757,25.280209044698513],[-107.34966517237638,25.280209036686642],[-107.34966517237636,25.280476583102928],[-107.34831853440379,25.280476598347256],[-107.34831853440377,25.280748521908485],[-107.34804651908966,25.280748602688284],[-107.34804651908966,25.28101615032976],[-107.34777892487197,25.281016135098593],[-107.34777892487197,25.28155569378726],[-107.34885805485868,25.281555655884695],[-107.34885805485868,25.28182766552865],[-107.34939315562326,25.281827699805515],[-107.34939315562326,25.282095245207937],[-107.35263048960687,25.282095238087695],[-107.35263048960687,25.281555690277315],[-107.35289799870046,25.28155570502497],[-107.35289799870046,25.281016069379923],[-107.35317001919661,25.281016152362888],[-107.35317001919661,25.280208973580145]]]},"id":"00000000000000000081","properties":{"CLASS_CLRS":"177,142,228","CLASS_ID":"7","CLASS_NAME":"SelvaSec"}},{"type":"Feature","geometry":{"type":"Polygon","coordinates":[[[-107.34076924755671,25.275089978102645],[-107.34050166099728,25.275089940583978],[-107.34050166099728,25.274818004310475],[-107.3375363949611,25.274817992534008],[-107.3375363949611,25.275357494792253],[-107.33726881180802,25.275357537864785],[-107.33726881180802,25.275629564585433],[-107.33672931595106,25.275629558754773],[-107.33672931595106,25.275897034528242],[-107.3361897310244,25.275897037697476],[-107.3361897310244,25.276164601334088],[-107.33645731303994,25.276164647366567],[-107.33645731303994,25.276704149684715],[-107.33672931595106,25.27670418689532],[-107.33672931595106,25.27697612556072],[-107.33699680831876,25.276976180434627],[-107.33699680831876,25.277243742385703],[-107.33726881180802,25.277243690288614],[-107.33726881180802,25.27751571548033],[-107.33807598275034,25.277515745165363],[-107.33807598275034,25.277783218058996],[-107.33942256647477,25.277783244077177],[-107.33942256647477,25.278055266592645],[-107.34050166099728,25.278055230740456],[-107.34050166099728,25.27670413646504],[-107.34076924755671,25.27670417233275],[-107.34076924755671,25.275089978102645]]]},"id":"00000000000000000085","properties":{"CLASS_CLRS":"177,142,228","CLASS_ID":"7","CLASS_NAME":"SelvaSec"}},{"type":"Feature","geometry":{"type":"Polygon","coordinates":[[[-107.34265986379194,25.258649232019327],[-107.3423878545296,25.25864927700167],[-107.3423878545296,25.25838170577612],[-107.34184834779924,25.25838168738416],[-107.34184834779924,25.257842166805695],[-107.34104125508651,25.257842178446673],[-107.34104125508651,25.25972840186173],[-107.34130875199602,25.25972837723509],[-107.34130875199602,25.259995948496172],[-107.34184834779924,25.259995867583648],[-107.34184834779924,25.26026790196346],[-107.34212035648419,25.26026794404724],[-107.3421203564842,25.25945639251439],[-107.3423878545296,25.25945636576227],[-107.3423878545296,25.259188795176843],[-107.34265986379194,25.259188837160696],[-107.34265986379194,25.258649232019327]]]},"id":"0000000000000000009a","properties":{"CLASS_CLRS":"177,142,228","CLASS_ID":"7","CLASS_NAME":"SelvaSec"}},{"type":"Feature","geometry":{"type":"Polygon","coordinates":[[[-107.33511065482901,25.257302636738725],[-107.33484307423355,25.25730265594723],[-107.33484307423355,25.257030611893203],[-107.33457107334432,25.257030637489997],[-107.33457107334432,25.256763056987353],[-107.33403600378952,25.25676308043495],[-107.33403600378952,25.256495499173163],[-107.33349642459072,25.256495537769347],[-107.33349642459072,25.256763032051946],[-107.33295693675515,25.256763057910636],[-107.33295693675515,25.257570180272282],[-107.33268484767348,25.25757012549252],[-107.33268484767348,25.258381710827017],[-107.33349642459072,25.25838173556798],[-107.33349642459072,25.25864922835548],[-107.33484307423355,25.258649305796993],[-107.33484307423355,25.25810968367183],[-107.33511065482901,25.258109751168178],[-107.33511065482901,25.257302636738725]]]},"id":"0000000000000000009d","properties":{"CLASS_CLRS":"177,142,228","CLASS_ID":"7","CLASS_NAME":"SelvaSec"}},{"type":"Feature","geometry":{"type":"Polygon","coordinates":[[[-107.34831853440377,25.210410691953214],[-107.34804651908968,25.210410699569344],[-107.34804651908966,25.209871115628754],[-107.34777892487197,25.20987120265443],[-107.34777892487197,25.209603598543648],[-107.34669979946109,25.2096035923997],[-107.34669979946109,25.20987119761514],[-107.34589278156783,25.20987117046506],[-107.34589278156783,25.21013868875877],[-107.34562076884698,25.21013869060484],[-107.34562076884698,25.210678279130477],[-107.34535317718057,25.210678274046323],[-107.34535317718057,25.21121777473511],[-107.34562076884698,25.21121777926708],[-107.34562076884698,25.211489848784627],[-107.34589278156783,25.2114898455328],[-107.34589278156783,25.211757362561475],[-107.34616028358194,25.211757376200648],[-107.34616028358194,25.212024892746467],[-107.34643229687968,25.212024887717543],[-107.34643229687968,25.21229686821094],[-107.34669979946109,25.212296880097842],[-107.34669979946109,25.212564483207576],[-107.34697181333567,25.212564476396782],[-107.34697181333567,25.212836455899957],[-107.34723940670465,25.21283645517309],[-107.34723940670465,25.213103969770938],[-107.34777892487197,25.21310396983845],[-107.34777892487197,25.212836455792694],[-107.34804651908966,25.21283645326966],[-107.34804651908966,25.212296873153424],[-107.34831853440377,25.21229686357463],[-107.34831853440377,25.210410691953214]]]},"id":"000000000000000000c9","properties":{"CLASS_CLRS":"177,142,228","CLASS_ID":"7","CLASS_NAME":"SelvaSec"}},{"type":"Feature","geometry":{"type":"Polygon","coordinates":[[[-107.44668184865033,25.184538993373355],[-107.44641424219033,25.18453900038818],[-107.44641424219033,25.184267014750517],[-107.44614221351054,25.184267031021275],[-107.44614221351054,25.183999420467725],[-107.44587469785942,25.183999414803882],[-107.44587469785942,25.183731891279322],[-107.44479561254829,25.183731903560457],[-107.44479561254829,25.183999428196067],[-107.44371653170573,25.183999431906592],[-107.44371653170573,25.184806558541485],[-107.44344892829078,25.184806559233834],[-107.44344892829078,25.185618147933745],[-107.44318141540471,25.18561813794563],[-107.44318141540471,25.18615765052887],[-107.44264187776791,25.186157650833916],[-107.44264187776791,25.1869647757619],[-107.44290939009986,25.186964785563873],[-107.44290939009986,25.187232309636713],[-107.44344892829079,25.187232305900313],[-107.44344892829078,25.187504292306002],[-107.4456026697427,25.187504348573118],[-107.4456026697427,25.187232276910805],[-107.44587469785942,25.187232258756],[-107.44587469785942,25.186964737736016],[-107.44614221351054,25.186964740346653],[-107.44614221351054,25.18642523517225],[-107.44641424219034,25.186425216641936],[-107.44641424219033,25.185885623678125],[-107.44668184865033,25.185885615276298],[-107.44668184865033,25.184538993373355]]]},"id":"000000000000000000f5","properties":{"CLASS_CLRS":"177,142,228","CLASS_ID":"7","CLASS_NAME":"SelvaSec"}},{"type":"Feature","geometry":{"type":"Polygon","coordinates":[[[-107.45180081145683,25.156781109360544],[-107.45153329000225,25.15678108824493],[-107.45153329000225,25.156509086204345],[-107.45126576882184,25.15650906421381],[-107.45126576882184,25.155973985669572],[-107.44910755804786,25.15597404166475],[-107.44910755804786,25.15650912465573],[-107.4488400393545,25.15650909727343],[-107.4488400393545,25.157588188668814],[-107.44910755804786,25.15758821493952],[-107.44910755804786,25.157860218678174],[-107.44964710906773,25.15786016063027],[-107.44964710906773,25.158127787741112],[-107.44991462858873,25.15812772414506],[-107.44991462858873,25.158395263257756],[-107.45018666120345,25.158395265551132],[-107.45018666120345,25.158667267529232],[-107.45072621445487,25.158667290483873],[-107.45072621445487,25.1589348283459],[-107.45126576882184,25.15893484832569],[-107.45126576882184,25.15866731101954],[-107.45153329000225,25.158667330786507],[-107.45153329000225,25.15812779277387],[-107.45180081145683,25.158127724985732],[-107.45180081145683,25.156781109360544]]]},"id":"00000000000000000116","properties":{"CLASS_CLRS":"177,142,228","CLASS_ID":"7","CLASS_NAME":"SelvaSec"}},{"type":"Feature","geometry":{"type":"Polygon","coordinates":[[[-107.48522184333281,25.154087785215946],[-107.48494977434589,25.15408777009318],[-107.48494977434589,25.15381580098757],[-107.48468230932203,25.153815752055355],[-107.48468230932203,25.153548245280287],[-107.4838707085461,25.15354824734138],[-107.4838707085461,25.15327627668273],[-107.48360315435116,25.153276235734403],[-107.48360315435116,25.152469159848515],[-107.48306362365943,25.152469172954063],[-107.48306362365943,25.152197113100165],[-107.48171692305208,25.15219718311181],[-107.48171692305208,25.15246915687163],[-107.48144946131508,25.15246918687175],[-107.48144946131508,25.152736697810933],[-107.4811773962296,25.15273667274126],[-107.48117739622958,25.153008734154387],[-107.48063787051417,25.153008737508447],[-107.48063787051417,25.153276248871563],[-107.48037031960804,25.153276288243376],[-107.48037031960804,25.154622856637413],[-107.48225654124892,25.154622865046978],[-107.48225654124893,25.15489492385631],[-107.4827960702853,25.154894909319466],[-107.4827960702853,25.155162417008594],[-107.4833356004283,25.155162487002467],[-107.4833356004283,25.15543445675181],[-107.48494977434589,25.15543448657398],[-107.48494977434589,25.155162431012744],[-107.48522184333281,25.155162445007235],[-107.48522184333281,25.154087785215946]]]},"id":"0000000000000000011e","properties":{"CLASS_CLRS":"177,142,228","CLASS_ID":"7","CLASS_NAME":"SelvaSec"}},{"type":"Feature","geometry":{"type":"Polygon","coordinates":[[[-107.47983079554896,25.145998956167375],[-107.47955873213861,25.14599900787618],[-107.47955873213861,25.1457314898258],[-107.47902363279553,25.145731460094183],[-107.47902363279553,25.144924352517144],[-107.47848411150093,25.144924329390374],[-107.47848411150093,25.145191936677726],[-107.47767252985662,25.14519187077822],[-107.47767252985662,25.145463941745945],[-107.4771374343548,25.145463903077264],[-107.4771374343548,25.14573142383103],[-107.47740498196946,25.145731486941994],[-107.47740498196946,25.14599900721497],[-107.47767252985662,25.145998981944423],[-107.47767252985662,25.146538571868238],[-107.47794459131411,25.14653852385596],[-107.47794459131411,25.14707811238075],[-107.47929118233088,25.147078122105377],[-107.47929118233088,25.14681051709474],[-107.47955873213861,25.14681057430431],[-107.4795587321386,25.146538506364024],[-107.47983079554896,25.146538541598794],[-107.47983079554896,25.145998956167375]]]},"id":"00000000000000000125","properties":{"CLASS_CLRS":"177,142,228","CLASS_ID":"7","CLASS_NAME":"SelvaSec"}},{"type":"Feature","geometry":{"type":"Polygon","coordinates":[[[-107.33834798739585,25.14222661744346],[-107.33807598275034,25.142226619130266],[-107.33807598275034,25.141959040313992],[-107.33780839902852,25.141959035669693],[-107.33780839902852,25.141687078439535],[-107.3375363949611,25.1416870783469],[-107.3375363949611,25.141419498565394],[-107.33672931595106,25.141419472156873],[-107.33672931595106,25.14195901111712],[-107.33645731303994,25.141959008871492],[-107.33645731303994,25.142226589344478],[-107.3361897310244,25.14222658137938],[-107.3361897310244,25.14276612020738],[-107.33592223950733,25.142766101368853],[-107.33592223950733,25.14303814728048],[-107.335650147245,25.143038155166884],[-107.335650147245,25.143305735639746],[-107.33807598275034,25.14330568816796],[-107.33807598275034,25.143038110177795],[-107.33834798739585,25.14303810764666],[-107.33834798739585,25.14222661744346]]]},"id":"0000000000000000012c","properties":{"CLASS_CLRS":"177,142,228","CLASS_ID":"7","CLASS_NAME":"SelvaSec"}},{"type":"Feature","geometry":{"type":"Polygon","coordinates":[[[-107.39332423115708,25.13953329870663],[-107.3930521679998,25.13953333416792],[-107.39305216799981,25.138993732804096],[-107.3927846169499,25.138993748812663],[-107.3927846169499,25.138726223607936],[-107.39251264459952,25.138726158596718],[-107.39251264459952,25.138454168309018],[-107.39224509411069,25.138454182565308],[-107.39224509411069,25.137914665408356],[-107.39197312233068,25.137914598331687],[-107.39197312233068,25.137647071469353],[-107.39170557240301,25.137647083698713],[-107.39170557240301,25.137375091730483],[-107.39116596159118,25.13737513203484],[-107.39116596159118,25.137647124566293],[-107.39035889362047,25.137647073845105],[-107.39035889362047,25.137914602364706],[-107.38955182818295,25.137914634607217],[-107.38955182818295,25.138454157340373],[-107.38981937586983,25.13845414906559],[-107.38981937586983,25.138993757955493],[-107.39008692383514,25.13899374853256],[-107.39008692383514,25.139533268495065],[-107.39035889362047,25.13953333814093],[-107.39035889362046,25.140072856708695],[-107.39062644214718,25.14007284497968],[-107.39062644214718,25.14034037137096],[-107.39089841250315,25.140340438956095],[-107.39089841250315,25.14061242946308],[-107.39116596159118,25.140612415981824],[-107.39116596159118,25.141151931215088],[-107.39143802275362,25.14115198586466],[-107.39143802275362,25.1414195105977],[-107.39170557240301,25.141419495089316],[-107.39170557240301,25.141687019343106],[-107.39224509411069,25.141687066104325],[-107.39224509411069,25.141151930959467],[-107.39251264459952,25.141151913933243],[-107.39251264459952,25.14087992553053],[-107.3927846169499,25.140879988293275],[-107.3927846169499,25.1406123769897],[-107.3930521679998,25.140612359319146],[-107.39305216799981,25.14034037106023],[-107.39332423115708,25.14034042229675],[-107.39332423115708,25.13953329870663]]]},"id":"0000000000000000012d","properties":{"CLASS_CLRS":"177,142,228","CLASS_ID":"7","CLASS_NAME":"SelvaSec"}},{"type":"Feature","geometry":{"type":"Polygon","coordinates":[[[-107.33592223950733,25.131176941735934],[-107.335650147245,25.13117693727847],[-107.335650147245,25.13090943509765],[-107.3353826562967,25.13090940292994],[-107.3353826562967,25.130637347032902],[-107.33484307423355,25.13063739471462],[-107.33484307423355,25.130909363610698],[-107.33457107334432,25.13090943317442],[-107.33457107334432,25.13144890521996],[-107.33430358353371,25.131448958771823],[-107.33430358353371,25.131988518101675],[-107.33511065482901,25.131988502307703],[-107.33511065482901,25.13225600421744],[-107.33592223950733,25.132256053721672],[-107.33592223950733,25.131176941735934]]]},"id":"00000000000000000142","properties":{"CLASS_CLRS":"177,142,228","CLASS_ID":"7","CLASS_NAME":"SelvaSec"}},{"type":"Feature","geometry":{"type":"Polygon","coordinates":[[[-107.36448723117758,25.120938851653055],[-107.36421519861632,25.12093880261177],[-107.36421519861632,25.12066685657944],[-107.36394767765695,25.120666877314697],[-107.36394767765695,25.120399308556316],[-107.36368006675156,25.12039933926764],[-107.36368006675156,25.120127304705516],[-107.36340812527578,25.12012724215285],[-107.36340812527578,25.11985975998671],[-107.3631405149356,25.119859788947128],[-107.3631405149356,25.119592218747805],[-107.36286857403421,25.11959215442023],[-107.36286857403421,25.119052635056352],[-107.3626009642593,25.11905266199155],[-107.3626009642593,25.11878062526424],[-107.36232902393238,25.118780646429833],[-107.36232902393238,25.118513074578633],[-107.36206141472282,25.118513099762993],[-107.36206141472282,25.11824106205658],[-107.36179389601917,25.11824107552609],[-107.36179389601917,25.11797350271642],[-107.36152186632629,25.11797353206235],[-107.36152186632629,25.117705958770607],[-107.3604427729537,25.117706035503307],[-107.3604427729537,25.117973522344172],[-107.36017525594606,25.11797353194782],[-107.36017525594607,25.118241106416768],[-107.35990322797792,25.118241132389443],[-107.35990322797792,25.118513084788056],[-107.35963571153577,25.118513093747435],[-107.35963571153577,25.118780668359584],[-107.3593681051494,25.118780687839994],[-107.3593681051494,25.119052640379497],[-107.35909616826609,25.119052654536322],[-107.35909616826608,25.11932022929158],[-107.35882856244548,25.11932016057023],[-107.35882856244548,25.119592200812374],[-107.35855662613713,25.11959221431423],[-107.35855662613713,25.119859701655304],[-107.3582890208824,25.119859719846556],[-107.3582890208824,25.120399334996534],[-107.35882856244548,25.12039930190959],[-107.35882856244548,25.12066687591571],[-107.35909616826608,25.120666855699447],[-107.35909616826609,25.120938807065325],[-107.35963571153577,25.120938856807665],[-107.35963571153577,25.121206429576272],[-107.35990322797792,25.1212064178568],[-107.35990322797792,25.12147836796498],[-107.36017525594607,25.121478426175234],[-107.36017525594607,25.12174591042436],[-107.36071480149683,25.121745953668462],[-107.36071480149683,25.12201352471728],[-107.36098231906988,25.122013509776043],[-107.36098231906988,25.12228545813623],[-107.36125434818791,25.12228551306991],[-107.36125434818791,25.122553083155307],[-107.36152186632629,25.122553066463748],[-107.36152186632629,25.122825013844725],[-107.36206141472282,25.122825048830613],[-107.36206141472282,25.123092617678296],[-107.36232902393238,25.12309258779885],[-107.36232902393238,25.12336462147678],[-107.3626009642593,25.123364595535335],[-107.3626009642593,25.123632163419447],[-107.3631405149356,25.12363210435172],[-107.3631405149356,25.123904136766534],[-107.36340812527578,25.123904103659502],[-107.36340812527578,25.124439236748145],[-107.36368006675156,25.1244392072527],[-107.36368006675156,25.124171728643358],[-107.36394767765695,25.124171694064135],[-107.36394767765695,25.123364617448686],[-107.36421519861632,25.123364593948185],[-107.36421519861632,25.122285483971876],[-107.36448723117758,25.12228553160922],[-107.36448723117758,25.120938851653055]]]},"id":"00000000000000000151","properties":{"CLASS_CLRS":"177,142,228","CLASS_ID":"7","CLASS_NAME":"SelvaSec"}},{"type":"Feature","geometry":{"type":"Polygon","coordinates":[[[-107.40032948272004,25.119859773807814],[-107.40006192410922,25.11985969877904],[-107.40006192410922,25.119320169248997],[-107.39978994407247,25.119320187943167],[-107.39978994407247,25.119052654947144],[-107.39952238602176,25.119052665434648],[-107.39952238602176,25.11851313355082],[-107.39925031631576,25.118513073509316],[-107.39925031631576,25.117973540235614],[-107.39898275882531,25.117973548416547],[-107.39898275882531,25.117706013568846],[-107.39844322299737,25.11770603485056],[-107.39844322299737,25.11797357025251],[-107.39817566634504,25.11797357664189],[-107.39817566634504,25.118241112115605],[-107.3979036882993,25.118241125426533],[-107.3979036882993,25.11851312573692],[-107.39763613220735,25.11851313148295],[-107.39763613220734,25.119052667274595],[-107.39736415473125,25.119052680215557],[-107.39736415473125,25.119320215703553],[-107.39709659919973,25.119320221081026],[-107.39709659919973,25.119592221401238],[-107.39682462229337,25.119592233688163],[-107.39682462229337,25.1201273047498],[-107.39709659919973,25.120127291904154],[-107.39709659919973,25.120666826341086],[-107.39736415473125,25.12066681958029],[-107.39736415473125,25.12120635263631],[-107.39763613220734,25.12120642499015],[-107.39763613220734,25.121745956655833],[-107.3979036882993,25.12174594758873],[-107.3979036882993,25.12228547787322],[-107.39817566634504,25.122285460338915],[-107.39817566634504,25.122553080080305],[-107.39898275882531,25.122553037663156],[-107.39898275882531,25.122285506294123],[-107.39925031631576,25.12228549368319],[-107.39925031631576,25.12201349769277],[-107.39952238602176,25.122013466533723],[-107.39952238602176,25.121745935308923],[-107.39978994407247,25.121745922054338],[-107.39978994407247,25.121478390901075],[-107.40006192410922,25.121478369952918],[-107.40006192410922,25.121206374186542],[-107.40032948272004,25.12120636028853],[-107.40032948272004,25.119859773807814]]]},"id":"00000000000000000156","properties":{"CLASS_CLRS":"177,142,228","CLASS_ID":"7","CLASS_NAME":"SelvaSec"}},{"type":"Feature","geometry":{"type":"Polygon","coordinates":[[[-107.36125434818791,25.09695334162509],[-107.36071480149683,25.096953337101006],[-107.36071480149683,25.096413778721274],[-107.3604427729537,25.096413783162657],[-107.3604427729537,25.096146280007236],[-107.36017525594606,25.096146267238847],[-107.36017525594606,25.09587421035244],[-107.35990322797792,25.095874213014774],[-107.35990322797792,25.095606708899435],[-107.3593681051494,25.095606690103324],[-107.3593681051494,25.09587428233002],[-107.35855662613713,25.0958742559318],[-107.35855662613713,25.09614622694233],[-107.35801708514909,25.096146208683844],[-107.35801708514909,25.096413801888648],[-107.35774948046026,25.09641379484746],[-107.35774948046026,25.096953359357336],[-107.35748196627611,25.096953341443484],[-107.35748196627611,25.097492905685378],[-107.35774948046026,25.097492923046232],[-107.35774948046026,25.097760427946184],[-107.35801708514909,25.097760433606762],[-107.35801708514909,25.098032403732866],[-107.3582890208824,25.09803241390754],[-107.3582890208824,25.098300005410096],[-107.35855662613713,25.098300009320543],[-107.35855662613713,25.098567512784268],[-107.35909616826608,25.098567523624347],[-107.35909616826609,25.098839579569045],[-107.3593681051494,25.098839586470095],[-107.3593681051494,25.09910708869489],[-107.35963571153577,25.099107089383953],[-107.35963571153577,25.099379056790138],[-107.36017525594607,25.099379061125955],[-107.36017525594607,25.099107094281994],[-107.3604427729537,25.099107104015363],[-107.3604427729537,25.098839515330262],[-107.36071480149683,25.0988395083605],[-107.36071480149683,25.09829995285118],[-107.36098231906988,25.098299962215332],[-107.36098231906988,25.09776040643783],[-107.36125434818791,25.097760399376114],[-107.36125434818791,25.09695334162509]]]},"id":"00000000000000000172","properties":{"CLASS_CLRS":"177,142,228","CLASS_ID":"7","CLASS_NAME":"SelvaSec"}},{"type":"Feature","geometry":{"type":"Polygon","coordinates":[[[-107.36206141472282,25.094527622064447],[-107.36179389601917,25.094527611226187],[-107.36179389601917,25.09425555478609],[-107.36152186632629,25.094255559411064],[-107.36152186632629,25.093988055734634],[-107.36125434818791,25.093988043146762],[-107.36125434818791,25.09372045143174],[-107.36098231906988,25.09372045428232],[-107.36098231906988,25.09344848394041],[-107.3604427729537,25.093448470953447],[-107.3604427729537,25.093180965562706],[-107.35990322797792,25.09318094960968],[-107.35990322797792,25.092908977729905],[-107.3593681051494,25.092908953402286],[-107.3593681051494,25.093448519895485],[-107.35963571153577,25.09344852638652],[-107.35963571153577,25.09398800394316],[-107.35990322797792,25.0939880201204],[-107.35990322797792,25.09452758386713],[-107.36017525594606,25.094527582608396],[-107.36017525594607,25.094795174821364],[-107.3604427729537,25.09479510141196],[-107.3604427729537,25.09506715884698],[-107.36071480149683,25.095067155809232],[-107.36071480149683,25.095334659499528],[-107.36098231906988,25.095334671903398],[-107.36098231906988,25.095606728362238],[-107.36152186632629,25.09560673447392],[-107.36152186632629,25.095334678577558],[-107.36179389601917,25.0953346728277],[-107.36179389601917,25.09506717024355],[-107.36206141472282,25.095067180528662],[-107.36206141472282,25.094527622064447]]]},"id":"00000000000000000174","properties":{"CLASS_CLRS":"177,142,228","CLASS_ID":"7","CLASS_NAME":"SelvaSec"}},{"type":"Feature","geometry":{"type":"Polygon","coordinates":[[[-107.3175952773067,25.195316636454972],[-107.31678817163859,25.19531665346995],[-107.31678817163859,25.194777068872146],[-107.31543710760025,25.194777089774526],[-107.31543710760025,25.195316677156057],[-107.31516954780216,25.195316676767717],[-107.31516954780216,25.19585617630107],[-107.31543710760025,25.195856176138246],[-107.31543710760025,25.196128201675265],[-107.31624862920718,25.196128185659656],[-107.31624862920718,25.196395744981402],[-107.3175952773067,25.196395712232246],[-107.3175952773067,25.195316636454972]]]},"id":"0000000000000000017a","properties":{"CLASS_CLRS":"177,142,228","CLASS_ID":"7","CLASS_NAME":"SelvaSec"}},{"type":"Feature","geometry":{"type":"Polygon","coordinates":[[[-107.29414931024702,25.168370348281602],[-107.29360981630207,25.16837028907774],[-107.29360981630207,25.168637805471427],[-107.29334227969105,25.168637816892815],[-107.29334227969105,25.16890988682284],[-107.29307023331471,25.16890982542271],[-107.29307023331471,25.169177429517188],[-107.2928026972784,25.16917744029057],[-107.2928026972784,25.16944495688465],[-107.29307023331471,25.169444945838322],[-107.29307023331471,25.169716927850267],[-107.29387735319801,25.169716962773457],[-107.29387735319801,25.169444981598794],[-107.29414931024701,25.169444963864034],[-107.29414931024702,25.168370348281602]]]},"id":"0000000000000000017e","properties":{"CLASS_CLRS":"177,142,228","CLASS_ID":"7","CLASS_NAME":"SelvaSec"}},{"type":"Feature","geometry":{"type":"Polygon","coordinates":[[[-107.28767915756845,25.165672520128275],[-107.28741162727808,25.165672515351034],[-107.28741162727808,25.165404990346136],[-107.28713958732934,25.16540499948189],[-107.28713958732934,25.165133007935815],[-107.28687205761446,25.165133001409803],[-107.28687205761446,25.164865475438468],[-107.2863324891116,25.16486547479875],[-107.2863324891116,25.16513300132043],[-107.28606496025768,25.165132993001798],[-107.28606496025768,25.165404985662267],[-107.28552539349143,25.165404982516993],[-107.28552539349143,25.165672509445777],[-107.28525344578703,25.165672503796273],[-107.28525344578703,25.16594458444534],[-107.2849859180844,25.165944574557848],[-107.2849859180844,25.166212101620616],[-107.28552539349143,25.16621211632533],[-107.28552539349143,25.166484108699013],[-107.28579301196808,25.166484106034652],[-107.28579301196808,25.166751631858048],[-107.28606496025768,25.16675163517051],[-107.28606496025768,25.167019160510115],[-107.28660452818494,25.16701915791786],[-107.28660452818494,25.167291236108852],[-107.28687205761446,25.16729124102766],[-107.28687205761446,25.16755876512769],[-107.28741162727808,25.167558757809786],[-107.28741162727808,25.16701915690633],[-107.28767915756845,25.167019160309952],[-107.28767915756845,25.165672520128275]]]},"id":"0000000000000000017f","properties":{"CLASS_CLRS":"177,142,228","CLASS_ID":"7","CLASS_NAME":"SelvaSec"}},{"type":"Feature","geometry":{"type":"Polygon","coordinates":[[[-107.29549602063511,25.16190009968956],[-107.294688895552,25.161900139115335],[-107.294688895552,25.161632618627344],[-107.29441684771746,25.161632640284584],[-107.29441684771746,25.162172147581266],[-107.29414931024702,25.16217215419744],[-107.29414931024702,25.163246788982786],[-107.29387735319801,25.163246800288317],[-107.29387735319801,25.163786306186957],[-107.29360981630207,25.163786313252093],[-107.29360981630207,25.164325906430435],[-107.29334227969105,25.164325913451968],[-107.29334227969105,25.16486541877413],[-107.29307023331471,25.164865440744528],[-107.29307023331471,25.16540503335526],[-107.2928026972784,25.165405040279435],[-107.2928026972784,25.165672559784504],[-107.29307023331471,25.16567255258735],[-107.29307023331471,25.166212056375084],[-107.29334227969105,25.166212120574908],[-107.29334227969105,25.16675162296351],[-107.29360981630207,25.166751613466758],[-107.29360981630207,25.167019218676707],[-107.29414931024701,25.16701919309402],[-107.29414931024701,25.166751676001727],[-107.29441684771746,25.1667516647123],[-107.29441684771746,25.165944559526032],[-107.294688895552,25.165944533394523],[-107.294688895552,25.164597925039516],[-107.29495643359698,25.164597914749404],[-107.29495643359698,25.16405832476563],[-107.2952284820157,25.164058386940027],[-107.2952284820157,25.162172181681793],[-107.29549602063511,25.162172172668743],[-107.29549602063511,25.16190009968956]]]},"id":"00000000000000000180","properties":{"CLASS_CLRS":"177,142,228","CLASS_ID":"7","CLASS_NAME":"SelvaSec"}},{"type":"Feature","geometry":{"type":"Polygon","coordinates":[[[-107.32028859503654,25.15516242666771],[-107.32002103010086,25.155162483585244],[-107.32002103010086,25.154894896222498],[-107.31920949637734,25.154894897416803],[-107.31920949637734,25.15462293093458],[-107.3184023855531,25.154622920877745],[-107.3184023855531,25.154894888198577],[-107.3175952773067,25.154894873572633],[-107.3175952773067,25.155973987897006],[-107.3178628396743,25.155974023099372],[-107.3178628396743,25.156241524277004],[-107.31813482261417,25.156241553653206],[-107.31813482261417,25.156509054347243],[-107.31894193258388,25.15650906038106],[-107.31894193258388,25.156781113228636],[-107.32002103010086,25.156781137572022],[-107.32002103010086,25.156241587079638],[-107.32028859503654,25.156241529059155],[-107.32028859503654,25.15516242666771]]]},"id":"00000000000000000181","properties":{"CLASS_CLRS":"177,142,228","CLASS_ID":"7","CLASS_NAME":"SelvaSec"}},{"type":"Feature","geometry":{"type":"Polygon","coordinates":[[[-107.32675877302313,25.152197125013185],[-107.32648678080989,25.152197110905576],[-107.32648678080989,25.15166203220112],[-107.32621920931905,25.151662011745525],[-107.32621920931905,25.151122466101164],[-107.32594721768544,25.15112253721835],[-107.32594721768544,25.15085048723277],[-107.32621920931904,25.150850503958633],[-107.32621920931905,25.150582919621606],[-107.32648678080989,25.150582941180865],[-107.32648678080989,25.149775809735253],[-107.32621920931905,25.14977587491103],[-107.32621920931905,25.149503824157435],[-107.32594721768544,25.149503806031493],[-107.32594721768544,25.149775857067933],[-107.32567964676485,25.14977583348481],[-107.32567964676485,25.150043418993125],[-107.32514008536072,25.150043375702097],[-107.32514008536072,25.150850510682744],[-107.32487251529331,25.150850486406004],[-107.32487251529331,25.152469130427452],[-107.32460052510675,25.152469112343702],[-107.32460052510675,25.153276243370502],[-107.3254120761271,25.153276210877603],[-107.3254120761271,25.153008715137823],[-107.32594721768544,25.153008668725768],[-107.32594721768544,25.152736707772615],[-107.32675877302313,25.152736667880887],[-107.32675877302313,25.152197125013185]]]},"id":"00000000000000000182","properties":{"CLASS_CLRS":"177,142,228","CLASS_ID":"7","CLASS_NAME":"SelvaSec"}},{"type":"Feature","geometry":{"type":"Polygon","coordinates":[[[-107.27905528290069,25.147350076769744],[-107.27878776181693,25.147350121733158],[-107.27878776181693,25.147078107408912],[-107.2785201508233,25.147078074716244],[-107.2785201508233,25.146810526341817],[-107.27824821072345,25.146810572904464],[-107.27824821072345,25.14707812155615],[-107.2771691120259,25.14707805502676],[-107.27716911202589,25.14735007102908],[-107.2766295644221,25.147350078489215],[-107.2766295644221,25.147617628377493],[-107.27636195573632,25.14761767902042],[-107.27636195573632,25.147885228976254],[-107.27609443753168,25.147885180929432],[-107.27609443753168,25.148157197416232],[-107.27555489224552,25.148157201724764],[-107.27555489224552,25.148964318665232],[-107.27528286517378,25.148964283982],[-107.27528286517378,25.14977586634698],[-107.27609443753168,25.14977589255237],[-107.27609443753168,25.150043441124602],[-107.27716911202589,25.150043420856623],[-107.2771691120259,25.150310968127783],[-107.27770866079307,25.150310952164148],[-107.27770866079307,25.150043405443103],[-107.27798060030668,25.15004344432437],[-107.27798060030668,25.149775897675227],[-107.27824821072345,25.149775841237666],[-107.27824821072345,25.149503828246473],[-107.2785201508233,25.14950386646942],[-107.2785201508233,25.149236319956238],[-107.27878776181693,25.1492362628709],[-107.27878776181693,25.14896425001799],[-107.27905528290069,25.148964290985518],[-107.27905528290069,25.147350076769744]]]},"id":"00000000000000000183","properties":{"CLASS_CLRS":"177,142,228","CLASS_ID":"7","CLASS_NAME":"SelvaSec"}},{"type":"Feature","geometry":{"type":"Polygon","coordinates":[[[-107.33241735985224,25.139533301649017],[-107.33214536156453,25.13953328714671],[-107.33214536156453,25.138993734985533],[-107.33025915393878,25.138993756201604],[-107.33025915393878,25.139261257724073],[-107.33053115020255,25.139261276766785],[-107.33053115020255,25.139800831845605],[-107.33079872624803,25.139800854858578],[-107.33079872624803,25.140072820846278],[-107.33107072309087,25.140072837827027],[-107.33107072309087,25.140340425255534],[-107.33133820949128,25.140340369784447],[-107.33133820949129,25.140612422352756],[-107.33161020691301,25.14061243755456],[-107.33161020691301,25.140879936457228],[-107.33187778409756,25.140879955969982],[-107.33187778409756,25.1411519199964],[-107.33214536156453,25.14115193863667],[-107.33214536156453,25.14034042480467],[-107.33241735985224,25.140340350906598],[-107.33241735985224,25.139533301649017]]]},"id":"00000000000000000184","properties":{"CLASS_CLRS":"177,142,228","CLASS_ID":"7","CLASS_NAME":"SelvaSec"}},{"type":"Feature","geometry":{"type":"Polygon","coordinates":[[[-107.29334227969105,25.12039926974906],[-107.29307023331471,25.120399333151294],[-107.29307023331471,25.11985975860082],[-107.2928026972784,25.119859719040356],[-107.2928026972784,25.120127273426288],[-107.29253065148649,25.12012733532922],[-107.29253065148649,25.120399268747708],[-107.29226311602494,25.120399316120206],[-107.29226311602494,25.120666870646556],[-107.29199116101816,25.120666833519767],[-107.29199116101816,25.12093885466011],[-107.29145158150843,25.12093887411856],[-107.29145158150843,25.12120642906285],[-107.29118404719654,25.121206387286126],[-107.29118404719654,25.12093883206872],[-107.29037693596959,25.120938804075667],[-107.29037693596959,25.12120636011689],[-107.29010489280594,25.12120641766829],[-107.29010489280596,25.121745908677426],[-107.28956540755021,25.121745910565846],[-107.28956540755021,25.12201346682125],[-107.2892978752486,25.122013509263585],[-107.2892978752486,25.122285532157058],[-107.28903025303264,25.1222854974955],[-107.28903025303265,25.122553053886435],[-107.28956540755021,25.122553045281922],[-107.28956540755021,25.1228250674803],[-107.29010489280594,25.122825063371064],[-107.29010489280594,25.123092618254514],[-107.29037693596959,25.123092558746],[-107.29037693596958,25.12336457968474],[-107.29064446942135,25.123364621049184],[-107.29064446942135,25.123632174971167],[-107.2928026972784,25.123632173294194],[-107.2928026972784,25.12336462157516],[-107.29307023331471,25.123364569979394],[-107.29307023331471,25.122553068996048],[-107.29334227969105,25.12255300335871],[-107.29334227969105,25.12039926974906]]]},"id":"00000000000000000185","properties":{"CLASS_CLRS":"177,142,228","CLASS_ID":"7","CLASS_NAME":"SelvaSec"}},{"type":"Feature","geometry":{"type":"Polygon","coordinates":[[[-107.33214536156453,25.108542542863066],[-107.33187778409757,25.10854257841946],[-107.33187778409756,25.108270501588148],[-107.33133820949129,25.10827057499606],[-107.33133820949128,25.10854256481966],[-107.33025915393878,25.108542519561812],[-107.33025915393878,25.108810131827227],[-107.32999157846298,25.108810075903683],[-107.32999157846298,25.10908206671263],[-107.32972400326972,25.10908209804327],[-107.32972400326972,25.10934962287805],[-107.33053115020255,25.109349609232417],[-107.33053115020255,25.109617220607873],[-107.33187778409757,25.109617222934478],[-107.33187778409756,25.109349612937297],[-107.33214536156453,25.109349664123712],[-107.33214536156453,25.108542542863066]]]},"id":"00000000000000000186","properties":{"CLASS_CLRS":"177,142,228","CLASS_ID":"7","CLASS_NAME":"SelvaSec"}},{"type":"Feature","geometry":{"type":"Polygon","coordinates":[[[-107.30708515390472,25.105577283611794],[-107.30681318287415,25.105577264239432],[-107.30681318287417,25.105037695316152],[-107.30627808185601,25.10503773386969],[-107.30627808185601,25.1053051981601],[-107.30465943525618,25.10530523525628],[-107.30465943525618,25.105844808208985],[-107.30438746684422,25.105844783645896],[-107.30438746684422,25.106923928200622],[-107.30411991876927,25.106923900532415],[-107.30411991876927,25.108002955315126],[-107.30438746684422,25.108002981880883],[-107.30438746684422,25.108270533435896],[-107.30492698390425,25.108270580575432],[-107.30492698390425,25.10854251027502],[-107.30546650211984,25.1085425544412],[-107.30546650211984,25.10827053772402],[-107.30600611169653,25.108270569238144],[-107.30600611169653,25.108003019336877],[-107.30627808185601,25.108002950431516],[-107.30627808185601,25.107731021719484],[-107.30654563222305,25.10773095619883],[-107.30654563222305,25.107463406440054],[-107.30681318287415,25.107463428177077],[-107.30681318287415,25.106656312037046],[-107.30708515390472,25.10665633028858],[-107.30708515390472,25.105577283611794]]]},"id":"00000000000000000187","properties":{"CLASS_CLRS":"177,142,228","CLASS_ID":"7","CLASS_NAME":"SelvaSec"}},{"type":"Feature","geometry":{"type":"Polygon","coordinates":[[[-107.26747051110095,25.10449814869852],[-107.26719849282966,25.10449813727307],[-107.26719849282966,25.10395857275369],[-107.2663914589335,25.103958594810297],[-107.2663914589335,25.10423056780021],[-107.26611944183809,25.104230553665104],[-107.26611944183809,25.10449814713083],[-107.26585184440785,25.104498130489343],[-107.26585184440785,25.104770191215152],[-107.26531232123999,25.10477014809257],[-107.26531232123999,25.105037654380457],[-107.26504481486617,25.10503771332186],[-107.26504481486617,25.105305219679785],[-107.26450520325257,25.105305272410096],[-107.26450520325257,25.10557724631793],[-107.2642331882134,25.10557722932643],[-107.2642331882134,25.10638430383737],[-107.26450520325257,25.106384319992564],[-107.26450520325257,25.106923886343644],[-107.26477279923867,25.106923903498522],[-107.26477279923867,25.107191408705273],[-107.26611944183809,25.10719141371366],[-107.26611944183809,25.106656318250714],[-107.26665896675078,25.106656353887583],[-107.26665896675078,25.10638438304201],[-107.26693098443417,25.1063843061376],[-107.26693098443417,25.1061168025189],[-107.26719849282966,25.106116825888346],[-107.26719849282966,25.105577263840537],[-107.26747051110095,25.10557727414757],[-107.26747051110095,25.10449814869852]]]},"id":"00000000000000000188","properties":{"CLASS_CLRS":"177,142,228","CLASS_ID":"7","CLASS_NAME":"SelvaSec"}},{"type":"Feature","geometry":{"type":"Polygon","coordinates":[[[-107.3289125286445,25.09614622557316],[-107.3286449545908,25.09614624127422],[-107.3286449545908,25.095874239122114],[-107.32810538686809,25.09587427249233],[-107.32810538686809,25.096146275205683],[-107.32783339320852,25.096146205842942],[-107.32783339320852,25.09641382996538],[-107.32756582029478,25.096413755973828],[-107.32756582029478,25.096681380168157],[-107.32729833787697,25.09668129504618],[-107.32729833787697,25.09722092204066],[-107.32702625487101,25.09722086278717],[-107.32702625487101,25.097760401948438],[-107.32675877302313,25.0977604043074],[-107.32675877302313,25.098032406974223],[-107.32702625487101,25.09803240433705],[-107.32702625487101,25.09830002786143],[-107.32756582029478,25.09829999431186],[-107.32756582029478,25.09856752950909],[-107.32783339320852,25.098567513723616],[-107.32783339320852,25.098839514653147],[-107.32810538686809,25.098839581213923],[-107.32810538686809,25.09856749299469],[-107.32837296035184,25.098567563585263],[-107.32837296035184,25.09830002921383],[-107.3289125286445,25.09829998964184],[-107.3289125286445,25.09614622557316]]]},"id":"0000000000000000018a","properties":{"CLASS_CLRS":"177,142,228","CLASS_ID":"7","CLASS_NAME":"SelvaSec"}},{"type":"Feature","geometry":{"type":"Polygon","coordinates":[[[-107.3353826562967,25.27266422025098],[-107.33511065482901,25.272664175789753],[-107.335110654829,25.272124664204583],[-107.33484307423355,25.272124698565612],[-107.33484307423355,25.27158509803615],[-107.33457107334432,25.271585138757317],[-107.33457107334432,25.271317569817562],[-107.33403600378952,25.271317535490926],[-107.33403600378952,25.27158510497768],[-107.33376400376571,25.27158514387042],[-107.33376400376571,25.27185262589534],[-107.33268484767348,25.271852674003156],[-107.33268484767348,25.272124708326853],[-107.33161020691301,25.272124642051615],[-107.33161020691301,25.273743283378696],[-107.33187778409756,25.27374334209561],[-107.33187778409756,25.27401082432943],[-107.33214536156453,25.274010882176377],[-107.33214536156453,25.274278451450417],[-107.33241735985224,25.2742784134266],[-107.33241735985224,25.274817927103264],[-107.33268484767348,25.274817993792734],[-107.33268484767348,25.275089938188344],[-107.33295693675515,25.275089974754685],[-107.33295693675515,25.275357542339236],[-107.33322442514556,25.275357519748674],[-107.33322442514556,25.275897030027778],[-107.33430358353371,25.275897047922587],[-107.33430358353371,25.27562948214457],[-107.33484307423355,25.275629498877553],[-107.33484307423355,25.275357557161186],[-107.3353826562967,25.275357473632127],[-107.3353826562967,25.27266422025098]]]},"id":"0000000000000000018b","properties":{"CLASS_CLRS":"177,142,228","CLASS_ID":"7","CLASS_NAME":"SelvaSec"}},{"type":"Feature","geometry":{"type":"Polygon","coordinates":[[[-107.44695378763797,25.227926077515466],[-107.44668184865033,25.227926042270298],[-107.44668184865033,25.22738651513411],[-107.4456026697427,25.227386551858633],[-107.4456026697427,25.227118974371454],[-107.44533515464536,25.227118924393086],[-107.44533515464536,25.227386502155724],[-107.44479561254829,25.227386510212963],[-107.44479561254829,25.227658550871073],[-107.44452809827943,25.227658499650634],[-107.44452809827943,25.22846560857358],[-107.44506763982261,25.22846559947797],[-107.44506763982261,25.22873763899015],[-107.44533515464536,25.228737600397537],[-107.44533515464536,25.229005176889494],[-107.44587469785942,25.22900516304875],[-107.44587469785942,25.22927273877516],[-107.44614221351054,25.229272697834542],[-107.44614221351054,25.229544735577697],[-107.44668184865033,25.229544706054565],[-107.44668184865033,25.229005181480737],[-107.44695378763797,25.229005128096723],[-107.44695378763797,25.227926077515466]]]},"id":"000000000000000000b5","properties":{"CLASS_CLRS":"255,0,255","CLASS_ID":"8","CLASS_NAME":"SinVegAparent"}},{"type":"Feature","geometry":{"type":"Polygon","coordinates":[[[-107.44102318131117,25.225500293777483],[-107.44075567091701,25.22550031943678],[-107.44075567091701,25.225232735480255],[-107.43940458517152,25.2252327429902],[-107.43940458517152,25.22496078225889],[-107.43913698618837,25.22496072718575],[-107.43913698618837,25.225232775700526],[-107.43886947773288,25.225232796884587],[-107.43886947773288,25.225772343643126],[-107.43859745693364,25.225772298772476],[-107.43859745693362,25.226039884526894],[-107.43913698618837,25.226039819599844],[-107.43913698618837,25.226311867253944],[-107.43940458517152,25.226311833433126],[-107.43940458517152,25.226579417933575],[-107.43994411609968,25.226579435765156],[-107.43994411609968,25.22684693199752],[-107.44048364814628,25.226846946850717],[-107.44048364814628,25.22711899245182],[-107.44075567091701,25.227118944139438],[-107.44075567091701,25.226579403425525],[-107.44102318131117,25.22657937665597],[-107.44102318131117,25.225500293777483]]]},"id":"000000000000000000b6","properties":{"CLASS_CLRS":"255,0,255","CLASS_ID":"8","CLASS_NAME":"SinVegAparent"}},{"type":"Feature","geometry":{"type":"Polygon","coordinates":[[[-107.43671127939479,25.223886084760142],[-107.43644368318216,25.22388611008579],[-107.43644368318216,25.22361414518429],[-107.43617166491974,25.22361409256253],[-107.43617166491974,25.223886145253417],[-107.43536463696505,25.223886116885488],[-107.43536463696503,25.224693175678482],[-107.43563214181583,25.224693250358367],[-107.43563214181583,25.224960752505908],[-107.43617166491974,25.224960790639006],[-107.43617166491974,25.224693201541825],[-107.43671127939479,25.224693226878472],[-107.43671127939479,25.223886084760142]]]},"id":"000000000000000000bb","properties":{"CLASS_CLRS":"255,0,255","CLASS_ID":"8","CLASS_NAME":"SinVegAparent"}},{"type":"Feature","geometry":{"type":"Polygon","coordinates":[[[-107.4307806357637,25.21606929533342],[-107.4302455460777,25.216069291968058],[-107.43024554607771,25.215801777317644],[-107.42997353430387,25.21580178999968],[-107.42997353430388,25.216336819650753],[-107.42970603527932,25.21633681128368],[-107.42970603527932,25.21687639110676],[-107.42997353430388,25.216876398918973],[-107.42997353430388,25.217148375950387],[-107.4302455460777,25.217148449368874],[-107.4302455460777,25.21687638511327],[-107.43051313590766,25.216876380802827],[-107.43051313590766,25.216608867058863],[-107.4307806357637,25.216608873349532],[-107.4307806357637,25.21606929533342]]]},"id":"000000000000000000c3","properties":{"CLASS_CLRS":"255,0,255","CLASS_ID":"8","CLASS_NAME":"SinVegAparent"}},{"type":"Feature","geometry":{"type":"Polygon","coordinates":[[[-107.41730968947518,25.195856196034192],[-107.41677011535447,25.19585619880951],[-107.41677011535447,25.196128206309503],[-107.41730968947518,25.19612820297033],[-107.41730968947518,25.195856196034192]]]},"id":"000000000000000000ec","properties":{"CLASS_CLRS":"255,0,255","CLASS_ID":"8","CLASS_NAME":"SinVegAparent"}},{"type":"Feature","geometry":{"type":"Polygon","coordinates":[[[-107.41677011535447,25.19585619880951],[-107.41677011535447,25.195316646616828],[-107.4164981177211,25.195316694911778],[-107.4164981177211,25.195856247668175],[-107.41677011535447,25.19585619880951]]]},"id":"000000000000000000ed","properties":{"CLASS_CLRS":"255,0,255","CLASS_ID":"8","CLASS_NAME":"SinVegAparent"}},{"type":"Feature","geometry":{"type":"Polygon","coordinates":[[[-107.41515148998705,25.194777069763383],[-107.4140724421163,25.19477712566829],[-107.4140724421163,25.19504913684],[-107.41515148998705,25.19504907980767],[-107.41515148998705,25.194777069763383]]]},"id":"000000000000000000ef","properties":{"CLASS_CLRS":"255,0,255","CLASS_ID":"8","CLASS_NAME":"SinVegAparent"}},{"type":"Feature","geometry":{"type":"Polygon","coordinates":[[[-107.44344892829078,25.188578934051357],[-107.44318141540471,25.188578927111266],[-107.44318141540471,25.18831140436249],[-107.4415627155942,25.18831142235089],[-107.4415627155942,25.189658056063532],[-107.44183031707108,25.189658054572615],[-107.44183031707108,25.189930040759805],[-107.44236985302658,25.189930036263956],[-107.44236985302658,25.19019764610403],[-107.44318141540471,25.1901976234652],[-107.44318141540471,25.189930014460817],[-107.44344892829079,25.189930020010056],[-107.44344892829078,25.188578934051357]]]},"id":"000000000000000000f2","properties":{"CLASS_CLRS":"255,0,255","CLASS_ID":"8","CLASS_NAME":"SinVegAparent"}},{"type":"Feature","geometry":{"type":"Polygon","coordinates":[[[-107.43374598578644,25.16136056032106],[-107.4334783926262,25.161360602216533],[-107.4334783926262,25.16109304845927],[-107.43293887511267,25.161093040740198],[-107.43293887511267,25.16082102260207],[-107.43266686051811,25.160821071386305],[-107.43266686051811,25.161093089809007],[-107.43239926846923,25.161093041508046],[-107.43239926846921,25.161360596375903],[-107.43185975319662,25.1613605843747],[-107.43185975319662,25.161632603219957],[-107.4315922522291,25.161632630296946],[-107.4315922522291,25.161900185580233],[-107.43132023904462,25.161900144927973],[-107.43132023904462,25.162172163915685],[-107.4315922522291,25.16217211676125],[-107.4315922522291,25.162439671629468],[-107.43185975319662,25.162439731244117],[-107.43185975319662,25.16270728563114],[-107.43213176694611,25.162707236697656],[-107.43213176694611,25.16297925420492],[-107.43293887511267,25.162979219860702],[-107.43293887511267,25.162707203197872],[-107.4334783926262,25.162707207567056],[-107.4334783926262,25.1619001727104],[-107.43374598578644,25.161900130259582],[-107.43374598578644,25.16136056032106]]]},"id":"0000000000000000010e","properties":{"CLASS_CLRS":"255,0,255","CLASS_ID":"8","CLASS_NAME":"SinVegAparent"}},{"type":"Feature","geometry":{"type":"Polygon","coordinates":[[[-107.35963571153577,25.15893485951883],[-107.35909616826608,25.15893480075068],[-107.35909616826609,25.158667256280445],[-107.3582890208824,25.158667340050922],[-107.3582890208824,25.158934885348057],[-107.35801708514909,25.15893485105655],[-107.35801708514909,25.159206861350775],[-107.35774948046026,25.159206831118777],[-107.35774948046026,25.159474376553682],[-107.35748196627611,25.159474422696878],[-107.35748196627611,25.15974643312646],[-107.35774948046026,25.159746386704672],[-107.35774948046026,25.160013931724464],[-107.3582890208824,25.16001399429705],[-107.3582890208824,25.160285915916763],[-107.3593681051494,25.160285945138167],[-107.3593681051494,25.15974639373379],[-107.35963571153577,25.15974641981556],[-107.35963571153577,25.15893485951883]]]},"id":"00000000000000000112","properties":{"CLASS_CLRS":"255,0,255","CLASS_ID":"8","CLASS_NAME":"SinVegAparent"}},{"type":"Feature","geometry":{"type":"Polygon","coordinates":[[[-107.3534375288566,25.155973995608246],[-107.35263048960687,25.15597402228415],[-107.35263048960687,25.155702003852838],[-107.35209087093757,25.155702005416167],[-107.35209087093756,25.155974024409378],[-107.3515513436331,25.155974013270235],[-107.3515513436331,25.156241567539922],[-107.35127932486526,25.15624152607532],[-107.35127932486526,25.15678109962553],[-107.35101181747142,25.156781128638983],[-107.35101181747142,25.157048682840784],[-107.35127932486527,25.1570486535534],[-107.35127932486527,25.157320672339207],[-107.3515513436331,25.157320625129856],[-107.3515513436331,25.157588178364318],[-107.35181885159358,25.157588234876204],[-107.35181885159358,25.15786016512848],[-107.35235846968672,25.157860160325967],[-107.35235846968672,25.157588230635405],[-107.35289799870046,25.157588234824743],[-107.35289799870046,25.157320682969555],[-107.35317001919661,25.157320632104344],[-107.35317001919661,25.157048615287255],[-107.3534375288566,25.157048668755888],[-107.3534375288566,25.155973995608246]]]},"id":"0000000000000000011a","properties":{"CLASS_CLRS":"255,0,255","CLASS_ID":"8","CLASS_NAME":"SinVegAparent"}},{"type":"Feature","geometry":{"type":"Polygon","coordinates":[[[-107.4138048692629,25.155701994119305],[-107.4135328747473,25.15570199431644],[-107.4135328747473,25.15543441569313],[-107.41245816530763,25.15543447153347],[-107.41245816530763,25.156509078179536],[-107.41272573676744,25.15650908800037],[-107.41272573676744,25.156781130646472],[-107.4132653024522,25.156781139487062],[-107.4132653024522,25.15650909740492],[-107.4135328747473,25.156509105431777],[-107.4135328747473,25.156241527428445],[-107.4138048692629,25.156241526667465],[-107.4138048692629,25.155701994119305]]]},"id":"0000000000000000011c","properties":{"CLASS_CLRS":"255,0,255","CLASS_ID":"8","CLASS_NAME":"SinVegAparent"}},{"type":"Feature","geometry":{"type":"Polygon","coordinates":[[[-107.40868584330296,25.153008690910482],[-107.40841376393304,25.153008687614502],[-107.40841376393304,25.152469138887035],[-107.40787420837862,25.152469186898053],[-107.40787420837862,25.15273668608224],[-107.40760673218455,25.152736650716136],[-107.40760673218455,25.153008701657054],[-107.40787420837862,25.153008736743637],[-107.40787420837862,25.15354828575423],[-107.40868584330296,25.153548238239082],[-107.40868584330296,25.153008690910482]]]},"id":"00000000000000000122","properties":{"CLASS_CLRS":"255,0,255","CLASS_ID":"8","CLASS_NAME":"SinVegAparent"}},{"type":"Feature","geometry":{"type":"Polygon","coordinates":[[[-107.35963571153577,25.14923626116626],[-107.35909616826608,25.149236269905522],[-107.35909616826608,25.14896425294967],[-107.35882856244548,25.14896430216768],[-107.35882856244548,25.149236319402277],[-107.35855662613713,25.149236276228066],[-107.35855662613713,25.150043397444367],[-107.3593681051494,25.15004343056946],[-107.3593681051494,25.14950386329654],[-107.35963571153577,25.149503812327033],[-107.35963571153577,25.14923626116626]]]},"id":"00000000000000000123","properties":{"CLASS_CLRS":"255,0,255","CLASS_ID":"8","CLASS_NAME":"SinVegAparent"}},{"type":"Feature","geometry":{"type":"Polygon","coordinates":[[[-107.42108213724718,25.146271006487364],[-107.42054255526516,25.146271010883087],[-107.42054255526516,25.14681054404578],[-107.42108213724718,25.14681053853094],[-107.42108213724718,25.146271006487364]]]},"id":"00000000000000000126","properties":{"CLASS_CLRS":"255,0,255","CLASS_ID":"8","CLASS_NAME":"SinVegAparent"}},{"type":"Feature","geometry":{"type":"Polygon","coordinates":[[[-107.42458254358331,25.143845281104568],[-107.42431495986949,25.143845284609192],[-107.42431495986949,25.144384813691246],[-107.42458254358331,25.144384809631518],[-107.42458254358331,25.143845281104568]]]},"id":"00000000000000000128","properties":{"CLASS_CLRS":"255,0,255","CLASS_ID":"8","CLASS_NAME":"SinVegAparent"}},{"type":"Feature","geometry":{"type":"Polygon","coordinates":[[[-107.36179389601917,25.142766112629584],[-107.36071480149683,25.142766120282342],[-107.36071480149683,25.143038140379645],[-107.3604427729537,25.143038193407],[-107.3604427729537,25.14330566093894],[-107.36179389601917,25.143305685300483],[-107.36179389601917,25.142766112629584]]]},"id":"0000000000000000012b","properties":{"CLASS_CLRS":"255,0,255","CLASS_ID":"8","CLASS_NAME":"SinVegAparent"}},{"type":"Feature","geometry":{"type":"Polygon","coordinates":[[[-107.35424466088493,25.140072829616027],[-107.353977060155,25.140072858947562],[-107.353977060155,25.13980082952461],[-107.35289799870046,25.139800842465686],[-107.35289799870046,25.140612380667935],[-107.35317001919661,25.140612434754743],[-107.35317001919661,25.14087991159169],[-107.353977060155,25.140879927938023],[-107.353977060155,25.14061236437404],[-107.35424466088493,25.14061242204322],[-107.35424466088493,25.140072829616027]]]},"id":"0000000000000000012f","properties":{"CLASS_CLRS":"255,0,255","CLASS_ID":"8","CLASS_NAME":"SinVegAparent"}},{"type":"Feature","geometry":{"type":"Polygon","coordinates":[[[-107.35909616826609,25.136567951982368],[-107.35882856244548,25.136567988496598],[-107.35882856244548,25.13630042660748],[-107.3582890208824,25.13630049255375],[-107.3582890208824,25.136567967442613],[-107.35855662613713,25.1365680196796],[-107.35855662613713,25.1368399592912],[-107.35909616826608,25.136839978584838],[-107.35909616826609,25.136567951982368]]]},"id":"00000000000000000136","properties":{"CLASS_CLRS":"255,0,255","CLASS_ID":"8","CLASS_NAME":"SinVegAparent"}},{"type":"Feature","geometry":{"type":"Polygon","coordinates":[[[-107.3687991889478,25.13602843904166],[-107.36799201090645,25.136028430280124],[-107.36799201090645,25.136300448030507],[-107.3687991889478,25.136300455950582],[-107.3687991889478,25.13602843904166]]]},"id":"00000000000000000138","properties":{"CLASS_CLRS":"255,0,255","CLASS_ID":"8","CLASS_NAME":"SinVegAparent"}},{"type":"Feature","geometry":{"type":"Polygon","coordinates":[[[-107.35181885159358,25.133874681292156],[-107.34993267835561,25.133874689145404],[-107.34993267835561,25.134414212475967],[-107.34966517237636,25.13441421559663],[-107.34966517237636,25.134949360828234],[-107.34939315562326,25.134949380486677],[-107.34939315562326,25.135488903276887],[-107.3502046956851,25.13548885739754],[-107.3502046956851,25.135760894099942],[-107.35127932486526,25.135760927795396],[-107.35127932486526,25.135488892212177],[-107.3515513436331,25.135488867734527],[-107.3515513436331,25.13494934940183],[-107.35181885159358,25.13494934154625],[-107.35181885159358,25.133874681292156]]]},"id":"00000000000000000139","properties":{"CLASS_CLRS":"255,0,255","CLASS_ID":"8","CLASS_NAME":"SinVegAparent"}},{"type":"Feature","geometry":{"type":"Polygon","coordinates":[[[-107.38604693408969,25.134414225674423],[-107.38550742539178,25.134414223640736],[-107.38550742539178,25.134949295372344],[-107.38604693408969,25.134949383842763],[-107.38604693408969,25.134414225674423]]]},"id":"0000000000000000013b","properties":{"CLASS_CLRS":"255,0,255","CLASS_ID":"8","CLASS_NAME":"SinVegAparent"}},{"type":"Feature","geometry":{"type":"Polygon","coordinates":[[[-107.35424466088493,25.13010225870356],[-107.353977060155,25.13010227781925],[-107.353977060155,25.12983032821199],[-107.3534375288566,25.129830271514408],[-107.3534375288566,25.13036988138346],[-107.35370512902004,25.130369863191472],[-107.35370512902004,25.130637347300684],[-107.35424466088493,25.130637401132752],[-107.35424466088493,25.13010225870356]]]},"id":"00000000000000000146","properties":{"CLASS_CLRS":"255,0,255","CLASS_ID":"8","CLASS_NAME":"SinVegAparent"}},{"type":"Feature","geometry":{"type":"Polygon","coordinates":[[[-107.34885805485868,25.128216134168675],[-107.34723940670465,25.128216064031513],[-107.34723940670465,25.129023181147335],[-107.34697181333567,25.129023183604616],[-107.34697181333567,25.12956272051307],[-107.34723940670465,25.129562717503163],[-107.34723940670465,25.13010225302958],[-107.34750691013461,25.130102259708558],[-107.34750691013461,25.12983030336479],[-107.348586038968,25.129830281491103],[-107.348586038968,25.129290748327705],[-107.34885805485868,25.129290736382902],[-107.34885805485868,25.128216134168675]]]},"id":"00000000000000000147","properties":{"CLASS_CLRS":"255,0,255","CLASS_ID":"8","CLASS_NAME":"SinVegAparent"}},{"type":"Feature","geometry":{"type":"Polygon","coordinates":[[[-107.353977060155,25.126597473907236],[-107.3534375288566,25.126597410530103],[-107.3534375288566,25.127137025367663],[-107.353977060155,25.127137000072935],[-107.353977060155,25.126597473907236]]]},"id":"0000000000000000014e","properties":{"CLASS_CLRS":"255,0,255","CLASS_ID":"8","CLASS_NAME":"SinVegAparent"}},{"type":"Feature","geometry":{"type":"Polygon","coordinates":[[[-107.34535317718057,25.12390416157624],[-107.3450811650368,25.123904160003548],[-107.3450811650368,25.123632108775137],[-107.34454607334035,25.123632169199723],[-107.34454607334035,25.123364582815903],[-107.34400656202968,25.123364558108314],[-107.34400656202968,25.123092592904797],[-107.34373455132634,25.123092587448724],[-107.34373455132634,25.123364552935367],[-107.34346696164476,25.12336462937815],[-107.34346696164476,25.124171681731845],[-107.34373455132634,25.124171692023854],[-107.34373455132634,25.12471124306933],[-107.34427406205988,25.12471126621361],[-107.34427406205988,25.124978764290237],[-107.3450811650368,25.124978790943736],[-107.3450811650368,25.12443924308962],[-107.34535317718057,25.124439244105243],[-107.34535317718057,25.12390416157624]]]},"id":"00000000000000000150","properties":{"CLASS_CLRS":"255,0,255","CLASS_ID":"8","CLASS_NAME":"SinVegAparent"}},{"type":"Feature","geometry":{"type":"Polygon","coordinates":[[[-107.38146299605668,25.123092555088885],[-107.38119545707484,25.12309261659029],[-107.38119545707484,25.12363217940583],[-107.38146299605668,25.12363211735082],[-107.38146299605668,25.123092555088885]]]},"id":"00000000000000000153","properties":{"CLASS_CLRS":"255,0,255","CLASS_ID":"8","CLASS_NAME":"SinVegAparent"}},{"type":"Feature","geometry":{"type":"Polygon","coordinates":[[[-107.33834798739585,25.11932015646769],[-107.33807598275034,25.119320221882322],[-107.33807598275034,25.119052625594083],[-107.33780839902852,25.119052685065146],[-107.33780839902852,25.118780622514187],[-107.3375363949611,25.118780598585793],[-107.3375363949611,25.118513088899608],[-107.33726881180802,25.118513059056408],[-107.33726881180802,25.118241083091625],[-107.33672931595106,25.1182411028059],[-107.33672931595106,25.118780677408953],[-107.33645731303994,25.11878065104621],[-107.33645731303994,25.119320225383913],[-107.3361897310244,25.119320193972154],[-107.3361897310244,25.11985976803524],[-107.33645731303994,25.119859711330037],[-107.33645731303994,25.120127308661846],[-107.33699680831876,25.120127286271813],[-107.33699680831876,25.120399261062452],[-107.3375363949611,25.120399312435815],[-107.3375363949611,25.12012725064247],[-107.33780839902852,25.120127273169413],[-107.33780839902852,25.119859764784866],[-107.33807598275034,25.119859704487702],[-107.33807598275034,25.119592196173667],[-107.33834798739585,25.119592218040093],[-107.33834798739585,25.11932015646769]]]},"id":"0000000000000000015b","properties":{"CLASS_CLRS":"255,0,255","CLASS_ID":"8","CLASS_NAME":"SinVegAparent"}},{"type":"Feature","geometry":{"type":"Polygon","coordinates":[[[-107.36421519861632,25.113394017209135],[-107.36368006675156,25.113394054017473],[-107.36368006675156,25.113929114960882],[-107.36421519861632,25.113929164612166],[-107.36421519861632,25.113394017209135]]]},"id":"00000000000000000165","properties":{"CLASS_CLRS":"255,0,255","CLASS_ID":"8","CLASS_NAME":"SinVegAparent"}},{"type":"Feature","geometry":{"type":"Polygon","coordinates":[[[-107.33645731303994,25.11123580563756],[-107.33511065482901,25.111235862781246],[-107.33511065482901,25.110968257320238],[-107.33457107334432,25.1109682631901],[-107.33457107334432,25.111503387446607],[-107.33430358353371,25.11150342059395],[-107.33430358353371,25.11231490678235],[-107.3353826562967,25.11231490028439],[-107.3353826562967,25.11258250444572],[-107.33645731303994,25.112582492080897],[-107.33645731303994,25.11123580563756]]]},"id":"00000000000000000167","properties":{"CLASS_CLRS":"255,0,255","CLASS_ID":"8","CLASS_NAME":"SinVegAparent"}},{"type":"Feature","geometry":{"type":"Polygon","coordinates":[[[-107.34076924755671,25.108810100252942],[-107.33861548146906,25.108810078571953],[-107.33861548146906,25.11096832661384],[-107.34076924755671,25.110968330507813],[-107.34076924755671,25.108810100252942]]]},"id":"00000000000000000169","properties":{"CLASS_CLRS":"255,0,255","CLASS_ID":"8","CLASS_NAME":"SinVegAparent"}},{"type":"Feature","geometry":{"type":"Polygon","coordinates":[[[-107.38496782759353,25.110156768254488],[-107.38442832116259,25.110156711177385],[-107.38442832116259,25.110428731789792],[-107.38496782759353,25.110428788303768],[-107.38496782759353,25.110156768254488]]]},"id":"0000000000000000016a","properties":{"CLASS_CLRS":"255,0,255","CLASS_ID":"8","CLASS_NAME":"SinVegAparent"}},{"type":"Feature","geometry":{"type":"Polygon","coordinates":[[[-107.36340812527578,25.109889228376545],[-107.36286857403421,25.10988917267342],[-107.36286857403421,25.110156750513973],[-107.36340812527578,25.11015671810584],[-107.36340812527578,25.109889228376545]]]},"id":"0000000000000000016b","properties":{"CLASS_CLRS":"255,0,255","CLASS_ID":"8","CLASS_NAME":"SinVegAparent"}},{"type":"Feature","geometry":{"type":"Polygon","coordinates":[[[-107.36340812527578,25.109349607726717],[-107.36286857403421,25.10934963846619],[-107.36286857403421,25.109617216715467],[-107.36340812527578,25.109617185422792],[-107.36340812527578,25.109349607726717]]]},"id":"0000000000000000016c","properties":{"CLASS_CLRS":"255,0,255","CLASS_ID":"8","CLASS_NAME":"SinVegAparent"}},{"type":"Feature","geometry":{"type":"Polygon","coordinates":[[[-107.33915507155142,25.10584478407776],[-107.33888306604139,25.105844749723225],[-107.33888306604139,25.105037728829217],[-107.33861548146906,25.10503768817682],[-107.33861548146905,25.104770169177062],[-107.33699680831876,25.104770177378487],[-107.33699680831876,25.104498102971238],[-107.33672931595106,25.10449813432998],[-107.33672931595106,25.104770121447398],[-107.33645731303994,25.104770168072115],[-107.33645731303994,25.105577197067056],[-107.33672931595106,25.105577237170664],[-107.33672931595106,25.10665633671793],[-107.33780839902852,25.10665633187649],[-107.33780839902852,25.106923850275177],[-107.33861548146906,25.10692388840754],[-107.33861548146906,25.10665637083501],[-107.33888306604139,25.10665632226281],[-107.33888306604139,25.10638433883769],[-107.33915507155142,25.10638437263055],[-107.33915507155142,25.10584478407776]]]},"id":"0000000000000000016f","properties":{"CLASS_CLRS":"255,0,255","CLASS_ID":"8","CLASS_NAME":"SinVegAparent"}},{"type":"Feature","geometry":{"type":"Polygon","coordinates":[[[-107.34319495151874,25.100458234493267],[-107.3423878545296,25.10045820703185],[-107.3423878545296,25.100186222490255],[-107.34184834779924,25.100186227831284],[-107.34184834779924,25.100458212934488],[-107.34158076010338,25.10045817417038],[-107.34158076010338,25.100725780961604],[-107.34130875199602,25.100725746748257],[-107.34130875199602,25.10207236066823],[-107.3423878545296,25.102072421354627],[-107.3423878545296,25.101804816407835],[-107.34292745262395,25.10180488205523],[-107.34292745262395,25.101265294307805],[-107.34319495151874,25.101265252514253],[-107.34319495151874,25.100458234493267]]]},"id":"00000000000000000171","properties":{"CLASS_CLRS":"255,0,255","CLASS_ID":"8","CLASS_NAME":"SinVegAparent"}},{"type":"Feature","geometry":{"type":"Polygon","coordinates":[[[-107.34400656202968,25.097220878151745],[-107.34373455132634,25.09722084575891],[-107.34373455132634,25.096953326094617],[-107.34346696164476,25.09695337549239],[-107.34346696164476,25.09668130181622],[-107.34292745262395,25.09668130474545],[-107.34292745262395,25.09695337898347],[-107.34184834779924,25.09695330198055],[-107.34184834779924,25.09776041971253],[-107.34158076010338,25.09776046575358],[-107.34158076010338,25.09856758247423],[-107.34373455132634,25.098567548066566],[-107.34373455132634,25.098032423001197],[-107.34400656202968,25.098032454548935],[-107.34400656202968,25.097220878151745]]]},"id":"00000000000000000173","properties":{"CLASS_CLRS":"255,0,255","CLASS_ID":"8","CLASS_NAME":"SinVegAparent"}},{"type":"Feature","geometry":{"type":"Polygon","coordinates":[[[-107.46177583867417,25.479905402173195],[-107.46096430874677,25.479905394386332],[-107.46096430874677,25.480172925056294],[-107.46069677791098,25.480172907376442],[-107.46069677791098,25.48071251485657],[-107.46177583867417,25.48071253725075],[-107.46177583867417,25.479905402173195]]]},"id":"00000000000000000015","properties":{"CLASS_CLRS":"255,190,72","CLASS_ID":"4","CLASS_NAME":"AgricolaSinSembrar"}},{"type":"Feature","geometry":{"type":"Polygon","coordinates":[[[-107.4809098447744,25.47801916141097],[-107.48063787051417,25.478019202653314],[-107.48063787051417,25.4774796319678],[-107.48037031960804,25.47747965565263],[-107.48037031960804,25.477747168404715],[-107.47983079554896,25.477747230881917],[-107.47983079554896,25.478286715365233],[-107.48009834590597,25.478286779482342],[-107.48009834590599,25.478558750370574],[-107.48063787051417,25.47855877242045],[-107.48063787051417,25.478286714674695],[-107.4809098447744,25.47828676057451],[-107.4809098447744,25.47801916141097]]]},"id":"00000000000000000016","properties":{"CLASS_CLRS":"255,190,72","CLASS_ID":"4","CLASS_NAME":"AgricolaSinSembrar"}},{"type":"Feature","geometry":{"type":"Polygon","coordinates":[[[-107.39197312233068,25.356477495270312],[-107.39170557240301,25.356477469464636],[-107.39170557240301,25.356205478177827],[-107.39116596159118,25.35620544617438],[-107.39116596159118,25.356477525508794],[-107.39089841250315,25.35647749789928],[-107.39089841250315,25.357017019731767],[-107.39116596159118,25.35701704678822],[-107.39116596159118,25.3572845762259],[-107.39143802275362,25.3572845804221],[-107.39143802275362,25.357017051263277],[-107.39197312233068,25.357017014881407],[-107.39197312233068,25.356477495270312]]]},"id":"00000000000000000048","properties":{"CLASS_CLRS":"255,190,72","CLASS_ID":"4","CLASS_NAME":"AgricolaSinSembrar"}},{"type":"Feature","geometry":{"type":"Polygon","coordinates":[[[-107.3927846169499,25.354319291348183],[-107.39251264459952,25.354319276183276],[-107.39251264459952,25.35377975325066],[-107.39197312233068,25.35377970893233],[-107.39197312233068,25.354319232980277],[-107.39170557240301,25.354319292447766],[-107.39170557240301,25.354591285298454],[-107.39197312233068,25.354591313037723],[-107.39197312233068,25.35485884362663],[-107.3927846169499,25.35485881283153],[-107.3927846169499,25.354319291348183]]]},"id":"0000000000000000004a","properties":{"CLASS_CLRS":"255,190,72","CLASS_ID":"4","CLASS_NAME":"AgricolaSinSembrar"}},{"type":"Feature","geometry":{"type":"Polygon","coordinates":[[[-107.47147440713627,25.33275950639203],[-107.47120686556643,25.332759535422344],[-107.47120686556643,25.33249198082213],[-107.47066727007262,25.332491973612733],[-107.47066727007262,25.3335711143326],[-107.47120686556643,25.333571119300018],[-107.47120686556643,25.333299104664942],[-107.47147440713627,25.33329907507887],[-107.47147440713627,25.33275950639203]]]},"id":"00000000000000000054","properties":{"CLASS_CLRS":"255,190,72","CLASS_ID":"4","CLASS_NAME":"AgricolaSinSembrar"}},{"type":"Feature","geometry":{"type":"Polygon","coordinates":[[[-107.49465280914313,25.33221995046996],[-107.49411325582093,25.332219949894114],[-107.49411325582093,25.33249194141139],[-107.49384569122326,25.332492020747985],[-107.49384569122326,25.33275955201182],[-107.49357370360237,25.332759557971496],[-107.49357370360237,25.333299080718284],[-107.49438524399818,25.333299073729584],[-107.4943852439982,25.333031543458965],[-107.49465280914313,25.333031549817026],[-107.49465280914313,25.33221995046996]]]},"id":"00000000000000000055","properties":{"CLASS_CLRS":"255,190,72","CLASS_ID":"4","CLASS_NAME":"AgricolaSinSembrar"}},{"type":"Feature","geometry":{"type":"Polygon","coordinates":[[[-107.49007327594599,25.331952398544797],[-107.48953373199556,25.331952464234124],[-107.48953373199556,25.332220000381714],[-107.48926174882355,25.332219995980438],[-107.48926174882354,25.333031524736366],[-107.48980129221704,25.333031545487067],[-107.48980129221704,25.332759549892472],[-107.49007327594599,25.332759552502452],[-107.49007327594599,25.331952398544797]]]},"id":"00000000000000000056","properties":{"CLASS_CLRS":"255,190,72","CLASS_ID":"4","CLASS_NAME":"AgricolaSinSembrar"}},{"type":"Feature","geometry":{"type":"Polygon","coordinates":[[[-107.49411325582093,25.32979423044224],[-107.49384569122326,25.329794219538623],[-107.49384569122326,25.329526685875962],[-107.49276658898464,25.329526663813173],[-107.49276658898462,25.330066193513417],[-107.49303415248757,25.33006620654786],[-107.49303415248757,25.330605734811613],[-107.49357370360237,25.330605743608267],[-107.49357370360237,25.330333749973757],[-107.49384569122326,25.33033374655787],[-107.49384569122326,25.33006621333151],[-107.49411325582093,25.33006622395452],[-107.49411325582093,25.32979423044224]]]},"id":"00000000000000000058","properties":{"CLASS_CLRS":"255,190,72","CLASS_ID":"4","CLASS_NAME":"AgricolaSinSembrar"}},{"type":"Feature","geometry":{"type":"Polygon","coordinates":[[[-107.53211369693226,25.30608071049077],[-107.53184176031893,25.306080676879247],[-107.53184176031893,25.305813163352358],[-107.53103461941684,25.3058131368147],[-107.53103461941684,25.306080738627692],[-107.53049508229917,25.306080749051098],[-107.53049508229917,25.30662023827584],[-107.53076710782105,25.30662026335634],[-107.53076710782105,25.30688777734647],[-107.53130213128142,25.306887790389613],[-107.53130213128142,25.30715985107237],[-107.53184176031891,25.307159823741717],[-107.53184176031893,25.306887851077416],[-107.53211369693226,25.306887796389507],[-107.53211369693226,25.30608071049077]]]},"id":"00000000000000000063","properties":{"CLASS_CLRS":"255,190,72","CLASS_ID":"4","CLASS_NAME":"AgricolaSinSembrar"}},{"type":"Feature","geometry":{"type":"Polygon","coordinates":[[[-107.55798541726755,25.302036326189643],[-107.5566343636803,25.30203631555376],[-107.5566343636803,25.30284788176788],[-107.55717386331013,25.302847858838753],[-107.55717386331013,25.303115435976324],[-107.55771345431914,25.30311539901936],[-107.55771345431914,25.302847909884044],[-107.55798541726755,25.302847888159242],[-107.55798541726755,25.302036326189643]]]},"id":"0000000000000000006a","properties":{"CLASS_CLRS":"255,190,72","CLASS_ID":"4","CLASS_NAME":"AgricolaSinSembrar"}},{"type":"Feature","geometry":{"type":"Polygon","coordinates":[[[-107.56013918936479,25.302036284028915],[-107.55987164862903,25.30203629346575],[-107.55987164862903,25.30176880570048],[-107.55879254930244,25.30176879251903],[-107.55879254930244,25.302308317113432],[-107.55906008896154,25.302308309805014],[-107.55906008896154,25.30257588542135],[-107.55933205327607,25.302575860925536],[-107.55933205327607,25.302847895629135],[-107.56013918936479,25.302847839231625],[-107.56013918936479,25.302036284028915]]]},"id":"0000000000000000006b","properties":{"CLASS_CLRS":"255,190,72","CLASS_ID":"4","CLASS_NAME":"AgricolaSinSembrar"}},{"type":"Feature","geometry":{"type":"Polygon","coordinates":[[[-107.55582723814508,25.301501186790244],[-107.55555970171324,25.30150118604231],[-107.55555970171324,25.301229233712984],[-107.55502011504156,25.30122925702891],[-107.55502011504156,25.301501209926197],[-107.55448061974892,25.301501220343212],[-107.55448061974892,25.30203629469744],[-107.55474815510298,25.302036297301306],[-107.55474815510298,25.302308337271842],[-107.55582723814508,25.302308297189946],[-107.55582723814508,25.301501186790244]]]},"id":"0000000000000000006c","properties":{"CLASS_CLRS":"255,190,72","CLASS_ID":"4","CLASS_NAME":"AgricolaSinSembrar"}},{"type":"Feature","geometry":{"type":"Polygon","coordinates":[[[-107.56418357458153,25.300150156063058],[-107.5633720018709,25.30015016025952],[-107.5633720018709,25.300689677903073],[-107.56364406085176,25.300689634561056],[-107.56364406085176,25.300961666259827],[-107.56391160534909,25.300961649510537],[-107.56391160534909,25.30068970553543],[-107.56418357458153,25.300689672010964],[-107.56418357458153,25.300150156063058]]]},"id":"00000000000000000071","properties":{"CLASS_CLRS":"255,190,72","CLASS_ID":"4","CLASS_NAME":"AgricolaSinSembrar"}},{"type":"Feature","geometry":{"type":"Polygon","coordinates":[[[-107.56606975921905,25.299882567702472],[-107.56553024169943,25.299882537061706],[-107.56553024169943,25.299610593912643],[-107.5652581808073,25.299610552959834],[-107.5652581808073,25.29988258383706],[-107.56472308939551,25.299882533075408],[-107.56472308939551,25.30068970703073],[-107.56606975921906,25.300689650006685],[-107.56606975921905,25.299882567702472]]]},"id":"00000000000000000072","properties":{"CLASS_CLRS":"255,190,72","CLASS_ID":"4","CLASS_NAME":"AgricolaSinSembrar"}},{"type":"Feature","geometry":{"type":"Polygon","coordinates":[[[-107.54666379358137,25.27508996244929],[-107.54585669811934,25.275089928821664],[-107.54585669811934,25.275629523389],[-107.5461242248494,25.275629485133365],[-107.54612422484938,25.275897095455225],[-107.54639626631119,25.275897029922806],[-107.5463962663112,25.27562950733688],[-107.54666379358137,25.275629555331466],[-107.54666379358137,25.27508996244929]]]},"id":"0000000000000000008a","properties":{"CLASS_CLRS":"255,190,72","CLASS_ID":"4","CLASS_NAME":"AgricolaSinSembrar"}},{"type":"Feature","geometry":{"type":"Polygon","coordinates":[[[-107.53939099352661,25.275357483987488],[-107.53885143949064,25.2753575554006],[-107.53885143949064,25.27589707670463],[-107.53939099352662,25.27589709162235],[-107.53939099352661,25.275357483987488]]]},"id":"0000000000000000008b","properties":{"CLASS_CLRS":"255,190,72","CLASS_ID":"4","CLASS_NAME":"AgricolaSinSembrar"}},{"type":"Feature","geometry":{"type":"Polygon","coordinates":[[[-107.55016866932861,25.272931777883656],[-107.5493615632867,25.272931761111046],[-107.5493615632867,25.27347135182071],[-107.5499010482613,25.273471335524793],[-107.5499010482613,25.273203814638627],[-107.55016866932861,25.273203758845103],[-107.55016866932861,25.272931777883656]]]},"id":"0000000000000000008d","properties":{"CLASS_CLRS":"255,190,72","CLASS_ID":"4","CLASS_NAME":"AgricolaSinSembrar"}},{"type":"Feature","geometry":{"type":"Polygon","coordinates":[[[-107.43967651656175,25.27158513320768],[-107.43940458517152,25.271585127144277],[-107.43940458517152,25.271317578197515],[-107.43913698618837,25.271317570831037],[-107.43913698618837,25.27158512005308],[-107.43886947773287,25.271585101420165],[-107.43886947773288,25.271852650704595],[-107.43859745693364,25.271852654036376],[-107.43859745693364,25.272124665458243],[-107.43913698618837,25.272124679919962],[-107.43913698618837,25.272392228500035],[-107.43967651656175,25.272392239980398],[-107.43967651656175,25.27158513320768]]]},"id":"0000000000000000008f","properties":{"CLASS_CLRS":"255,190,72","CLASS_ID":"4","CLASS_NAME":"AgricolaSinSembrar"}},{"type":"Feature","geometry":{"type":"Polygon","coordinates":[[[-107.53777233469278,25.270506050569473],[-107.53669323426136,25.270505981237058],[-107.53669323426136,25.271317598944755],[-107.53777233469278,25.271317577431574],[-107.53777233469278,25.270506050569473]]]},"id":"00000000000000000090","properties":{"CLASS_CLRS":"255,190,72","CLASS_ID":"4","CLASS_NAME":"AgricolaSinSembrar"}},{"type":"Feature","geometry":{"type":"Polygon","coordinates":[[[-107.54828241602225,25.263768301321814],[-107.5469357453029,25.263768326828185],[-107.5469357453029,25.264579841138694],[-107.54801046293079,25.264579858282637],[-107.54801046293079,25.264307868090626],[-107.54828241602225,25.264307821497333],[-107.54828241602225,25.263768301321814]]]},"id":"00000000000000000091","properties":{"CLASS_CLRS":"255,190,72","CLASS_ID":"4","CLASS_NAME":"AgricolaSinSembrar"}},{"type":"Feature","geometry":{"type":"Polygon","coordinates":[[[-107.5412771840559,25.26376830839033],[-107.54046559050819,25.26376831657817],[-107.54046559050819,25.264040315145202],[-107.5401980694469,25.264040328782396],[-107.5401980694469,25.26430786698578],[-107.54046559050819,25.264307853071738],[-107.54046559050819,25.264579851203948],[-107.5412771840559,25.26457984046826],[-107.5412771840559,25.26376830839033]]]},"id":"00000000000000000092","properties":{"CLASS_CLRS":"255,190,72","CLASS_ID":"4","CLASS_NAME":"AgricolaSinSembrar"}},{"type":"Feature","geometry":{"type":"Polygon","coordinates":[[[-107.53885143949064,25.26269364281823],[-107.53803985332158,25.262693631216717],[-107.53803985332158,25.26322880147336],[-107.53831188654598,25.26322876761099],[-107.53831188654598,25.26350076887875],[-107.53857940571595,25.263500760007243],[-107.53857940571595,25.26322875902093],[-107.53885143949064,25.263228723934827],[-107.53885143949064,25.26269364281823]]]},"id":"00000000000000000096","properties":{"CLASS_CLRS":"255,190,72","CLASS_ID":"4","CLASS_NAME":"AgricolaSinSembrar"}},{"type":"Feature","geometry":{"type":"Polygon","coordinates":[[[-107.54531713101693,25.261614548499455],[-107.54504960509493,25.26161457044801],[-107.54504960509493,25.261342574750834],[-107.54451003962242,25.261342554915192],[-107.54451003962242,25.261614551180266],[-107.54423800008105,25.261614597402186],[-107.54423800008105,25.261882133346234],[-107.54451003962242,25.26188208684274],[-107.54451003962242,25.26215408267332],[-107.54504960509493,25.26215410081461],[-107.54504960509493,25.261882105551916],[-107.54531713101693,25.26188208332643],[-107.54531713101693,25.261614548499455]]]},"id":"00000000000000000098","properties":{"CLASS_CLRS":"255,190,72","CLASS_ID":"4","CLASS_NAME":"AgricolaSinSembrar"}},{"type":"Feature","geometry":{"type":"Polygon","coordinates":[[[-107.43832994903283,25.258649260077043],[-107.43805792879769,25.258649248376962],[-107.43805792879769,25.258381687776946],[-107.43779033119958,25.258381751593063],[-107.43779033119958,25.258109728236086],[-107.4372508047376,25.258109678646942],[-107.4372508047376,25.259456321783397],[-107.43832994903283,25.259456314513425],[-107.43832994903283,25.258649260077043]]]},"id":"0000000000000000009c","properties":{"CLASS_CLRS":"255,190,72","CLASS_ID":"4","CLASS_NAME":"AgricolaSinSembrar"}},{"type":"Feature","geometry":{"type":"Polygon","coordinates":[[[-107.43617166491974,25.255416444571647],[-107.43590415951384,25.255416402698252],[-107.43590415951384,25.2551443749814],[-107.43509261983152,25.255144376173178],[-107.43509261983152,25.255683970737245],[-107.43536463696505,25.25568399225908],[-107.43536463696503,25.255955932609016],[-107.43563214181583,25.255955975129975],[-107.43563214181583,25.25622354014641],[-107.43617166491974,25.256223513427955],[-107.43617166491974,25.255416444571647]]]},"id":"0000000000000000009f","properties":{"CLASS_CLRS":"255,190,72","CLASS_ID":"4","CLASS_NAME":"AgricolaSinSembrar"}},{"type":"Feature","geometry":{"type":"Polygon","coordinates":[[[-107.54073762620598,25.25245111745465],[-107.54046559050819,25.25245114547781],[-107.54046559050819,25.251644042328905],[-107.53992603429913,25.251643981625154],[-107.53992603429913,25.25137197251907],[-107.53939099352661,25.251371970570148],[-107.53939099352662,25.251911529086556],[-107.53911895920173,25.251911553488434],[-107.53911895920173,25.252183563010504],[-107.53885143949064,25.252183561374505],[-107.53885143949064,25.252451110354052],[-107.53911895920173,25.252451111713174],[-107.53911895920173,25.252718660204486],[-107.53939099352661,25.25271863495332],[-107.53939099352661,25.25299064354097],[-107.53992603429913,25.252990642139554],[-107.53992603429913,25.253530196960522],[-107.5401980694469,25.253530256487448],[-107.54019806944689,25.25325824918253],[-107.54046559050819,25.253258246703375],[-107.54046559050819,25.252990700032136],[-107.540737626206,25.252990671441186],[-107.54073762620598,25.25245111745465]]]},"id":"000000000000000000a1","properties":{"CLASS_CLRS":"255,190,72","CLASS_ID":"4","CLASS_NAME":"AgricolaSinSembrar"}},{"type":"Feature","geometry":{"type":"Polygon","coordinates":[[[-107.53669323426136,25.25191152977953],[-107.53588607866138,25.251911542608884],[-107.53588607866138,25.252183555532408],[-107.53561413819756,25.252183561265902],[-107.53561413819756,25.252990678275328],[-107.53642571698359,25.25299064928472],[-107.53642571698359,25.252451086298596],[-107.53669323426136,25.252451093066963],[-107.53669323426136,25.25191152977953]]]},"id":"000000000000000000a2","properties":{"CLASS_CLRS":"255,190,72","CLASS_ID":"4","CLASS_NAME":"AgricolaSinSembrar"}},{"type":"Feature","geometry":{"type":"Polygon","coordinates":[[[-107.51432635997766,25.249218271744375],[-107.5137868567926,25.249218263370985],[-107.5137868567926,25.249757791249767],[-107.51432635997766,25.249757798498823],[-107.51432635997766,25.249218271744375]]]},"id":"000000000000000000a4","properties":{"CLASS_CLRS":"255,190,72","CLASS_ID":"4","CLASS_NAME":"AgricolaSinSembrar"}},{"type":"Feature","geometry":{"type":"Polygon","coordinates":[[[-107.51028200867754,25.24544582861713],[-107.50947484302935,25.24544582954937],[-107.50947484302935,25.245713414226767],[-107.50974242345032,25.245713389588293],[-107.50974242345032,25.245985434970773],[-107.51028200867754,25.24598536980183],[-107.51028200867754,25.24544582861713]]]},"id":"000000000000000000a6","properties":{"CLASS_CLRS":"255,190,72","CLASS_ID":"4","CLASS_NAME":"AgricolaSinSembrar"}},{"type":"Feature","geometry":{"type":"Polygon","coordinates":[[[-107.56472308939551,25.23924774113345],[-107.56418357458153,25.239247752602257],[-107.56418357458153,25.239515285540584],[-107.56391160534908,25.23951525461806],[-107.56391160534909,25.23978278762787],[-107.56418357458153,25.239782818268456],[-107.56418357458153,25.240322343420388],[-107.56445111961655,25.240322388313515],[-107.56445111961655,25.240054768830095],[-107.56472308939551,25.240054797961125],[-107.56472308939551,25.23924774113345]]]},"id":"000000000000000000ac","properties":{"CLASS_CLRS":"255,190,72","CLASS_ID":"4","CLASS_NAME":"AgricolaSinSembrar"}},{"type":"Feature","geometry":{"type":"Polygon","coordinates":[[[-107.56310445791141,25.2381686327467],[-107.56256494635065,25.238168634682317],[-107.56256494635065,25.238436170147118],[-107.5622974031957,25.23843611909265],[-107.5622974031957,25.23897573778201],[-107.56283691421861,25.23897573536228],[-107.56283691421861,25.238708200603714],[-107.56310445791141,25.238708162714932],[-107.56310445791141,25.2381686327467]]]},"id":"000000000000000000ad","properties":{"CLASS_CLRS":"255,190,72","CLASS_ID":"4","CLASS_NAME":"AgricolaSinSembrar"}},{"type":"Feature","geometry":{"type":"Polygon","coordinates":[[[-107.57010971889449,25.235742862018416],[-107.56957019326357,25.235742890377953],[-107.56957019326357,25.236010420487137],[-107.5687631191194,25.23601040782784],[-107.5687631191194,25.23682191999339],[-107.5690350932638,25.236821942758095],[-107.5690350932638,25.23708947257415],[-107.56984216822454,25.237089480028782],[-107.56984216822454,25.2368219510496],[-107.57010971889449,25.2368219869546],[-107.57010971889449,25.235742862018416]]]},"id":"000000000000000000ae","properties":{"CLASS_CLRS":"255,190,72","CLASS_ID":"4","CLASS_NAME":"AgricolaSinSembrar"}},{"type":"Feature","geometry":{"type":"Polygon","coordinates":[[[-107.56633730613325,25.236010374762813],[-107.56606975921905,25.236010417062555],[-107.56606975921906,25.23547088901677],[-107.56553024169943,25.23547081118645],[-107.56553024169943,25.235742893520555],[-107.5652581808073,25.235742872697852],[-107.5652581808073,25.236282402009387],[-107.56553024169943,25.236282422263272],[-107.56553024169943,25.236549956137107],[-107.56633730613325,25.236549988851955],[-107.56633730613325,25.236010374762813]]]},"id":"000000000000000000b0","properties":{"CLASS_CLRS":"255,190,72","CLASS_ID":"4","CLASS_NAME":"AgricolaSinSembrar"}},{"type":"Feature","geometry":{"type":"Polygon","coordinates":[[[-107.47955873213861,25.206638293868615],[-107.4782121397508,25.2066383339468],[-107.4782121397508,25.207177828289502],[-107.47794459131411,25.20717783037872],[-107.47794459131411,25.207712949684115],[-107.4782121397508,25.207712947042886],[-107.4782121397508,25.207984968339055],[-107.47902363279553,25.207984932513437],[-107.47902363279553,25.207712912068367],[-107.47955873213861,25.207712988879642],[-107.47955873213861,25.206638293868615]]]},"id":"000000000000000000d4","properties":{"CLASS_CLRS":"255,190,72","CLASS_ID":"4","CLASS_NAME":"AgricolaSinSembrar"}},{"type":"Feature","geometry":{"type":"Polygon","coordinates":[[[-107.48198447532846,25.202593917166812],[-107.48171692305208,25.202593922925484],[-107.48171692305208,25.202865944600962],[-107.4809098447744,25.202865883375434],[-107.4809098447744,25.203673025165827],[-107.48171692305208,25.203672996384345],[-107.48171692305208,25.203400975347833],[-107.48198447532845,25.20340096875643],[-107.48198447532846,25.202593917166812]]]},"id":"000000000000000000e2","properties":{"CLASS_CLRS":"255,190,72","CLASS_ID":"4","CLASS_NAME":"AgricolaSinSembrar"}},{"type":"Feature","geometry":{"type":"Polygon","coordinates":[[[-107.47848411150093,25.2007076824762],[-107.4782121397508,25.200707690085828],[-107.4782121397508,25.200440125356337],[-107.47740498196946,25.200440131490584],[-107.47740498196946,25.200707697052774],[-107.47686546399883,25.20070769523297],[-107.47686546399883,25.200979723490164],[-107.47659791693373,25.200979716187646],[-107.47659791693373,25.201247282162477],[-107.47632594713643,25.201247286069734],[-107.47632594713643,25.201514764619823],[-107.4771374343548,25.20151476177413],[-107.4771374343548,25.20178678910742],[-107.4782121397508,25.201786784051112],[-107.4782121397508,25.20151475784502],[-107.47848411150093,25.201514836885362],[-107.47848411150093,25.2007076824762]]]},"id":"000000000000000000e6","properties":{"CLASS_CLRS":"255,190,72","CLASS_ID":"4","CLASS_NAME":"AgricolaSinSembrar"}},{"type":"Feature","geometry":{"type":"Polygon","coordinates":[[[-107.48063787051417,25.199628559628128],[-107.48037031960804,25.19962855932936],[-107.48037031960804,25.19990058476394],[-107.47955873213861,25.19990061533789],[-107.47955873213861,25.200979706233184],[-107.48009834590597,25.200979684445272],[-107.48009834590597,25.200707659579024],[-107.48063787051417,25.20070773438237],[-107.48063787051417,25.199628559628128]]]},"id":"000000000000000000e9","properties":{"CLASS_CLRS":"255,190,72","CLASS_ID":"4","CLASS_NAME":"AgricolaSinSembrar"}},{"type":"Feature","geometry":{"type":"Polygon","coordinates":[[[-107.34265986379194,25.176182691712402],[-107.34212035648419,25.17618268003484],[-107.34212035648419,25.176454693352195],[-107.34184834779924,25.176454651620936],[-107.34184834779924,25.17672220003242],[-107.34212035648419,25.176722241485276],[-107.34212035648419,25.176994166829935],[-107.34265986379194,25.176994176832803],[-107.34265986379194,25.176182691712402]]]},"id":"000000000000000000fd","properties":{"CLASS_CLRS":"255,190,72","CLASS_ID":"4","CLASS_NAME":"AgricolaSinSembrar"}},{"type":"Feature","geometry":{"type":"Polygon","coordinates":[[[-107.43859745693364,25.17133114379282],[-107.43779033119958,25.17133115450204],[-107.43779033119958,25.171603159332378],[-107.43751831152869,25.17160314284511],[-107.43751831152869,25.172142689039354],[-107.43859745693364,25.172142691732578],[-107.43859745693364,25.17133114379282]]]},"id":"00000000000000000102","properties":{"CLASS_CLRS":"255,190,72","CLASS_ID":"4","CLASS_NAME":"AgricolaSinSembrar"}},{"type":"Feature","geometry":{"type":"Polygon","coordinates":[[[-107.43779033119958,25.169177425326865],[-107.43751831152869,25.169177406300804],[-107.43751831152869,25.16890986272109],[-107.43725080473762,25.168909822344798],[-107.4372508047376,25.169177366199904],[-107.43697878563096,25.169177433472537],[-107.43697878563096,25.16971698456001],[-107.43751831152869,25.16971695626837],[-107.43751831152869,25.16944494967426],[-107.43779033119958,25.1694449684203],[-107.43779033119958,25.169177425326865]]]},"id":"00000000000000000105","properties":{"CLASS_CLRS":"255,190,72","CLASS_ID":"4","CLASS_NAME":"AgricolaSinSembrar"}},{"type":"Feature","geometry":{"type":"Polygon","coordinates":[[[-107.43617166491974,25.1670192071966],[-107.43536463696505,25.167019177335295],[-107.43536463696503,25.167830745454335],[-107.43617166491974,25.16783077279594],[-107.43617166491974,25.1670192071966]]]},"id":"00000000000000000107","properties":{"CLASS_CLRS":"255,190,72","CLASS_ID":"4","CLASS_NAME":"AgricolaSinSembrar"}},{"type":"Feature","geometry":{"type":"Polygon","coordinates":[[[-107.43051313590766,25.163518802465823],[-107.42970603527932,25.163518822217608],[-107.42970603527932,25.164058309668658],[-107.42997353430388,25.164058371810622],[-107.42997353430388,25.16432592689273],[-107.43051313590766,25.164325930291188],[-107.43051313590766,25.163518802465823]]]},"id":"0000000000000000010c","properties":{"CLASS_CLRS":"255,190,72","CLASS_ID":"4","CLASS_NAME":"AgricolaSinSembrar"}},{"type":"Feature","geometry":{"type":"Polygon","coordinates":[[[-107.46662737970898,25.162707276606604],[-107.46527625034798,25.16270723866396],[-107.46527625034798,25.162979221461086],[-107.46500871510506,25.162979236690422],[-107.46500871510506,25.163518826683784],[-107.465276250348,25.16351881089812],[-107.46527625034798,25.163786330034462],[-107.46554829894883,25.163786379462863],[-107.46554829894883,25.16405836113078],[-107.46635532998745,25.1640583837012],[-107.46635532998745,25.163786315369315],[-107.46662737970898,25.16378636235775],[-107.46662737970898,25.162707276606604]]]},"id":"0000000000000000010d","properties":{"CLASS_CLRS":"255,190,72","CLASS_ID":"4","CLASS_NAME":"AgricolaSinSembrar"}},{"type":"Feature","geometry":{"type":"Polygon","coordinates":[[[-107.45961763133899,25.16028594232099],[-107.45907814998216,25.16028595167014],[-107.45907814998216,25.160821007488057],[-107.45961763133899,25.16082108453981],[-107.45961763133899,25.16028594232099]]]},"id":"00000000000000000110","properties":{"CLASS_CLRS":"255,190,72","CLASS_ID":"4","CLASS_NAME":"AgricolaSinSembrar"}},{"type":"Feature","geometry":{"type":"Polygon","coordinates":[[[-107.46069677791098,25.158667255114118],[-107.45961763133899,25.158667296188316],[-107.45961763133899,25.15893482488798],[-107.45935010188056,25.158934823367876],[-107.45935010188056,25.159474431398785],[-107.4598896740581,25.15947441159283],[-107.4598896740581,25.15974640256248],[-107.46069677791098,25.15974637805652],[-107.46069677791098,25.158667255114118]]]},"id":"00000000000000000113","properties":{"CLASS_CLRS":"255,190,72","CLASS_ID":"4","CLASS_NAME":"AgricolaSinSembrar"}},{"type":"Feature","geometry":{"type":"Polygon","coordinates":[[[-107.43751831152869,25.139533342008892],[-107.43725080473762,25.139533271390476],[-107.4372508047376,25.13926132848884],[-107.43671127939479,25.13926129235718],[-107.43671127939479,25.13953332334948],[-107.43617166491974,25.13953329626666],[-107.43617166491974,25.139800863779406],[-107.43644368318216,25.139800829072346],[-107.43644368318216,25.14007285992565],[-107.43697878563096,25.140072817089546],[-107.43697878563096,25.140340383359028],[-107.43725080473762,25.14034043378992],[-107.4372508047376,25.140072867800562],[-107.43751831152869,25.140072850337774],[-107.43751831152869,25.139533342008892]]]},"id":"00000000000000000130","properties":{"CLASS_CLRS":"255,190,72","CLASS_ID":"4","CLASS_NAME":"AgricolaSinSembrar"}},{"type":"Feature","geometry":{"type":"Polygon","coordinates":[[[-107.43832994903283,25.137647057669508],[-107.43805792879769,25.13764709438253],[-107.43805792879769,25.137375063335313],[-107.43751831152869,25.13737512533093],[-107.43751831152869,25.137647069416797],[-107.4372508047376,25.137647084382525],[-107.4372508047376,25.13791465222491],[-107.43671127939479,25.13791461329717],[-107.43671127939479,25.13845421332113],[-107.43644368318216,25.1384542382263],[-107.43644368318216,25.13872618259919],[-107.43671127939479,25.138726157414013],[-107.43671127939479,25.13899372498779],[-107.43779033119958,25.138993708419164],[-107.43779033119958,25.138726229482284],[-107.43805792879769,25.13872620130495],[-107.43805792879769,25.138454171095532],[-107.43832994903283,25.13845422106345],[-107.43832994903283,25.137647057669508]]]},"id":"00000000000000000132","properties":{"CLASS_CLRS":"255,190,72","CLASS_ID":"4","CLASS_NAME":"AgricolaSinSembrar"}},{"type":"Feature","geometry":{"type":"Polygon","coordinates":[[[-107.43051313590765,25.137647098566408],[-107.42970603527932,25.137647125532602],[-107.42970603527932,25.13818665298289],[-107.42997353430388,25.138186654219453],[-107.42997353430388,25.13845422914136],[-107.4302455460777,25.13845420984224],[-107.4302455460777,25.138186635200285],[-107.43051313590766,25.138186624341735],[-107.43051313590765,25.137647098566408]]]},"id":"00000000000000000134","properties":{"CLASS_CLRS":"255,190,72","CLASS_ID":"4","CLASS_NAME":"AgricolaSinSembrar"}},{"type":"Feature","geometry":{"type":"Polygon","coordinates":[[[-107.43886947773288,25.13468179180936],[-107.43859745693364,25.134681826636882],[-107.43859745693364,25.134414257713825],[-107.43805792879769,25.134414217550546],[-107.43805792879769,25.134681787029212],[-107.43779033119958,25.13468181104179],[-107.43779033119958,25.13522132627478],[-107.43805792879769,25.135221301706636],[-107.43805792879769,25.13548887056955],[-107.43886947773288,25.13548887282891],[-107.43886947773288,25.13468179180936]]]},"id":"0000000000000000013a","properties":{"CLASS_CLRS":"255,190,72","CLASS_ID":"4","CLASS_NAME":"AgricolaSinSembrar"}},{"type":"Feature","geometry":{"type":"Polygon","coordinates":[[[-107.44722139465178,25.128483645623426],[-107.44695378763797,25.128483683608412],[-107.44695378763797,25.12794408952826],[-107.44587469785942,25.12794405476823],[-107.44587469785942,25.12956275372424],[-107.44668184865033,25.12956273105134],[-107.44668184865033,25.129290702767587],[-107.44722139465178,25.129290714942744],[-107.44722139465178,25.128483645623426]]]},"id":"00000000000000000149","properties":{"CLASS_CLRS":"255,190,72","CLASS_ID":"4","CLASS_NAME":"AgricolaSinSembrar"}},{"type":"Feature","geometry":{"type":"Polygon","coordinates":[[[-107.44318141540471,25.1274045763452],[-107.44264187776791,25.127404542156317],[-107.44264187776791,25.12686502498841],[-107.44210234124883,25.126864987262238],[-107.44210234124883,25.127137022219863],[-107.4412907822335,25.12713701565264],[-107.4412907822335,25.127404499819267],[-107.44102318131117,25.127404523518543],[-107.44102318131117,25.127944130747895],[-107.44129078223351,25.127944106492798],[-107.44129078223351,25.128483624810684],[-107.4415627155942,25.128483688818996],[-107.4415627155942,25.128751171680815],[-107.44290939009986,25.128751213032675],[-107.44290939009986,25.128216074825385],[-107.44318141540472,25.128216124556925],[-107.44318141540471,25.1274045763452]]]},"id":"0000000000000000014a","properties":{"CLASS_CLRS":"255,190,72","CLASS_ID":"4","CLASS_NAME":"AgricolaSinSembrar"}},{"type":"Feature","geometry":{"type":"Polygon","coordinates":[[[-107.43940458517152,25.126597461820083],[-107.43886947773288,25.12659740015478],[-107.43886947773288,25.127137013096323],[-107.43859745693364,25.127136952497015],[-107.43859745693364,25.12767656517539],[-107.43913698618837,25.12767652938552],[-107.43913698618837,25.127137005355948],[-107.43940458517152,25.127136986121926],[-107.43940458517152,25.126597461820083]]]},"id":"0000000000000000014b","properties":{"CLASS_CLRS":"255,190,72","CLASS_ID":"4","CLASS_NAME":"AgricolaSinSembrar"}},{"type":"Feature","geometry":{"type":"Polygon","coordinates":[[[-107.44048364814628,25.12579037616559],[-107.44021613830657,25.125790385509646],[-107.44021613830657,25.125518347535095],[-107.43967651656175,25.12551830704695],[-107.43967651656175,25.1257903455866],[-107.43940458517152,25.125790362028848],[-107.43940458517152,25.126325423620017],[-107.44021613830657,25.12632544542934],[-107.44021613830657,25.126057871807152],[-107.44048364814628,25.126057862187658],[-107.44048364814628,25.12579037616559]]]},"id":"0000000000000000014f","properties":{"CLASS_CLRS":"255,190,72","CLASS_ID":"4","CLASS_NAME":"AgricolaSinSembrar"}},{"type":"Feature","geometry":{"type":"Polygon","coordinates":[[[-107.35990322797792,25.317130374905407],[-107.35963571153577,25.317130412178823],[-107.35963571153577,25.316858355042108],[-107.3593681051494,25.316858402342792],[-107.3593681051494,25.317130372251572],[-107.35909616826608,25.31713033000402],[-107.35909616826609,25.317937488616163],[-107.35963571153577,25.317937481618973],[-107.35963571153577,25.317669887957436],[-107.35990322797792,25.31766993763812],[-107.35990322797792,25.317130374905407]]]},"id":"0000000000000000005b","properties":{"CLASS_CLRS":"255,255,29","CLASS_ID":"2","CLASS_NAME":"LirioAcuatic"}},{"type":"Feature","geometry":{"type":"Polygon","coordinates":[[[-107.37176445775317,25.297456826604353],[-107.37095284914966,25.29745682096722],[-107.37095284914966,25.297724331796307],[-107.37176445775317,25.29772433660228],[-107.37176445775317,25.297456826604353]]]},"id":"00000000000000000077","properties":{"CLASS_CLRS":"255,255,29","CLASS_ID":"2","CLASS_NAME":"LirioAcuatic"}},{"type":"Feature","geometry":{"type":"Polygon","coordinates":[[[-107.38146299605668,25.295838126671633],[-107.38119545707484,25.295838190242158],[-107.38119545707484,25.29557060088867],[-107.38092791837198,25.29557057608353],[-107.38092791837198,25.295298610996838],[-107.38065586834136,25.295298605831928],[-107.38065586834136,25.29611021354392],[-107.38092791837198,25.296110130358382],[-107.38092791837198,25.296377719553576],[-107.38146299605668,25.2963776794081],[-107.38146299605668,25.295838126671633]]]},"id":"00000000000000000078","properties":{"CLASS_CLRS":"255,255,29","CLASS_ID":"2","CLASS_NAME":"LirioAcuatic"}},{"type":"Feature","geometry":{"type":"Polygon","coordinates":[[[-107.378230169333,25.28775383540911],[-107.37796263372354,25.287753795978876],[-107.37796263372354,25.28748628434675],[-107.37715100548014,25.287486289661196],[-107.37715100548014,25.288025864793852],[-107.37742305179235,25.28802579797838],[-107.37742305179235,25.28829339723988],[-107.37769058683867,25.28829334981273],[-107.37769058683867,25.288565411480686],[-107.37823016933301,25.28856538147822],[-107.378230169333,25.28775383540911]]]},"id":"0000000000000000007e","properties":{"CLASS_CLRS":"255,255,29","CLASS_ID":"2","CLASS_NAME":"LirioAcuatic"}},{"type":"Feature","geometry":{"type":"Polygon","coordinates":[[[-107.37391823313622,25.263228773134628],[-107.37283908744544,25.263228774736312],[-107.37283908744544,25.263500774253764],[-107.37257155746558,25.26350078546612],[-107.37257155746558,25.26376832173095],[-107.37230402776528,25.26376833262124],[-107.37230402776528,25.264307868371052],[-107.37257155746558,25.264307856928028],[-107.37257155746558,25.264579855853093],[-107.37337865972235,25.26457988491286],[-107.37337865972235,25.26430788682853],[-107.37365061179922,25.264307864167826],[-107.37365061179922,25.264040329436938],[-107.37391823313622,25.264040304370873],[-107.37391823313622,25.263228773134628]]]},"id":"00000000000000000093","properties":{"CLASS_CLRS":"255,255,29","CLASS_ID":"2","CLASS_NAME":"LirioAcuatic"}},{"type":"Feature","geometry":{"type":"Polygon","coordinates":[[[-107.37876966273151,25.261882074423873],[-107.37850212655907,25.261882097193276],[-107.37850212655907,25.261614565508612],[-107.37742305179235,25.261614590744056],[-107.37742305179235,25.26188212353461],[-107.37715100548014,25.261882075597224],[-107.37715100548014,25.262154159224046],[-107.37742305179235,25.26215411936314],[-107.37742305179235,25.26242165172558],[-107.37769058683867,25.262421630807843],[-107.37769058683867,25.262693625922353],[-107.37876966273151,25.262693681335968],[-107.37876966273151,25.261882074423873]]]},"id":"00000000000000000097","properties":{"CLASS_CLRS":"255,255,29","CLASS_ID":"2","CLASS_NAME":"LirioAcuatic"}},{"type":"Feature","geometry":{"type":"Polygon","coordinates":[[[-107.36772006484296,25.233584611182636],[-107.36691298043499,25.2335846233406],[-107.36691298043499,25.234663724971572],[-107.36772006484296,25.234663797003794],[-107.36772006484296,25.233584611182636]]]},"id":"000000000000000000b1","properties":{"CLASS_CLRS":"255,255,29","CLASS_ID":"2","CLASS_NAME":"LirioAcuatic"}},{"type":"Feature","geometry":{"type":"Polygon","coordinates":[[[-107.36772006484296,25.22792605041392],[-107.36745254021531,25.22792601377703],[-107.36745254021531,25.227658531488675],[-107.36718050449814,25.227658512827787],[-107.36718050449814,25.22792608292178],[-107.3666409452919,25.227926025480155],[-107.3666409452919,25.228198059798686],[-107.36637342179336,25.22819802103812],[-107.36637342179336,25.228465591535198],[-107.36610580834777,25.22846565086001],[-107.36610580834777,25.22873759777779],[-107.36583386429054,25.228737653840096],[-107.36583386429054,25.229005136938817],[-107.36556634163664,25.22900518473557],[-107.36556634163664,25.230351788771358],[-107.36610580834777,25.23035176937939],[-107.36610580834777,25.23008428761726],[-107.36637342179336,25.230084226634105],[-107.36637342179337,25.22981228107062],[-107.3666409452919,25.229812230650694],[-107.3666409452919,25.229544749012693],[-107.36691298043499,25.22954467940334],[-107.36691298043499,25.229272733970692],[-107.36718050449812,25.229272682902362],[-107.36718050449814,25.229005201393093],[-107.36745254021531,25.229005131124417],[-107.36745254021531,25.228465616641532],[-107.36772006484296,25.22846556519889],[-107.36772006484296,25.22792605041392]]]},"id":"000000000000000000b3","properties":{"CLASS_CLRS":"255,255,29","CLASS_ID":"2","CLASS_NAME":"LirioAcuatic"}},{"type":"Feature","geometry":{"type":"Polygon","coordinates":[[[-107.378230169333,25.226039887796638],[-107.37796263372354,25.22603987262468],[-107.37796263372354,25.225772312100588],[-107.37769058683867,25.22577231526565],[-107.37769058683867,25.225500290524412],[-107.37742305179235,25.225500273598023],[-107.37742305179235,25.22523279962141],[-107.37688347099702,25.22523278260079],[-107.37688347099702,25.22496075658774],[-107.3763439815683,25.224960725696217],[-107.3763439815683,25.22550031487869],[-107.37580440304492,25.225500293566274],[-107.37580440304494,25.2260398830102],[-107.37607635769713,25.22603989472194],[-107.37607635769713,25.226311833190625],[-107.3763439815683,25.226311841396875],[-107.3763439815683,25.226579403156883],[-107.37688347099702,25.226579430702305],[-107.37688347099702,25.226846991699137],[-107.37742305179235,25.226846917858452],[-107.37742305179235,25.227118941803703],[-107.37823016933301,25.227118966567474],[-107.378230169333,25.226039887796638]]]},"id":"000000000000000000b7","properties":{"CLASS_CLRS":"255,255,29","CLASS_ID":"2","CLASS_NAME":"LirioAcuatic"}},{"type":"Feature","geometry":{"type":"Polygon","coordinates":[[[-107.39008692383514,25.224153633339068],[-107.38901222189091,25.224153686528854],[-107.38901222189091,25.224425700539374],[-107.38874025353024,25.224425628898615],[-107.38874025353024,25.224693179426183],[-107.38847270696654,25.224693186271672],[-107.38847270696654,25.22496073686379],[-107.38874025353024,25.22496072974383],[-107.38874025353024,25.22523274339427],[-107.38901222189091,25.225232726672797],[-107.38901222189091,25.225500276288077],[-107.38927976901621,25.225500267413462],[-107.38927976901621,25.225232805592924],[-107.38955182818295,25.225232776755146],[-107.38955182818295,25.22496076395125],[-107.39008692383514,25.22496074431062],[-107.39008692383514,25.224153633339068]]]},"id":"000000000000000000b9","properties":{"CLASS_CLRS":"255,255,29","CLASS_ID":"2","CLASS_NAME":"LirioAcuatic"}},{"type":"Feature","geometry":{"type":"Polygon","coordinates":[[[-107.37553686996766,25.22415361312822],[-107.37499729314405,25.224153672933202],[-107.37499729314405,25.22388610788882],[-107.37472976090962,25.223886083311992],[-107.37472976090962,25.22361414150545],[-107.37445771745692,25.223614135102945],[-107.37445771745692,25.223346569082167],[-107.37337865972235,25.223346574835],[-107.37337865972235,25.22442568218937],[-107.37365061179922,25.2244257010723],[-107.37365061179922,25.22496074533963],[-107.37419018578605,25.224960777437566],[-107.37419018578605,25.22523271873231],[-107.37472976090962,25.225232747845464],[-107.37472976090962,25.22550031210734],[-107.37553686996766,25.225500272440836],[-107.37553686996766,25.22415361312822]]]},"id":"000000000000000000ba","properties":{"CLASS_CLRS":"255,255,29","CLASS_ID":"2","CLASS_NAME":"LirioAcuatic"}},{"type":"Feature","geometry":{"type":"Polygon","coordinates":[[[-107.39305216799981,25.222535026393373],[-107.39251264459952,25.222534975549486],[-107.39251264459952,25.222806987199224],[-107.39197312233068,25.222807022015857],[-107.39197312233068,25.22361413033548],[-107.3927846169499,25.22361407027819],[-107.3927846169499,25.223346523053802],[-107.39305216799981,25.22334659550978],[-107.39305216799981,25.222535026393373]]]},"id":"000000000000000000bc","properties":{"CLASS_CLRS":"255,255,29","CLASS_ID":"2","CLASS_NAME":"LirioAcuatic"}},{"type":"Feature","geometry":{"type":"Polygon","coordinates":[[[-107.37257155746558,25.2225349605182],[-107.3720319868896,25.22253500366556],[-107.3720319868896,25.222267434311952],[-107.37041779341241,25.22226744116137],[-107.37041779341241,25.223614134330496],[-107.3720319868896,25.223614119154465],[-107.3720319868896,25.223346550647257],[-107.37257155746558,25.22334659334895],[-107.37257155746558,25.2225349605182]]]},"id":"000000000000000000bd","properties":{"CLASS_CLRS":"255,255,29","CLASS_ID":"2","CLASS_NAME":"LirioAcuatic"}},{"type":"Feature","geometry":{"type":"Polygon","coordinates":[[[-107.39574998244292,25.220381290893986],[-107.39467083522501,25.220381300509892],[-107.394670835225,25.220648848123016],[-107.39413130843103,25.22064880064259],[-107.39413130843103,25.22172791820608],[-107.39547791672152,25.221727899955727],[-107.39547791672152,25.22118834438741],[-107.39574998244292,25.221188393257425],[-107.39574998244292,25.220381290893986]]]},"id":"000000000000000000bf","properties":{"CLASS_CLRS":"255,255,29","CLASS_ID":"2","CLASS_NAME":"LirioAcuatic"}},{"type":"Feature","geometry":{"type":"Polygon","coordinates":[[[-107.40248764860264,25.216876421137698],[-107.4022156660068,25.216876372117824],[-107.4022156660068,25.216608829295673],[-107.40194810543844,25.21660885784289],[-107.40194810543844,25.216336851103897],[-107.40086902249699,25.216336888725774],[-107.40086902249699,25.216876440795875],[-107.40113658194555,25.216876414376014],[-107.40113658194555,25.217148421532826],[-107.40140856340317,25.217148385192566],[-107.40140856340317,25.21741592842113],[-107.40167612341166,25.217415987764433],[-107.40167612341166,25.217687993928692],[-107.4022156660068,25.217687926149242],[-107.4022156660068,25.21741592054814],[-107.40248764860264,25.217415969004747],[-107.40248764860264,25.216876421137698]]]},"id":"000000000000000000c2","properties":{"CLASS_CLRS":"255,255,29","CLASS_ID":"2","CLASS_NAME":"LirioAcuatic"}},{"type":"Feature","geometry":{"type":"Polygon","coordinates":[[[-107.40032948272004,25.21606931496351],[-107.39952238602176,25.21606930599971],[-107.39952238602176,25.215801759780874],[-107.39925031631576,25.215801801347023],[-107.39925031631576,25.216069347845146],[-107.39898275882531,25.21606928171827],[-107.39898275882531,25.216336828281772],[-107.39871077992755,25.216336858286088],[-107.39871077992755,25.21660886840417],[-107.39898275882531,25.21660883811601],[-107.39898275882531,25.2168763842573],[-107.39925031631576,25.21687644955542],[-107.39925031631576,25.217148371162065],[-107.39978994407247,25.217148392007772],[-107.39978994407247,25.21687638344532],[-107.40006192410922,25.216876437954895],[-107.40006192410922,25.21660889292154],[-107.40032948272004,25.21660886857297],[-107.40032948272004,25.21606931496351]]]},"id":"000000000000000000c4","properties":{"CLASS_CLRS":"255,255,29","CLASS_ID":"2","CLASS_NAME":"LirioAcuatic"}},{"type":"Feature","geometry":{"type":"Polygon","coordinates":[[[-107.39871077992755,25.214183087135105],[-107.39844322299737,25.214183105390248],[-107.39844322299737,25.21391555658818],[-107.39817566634504,25.213915573973146],[-107.39817566634504,25.213643561154665],[-107.39736415473125,25.21364353905385],[-107.39736415473125,25.21418310262909],[-107.39709659919973,25.214183117886886],[-107.39709659919973,25.215262243592147],[-107.39763613220735,25.21526220139066],[-107.39763613220735,25.215529749968006],[-107.39844322299737,25.21552977326881],[-107.39844322299737,25.21526222552],[-107.39871077992755,25.215262206157078],[-107.39871077992755,25.214183087135105]]]},"id":"000000000000000000c5","properties":{"CLASS_CLRS":"255,255,29","CLASS_ID":"2","CLASS_NAME":"LirioAcuatic"}},{"type":"Feature","geometry":{"type":"Polygon","coordinates":[[[-107.3938637562591,25.21364356315399],[-107.39359178276807,25.213643578765947],[-107.39359178276807,25.213376024562265],[-107.39197312233068,25.21337600110431],[-107.39197312233068,25.213643556969174],[-107.39170557240301,25.213643559674004],[-107.39170557240301,25.21391557924406],[-107.39197312233068,25.21391557626008],[-107.39197312233068,25.214183131703013],[-107.39224509411069,25.21418311919043],[-107.39224509411069,25.214450674145013],[-107.3930521679998,25.214450649463995],[-107.39305216799981,25.21472266698735],[-107.39332423115708,25.21472264057595],[-107.39332423115708,25.21445062333645],[-107.3938637562591,25.21445068726828],[-107.3938637562591,25.21364356315399]]]},"id":"000000000000000000c6","properties":{"CLASS_CLRS":"255,255,29","CLASS_ID":"2","CLASS_NAME":"LirioAcuatic"}},{"type":"Feature","geometry":{"type":"Polygon","coordinates":[[[-107.42377537115634,25.21175736928228],[-107.42350787852276,25.211757342410515],[-107.42350787852276,25.211489817462024],[-107.42323587381337,25.211489810386738],[-107.42323587381337,25.211217821814962],[-107.42296829148957,25.211217804102354],[-107.42296829148957,25.210950278177723],[-107.42269628734643,25.210950269317333],[-107.42269628734643,25.210678279753182],[-107.4218892110399,25.210678218334984],[-107.4218892110399,25.210950296255664],[-107.42108213724718,25.21095023026162],[-107.42108213724718,25.212024891136302],[-107.42134962737697,25.212024923131928],[-107.42134962737697,25.21256443957071],[-107.42162163010657,25.212564449791603],[-107.42162163010657,25.21283643898091],[-107.4218892110399,25.21283645802733],[-107.4218892110399,25.213103983587697],[-107.42215679224955,25.213104001763277],[-107.42215679224955,25.21337598996461],[-107.42242879582646,25.21337599751053],[-107.42242879582646,25.213104009593472],[-107.42323587381337,25.213103972352823],[-107.42323587381337,25.212836448176798],[-107.42350787852276,25.212836453844474],[-107.42350787852276,25.212296942308633],[-107.42377537115634,25.21229688111369],[-107.42377537115634,25.21175736928228]]]},"id":"000000000000000000c7","properties":{"CLASS_CLRS":"255,255,29","CLASS_ID":"2","CLASS_NAME":"LirioAcuatic"}},{"type":"Feature","geometry":{"type":"Polygon","coordinates":[[[-107.39817566634504,25.21175731960103],[-107.3979036882993,25.211757343000514],[-107.3979036882993,25.21148979174838],[-107.39682462229337,25.21148977299294],[-107.39682462229335,25.211757325352792],[-107.39655706732233,25.211757336919707],[-107.39655706732233,25.213376039027064],[-107.39763613220735,25.213376052374848],[-107.39763613220735,25.213104038564406],[-107.3979036882993,25.2131040232134],[-107.3979036882993,25.21256445905374],[-107.39817566634504,25.212564434812045],[-107.39817566634504,25.21175731960103]]]},"id":"000000000000000000c8","properties":{"CLASS_CLRS":"255,255,29","CLASS_ID":"2","CLASS_NAME":"LirioAcuatic"}},{"type":"Feature","geometry":{"type":"Polygon","coordinates":[[[-107.43293887511267,25.211489813674383],[-107.43266686051811,25.211489827943165],[-107.43266686051811,25.210950245770512],[-107.43132023904462,25.21095025309873],[-107.43132023904462,25.211489838065074],[-107.4315922522291,25.211489826844005],[-107.4315922522291,25.21229692660998],[-107.43185975319662,25.21229693493316],[-107.43185975319662,25.212564450662963],[-107.43266686051811,25.212564439274107],[-107.43266686051811,25.21229692437446],[-107.43293887511267,25.212296909261568],[-107.43293887511267,25.211489813674383]]]},"id":"000000000000000000ca","properties":{"CLASS_CLRS":"255,255,29","CLASS_ID":"2","CLASS_NAME":"LirioAcuatic"}},{"type":"Feature","geometry":{"type":"Polygon","coordinates":[[[-107.4307806357637,25.21095026254542],[-107.43051313590766,25.21095025043536],[-107.43051313590766,25.210678269042944],[-107.42997353430388,25.210678274301834],[-107.42997353430388,25.21041066764857],[-107.42916643535304,25.2104107417781],[-107.42916643535304,25.210678261751028],[-107.42862692679732,25.210678250045426],[-107.42862692679732,25.21121784102714],[-107.42889442470987,25.211217769549638],[-107.42889442470987,25.212024878327625],[-107.42916643535304,25.212024872037244],[-107.42916643535304,25.212564459778402],[-107.42997353430388,25.21256446647687],[-107.42997353430388,25.212296948807154],[-107.43051313590766,25.21229694019044],[-107.43051313590765,25.21148983707603],[-107.4307806357637,25.211489848631153],[-107.4307806357637,25.21095026254542]]]},"id":"000000000000000000cb","properties":{"CLASS_CLRS":"255,255,29","CLASS_ID":"2","CLASS_NAME":"LirioAcuatic"}},{"type":"Feature","geometry":{"type":"Polygon","coordinates":[[[-107.42835491671956,25.20933163392676],[-107.42566163524408,25.20933161854377],[-107.42566163524408,25.210138741794513],[-107.42593364249821,25.21013865728063],[-107.42593364249821,25.21041073140102],[-107.42620113763415,25.210410666746675],[-107.42620113763415,25.210950263181118],[-107.42646872329411,25.210950273971406],[-107.42646872329411,25.211217796297117],[-107.42754782280186,25.211217823506487],[-107.42754782280187,25.21095021477934],[-107.42835491671954,25.210950237355753],[-107.42835491671956,25.20933163392676]]]},"id":"000000000000000000cd","properties":{"CLASS_CLRS":"255,255,29","CLASS_ID":"2","CLASS_NAME":"LirioAcuatic"}},{"type":"Feature","geometry":{"type":"Polygon","coordinates":[[[-107.42269628734643,25.210678279753182],[-107.42323587381337,25.210678219652696],[-107.42323587381337,25.210950296165436],[-107.42431495986949,25.210950265997468],[-107.42431495986949,25.210678278125183],[-107.4248545497056,25.210678210758388],[-107.4248545497056,25.209331572860552],[-107.42323587381337,25.20933157337794],[-107.42323587381337,25.209064046255673],[-107.42269628734643,25.209064103009425],[-107.42269628734643,25.209331630686375],[-107.42242879582646,25.209331598919338],[-107.42242879582646,25.210138732197798],[-107.42269628734643,25.21013867562221],[-107.42269628734643,25.210678279753182]]]},"id":"000000000000000000ce","properties":{"CLASS_CLRS":"255,255,29","CLASS_ID":"2","CLASS_NAME":"LirioAcuatic"}},{"type":"Feature","geometry":{"type":"Polygon","coordinates":[[[-107.39925031631576,25.209064059120028],[-107.39817566634504,25.209064033618834],[-107.39817566634504,25.20879201694641],[-107.3979036882993,25.208792037251552],[-107.3979036882993,25.209331607354752],[-107.39763613220735,25.209331618833172],[-107.39763613220734,25.21067822244681],[-107.39844322299737,25.210678260771974],[-107.39844322299737,25.210410709230654],[-107.39871077992755,25.210410694848207],[-107.39871077992755,25.2101386798035],[-107.39925031631576,25.210138728484015],[-107.39925031631576,25.209064059120028]]]},"id":"000000000000000000cf","properties":{"CLASS_CLRS":"255,255,29","CLASS_ID":"2","CLASS_NAME":"LirioAcuatic"}},{"type":"Feature","geometry":{"type":"Polygon","coordinates":[[[-107.42700822736278,25.20852447450747],[-107.42674073139459,25.208524539018857],[-107.42674073139459,25.207445427412885],[-107.42646872329411,25.207445423425565],[-107.42646872329411,25.207177898155436],[-107.42620113763415,25.207177883485176],[-107.42620113763415,25.206905894591234],[-107.42566163524408,25.20690586175243],[-107.42566163524408,25.206638335231542],[-107.42512204372855,25.206638310331105],[-107.42512204372856,25.206905837406836],[-107.4248545497056,25.206905808544345],[-107.4248545497056,25.208524532717924],[-107.42593364249821,25.208524498077846],[-107.42593364249821,25.208792022847508],[-107.42700822736278,25.208792085683992],[-107.42700822736278,25.20852447450747]]]},"id":"000000000000000000d1","properties":{"CLASS_CLRS":"255,255,29","CLASS_ID":"2","CLASS_NAME":"LirioAcuatic"}},{"type":"Feature","geometry":{"type":"Polygon","coordinates":[[[-107.41973097337716,25.206905845112352],[-107.41892390630909,25.206905839599145],[-107.41892390630909,25.20663830615157],[-107.4186563284391,25.206638274131066],[-107.4186563284391,25.20690589536878],[-107.41838432882368,25.206905872523738],[-107.41838432882368,25.20717786958774],[-107.41784484270796,25.207177889744678],[-107.41784484270796,25.207445423880404],[-107.41757726595327,25.20744539028764],[-107.41757726595327,25.207984921756818],[-107.41784484270796,25.207984954794927],[-107.41784484270796,25.20825248830092],[-107.41838432882366,25.208252465916885],[-107.41838432882368,25.208524549427423],[-107.41892390630909,25.20852451314753],[-107.41892390630909,25.20798498531872],[-107.41919590649137,25.207984918300443],[-107.41919590649137,25.20771292272468],[-107.41946348491892,25.207712952439213],[-107.41946348491892,25.207445420175887],[-107.41973097337716,25.20744537296627],[-107.41973097337716,25.206905845112352]]]},"id":"000000000000000000d2","properties":{"CLASS_CLRS":"255,255,29","CLASS_ID":"2","CLASS_NAME":"LirioAcuatic"}},{"type":"Feature","geometry":{"type":"Polygon","coordinates":[[[-107.4248545497056,25.205826771535175],[-107.42458254358331,25.205826761587424],[-107.42458254358331,25.205559233115473],[-107.42431495986949,25.205559212581605],[-107.42431495986949,25.205291683625926],[-107.42269628734643,25.2052916517463],[-107.42269628734643,25.206366323695313],[-107.42242879582648,25.20636628887995],[-107.42242879582648,25.20744542176464],[-107.42269628734643,25.207445367957067],[-107.42269628734643,25.207712984410747],[-107.42296829148957,25.207712996655008],[-107.42296829148957,25.20798498828815],[-107.42350787852276,25.20798493255086],[-107.42350787852276,25.208252460235645],[-107.42404295431325,25.208252509675795],[-107.42404295431325,25.207984982541163],[-107.42431495986949,25.20798499145371],[-107.42431495986949,25.207177858954534],[-107.42458254358331,25.20717787782371],[-107.42458254358331,25.2063662810803],[-107.4248545497056,25.206366290464025],[-107.4248545497056,25.205826771535175]]]},"id":"000000000000000000d3","properties":{"CLASS_CLRS":"255,255,29","CLASS_ID":"2","CLASS_NAME":"LirioAcuatic"}},{"type":"Feature","geometry":{"type":"Polygon","coordinates":[[[-107.40086902249699,25.20582678736281],[-107.39978994407247,25.205826771775023],[-107.39978994407247,25.20717784161852],[-107.40059704160859,25.207177876324867],[-107.40059704160859,25.20663830840813],[-107.40086902249699,25.206638284257735],[-107.40086902249699,25.20582678736281]]]},"id":"000000000000000000d5","properties":{"CLASS_CLRS":"255,255,29","CLASS_ID":"2","CLASS_NAME":"LirioAcuatic"}},{"type":"Feature","geometry":{"type":"Polygon","coordinates":[[[-107.40706717831642,25.20555917803831],[-107.40598807396307,25.20555921697335],[-107.40598807396307,25.2060987754228],[-107.40572050948224,25.206098714053855],[-107.40572050948224,25.206638272208856],[-107.40598807396307,25.20663833302349],[-107.40598807396307,25.20690587976225],[-107.40652762557589,25.206905814956496],[-107.40652762557589,25.206638268771865],[-107.40706717831642,25.206638289618045],[-107.40706717831642,25.20555917803831]]]},"id":"000000000000000000d6","properties":{"CLASS_CLRS":"255,255,29","CLASS_ID":"2","CLASS_NAME":"LirioAcuatic"}},{"type":"Feature","geometry":{"type":"Polygon","coordinates":[[[-107.42108213724718,25.205019669366447],[-107.42081013508398,25.205019650039016],[-107.42081013508398,25.20448012060737],[-107.42027055366854,25.20448006945424],[-107.42027055366854,25.2047520664703],[-107.42000297440711,25.204752123023212],[-107.42000297440711,25.20501965683249],[-107.41973097337716,25.20501963506323],[-107.41973097337716,25.205559165883784],[-107.41946348491892,25.205559211155176],[-107.41946348491892,25.20609874168174],[-107.4200029744071,25.20609880401226],[-107.42000297440711,25.206366336771477],[-107.42108213724718,25.206366256206977],[-107.42108213724718,25.205019669366447]]]},"id":"000000000000000000d7","properties":{"CLASS_CLRS":"255,255,29","CLASS_ID":"2","CLASS_NAME":"LirioAcuatic"}},{"type":"Feature","geometry":{"type":"Polygon","coordinates":[[[-107.4186563284391,25.20286591266398],[-107.41838432882368,25.202865885596875],[-107.41838432882368,25.202593885115192],[-107.4181168417566,25.202593924343518],[-107.4181168417566,25.202326386705124],[-107.41757726595327,25.202326318998114],[-107.41757726595327,25.202865946032713],[-107.41730968947518,25.202865907136417],[-107.41730968947518,25.20313344518408],[-107.41677011535447,25.203133463044143],[-107.41677011535447,25.203401001437893],[-107.4164981177211,25.203400970662354],[-107.4164981177211,25.203672972475662],[-107.41623063260333,25.203673008616402],[-107.41623063260333,25.204212548809377],[-107.4164981177211,25.204212599630804],[-107.4164981177211,25.20448013746306],[-107.41677011535447,25.20448007959456],[-107.41677011535447,25.20475208026855],[-107.41703769127473,25.20475211842677],[-107.41703769127473,25.205291655250615],[-107.41730968947518,25.205291682829593],[-107.41730968947518,25.205559218986487],[-107.41757726595327,25.205559167598125],[-107.41757726595327,25.20582679078715],[-107.41784484270796,25.205826738528263],[-107.41784484270796,25.206098737011743],[-107.4186563284391,25.206098742779915],[-107.4186563284391,25.20286591266398]]]},"id":"000000000000000000d8","properties":{"CLASS_CLRS":"255,255,29","CLASS_ID":"2","CLASS_NAME":"LirioAcuatic"}},{"type":"Feature","geometry":{"type":"Polygon","coordinates":[[[-107.41677011535447,25.2050196174007],[-107.4164981177211,25.20501967583285],[-107.4164981177211,25.204752138421203],[-107.41623063260333,25.204752088154237],[-107.41623063260333,25.205559163916774],[-107.4164981177211,25.205559213354334],[-107.4164981177211,25.205291676363345],[-107.41677011535447,25.20529170516317],[-107.41677011535447,25.2050196174007]]]},"id":"000000000000000000d9","properties":{"CLASS_CLRS":"255,255,29","CLASS_ID":"2","CLASS_NAME":"LirioAcuatic"}},{"type":"Feature","geometry":{"type":"Polygon","coordinates":[[[-107.40086902249699,25.20421253998908],[-107.40059704160859,25.20421256160763],[-107.40059704160859,25.203940543614568],[-107.40032948272004,25.203940555551885],[-107.40032948272004,25.203673000689506],[-107.39978994407247,25.203673030986497],[-107.39978994407247,25.203940586402858],[-107.39925031631576,25.203940538205924],[-107.39925031631576,25.204752132125844],[-107.39952238602176,25.20475210209458],[-107.39952238602176,25.205019656944323],[-107.39978994407247,25.205019645695053],[-107.39978994407247,25.20529166367521],[-107.40059704160859,25.205291616702322],[-107.40059704160859,25.205019687086295],[-107.40086902249699,25.205019664625308],[-107.40086902249699,25.20421253998908]]]},"id":"000000000000000000da","properties":{"CLASS_CLRS":"255,255,29","CLASS_ID":"2","CLASS_NAME":"LirioAcuatic"}},{"type":"Feature","geometry":{"type":"Polygon","coordinates":[[[-107.40868584330296,25.203673022799798],[-107.40841376393304,25.203672984919752],[-107.40841376393304,25.203400974661132],[-107.40733474419307,25.20340100584006],[-107.40733474419307,25.20367301722556],[-107.40652762557589,25.20367301689282],[-107.40652762557589,25.20394056538981],[-107.40679961271711,25.203940530639876],[-107.40679961271711,25.204752101042853],[-107.40706717831642,25.204752073873923],[-107.40706717831642,25.205019620975474],[-107.40814628718012,25.20501966210941],[-107.40814628718012,25.20475211611636],[-107.40868584330296,25.204752133605304],[-107.40868584330296,25.203673022799798]]]},"id":"000000000000000000dd","properties":{"CLASS_CLRS":"255,255,29","CLASS_ID":"2","CLASS_NAME":"LirioAcuatic"}},{"type":"Feature","geometry":{"type":"Polygon","coordinates":[[[-107.40572050948224,25.203940560467856],[-107.40356231654893,25.203940591068864],[-107.40356231654893,25.204480069567214],[-107.40383430056481,25.204480128482494],[-107.40383430056481,25.205019693089984],[-107.40544852347811,25.20501962863322],[-107.40544852347811,25.204752079869095],[-107.40572050948224,25.204752134232905],[-107.40572050948224,25.203940560467856]]]},"id":"000000000000000000de","properties":{"CLASS_CLRS":"255,255,29","CLASS_ID":"2","CLASS_NAME":"LirioAcuatic"}},{"type":"Feature","geometry":{"type":"Polygon","coordinates":[[[-107.42404295431325,25.202593876882002],[-107.42377537115634,25.202593939611784],[-107.42377537115635,25.202326320275905],[-107.42134962737697,25.202326346769652],[-107.42134962737697,25.202593881084965],[-107.42081013508398,25.202593905047408],[-107.42081013508398,25.20286590299392],[-107.42054255526516,25.20286587129328],[-107.42054255526516,25.203133493533358],[-107.42027055366854,25.2031334710136],[-107.42027055366854,25.203401005809365],[-107.42054255526516,25.2034010280495],[-107.42054255526516,25.203673025636302],[-107.42081013508398,25.2036729689918],[-107.42081013508398,25.20394059032761],[-107.42108213724718,25.203940523267867],[-107.42108213724718,25.204212519863283],[-107.42134962737697,25.204212559889367],[-107.42134962737697,25.20448009273491],[-107.42162163010657,25.20448011140561],[-107.42162163010657,25.20475210700958],[-107.42242879582646,25.204752090177873],[-107.42242879582646,25.204480095417548],[-107.42323587381337,25.20448008492266],[-107.42323587381337,25.204212554016298],[-107.42350787852276,25.204212568698704],[-107.42350787852276,25.203673043591596],[-107.42377537115634,25.203672991260348],[-107.42377537115634,25.203133465859935],[-107.42404295431325,25.203133490089648],[-107.42404295431325,25.202593876882002]]]},"id":"000000000000000000df","properties":{"CLASS_CLRS":"255,255,29","CLASS_ID":"2","CLASS_NAME":"LirioAcuatic"}},{"type":"Feature","geometry":{"type":"Polygon","coordinates":[[[-107.40329475458351,25.203401042183316],[-107.4022156660068,25.203401038320372],[-107.4022156660068,25.203672967529737],[-107.40194810543844,25.203672982794163],[-107.40194810543844,25.204212552577058],[-107.40329475458351,25.204212537260396],[-107.40329475458351,25.203401042183316]]]},"id":"000000000000000000e0","properties":{"CLASS_CLRS":"255,255,29","CLASS_ID":"2","CLASS_NAME":"LirioAcuatic"}},{"type":"Feature","geometry":{"type":"Polygon","coordinates":[[[-107.41137912867634,25.2028659224331],[-107.41030000630748,25.20286590139179],[-107.41030000630748,25.203133446642543],[-107.40949287842336,25.203133464543768],[-107.40949287842336,25.203401010415227],[-107.40976044681307,25.20340097864067],[-107.40976044681307,25.203672987492737],[-107.40949287842336,25.20367301954674],[-107.40949287842335,25.203940564997684],[-107.41137912867634,25.203940561182982],[-107.41137912867634,25.2028659224331]]]},"id":"000000000000000000e1","properties":{"CLASS_CLRS":"255,255,29","CLASS_ID":"2","CLASS_NAME":"LirioAcuatic"}},{"type":"Feature","geometry":{"type":"Polygon","coordinates":[[[-107.41569106073254,25.202054393730908],[-107.41541906423348,25.20205435910689],[-107.41541906423348,25.201786818275487],[-107.41515148998705,25.201786773466292],[-107.41515148998705,25.201514768751924],[-107.41461192036697,25.201514773571354],[-107.41461192036697,25.201786778849467],[-107.4132653024522,25.20178680995756],[-107.4132653024522,25.20340099191411],[-107.4135328747473,25.203401039262182],[-107.4135328747473,25.20367304417352],[-107.41488391601737,25.203672991000268],[-107.41488391601737,25.203400987500387],[-107.41541906423348,25.2034009868786],[-107.41541906423348,25.20313344709634],[-107.41569106073254,25.2031334805928],[-107.41569106073254,25.202054393730908]]]},"id":"000000000000000000e4","properties":{"CLASS_CLRS":"255,255,29","CLASS_ID":"2","CLASS_NAME":"LirioAcuatic"}},{"type":"Feature","geometry":{"type":"Polygon","coordinates":[[[-107.41784484270796,25.200707735878186],[-107.41757726595327,25.200707695358624],[-107.41757726595327,25.200440155696626],[-107.4164981177211,25.200440180231574],[-107.4164981177211,25.200979724949015],[-107.41623063260333,25.200979670805197],[-107.41623063260333,25.201514839366055],[-107.41595863553704,25.20151480539898],[-107.41595863553704,25.202054349546856],[-107.41677011535447,25.20205438065514],[-107.41677011535447,25.201786841212286],[-107.41730968947518,25.201786826143483],[-107.41730968947518,25.201514823684242],[-107.41784484270796,25.201514816142527],[-107.41784484270796,25.200707735878186]]]},"id":"000000000000000000e5","properties":{"CLASS_CLRS":"255,255,29","CLASS_ID":"2","CLASS_NAME":"LirioAcuatic"}},{"type":"Feature","geometry":{"type":"Polygon","coordinates":[[[-107.4272802360289,25.20016813774196],[-107.42700822736278,25.200168127366357],[-107.42700822736278,25.19990059698041],[-107.42593364249821,25.199900584930408],[-107.42593364249821,25.199628589992024],[-107.42539405041676,25.199628639288594],[-107.42539405041676,25.20070769353828],[-107.42566163524408,25.20070771666004],[-107.42566163524408,25.2017867664115],[-107.42700822736278,25.201786782400323],[-107.42700822736278,25.20124726074082],[-107.4272802360289,25.20124726998804],[-107.4272802360289,25.20016813774196]]]},"id":"000000000000000000e7","properties":{"CLASS_CLRS":"255,255,29","CLASS_ID":"2","CLASS_NAME":"LirioAcuatic"}},{"type":"Feature","geometry":{"type":"Polygon","coordinates":[[[-107.42323587381337,25.20016814743088],[-107.42296829148957,25.200168118355112],[-107.42296829148957,25.199900583814998],[-107.42269628734643,25.199900650919627],[-107.42269628734643,25.19962856508141],[-107.42242879582646,25.199628610854937],[-107.42242879582646,25.199900609457217],[-107.41973097337716,25.199900569960032],[-107.41973097337716,25.200168195344745],[-107.42000297440711,25.20016813466826],[-107.42000297440711,25.200707672547637],[-107.42027055366854,25.200707707668425],[-107.42027055366854,25.200979707672428],[-107.42054255526516,25.20097973244333],[-107.42054255526516,25.201247268637122],[-107.42081013508398,25.201247214486308],[-107.42081013508398,25.201514837712477],[-107.4210821372472,25.201514773187608],[-107.42108213724718,25.20124723775682],[-107.42188921103991,25.201247246328798],[-107.4218892110399,25.20097971151941],[-107.42323587381337,25.200979675512095],[-107.42323587381337,25.20016814743088]]]},"id":"000000000000000000e8","properties":{"CLASS_CLRS":"255,255,29","CLASS_ID":"2","CLASS_NAME":"LirioAcuatic"}},{"type":"Feature","geometry":{"type":"Polygon","coordinates":[[[-107.42404295431325,25.196395790460326],[-107.42377537115634,25.196395759301],[-107.42377537115634,25.19558868541341],[-107.42350787852276,25.195588641918466],[-107.42350787852276,25.19504910327531],[-107.42323587381337,25.19504907901324],[-107.42323587381337,25.195316617051876],[-107.42296829148957,25.195316670503107],[-107.42296829148957,25.195856209845708],[-107.42269628734643,25.1958561852068],[-107.42269628734643,25.196395724267557],[-107.42296829148957,25.196395748342418],[-107.42296829148957,25.196935285993085],[-107.42323587381337,25.196935318393656],[-107.42323587381337,25.19747485464326],[-107.42350787852276,25.197474876369284],[-107.42350787852276,25.197202876976164],[-107.42377537115635,25.197202831295535],[-107.42377537115635,25.19693529527811],[-107.42404295431325,25.196935325882517],[-107.42404295431325,25.196395790460326]]]},"id":"000000000000000000eb","properties":{"CLASS_CLRS":"255,255,29","CLASS_ID":"2","CLASS_NAME":"LirioAcuatic"}},{"type":"Feature","geometry":{"type":"Polygon","coordinates":[[[-107.42242879582646,25.192890888277645],[-107.42215679224955,25.19289085931832],[-107.42215679224955,25.192355777044675],[-107.4218892110399,25.192355825050612],[-107.42188921103991,25.19208381992065],[-107.42134962737697,25.19208383542287],[-107.42134962737697,25.19235584111685],[-107.41946348491892,25.192355808067752],[-107.41946348491892,25.193430446290336],[-107.41973097337716,25.193430413483185],[-107.41973097337716,25.19450959817781],[-107.4200029744071,25.194509543414426],[-107.4200029744071,25.195049090170492],[-107.42108213724718,25.195049144050248],[-107.42108213724718,25.194777052686646],[-107.42162163010657,25.19477713122577],[-107.42162163010657,25.19450959110811],[-107.42215679224955,25.194509578779805],[-107.42215679224955,25.19424203900444],[-107.42242879582646,25.194241979034164],[-107.42242879582646,25.192890888277645]]]},"id":"000000000000000000ee","properties":{"CLASS_CLRS":"255,255,29","CLASS_ID":"2","CLASS_NAME":"LirioAcuatic"}},{"type":"Feature","geometry":{"type":"Polygon","coordinates":[[[-107.42323587381337,25.18965801634749],[-107.42296829148957,25.189658063980197],[-107.42296829148957,25.189390521272],[-107.42242879582646,25.189390525123343],[-107.42242879582646,25.18911851821731],[-107.42215679224955,25.189118485314165],[-107.42215679224955,25.1888509413529],[-107.42054255526516,25.188850943912865],[-107.42054255526516,25.18857893460945],[-107.41973097337716,25.188578985367972],[-107.41973097337716,25.188311438494054],[-107.41919590649137,25.18831141637643],[-107.41919590649137,25.189118521516882],[-107.41892390630909,25.189118481301826],[-107.41892390630909,25.19127670597962],[-107.42027055366854,25.19127666587456],[-107.42027055366854,25.19154420989256],[-107.42215679224955,25.191544225258447],[-107.42215679224955,25.1912766831798],[-107.42242879582646,25.191276713826642],[-107.42242879582646,25.190737166191084],[-107.42269628734643,25.190737129556915],[-107.42269628734643,25.190465123992947],[-107.42296829148957,25.190465154267983],[-107.42296829148957,25.189930069896608],[-107.42323587381337,25.189930021984193],[-107.42323587381337,25.18965801634749]]]},"id":"000000000000000000f0","properties":{"CLASS_CLRS":"255,255,29","CLASS_ID":"2","CLASS_NAME":"LirioAcuatic"}},{"type":"Feature","geometry":{"type":"Polygon","coordinates":[[[-107.41838432882368,25.190465140411643],[-107.4181168417566,25.190465167176306],[-107.4181168417566,25.190197620106566],[-107.41677011535447,25.19019764141672],[-107.41677011535447,25.191544221093043],[-107.41784484270796,25.191544240214498],[-107.41784484270796,25.19127669370284],[-107.41838432882368,25.191276706503974],[-107.41838432882368,25.190465140411643]]]},"id":"000000000000000000f1","properties":{"CLASS_CLRS":"255,255,29","CLASS_ID":"2","CLASS_NAME":"LirioAcuatic"}},{"type":"Feature","geometry":{"type":"Polygon","coordinates":[[[-107.4272802360289,25.187504292890672],[-107.42674073139459,25.18750431217266],[-107.42674073139459,25.18777185246444],[-107.42646872329411,25.187771827905692],[-107.42646872329411,25.188043831649946],[-107.42620113763415,25.188043884814753],[-107.42620113763415,25.18831142524305],[-107.4272802360289,25.188311374841714],[-107.4272802360289,25.187504292890672]]]},"id":"000000000000000000f3","properties":{"CLASS_CLRS":"255,255,29","CLASS_ID":"2","CLASS_NAME":"LirioAcuatic"}},{"type":"Feature","geometry":{"type":"Polygon","coordinates":[[[-107.42215679224955,25.186964737409422],[-107.4218892110399,25.18696477987213],[-107.4218892110399,25.186157678046595],[-107.42134962737697,25.186157681260113],[-107.42134962737697,25.18642522813995],[-107.42081013508398,25.186425218582468],[-107.42081013508398,25.187504333214914],[-107.42134962737697,25.187504340535064],[-107.42134962737697,25.18777188637077],[-107.42215679224955,25.187771836517282],[-107.42215679224955,25.186964737409422]]]},"id":"000000000000000000f4","properties":{"CLASS_CLRS":"255,255,29","CLASS_ID":"2","CLASS_NAME":"LirioAcuatic"}},{"type":"Feature","geometry":{"type":"Polygon","coordinates":[[[-107.42000297440711,25.1850785847674],[-107.41973097337716,25.185078542154557],[-107.41973097337716,25.185346091535056],[-107.41892390630909,25.1853461066823],[-107.41892390630909,25.185618120226163],[-107.4186563284391,25.1856180665923],[-107.4186563284391,25.18615763005789],[-107.41838432882368,25.186157673048015],[-107.41838432882368,25.186692772697683],[-107.4186563284391,25.186692729148373],[-107.4186563284391,25.186964741910614],[-107.41892390630909,25.186964794159657],[-107.41892390630909,25.187232342907716],[-107.41946348491892,25.187232260828026],[-107.41946348491892,25.186964712634637],[-107.41973097337716,25.186964773992518],[-107.41973097337716,25.186425214016868],[-107.42000297440711,25.18642516770212],[-107.42000297440711,25.1850785847674]]]},"id":"000000000000000000f6","properties":{"CLASS_CLRS":"255,255,29","CLASS_ID":"2","CLASS_NAME":"LirioAcuatic"}},{"type":"Feature","geometry":{"type":"Polygon","coordinates":[[[-107.42134962737697,25.18453900508684],[-107.42081013508398,25.184538991618567],[-107.42081013508398,25.18426697919621],[-107.42054255526516,25.18426701588941],[-107.42054255526516,25.184806577555584],[-107.42027055366854,25.184806535878625],[-107.42027055366854,25.185618109401986],[-107.42054255526516,25.18561806271066],[-107.42054255526516,25.185885610838593],[-107.42108213724718,25.185885611809816],[-107.42108213724718,25.18561806423666],[-107.42134962737697,25.185618123378973],[-107.42134962737697,25.18453900508684]]]},"id":"000000000000000000f7","properties":{"CLASS_CLRS":"255,255,29","CLASS_ID":"2","CLASS_NAME":"LirioAcuatic"}},{"type":"Feature","geometry":{"type":"Polygon","coordinates":[[[-107.41946348491892,25.18157370801397],[-107.41892390630909,25.181573690840896],[-107.41892390630909,25.181306137708848],[-107.41838432882366,25.181306117560734],[-107.41838432882368,25.181845688326213],[-107.4181168417566,25.181845706232433],[-107.4181168417566,25.182652829836368],[-107.41838432882366,25.182652811100617],[-107.41838432882368,25.18292036374476],[-107.4186563284391,25.182920324137758],[-107.4186563284391,25.18319233987202],[-107.41919590649137,25.183192354889083],[-107.41919590649137,25.182920339718837],[-107.41946348491892,25.182920307405627],[-107.41946348491892,25.18157370801397]]]},"id":"000000000000000000f8","properties":{"CLASS_CLRS":"255,255,29","CLASS_ID":"2","CLASS_NAME":"LirioAcuatic"}},{"type":"Feature","geometry":{"type":"Polygon","coordinates":[[[-107.42081013508398,25.18157371207879],[-107.41973097337716,25.181573687393072],[-107.41973097337716,25.182113254948685],[-107.4200029744071,25.182113213140457],[-107.42000297440711,25.18265277928968],[-107.42054255526516,25.182652789385],[-107.42054255526516,25.18211322435464],[-107.42081013508398,25.18211327739667],[-107.42081013508398,25.18157371207879]]]},"id":"000000000000000000f9","properties":{"CLASS_CLRS":"255,255,29","CLASS_ID":"2","CLASS_NAME":"LirioAcuatic"}},{"type":"Feature","geometry":{"type":"Polygon","coordinates":[[[-107.42323587381337,25.17780132039803],[-107.42296829148957,25.177801268316788],[-107.42296829148957,25.17726178826817],[-107.42269628734643,25.17726174418819],[-107.42269628734643,25.176994191599622],[-107.42242879582646,25.17699421410594],[-107.42242879582648,25.17753378321163],[-107.42215679224955,25.177533738196225],[-107.42215679224955,25.177801290922478],[-107.4218892110399,25.177801323962342],[-107.42188921103991,25.178068876756864],[-107.42215679224955,25.17806884344186],[-107.42215679224955,25.17834085933387],[-107.42242879582646,25.17834081598428],[-107.42242879582646,25.17860836780674],[-107.42269628734643,25.178608431161877],[-107.42269628734643,25.178340879614538],[-107.42296829148957,25.17834083504525],[-107.42296829148957,25.178068820001663],[-107.42323587381337,25.178068871807678],[-107.42323587381337,25.17780132039803]]]},"id":"000000000000000000fa","properties":{"CLASS_CLRS":"255,255,29","CLASS_ID":"2","CLASS_NAME":"LirioAcuatic"}},{"type":"Feature","geometry":{"type":"Polygon","coordinates":[[[-107.42674073139459,25.1756430634898],[-107.42566163524408,25.175643056497538],[-107.42566163524408,25.17618262100395],[-107.42539405041676,25.176182660173783],[-107.42539405041676,25.17699423795987],[-107.42620113763415,25.176994205311615],[-107.42620113763415,25.176722192590027],[-107.42674073139459,25.176722187184872],[-107.42674073139459,25.1756430634898]]]},"id":"000000000000000000fb","properties":{"CLASS_CLRS":"255,255,29","CLASS_ID":"2","CLASS_NAME":"LirioAcuatic"}},{"type":"Feature","geometry":{"type":"Polygon","coordinates":[[[-107.42889442470987,25.17348938013862],[-107.42754782280186,25.17348932628964],[-107.42754782280186,25.173756876595956],[-107.4272802360289,25.173756917465223],[-107.4272802360289,25.174296481552258],[-107.42700822736278,25.17429644412045],[-107.42700822736278,25.174568457903455],[-107.4272802360289,25.174568495050753],[-107.4272802360289,25.174836044798923],[-107.42808732911433,25.17483600619432],[-107.42808732911433,25.174568457276383],[-107.42862692679732,25.174568447879928],[-107.42862692679732,25.174296435789874],[-107.42889442470987,25.174296489797737],[-107.42889442470987,25.17348938013862]]]},"id":"000000000000000000ff","properties":{"CLASS_CLRS":"255,255,29","CLASS_ID":"2","CLASS_NAME":"LirioAcuatic"}},{"type":"Feature","geometry":{"type":"Polygon","coordinates":[[[-107.42754782280187,25.17241028339291],[-107.42700822736278,25.172410283472278],[-107.42700822736278,25.172682298735925],[-107.42674073139459,25.17268223887367],[-107.42674073139459,25.172949790633343],[-107.42646872329411,25.172949838094326],[-107.42646872329411,25.173489317600666],[-107.42700822736278,25.17348932860768],[-107.42700822736278,25.173221777539712],[-107.42754782280186,25.173221775776756],[-107.42754782280187,25.17241028339291]]]},"id":"00000000000000000100","properties":{"CLASS_CLRS":"255,255,29","CLASS_ID":"2","CLASS_NAME":"LirioAcuatic"}},{"type":"Feature","geometry":{"type":"Polygon","coordinates":[[[-107.34777892487197,25.122285486270275],[-107.34750691013461,25.122285488485677],[-107.34750691013461,25.12120639370431],[-107.34669979946109,25.121206371637378],[-107.34669979946109,25.12174592110876],[-107.34697181333567,25.121745921276286],[-107.34697181333567,25.122013506407146],[-107.34669979946109,25.12201350651824],[-107.34669979946109,25.122553054751766],[-107.34697181333567,25.12255305407889],[-107.34697181333567,25.123092600922995],[-107.34777892487197,25.123092615341125],[-107.34777892487197,25.122285486270275]]]},"id":"00000000000000000155","properties":{"CLASS_CLRS":"255,255,29","CLASS_ID":"2","CLASS_NAME":"LirioAcuatic"}},{"type":"Feature","geometry":{"type":"Polygon","coordinates":[[[-107.34076924755671,25.12120641242575],[-107.34023416493753,25.121206361183226],[-107.34023416493753,25.121478419334178],[-107.33996215827187,25.121478403686307],[-107.33996215827187,25.12174590863606],[-107.34023416493753,25.121745924005516],[-107.34023416493753,25.122013516036247],[-107.34076924755671,25.122013478063455],[-107.34076924755671,25.12120641242575]]]},"id":"00000000000000000158","properties":{"CLASS_CLRS":"255,255,29","CLASS_ID":"2","CLASS_NAME":"LirioAcuatic"}},{"type":"Feature","geometry":{"type":"Polygon","coordinates":[[[-107.34589278156783,25.119320174438663],[-107.3450811650368,25.1193201518916],[-107.3450811650368,25.119052650338453],[-107.34481366415757,25.119052626962485],[-107.34481366415757,25.11932021635147],[-107.34427406205988,25.119320195319954],[-107.34427406205988,25.11959216316088],[-107.34481366415757,25.119592183630697],[-107.34481366415757,25.11985977260959],[-107.34589278156783,25.1198597284683],[-107.34589278156783,25.119320174438663]]]},"id":"0000000000000000015c","properties":{"CLASS_CLRS":"255,255,29","CLASS_ID":"2","CLASS_NAME":"LirioAcuatic"}},{"type":"Feature","geometry":{"type":"Polygon","coordinates":[[[-107.34912555998987,25.11743395978931],[-107.34885805485868,25.11743403129029],[-107.34885805485868,25.117166444610977],[-107.348586038968,25.11716644393056],[-107.348586038968,25.117434030888532],[-107.34804651908966,25.11743401201251],[-107.34804651908966,25.117705977382826],[-107.34750691013461,25.11770596748594],[-107.34750691013461,25.117973555139546],[-107.34723940670465,25.117973536040722],[-107.34723940670465,25.119052641837712],[-107.34750691013461,25.119052659831457],[-107.34750691013461,25.119320158900802],[-107.34777892487197,25.119320159773125],[-107.34777892487197,25.11905266098232],[-107.34831853440377,25.119052666879867],[-107.34831853440377,25.118780615271714],[-107.34885805485868,25.11878063014911],[-107.34885805485868,25.118241080590504],[-107.34912555998989,25.11824109582393],[-107.34912555998987,25.11743395978931]]]},"id":"0000000000000000015e","properties":{"CLASS_CLRS":"255,255,29","CLASS_ID":"2","CLASS_NAME":"LirioAcuatic"}},{"type":"Feature","geometry":{"type":"Polygon","coordinates":[[[-107.34292745262395,25.116894441180524],[-107.3423878545296,25.116894406697597],[-107.3423878545296,25.116626900544798],[-107.34184834779924,25.116626852267185],[-107.34184834779924,25.117434012633623],[-107.34212035648419,25.11743402823585],[-107.34212035648419,25.11770599977509],[-107.34292745262395,25.11770597574932],[-107.34292745262395,25.116894441180524]]]},"id":"0000000000000000015f","properties":{"CLASS_CLRS":"255,255,29","CLASS_ID":"2","CLASS_NAME":"LirioAcuatic"}},{"type":"Feature","geometry":{"type":"Polygon","coordinates":[[[-107.42054255526516,25.17402892529868],[-107.42027055366854,25.174028872354064],[-107.42027055366854,25.174296429728347],[-107.41919590649137,25.174296437671288],[-107.41919590649137,25.17456845962287],[-107.41892390630909,25.174568491720994],[-107.41892390630909,25.17483596254001],[-107.4186563284391,25.174835985341083],[-107.4186563284391,25.17564312362717],[-107.41892390630909,25.1756430999962],[-107.41892390630909,25.17618267847603],[-107.41919590649137,25.17618264469079],[-107.41919590649137,25.17645466516069],[-107.41973097337716,25.17645462413626],[-107.41973097337716,25.176182691748203],[-107.4200029744071,25.1761826561385],[-107.42000297440711,25.175915099946312],[-107.42027055366854,25.17591507304095],[-107.42027055366854,25.175375584459054],[-107.42054255526516,25.17537554847321],[-107.42054255526516,25.17402892529868]]]},"id":"000000000000000000fe","properties":{"CLASS_CLRS":"29,29,255","CLASS_ID":"1","CLASS_NAME":"Water"}},{"type":"Feature","geometry":{"type":"Polygon","coordinates":[[[-107.40032948272004,25.171870650763537],[-107.40006192410922,25.17187071670149],[-107.40006192410922,25.1716031366855],[-107.39898275882531,25.17160315805402],[-107.39898275882531,25.172142696622434],[-107.39871077992755,25.172142680499327],[-107.39871077992755,25.172682218791035],[-107.39898275882531,25.172682234350876],[-107.39898275882531,25.17294981464207],[-107.39925031631576,25.172949837525323],[-107.39925031631576,25.173221793843144],[-107.39978994407247,25.173221818138387],[-107.39978994407247,25.172949774853848],[-107.40032948272004,25.172949808179187],[-107.40032948272004,25.171870650763537]]]},"id":"00000000000000000101","properties":{"CLASS_CLRS":"29,29,255","CLASS_ID":"1","CLASS_NAME":"Water"}},{"type":"Feature","geometry":{"type":"Polygon","coordinates":[[[-107.42162163010657,25.169984461989387],[-107.42134962737697,25.16998449477897],[-107.42134962737697,25.168370294207875],[-107.42027055366854,25.16837029622303],[-107.42027055366854,25.168637857963944],[-107.42000297440711,25.1686378773861],[-107.42000297440711,25.168909815409553],[-107.41973097337716,25.16890984341726],[-107.41973097337716,25.169177405297013],[-107.41946348491892,25.169177413175444],[-107.41946348491892,25.16944497512391],[-107.41919590649137,25.169444906057137],[-107.41919590649137,25.170524080350145],[-107.41946348491892,25.170524060782896],[-107.41946348491892,25.171331119084826],[-107.41973097337716,25.17133110899241],[-107.41973097337716,25.171870692514233],[-107.42081013508398,25.17187066991984],[-107.42081013508398,25.171603111227572],[-107.42162163010657,25.171603117036735],[-107.42162163010657,25.169984461989387]]]},"id":"00000000000000000103","properties":{"CLASS_CLRS":"29,29,255","CLASS_ID":"1","CLASS_NAME":"Water"}},{"type":"Feature","geometry":{"type":"Polygon","coordinates":[[[-107.40140856340317,25.1686378747574],[-107.40113658194555,25.16863786045721],[-107.40113658194555,25.168098320896576],[-107.40032948272004,25.168098256268728],[-107.40032948272004,25.16837030279643],[-107.40006192410922,25.168370277608787],[-107.40006192410922,25.168637860119315],[-107.39978994407247,25.168637842775873],[-107.39978994407247,25.16890988944393],[-107.40006192410922,25.168909818972352],[-107.40006192410922,25.169444982954694],[-107.40032948272004,25.169444919507697],[-107.40032948272004,25.1699844586456],[-107.40059704160859,25.169984481580386],[-107.40059704160859,25.170256526349377],[-107.40086902249699,25.170256540178755],[-107.40086902249699,25.169984495693818],[-107.40113658194555,25.169984517429032],[-107.40113658194555,25.16971693706119],[-107.40140856340317,25.169716950234644],[-107.40140856340317,25.1686378747574]]]},"id":"00000000000000000104","properties":{"CLASS_CLRS":"29,29,255","CLASS_ID":"1","CLASS_NAME":"Water"}},{"type":"Feature","geometry":{"type":"Polygon","coordinates":[[[-107.4092208884455,25.16863782755916],[-107.40895332061466,25.168637822413885],[-107.40895332061466,25.168098299047397],[-107.40868584330296,25.168098281861944],[-107.40868584330296,25.16783070779578],[-107.40787420837862,25.167830799831872],[-107.40787420837862,25.168098287203485],[-107.40706717831642,25.168098256870103],[-107.40706717831642,25.16863787167358],[-107.40733474419307,25.16863788101221],[-107.40733474419307,25.168909832271062],[-107.40760673218455,25.168909832279766],[-107.40760673218455,25.169177406622705],[-107.40787420837862,25.169177425097942],[-107.40787420837862,25.169444911431395],[-107.4092208884455,25.16944492201006],[-107.4092208884455,25.16863782755916]]]},"id":"00000000000000000106","properties":{"CLASS_CLRS":"29,29,255","CLASS_ID":"1","CLASS_NAME":"Water"}},{"type":"Feature","geometry":{"type":"Polygon","coordinates":[[[-107.4132653024522,25.165404973322378],[-107.412997730434,25.16540497384589],[-107.412997730434,25.165133025756855],[-107.41218617220872,25.16513304003944],[-107.41218617220872,25.16540498897634],[-107.41191869155048,25.16540497620853],[-107.41191869155048,25.165672548821565],[-107.41137912867634,25.16567255237575],[-107.41137912867634,25.16594458926123],[-107.41164660877622,25.165944515145863],[-107.41164660877622,25.16621208762287],[-107.41191869155048,25.166212069812808],[-107.41191869155048,25.166751677493306],[-107.41218617220872,25.16675168887727],[-107.41218617220872,25.167019172650253],[-107.41245816530763,25.16701916367008],[-107.41245816530763,25.16675168017658],[-107.41272573676744,25.166751679468288],[-107.41272573676744,25.16648410851633],[-107.412997730434,25.16648409887586],[-107.412997730434,25.165944580543723],[-107.4132653024522,25.165944579465517],[-107.4132653024522,25.165404973322378]]]},"id":"00000000000000000108","properties":{"CLASS_CLRS":"29,29,255","CLASS_ID":"1","CLASS_NAME":"Water"}},{"type":"Feature","geometry":{"type":"Polygon","coordinates":[[[-107.4186563284391,25.162707241645133],[-107.41784484270796,25.162707275621948],[-107.41784484270796,25.162439706818134],[-107.41757726595327,25.16243971447375],[-107.41757726595327,25.16217214518887],[-107.4164981177211,25.162172186098438],[-107.4164981177211,25.162439668965806],[-107.41569106073254,25.16243967891539],[-107.41569106073254,25.162707249933767],[-107.41515148998705,25.162707264252003],[-107.41515148998705,25.16297921198917],[-107.41461192036697,25.162979224452478],[-107.41461192036697,25.16324679616501],[-107.41407244211631,25.16324679587116],[-107.4140724421163,25.16351883184131],[-107.4138048692629,25.16351883222022],[-107.4138048692629,25.163786316819362],[-107.41461192036697,25.163786315341017],[-107.41461192036697,25.164058350324975],[-107.41541906423348,25.164058331697284],[-107.41541906423348,25.164325901749155],[-107.41623063260333,25.164325868184573],[-107.41623063260333,25.164597901054133],[-107.41677011535447,25.164597888873896],[-107.41677011535447,25.16432594409478],[-107.41703769127473,25.16432593629404],[-107.41703769127471,25.1640583679064],[-107.41757726595327,25.164058342331323],[-107.41757726595327,25.163786310447055],[-107.41784484270796,25.16378630140679],[-107.41784484270796,25.16351882095994],[-107.41838432882368,25.163518803781454],[-107.41838432882366,25.163246772318576],[-107.4186563284391,25.16324684079995],[-107.4186563284391,25.162707241645133]]]},"id":"0000000000000000010a","properties":{"CLASS_CLRS":"29,29,255","CLASS_ID":"1","CLASS_NAME":"Water"}},{"type":"Feature","geometry":{"type":"Polygon","coordinates":[[[-107.41191869155048,25.162172119078075],[-107.4105719974214,25.162172188593825],[-107.4105719974214,25.16243967755138],[-107.41030000630748,25.16243967748442],[-107.41030000630748,25.164597877452515],[-107.41137912867634,25.164597882055467],[-107.41137912867634,25.16405835743872],[-107.41164660877622,25.164058372789402],[-107.41164660877622,25.163246809383885],[-107.41191869155048,25.163246794673043],[-107.41191869155048,25.162172119078075]]]},"id":"0000000000000000010b","properties":{"CLASS_CLRS":"29,29,255","CLASS_ID":"1","CLASS_NAME":"Water"}},{"type":"Feature","geometry":{"type":"Polygon","coordinates":[[[-107.40437384767456,25.160013905811503],[-107.40410186308983,25.160013976737527],[-107.40410186308985,25.159746391735244],[-107.40356231654893,25.159746435501535],[-107.40356231654893,25.160013933526105],[-107.40248764860264,25.160013919263665],[-107.40248764860264,25.160821054621234],[-107.40275520973078,25.160821082171783],[-107.40275520973078,25.161093044333064],[-107.40302277113652,25.16109307100946],[-107.40302277113652,25.16136056855254],[-107.40383430056481,25.161360627810627],[-107.40383430056481,25.161093043569444],[-107.40437384767456,25.161093083325973],[-107.40437384767456,25.160013905811503]]]},"id":"0000000000000000010f","properties":{"CLASS_CLRS":"29,29,255","CLASS_ID":"1","CLASS_NAME":"Water"}},{"type":"Feature","geometry":{"type":"Polygon","coordinates":[[[-107.41946348491892,25.1581277211605],[-107.41919590649137,25.158127727980023],[-107.41919590649137,25.157860244570728],[-107.41892390630909,25.1578601716767],[-107.41892390630909,25.15812774289303],[-107.4186563284391,25.1581277485132],[-107.4186563284391,25.15839531979904],[-107.4181168417566,25.158395327574112],[-107.4181168417566,25.158934847009334],[-107.41838432882368,25.15893485265317],[-107.41838432882368,25.159474370697417],[-107.41946348491892,25.15947441159269],[-107.41946348491892,25.1581277211605]]]},"id":"00000000000000000114","properties":{"CLASS_CLRS":"29,29,255","CLASS_ID":"1","CLASS_NAME":"Water"}},{"type":"Feature","geometry":{"type":"Polygon","coordinates":[[[-107.36933866247941,25.158934839047415],[-107.36906671498409,25.15893482971071],[-107.3690667149841,25.159474362328858],[-107.36933866247941,25.15947437110333],[-107.36933866247941,25.158934839047415]]]},"id":"00000000000000000115","properties":{"CLASS_CLRS":"29,29,255","CLASS_ID":"1","CLASS_NAME":"Water"}},{"type":"Feature","geometry":{"type":"Polygon","coordinates":[[[-107.39143802275362,25.15704860464475],[-107.39035889362046,25.15704866349417],[-107.39035889362046,25.157320641544285],[-107.39008692383514,25.157320678000875],[-107.39008692383514,25.157588191726116],[-107.39035889362046,25.15758815499041],[-107.39035889362047,25.15786022015603],[-107.39062644214718,25.157860190167433],[-107.39062644214718,25.158127790461133],[-107.39089841250315,25.158127751943773],[-107.39089841250315,25.158395264215798],[-107.39143802275362,25.158395269125034],[-107.39143802275362,25.15704860464475]]]},"id":"00000000000000000117","properties":{"CLASS_CLRS":"29,29,255","CLASS_ID":"1","CLASS_NAME":"Water"}},{"type":"Feature","geometry":{"type":"Polygon","coordinates":[[[-107.41730968947518,25.15650911694187],[-107.41703769127471,25.156509125901124],[-107.41703769127471,25.15624155150142],[-107.41677011535447,25.156241550989414],[-107.41677011535447,25.15650912566426],[-107.41595863553704,25.156509127597012],[-107.41595863553704,25.1567810793351],[-107.41569106073254,25.156781076979495],[-107.41569106073254,25.157320691474393],[-107.41595863553704,25.157320605746616],[-107.41595863553704,25.15786021885058],[-107.41623063260333,25.157860210917153],[-107.41623063260333,25.15812778490296],[-107.41677011535447,25.158127786135722],[-107.41677011535447,25.15786021270464],[-107.41703769127473,25.157860211552205],[-107.41703769127473,25.157588174256446],[-107.41730968947518,25.157588164169308],[-107.41730968947518,25.15650911694187]]]},"id":"00000000000000000118","properties":{"CLASS_CLRS":"29,29,255","CLASS_ID":"1","CLASS_NAME":"Water"}},{"type":"Feature","geometry":{"type":"Polygon","coordinates":[[[-107.3687991889478,25.157588208688814],[-107.36825962632624,25.15758818819694],[-107.36825962632624,25.15812772457202],[-107.3687991889478,25.15812774394838],[-107.3687991889478,25.157588208688814]]]},"id":"00000000000000000119","properties":{"CLASS_CLRS":"29,29,255","CLASS_ID":"1","CLASS_NAME":"Water"}},{"type":"Feature","geometry":{"type":"Polygon","coordinates":[[[-107.37283908744544,25.156241559291786],[-107.37230402776528,25.156241536310684],[-107.37230402776528,25.156781066411103],[-107.3720319868896,25.156781072388245],[-107.3720319868896,25.15732068975828],[-107.37257155746558,25.1573206063566],[-107.37257155746558,25.157048609754167],[-107.37283908744544,25.15704862011996],[-107.37283908744544,25.156241559291786]]]},"id":"0000000000000000011b","properties":{"CLASS_CLRS":"29,29,255","CLASS_ID":"1","CLASS_NAME":"Water"}},{"type":"Feature","geometry":{"type":"Polygon","coordinates":[[[-107.40679961271711,25.155702004876098],[-107.40652762557589,25.15570198924679],[-107.40652762557589,25.155162440780085],[-107.40544852347811,25.15516244110978],[-107.40544852347811,25.15489485376246],[-107.40490897412116,25.154894893512378],[-107.40490897412116,25.15516248141412],[-107.40464141075914,25.155162452836343],[-107.40464141075914,25.155434417449122],[-107.40437384767456,25.155434476089052],[-107.40437384767456,25.15570197659339],[-107.40410186308983,25.155701955483845],[-107.40410186308983,25.155974007771785],[-107.40437384767456,25.15597402859718],[-107.40437384767456,25.156241528687158],[-107.40490897412116,25.15624158421968],[-107.40490897412116,25.15650908355446],[-107.40572050948224,25.15650905768427],[-107.40572050948224,25.156241559183137],[-107.40679961271711,25.156241551943474],[-107.40679961271711,25.155702004876098]]]},"id":"0000000000000000011d","properties":{"CLASS_CLRS":"29,29,255","CLASS_ID":"1","CLASS_NAME":"Water"}},{"type":"Feature","geometry":{"type":"Polygon","coordinates":[[[-107.38981937586983,25.15327628269716],[-107.38955182818295,25.15327621864892],[-107.38955182818295,25.153008701062898],[-107.38901222189091,25.153008676548044],[-107.38901222189091,25.152736693726105],[-107.38847270696654,25.15273665535833],[-107.38847270696654,25.153276244975718],[-107.38820073917677,25.153276272952507],[-107.38820073917677,25.154087757585348],[-107.38793319317469,25.154087778312192],[-107.38793319317469,25.154622902483393],[-107.38874025353024,25.154622916889256],[-107.38874025353024,25.154894898522862],[-107.38955182818295,25.15489488824862],[-107.38955182818295,25.154087786613765],[-107.38981937586983,25.154087762290622],[-107.38981937586983,25.15327628269716]]]},"id":"0000000000000000011f","properties":{"CLASS_CLRS":"29,29,255","CLASS_ID":"1","CLASS_NAME":"Water"}},{"type":"Feature","geometry":{"type":"Polygon","coordinates":[[[-107.37419018578605,25.153815830145312],[-107.37337865972235,25.15381582107405],[-107.37337865972235,25.1548948835105],[-107.37365061179922,25.154894887319657],[-107.37365061179922,25.154622889947298],[-107.37391823313622,25.15462288954123],[-107.37391823313622,25.154355356949996],[-107.37419018578605,25.15435536010304],[-107.37419018578605,25.153815830145312]]]},"id":"00000000000000000120","properties":{"CLASS_CLRS":"29,29,255","CLASS_ID":"1","CLASS_NAME":"Water"}},{"type":"Feature","geometry":{"type":"Polygon","coordinates":[[[-107.40329475458351,25.143573234000794],[-107.40302277113652,25.14357319778493],[-107.40302277113652,25.143038175202932],[-107.40275520973078,25.143038129975082],[-107.40275520973078,25.142498554115896],[-107.40248764860264,25.142498595275903],[-107.40248764860264,25.141959018029986],[-107.4022156660068,25.141959065842297],[-107.4022156660068,25.141419487200633],[-107.40194810543844,25.14141952605361],[-107.40194810543844,25.14087994602549],[-107.40140856340317,25.14087994105545],[-107.40140856340317,25.14141952220147],[-107.40086902249699,25.14141951593247],[-107.40086902249699,25.141687030776176],[-107.40032948272004,25.14168702264452],[-107.40032948272004,25.14195900225852],[-107.39978994407247,25.141959079811276],[-107.39978994407247,25.142226595350742],[-107.39925031631576,25.14222659437913],[-107.39925031631576,25.14249857470052],[-107.39898275882531,25.142498608075194],[-107.39898275882531,25.14384528972266],[-107.39871077992755,25.143845244052844],[-107.39871077992755,25.14546390049703],[-107.39844322299737,25.145463935718897],[-107.39844322299737,25.146271029761717],[-107.39952238602176,25.146271030638747],[-107.39952238602176,25.146538543153152],[-107.40086902249699,25.146538503009975],[-107.40086902249699,25.146270991878655],[-107.40113658194555,25.146270950439007],[-107.40113658194555,25.14599897502245],[-107.40167612341166,25.1459989706056],[-107.40167612341166,25.145731459890172],[-107.40194810543844,25.145731409356863],[-107.40194810543844,25.145463898715967],[-107.4022156660068,25.14546385570822],[-107.4022156660068,25.145191880790335],[-107.40275520973078,25.145191873211303],[-107.40275520973078,25.144924362986462],[-107.40302277113652,25.144924318740024],[-107.40302277113652,25.1446523442452],[-107.40329475458351,25.144652379333827],[-107.40329475458351,25.143573234000794]]]},"id":"00000000000000000127","properties":{"CLASS_CLRS":"29,29,255","CLASS_ID":"1","CLASS_NAME":"Water"}},{"type":"Feature","geometry":{"type":"Polygon","coordinates":[[[-107.38496782759353,25.141419487446726],[-107.3847002849585,25.14141948799029],[-107.3847002849585,25.140340430748992],[-107.3844283211626,25.140340349168593],[-107.38442832116259,25.1398008187371],[-107.38362118412144,25.139800827953465],[-107.38362118412144,25.13953329395954],[-107.38308168052035,25.139533291657436],[-107.38308168052035,25.139800826204993],[-107.38281413985094,25.1398008208984],[-107.38281413985094,25.140072820260823],[-107.38254208782044,25.14007283255004],[-107.38254208782044,25.140340367238846],[-107.38227454771351,25.14034036128755],[-107.38227454771351,25.140612360793526],[-107.38200258648764,25.140612361563868],[-107.38200258648764,25.141687051937836],[-107.38173495671066,25.141687057033675],[-107.38173495671066,25.143305741368962],[-107.38227454771351,25.14330573103197],[-107.38227454771351,25.14357326352244],[-107.38281413985094,25.143573250214693],[-107.38281413985094,25.14384524664343],[-107.38334922146863,25.14384524836177],[-107.38334922146863,25.144112779336602],[-107.383888725632,25.144112770963893],[-107.383888725632,25.144384765851708],[-107.38442832116259,25.14438483117593],[-107.3844283211626,25.144112749308665],[-107.3847002849585,25.144112826952725],[-107.3847002849585,25.143038155153572],[-107.38496782759353,25.143038152948794],[-107.38496782759353,25.141419487446726]]]},"id":"00000000000000000129","properties":{"CLASS_CLRS":"29,29,255","CLASS_ID":"1","CLASS_NAME":"Water"}},{"type":"Feature","geometry":{"type":"Polygon","coordinates":[[[-107.4105719974214,25.141151956057502],[-107.41030000630748,25.141151933746613],[-107.41030000630748,25.140340400369308],[-107.41003243735899,25.14034036853605],[-107.41003243735899,25.139800803598597],[-107.40949287842336,25.13980083260564],[-107.40949287842336,25.139533325180683],[-107.4092208884455,25.13953329874134],[-107.4092208884455,25.139800806445848],[-107.40733474419307,25.139800826048184],[-107.40733474419307,25.14007279981114],[-107.40652762557589,25.140072864939143],[-107.40652762557589,25.14141951690739],[-107.40679961271711,25.14141945992235],[-107.40679961271711,25.142766105301046],[-107.40733474419307,25.142766177750513],[-107.40733474419307,25.143038149208515],[-107.40787420837862,25.14303813404177],[-107.40787420837862,25.14330572798542],[-107.40841376393304,25.14330569896504],[-107.40841376393304,25.143573204614786],[-107.4092208884455,25.143573203530256],[-107.4092208884455,25.143305698709927],[-107.40949287842336,25.143305721207238],[-107.40949287842335,25.143038128927493],[-107.40976044681307,25.14303815918611],[-107.40976044681307,25.142766102728107],[-107.41003243735899,25.142766124570702],[-107.41003243735899,25.14222656337367],[-107.41030000630748,25.142226593267825],[-107.41030000630748,25.141959088526562],[-107.4105719974214,25.141959022459723],[-107.4105719974214,25.141151956057502]]]},"id":"0000000000000000012a","properties":{"CLASS_CLRS":"29,29,255","CLASS_ID":"1","CLASS_NAME":"Water"}},{"type":"Feature","geometry":{"type":"Polygon","coordinates":[[[-107.3690667149841,25.138726223598574],[-107.36852715179818,25.13872616530317],[-107.36852715179818,25.138993715397007],[-107.36799201090645,25.138993736292203],[-107.36799201090645,25.139261286730203],[-107.36772006484296,25.139261253849835],[-107.36772006484296,25.139800819676594],[-107.36799201090645,25.13980085199462],[-107.36799201090645,25.140340416427065],[-107.36825962632624,25.14034035569459],[-107.36825962632624,25.140879918741675],[-107.36852715179818,25.140879955264072],[-107.36852715179818,25.140340392770213],[-107.3687991889478,25.140340411850115],[-107.3687991889478,25.139533299888807],[-107.3690667149841,25.13953333659374],[-107.3690667149841,25.138726223598574]]]},"id":"0000000000000000012e","properties":{"CLASS_CLRS":"29,29,255","CLASS_ID":"1","CLASS_NAME":"Water"}},{"type":"Feature","geometry":{"type":"Polygon","coordinates":[[[-107.40652762557589,25.136028413568297],[-107.40626006053577,25.136028456459375],[-107.40626006053577,25.135488877060578],[-107.40598807396307,25.13548892663251],[-107.40598807396307,25.135221324775863],[-107.40572050948224,25.135221365639236],[-107.40572050948224,25.13494929888579],[-107.40518095955666,25.134949298523814],[-107.40518095955666,25.13522136584109],[-107.40437384767456,25.135221313961015],[-107.40437384767456,25.13548891747682],[-107.40383430056482,25.135488912201662],[-107.40383430056482,25.136028409089697],[-107.40356231654893,25.136028453748747],[-107.40356231654893,25.136567950369773],[-107.40329475458351,25.136567987229395],[-107.40329475458351,25.137107571111997],[-107.40302277113652,25.13710752814207],[-107.40302277113652,25.137647111757317],[-107.40275520973078,25.137647060989448],[-107.40275520973078,25.138993741799936],[-107.40356231654893,25.138993705294034],[-107.40356231654893,25.13926130676238],[-107.40410186308983,25.139261305438765],[-107.40410186308983,25.139533282998027],[-107.40437384767456,25.139533320997185],[-107.40437384767456,25.13926125618508],[-107.40464141075914,25.139261301698376],[-107.40464141075914,25.13899370133904],[-107.40518095955666,25.13899378327316],[-107.40518095955666,25.138726183263913],[-107.40544852347811,25.13872622753417],[-107.40544852347811,25.138454163217922],[-107.40598807396307,25.138454155118094],[-107.40598807396307,25.137375089369947],[-107.40626006053579,25.1373751253646],[-107.40626006053577,25.136300434274283],[-107.40652762557589,25.136300478640702],[-107.40652762557589,25.136028413568297]]]},"id":"00000000000000000131","properties":{"CLASS_CLRS":"29,29,255","CLASS_ID":"1","CLASS_NAME":"Water"}},{"type":"Feature","geometry":{"type":"Polygon","coordinates":[[[-107.36152186632629,25.138186634520707],[-107.36098231906988,25.138186628872184],[-107.36098231906988,25.136567967198012],[-107.36071480149683,25.13656799705392],[-107.36071480149683,25.136840021969803],[-107.35990322797792,25.136839967723496],[-107.35990322797792,25.13791467316368],[-107.36017525594607,25.13791462669223],[-107.36017525594606,25.13845421019189],[-107.3604427729537,25.138454179601126],[-107.3604427729537,25.13872620333506],[-107.36125434818791,25.138726160531466],[-107.36125434818791,25.138454225194813],[-107.36152186632629,25.138454192208297],[-107.36152186632629,25.138186634520707]]]},"id":"00000000000000000133","properties":{"CLASS_CLRS":"29,29,255","CLASS_ID":"1","CLASS_NAME":"Water"}},{"type":"Feature","geometry":{"type":"Polygon","coordinates":[[[-107.36745254021531,25.137107580183965],[-107.36718050449814,25.137107554692935],[-107.36718050449814,25.136840001777067],[-107.36691298043499,25.136839958122128],[-107.36691298043499,25.137107511312312],[-107.36529430792666,25.137107552850416],[-107.36529430792666,25.137375107495654],[-107.36556634163664,25.137375049416054],[-107.36556634163664,25.137647068649027],[-107.36583386429054,25.13764711446668],[-107.36583386429054,25.137914668146514],[-107.36610580834777,25.137914619137725],[-107.36610580834777,25.138186637389232],[-107.36637342179336,25.138186670604338],[-107.36637342179336,25.138454223318686],[-107.36718050449812,25.138454158722496],[-107.36718050449814,25.13818660683555],[-107.36745254021531,25.138186631201634],[-107.36745254021531,25.137107580183965]]]},"id":"00000000000000000135","properties":{"CLASS_CLRS":"29,29,255","CLASS_ID":"1","CLASS_NAME":"Water"}},{"type":"Feature","geometry":{"type":"Polygon","coordinates":[[[-107.37930924749679,25.13171649755069],[-107.37904171076138,25.13171647557143],[-107.37904171076138,25.13117692071465],[-107.37823016933301,25.13117696143456],[-107.378230169333,25.131448972272807],[-107.37661593679316,25.131448938094003],[-107.37661593679316,25.13171648544776],[-107.37553686996766,25.131716481748988],[-107.37553686996766,25.134414279840072],[-107.37580440304492,25.134414219285876],[-107.37580440304492,25.134681765209894],[-107.37607635769713,25.13468178461626],[-107.37607635769713,25.13494933005708],[-107.37769058683867,25.13494934979784],[-107.37769058683867,25.134681806013017],[-107.378230169333,25.134681831636147],[-107.378230169333,25.13441428820071],[-107.37850212655908,25.13441421486382],[-107.37850212655908,25.134142206608946],[-107.37904171076138,25.13414222971427],[-107.37904171076138,25.133874686699638],[-107.37930924749679,25.133874706464464],[-107.37930924749679,25.13171649755069]]]},"id":"0000000000000000013c","properties":{"CLASS_CLRS":"29,29,255","CLASS_ID":"1","CLASS_NAME":"Water"}},{"type":"Feature","geometry":{"type":"Polygon","coordinates":[[[-107.36340812527578,25.132528034826105],[-107.36206141472282,25.132528054164883],[-107.36206141472282,25.132256027305488],[-107.36179389601917,25.132256055138345],[-107.36179389601917,25.132795556453473],[-107.36206141472282,25.13279561562055],[-107.36206141472282,25.133063176872064],[-107.36232902393238,25.133063136771234],[-107.36232902393238,25.13360272329112],[-107.3626009642593,25.13360268668389],[-107.3626009642593,25.1341422718112],[-107.36286857403421,25.134142229406056],[-107.36286857403421,25.133874669805397],[-107.3631405149356,25.133874719249523],[-107.3631405149356,25.133335134825785],[-107.36340812527578,25.13333517960216],[-107.36340812527578,25.132528034826105]]]},"id":"0000000000000000013e","properties":{"CLASS_CLRS":"29,29,255","CLASS_ID":"1","CLASS_NAME":"Water"}},{"type":"Feature","geometry":{"type":"Polygon","coordinates":[[[-107.40572050948224,25.132528088064962],[-107.40464141075914,25.13252807488908],[-107.40464141075914,25.13306311019996],[-107.40437384767456,25.13306314585486],[-107.40437384767456,25.13387471456286],[-107.40544852347811,25.13387473233623],[-107.40544852347811,25.133335147941068],[-107.40572050948224,25.133335101836998],[-107.40572050948224,25.132528088064962]]]},"id":"0000000000000000013f","properties":{"CLASS_CLRS":"29,29,255","CLASS_ID":"1","CLASS_NAME":"Water"}},{"type":"Feature","geometry":{"type":"Polygon","coordinates":[[[-107.394670835225,25.13171646510659],[-107.3943988608811,25.131716484577424],[-107.3943988608811,25.13144895547605],[-107.3938637562591,25.131448977385176],[-107.3938637562591,25.13117698286156],[-107.39332423115708,25.13117692158498],[-107.39332423115708,25.131448916671925],[-107.3927846169499,25.13144895195338],[-107.3927846169499,25.131716482712378],[-107.39251264459952,25.13171649792565],[-107.39251264459952,25.13198849344163],[-107.3927846169499,25.13198847794444],[-107.3927846169499,25.13279562058458],[-107.3930521679998,25.13279561094048],[-107.3930521679998,25.133335134306524],[-107.39332423115708,25.13333510531684],[-107.39332423115708,25.133602721625465],[-107.39359178276807,25.133602709954292],[-107.39359178276807,25.133335181462552],[-107.39413130843103,25.13333514952924],[-107.39413130843103,25.13306315674721],[-107.3943988608811,25.133063143837894],[-107.3943988608811,25.132795615763367],[-107.394670835225,25.13279559516599],[-107.394670835225,25.13171646510659]]]},"id":"00000000000000000140","properties":{"CLASS_CLRS":"29,29,255","CLASS_ID":"1","CLASS_NAME":"Water"}},{"type":"Feature","geometry":{"type":"Polygon","coordinates":[[[-107.40248764860264,25.131448913394507],[-107.4022156660068,25.131448950230627],[-107.4022156660068,25.13117696442862],[-107.40167612341166,25.13117694055298],[-107.40167612341166,25.13144892691855],[-107.40086902249699,25.131448927403405],[-107.40086902249699,25.1317164498593],[-107.40113658194555,25.13171651091121],[-107.40113658194555,25.13225601919183],[-107.40140856340317,25.132256071488413],[-107.40140856340317,25.132528057297037],[-107.40194810543844,25.132528079571355],[-107.40194810543844,25.132256006786736],[-107.4022156660068,25.13225606488754],[-107.4022156660068,25.13198845668694],[-107.40248764860264,25.13198850682679],[-107.40248764860264,25.131448913394507]]]},"id":"00000000000000000141","properties":{"CLASS_CLRS":"29,29,255","CLASS_ID":"1","CLASS_NAME":"Water"}},{"type":"Feature","geometry":{"type":"Polygon","coordinates":[[[-107.35667040303947,25.130637392145214],[-107.35640288998705,25.13063740635309],[-107.35640288998705,25.130909352808583],[-107.35613086604108,25.130909383467063],[-107.35613086604108,25.131448986111177],[-107.35640288998705,25.13144895489061],[-107.35640288998705,25.131716522968745],[-107.35667040303947,25.13171650765534],[-107.35667040303947,25.130637392145214]]]},"id":"00000000000000000143","properties":{"CLASS_CLRS":"29,29,255","CLASS_ID":"1","CLASS_NAME":"Water"}},{"type":"Feature","geometry":{"type":"Polygon","coordinates":[[[-107.36098231906988,25.130102263778273],[-107.3604427729537,25.13010232655842],[-107.3604427729537,25.129830296131438],[-107.35990322797792,25.129830268379894],[-107.35990322797792,25.13063743020088],[-107.36017525594607,25.13063739131143],[-107.36017525594606,25.131176898461327],[-107.36071480149683,25.131176922211655],[-107.36071480149683,25.130909358140993],[-107.36098231906988,25.13090942163712],[-107.36098231906988,25.130102263778273]]]},"id":"00000000000000000144","properties":{"CLASS_CLRS":"29,29,255","CLASS_ID":"1","CLASS_NAME":"Water"}},{"type":"Feature","geometry":{"type":"Polygon","coordinates":[[[-107.39116596159118,25.12929072081266],[-107.38955182818295,25.129290737286862],[-107.38955182818295,25.130102273357483],[-107.38981937586983,25.13010227365726],[-107.38981937586983,25.130369808487274],[-107.39008692383514,25.130369807918303],[-107.39008692383514,25.13063742981367],[-107.39062644214718,25.130637419160184],[-107.39062644214718,25.130369885362715],[-107.39116596159118,25.13036987284746],[-107.39116596159118,25.12929072081266]]]},"id":"00000000000000000145","properties":{"CLASS_CLRS":"29,29,255","CLASS_ID":"1","CLASS_NAME":"Water"}},{"type":"Feature","geometry":{"type":"Polygon","coordinates":[[[-107.38308168052035,25.128751199246118],[-107.38146299605668,25.12875122017185],[-107.38146299605668,25.129023229517273],[-107.38173495671066,25.12902324205385],[-107.38173495671066,25.129290786004237],[-107.38200258648764,25.129290706086152],[-107.38200258648763,25.129562714450685],[-107.38254208782044,25.129562742218198],[-107.38254208782044,25.12983028492919],[-107.38281413985094,25.129830283327962],[-107.38281413985094,25.129290733378394],[-107.38308168052035,25.12929074947102],[-107.38308168052035,25.128751199246118]]]},"id":"00000000000000000148","properties":{"CLASS_CLRS":"29,29,255","CLASS_ID":"1","CLASS_NAME":"Water"}},{"type":"Feature","geometry":{"type":"Polygon","coordinates":[[[-107.38146299605668,25.12579035812052],[-107.37957678451131,25.12579031204938],[-107.37957678451131,25.127404530679836],[-107.38065586834136,25.12740451604621],[-107.38065586834136,25.127676527276638],[-107.38146299605668,25.127676575461106],[-107.38146299605668,25.12579035812052]]]},"id":"0000000000000000014c","properties":{"CLASS_CLRS":"29,29,255","CLASS_ID":"1","CLASS_NAME":"Water"}},{"type":"Feature","geometry":{"type":"Polygon","coordinates":[[[-107.37445771745692,25.125518311969824],[-107.37365061179922,25.12551838528913],[-107.37365061179922,25.12579031773603],[-107.37311112917874,25.12579032990872],[-107.37311112917874,25.126597460161314],[-107.37337865972235,25.12659741300844],[-107.37337865972235,25.127676559400417],[-107.37365061179922,25.127676591586045],[-107.37365061179922,25.127404573048615],[-107.37419018578605,25.127404544268803],[-107.37419018578605,25.12713699114064],[-107.37445771745692,25.12713702858939],[-107.37445771745692,25.125518311969824]]]},"id":"0000000000000000014d","properties":{"CLASS_CLRS":"29,29,255","CLASS_ID":"1","CLASS_NAME":"Water"}},{"type":"Feature","geometry":{"type":"Polygon","coordinates":[[[-107.35586326333129,25.123092554198536],[-107.35559133018427,25.123092564657227],[-107.35559133018427,25.12336460535624],[-107.35532372804069,25.123364620557357],[-107.35532372804069,25.12390414890332],[-107.35559133018427,25.123904133149292],[-107.35559133018427,25.123632180424902],[-107.35586326333129,25.12363216940424],[-107.35586326333129,25.123092554198536]]]},"id":"00000000000000000152","properties":{"CLASS_CLRS":"29,29,255","CLASS_ID":"1","CLASS_NAME":"Water"}},{"type":"Feature","geometry":{"type":"Polygon","coordinates":[[[-107.37472976090962,25.12201349952534],[-107.37283908744544,25.12201351310021],[-107.37283908744544,25.12282503044714],[-107.37311112917874,25.122825058057664],[-107.37311112917874,25.12363210756605],[-107.37472976090962,25.12363214304063],[-107.37472976090962,25.12201349952534]]]},"id":"00000000000000000154","properties":{"CLASS_CLRS":"29,29,255","CLASS_ID":"1","CLASS_NAME":"Water"}},{"type":"Feature","geometry":{"type":"Polygon","coordinates":[[[-107.37876966273151,25.121206415726547],[-107.37850212655908,25.121206381764964],[-107.37850212655907,25.12093882834498],[-107.37796263372354,25.12093885219684],[-107.37796263372354,25.121206406170373],[-107.37715100548014,25.12120641944843],[-107.37715100548014,25.121478439129717],[-107.37661593679316,25.121478363985034],[-107.37661593679316,25.121745918930216],[-107.37688347099702,25.121745956524986],[-107.37688347099702,25.122013510992243],[-107.37715100548014,25.12201346016818],[-107.37715100548014,25.12228547922569],[-107.37769058683867,25.122285532916173],[-107.37769058683867,25.12255299859495],[-107.37796263372354,25.122553015538877],[-107.37796263372354,25.12228546258908],[-107.37850212655907,25.12228552350109],[-107.37850212655908,25.122013505853086],[-107.37876966273151,25.122013451436565],[-107.37876966273151,25.121206415726547]]]},"id":"00000000000000000157","properties":{"CLASS_CLRS":"29,29,255","CLASS_ID":"1","CLASS_NAME":"Water"}},{"type":"Feature","geometry":{"type":"Polygon","coordinates":[[[-107.37176445775317,25.12012728633588],[-107.37149241745091,25.120127252872113],[-107.37149241745091,25.11959221735888],[-107.37122488887843,25.11959216558861],[-107.37122488887843,25.119320225822154],[-107.37095284914966,25.119320190298904],[-107.37095284914966,25.119592217902092],[-107.3706853211412,25.11959216493425],[-107.3706853211412,25.12012728965602],[-107.37041779341241,25.120127324196357],[-107.37041779341241,25.120938853425162],[-107.3706853211412,25.120938818052668],[-107.3706853211412,25.121478405916527],[-107.37095284914966,25.121478369397042],[-107.37095284914966,25.12174593015158],[-107.37149241745091,25.121745925153594],[-107.37149241745091,25.12120642692185],[-107.37176445775317,25.12120637170763],[-107.37176445775317,25.12012728633588]]]},"id":"00000000000000000159","properties":{"CLASS_CLRS":"29,29,255","CLASS_ID":"1","CLASS_NAME":"Water"}},{"type":"Feature","geometry":{"type":"Polygon","coordinates":[[[-107.38523988219458,25.11932015154476],[-107.38496782759353,25.119320235200977],[-107.38496782759353,25.11905268698368],[-107.3847002849585,25.119052664569594],[-107.3847002849585,25.11878065089122],[-107.3844283211626,25.11878063435983],[-107.3844283211626,25.118513085178908],[-107.38334922146863,25.118513096783758],[-107.38334922146863,25.119052662160634],[-107.38308168052035,25.119052636153782],[-107.38308168052035,25.119592201258012],[-107.38281413985094,25.11959217521111],[-107.38281413985094,25.12012727504408],[-107.38334922146863,25.12012732544552],[-107.38334922146863,25.120399251945013],[-107.38416077908971,25.12039929785085],[-107.38416077908971,25.12012728464949],[-107.3847002849585,25.120127322284176],[-107.3847002849585,25.119859774405356],[-107.38496782759353,25.119859708442576],[-107.38496782759353,25.11959216063506],[-107.38523988219458,25.119592164243382],[-107.38523988219458,25.11932015154476]]]},"id":"0000000000000000015a","properties":{"CLASS_CLRS":"29,29,255","CLASS_ID":"1","CLASS_NAME":"Water"}},{"type":"Feature","geometry":{"type":"Polygon","coordinates":[[[-107.39224509411069,25.11797357142477],[-107.39197312233068,25.11797357107458],[-107.39197312233068,25.117434021900884],[-107.39170557240301,25.117434013374222],[-107.39170557240301,25.11716647064243],[-107.39035889362047,25.117166442480855],[-107.39035889362046,25.116894433252927],[-107.38927976901621,25.116894403699078],[-107.38927976901621,25.11716641405356],[-107.38901222189091,25.11716648682147],[-107.38901222189091,25.117706042536206],[-107.38927976901621,25.11770596921441],[-107.38927976901621,25.118241058637615],[-107.38955182818295,25.11824105392414],[-107.38955182818295,25.118513062955248],[-107.38981937586983,25.118513075154453],[-107.38981937586983,25.11878061880075],[-107.39062644214718,25.118780644028014],[-107.39062644214718,25.119052651520708],[-107.39116596159118,25.119052662439163],[-107.39116596159118,25.119320204292965],[-107.39170557240301,25.119320201378937],[-107.39170557240301,25.11905266007924],[-107.39197312233068,25.119052666943613],[-107.39197312233068,25.118513119422204],[-107.39224509411069,25.118513119209148],[-107.39224509411069,25.11797357142477]]]},"id":"0000000000000000015d","properties":{"CLASS_CLRS":"29,29,255","CLASS_ID":"1","CLASS_NAME":"Water"}},{"type":"Feature","geometry":{"type":"Polygon","coordinates":[[[-107.38847270696654,25.115008226771838],[-107.38793319317469,25.1150081954242],[-107.3879331931747,25.11474064697823],[-107.38712604511933,25.114740689612876],[-107.38712604511933,25.115008238887512],[-107.38685407875487,25.11500822389237],[-107.38685407875487,25.115280238234003],[-107.38631447812756,25.11528021106359],[-107.38631447812756,25.115547760762148],[-107.38604693408969,25.11554782528794],[-107.38604693408969,25.115815375058123],[-107.38577496886768,25.11581535847073],[-107.38577496886768,25.11608737331611],[-107.38658653415501,25.11608732876759],[-107.38658653415501,25.11635487757446],[-107.38739359028102,25.116354931960533],[-107.38739359028102,25.11608738398227],[-107.38766113572127,25.1160873159142],[-107.38766113572127,25.115815303037504],[-107.3879331931747,25.115815304509816],[-107.38793319317469,25.115547756676122],[-107.38820073917677,25.115547775512823],[-107.38820073917677,25.11528022775086],[-107.38847270696654,25.115280239423882],[-107.38847270696654,25.115008226771838]]]},"id":"00000000000000000160","properties":{"CLASS_CLRS":"29,29,255","CLASS_ID":"1","CLASS_NAME":"Water"}},{"type":"Feature","geometry":{"type":"Polygon","coordinates":[[[-107.37311112917874,25.11446868621212],[-107.37257155746558,25.114468683401764],[-107.37257155746558,25.11474071306149],[-107.37122488887843,25.11474073212923],[-107.37122488887843,25.115280240815686],[-107.37149241745091,25.115280209454923],[-107.37149241745091,25.115547774363765],[-107.37176445775317,25.11554781260397],[-107.37176445775317,25.115815377030685],[-107.37230402776528,25.115815293113776],[-107.37230402776528,25.1160873220137],[-107.37283908744544,25.11608733980741],[-107.37283908744544,25.11581531146553],[-107.37311112917874,25.115815346387723],[-107.37311112917874,25.11446868621212]]]},"id":"00000000000000000161","properties":{"CLASS_CLRS":"29,29,255","CLASS_ID":"1","CLASS_NAME":"Water"}},{"type":"Feature","geometry":{"type":"Polygon","coordinates":[[[-107.38604693408969,25.113394024735484],[-107.38577496886768,25.11339400562117],[-107.38577496886768,25.11285452415664],[-107.38550742539178,25.112854497170982],[-107.38550742539178,25.11258247955363],[-107.383888725632,25.112582520200757],[-107.38388872563202,25.11366157849566],[-107.38362118412144,25.113661635702673],[-107.38362118412144,25.114740691805125],[-107.38550742539178,25.114740666990077],[-107.38550742539178,25.114468650826762],[-107.38604693408969,25.114468694148044],[-107.38604693408969,25.113394024735484]]]},"id":"00000000000000000162","properties":{"CLASS_CLRS":"29,29,255","CLASS_ID":"1","CLASS_NAME":"Water"}},{"type":"Feature","geometry":{"type":"Polygon","coordinates":[[[-107.36933866247941,25.113661604232828],[-107.36825962632624,25.113661548247045],[-107.36825962632624,25.11420115227211],[-107.36799201090645,25.114201186198326],[-107.36799201090645,25.114740702396066],[-107.3687991889478,25.11474068946196],[-107.3687991889478,25.114468655868226],[-107.36906671498409,25.11446871827705],[-107.36906671498409,25.114201150061493],[-107.36933866247941,25.114201118470998],[-107.36933866247941,25.113661604232828]]]},"id":"00000000000000000163","properties":{"CLASS_CLRS":"29,29,255","CLASS_ID":"1","CLASS_NAME":"Water"}},{"type":"Feature","geometry":{"type":"Polygon","coordinates":[[[-107.3666409452919,25.113122029340744],[-107.36583386429054,25.113122011975115],[-107.36583386429054,25.112854526979223],[-107.36556634163664,25.112854455740948],[-107.36556634163664,25.113394066570567],[-107.36529430792666,25.11339401209815],[-107.36529430792666,25.113929157288172],[-107.36583386429054,25.113929106226298],[-107.36583386429054,25.11420114332795],[-107.3666409452919,25.114201157355605],[-107.3666409452919,25.113122029340744]]]},"id":"00000000000000000164","properties":{"CLASS_CLRS":"29,29,255","CLASS_ID":"1","CLASS_NAME":"Water"}},{"type":"Feature","geometry":{"type":"Polygon","coordinates":[[[-107.37311112917872,25.112314947312253],[-107.37257155746558,25.11231494004631],[-107.37257155746558,25.112854537211213],[-107.37230402776528,25.112854480924387],[-107.37230402776528,25.113661555770726],[-107.37283908744544,25.113661578540775],[-107.37283908744544,25.113394013582543],[-107.37311112917874,25.113394051030454],[-107.37311112917872,25.112314947312253]]]},"id":"00000000000000000166","properties":{"CLASS_CLRS":"29,29,255","CLASS_ID":"1","CLASS_NAME":"Water"}},{"type":"Feature","geometry":{"type":"Polygon","coordinates":[[[-107.39224509411069,25.110696292974698],[-107.39116596159118,25.1106962546328],[-107.39116596159118,25.11231493560821],[-107.39197312233068,25.112314960987423],[-107.39197312233068,25.111775403158475],[-107.39224509411069,25.11177540997935],[-107.39224509411069,25.110696292974698]]]},"id":"00000000000000000168","properties":{"CLASS_CLRS":"29,29,255","CLASS_ID":"1","CLASS_NAME":"Water"}},{"type":"Feature","geometry":{"type":"Polygon","coordinates":[[[-107.39547791672152,25.10638430879748],[-107.39521036314987,25.106384384247868],[-107.39521036314987,25.106116836743332],[-107.3949383882359,25.106116830703332],[-107.3949383882359,25.10584481774566],[-107.39467083522501,25.105844803896378],[-107.39467083522501,25.106116817133472],[-107.3943988608811,25.106116809876458],[-107.3943988608811,25.106384358214598],[-107.39359178276807,25.106384319838142],[-107.39359178276807,25.106656333787218],[-107.3938637562591,25.10665634230138],[-107.3938637562591,25.106923890781037],[-107.39413130843103,25.106923905312783],[-107.39413130843103,25.107191453315185],[-107.39467083522501,25.10719147311321],[-107.394670835225,25.107463485314568],[-107.39521036314987,25.10746341458684],[-107.39521036314987,25.10692385605485],[-107.39547791672152,25.106923867598404],[-107.39547791672152,25.10638430879748]]]},"id":"0000000000000000016d","properties":{"CLASS_CLRS":"29,29,255","CLASS_ID":"1","CLASS_NAME":"Water"}},{"type":"Feature","geometry":{"type":"Polygon","coordinates":[[[-107.39224509411069,25.10611679400789],[-107.39197312233068,25.106116781279212],[-107.39197312233068,25.105577213987132],[-107.39170557240301,25.1055772808327],[-107.39170557240301,25.105844744795682],[-107.39035889362046,25.10584474566009],[-107.39035889362046,25.106656333212193],[-107.39062644214718,25.106656355796165],[-107.39062644214718,25.107191459202834],[-107.39143802275362,25.10719140970293],[-107.39143802275362,25.106923858934255],[-107.39224509411069,25.10692391005573],[-107.39224509411069,25.10611679400789]]]},"id":"0000000000000000016e","properties":{"CLASS_CLRS":"29,29,255","CLASS_ID":"1","CLASS_NAME":"Water"}},{"type":"Feature","geometry":{"type":"Polygon","coordinates":[[[-107.39008692383514,25.103958544235148],[-107.38981937586983,25.103958605234002],[-107.38981937586983,25.103691050358194],[-107.38927976901621,25.103691012458885],[-107.38927976901621,25.103419079278655],[-107.38901222189091,25.103419050381916],[-107.38901222189091,25.103691071392397],[-107.38874025353024,25.103691048839433],[-107.38874025353024,25.104230625703195],[-107.38847270696654,25.104230596442783],[-107.38847270696654,25.104770173038013],[-107.39008692383514,25.104770136961264],[-107.39008692383514,25.103958544235148]]]},"id":"00000000000000000170","properties":{"CLASS_CLRS":"29,29,255","CLASS_ID":"1","CLASS_NAME":"Water"}},{"type":"Feature","geometry":{"type":"Polygon","coordinates":[[[-107.41083956692863,25.508742384525355],[-107.41030000630748,25.508742393463976],[-107.41030000630748,25.509009951687954],[-107.40976044681307,25.50900995873734],[-107.40976044681307,25.50927751728642],[-107.40949287842336,25.509277513028675],[-107.40949287842336,25.509817089295662],[-107.40976044681307,25.509817005563086],[-107.40976044681307,25.510089022720294],[-107.41003243735899,25.510089098662828],[-107.41003243735899,25.509817081789112],[-107.41083956692863,25.50981707312256],[-107.41083956692863,25.508742384525355]]]},"id":"00000000000000000003","properties":{"CLASS_CLRS":"72,255,72","CLASS_ID":"6","CLASS_NAME":"Selvas"}},{"type":"Feature","geometry":{"type":"Polygon","coordinates":[[[-107.41515148998705,25.504965539532172],[-107.41488391601737,25.504965542954714],[-107.41488391601739,25.50469798598671],[-107.41461192036697,25.504698002932884],[-107.41461192036697,25.504430445458368],[-107.41191869155048,25.504430470242035],[-107.41191869155048,25.506044659435922],[-107.41218617220872,25.50604467256171],[-107.41218617220872,25.5063166904573],[-107.41245816530763,25.50631667735874],[-107.41245816530763,25.506584235436094],[-107.41272573676744,25.506584235798698],[-107.41272573676744,25.50712372257164],[-107.412997730434,25.507123794837867],[-107.412997730434,25.507391264238077],[-107.4132653024522,25.50739126256216],[-107.4132653024522,25.50766327816747],[-107.4135328747473,25.507663275612057],[-107.4135328747473,25.507930831441094],[-107.4138048692629,25.507930813587627],[-107.4138048692629,25.50766325803742],[-107.4140724421163,25.50766325427087],[-107.41407244211631,25.507391326943303],[-107.41434443719939,25.507391308420953],[-107.41434443719939,25.507123752964542],[-107.41461192036697,25.50712375954117],[-107.41461192036697,25.50685620413121],[-107.41515148998705,25.506856179574495],[-107.41515148998705,25.504965539532172]]]},"id":"00000000000000000004","properties":{"CLASS_CLRS":"72,255,72","CLASS_ID":"6","CLASS_NAME":"Selvas"}},{"type":"Feature","geometry":{"type":"Polygon","coordinates":[[[-107.41434443719939,25.49014348397685],[-107.4138048692629,25.49014347032371],[-107.4138048692629,25.4898759871047],[-107.4132653024522,25.48987597045722],[-107.4132653024522,25.489608399016827],[-107.412997730434,25.48960838245918],[-107.412997730434,25.489336438425262],[-107.41245816530763,25.489336417010396],[-107.41245816530763,25.489068844285224],[-107.41191869155048,25.48906880888232],[-107.41191869155048,25.489336382160662],[-107.41164660877622,25.4893363873255],[-107.41164660877622,25.489875993309784],[-107.41137912867634,25.48987596240129],[-107.41137912867634,25.490415480574455],[-107.41111155861047,25.490415460612493],[-107.41111155861047,25.49176215479094],[-107.41164660877622,25.491762114905573],[-107.41164660877622,25.492029686180146],[-107.41245816530763,25.49202970748916],[-107.41245816530763,25.492301737206436],[-107.412997730434,25.492301665048846],[-107.412997730434,25.492569234480598],[-107.4135328747473,25.492569260923236],[-107.4135328747473,25.492841289055033],[-107.4138048692629,25.492841286928687],[-107.4138048692629,25.492569259080437],[-107.4140724421163,25.492569270790863],[-107.41407244211631,25.49176210563938],[-107.41434443719939,25.491762103407282],[-107.41434443719939,25.49014348397685]]]},"id":"0000000000000000000e","properties":{"CLASS_CLRS":"72,255,72","CLASS_ID":"6","CLASS_NAME":"Selvas"}},{"type":"Feature","geometry":{"type":"Polygon","coordinates":[[[-107.44371653170573,25.488796830528297],[-107.44344892829078,25.488796881464463],[-107.44344892829078,25.48825733945375],[-107.44318141540471,25.488257290787487],[-107.44318141540471,25.48664311662188],[-107.44290939009986,25.48664309185345],[-107.44290939009986,25.486371089033785],[-107.44264187776791,25.486371124652255],[-107.44264187776791,25.48664312775123],[-107.44236985302658,25.48664310175201],[-107.44236985302658,25.48718264875372],[-107.44210234124883,25.4871826839953],[-107.44210234124883,25.487717771570747],[-107.44183031707108,25.487717745463033],[-107.44183031707108,25.488529294070965],[-107.4415627155942,25.4885293404997],[-107.4415627155942,25.489336428811033],[-107.44264187776791,25.489336391703883],[-107.44264187776791,25.489608392250588],[-107.44371653170573,25.48960837048793],[-107.44371653170573,25.488796830528297]]]},"id":"0000000000000000000f","properties":{"CLASS_CLRS":"72,255,72","CLASS_ID":"6","CLASS_NAME":"Selvas"}},{"type":"Feature","geometry":{"type":"Polygon","coordinates":[[[-107.41272573676744,25.487450219330523],[-107.41245816530763,25.48745019934925],[-107.41245816530763,25.48718262502642],[-107.41218617220872,25.48718261818318],[-107.41218617220872,25.486910671215284],[-107.41111155861047,25.486910671052417],[-107.41111155861047,25.487182619140146],[-107.41030000630748,25.487182661037437],[-107.41030000630748,25.487450237573015],[-107.40976044681307,25.487450200053527],[-107.40976044681307,25.487717776915712],[-107.41003243735899,25.48771778873303],[-107.41003243735899,25.48798973725055],[-107.4105719974214,25.487989772424086],[-107.4105719974214,25.488257260554295],[-107.41083956692863,25.48825728393965],[-107.41083956692863,25.488529318594516],[-107.41137912867634,25.488529261558348],[-107.41137912867634,25.488796835847012],[-107.41218617220872,25.488796806621497],[-107.41218617220872,25.488529320602638],[-107.41245816530763,25.488529326042205],[-107.41245816530763,25.48825729307457],[-107.41272573676744,25.48825731222823],[-107.41272573676744,25.487450219330523]]]},"id":"00000000000000000010","properties":{"CLASS_CLRS":"72,255,72","CLASS_ID":"6","CLASS_NAME":"Selvas"}},{"type":"Feature","geometry":{"type":"Polygon","coordinates":[[[-107.44102318131117,25.4836777593332],[-107.44075567091701,25.483677787955145],[-107.44075567091701,25.483405780336305],[-107.44048364814628,25.483405834087726],[-107.44048364814628,25.483138285102726],[-107.43886947773288,25.48313823784346],[-107.43886947773288,25.483405788486237],[-107.43832994903283,25.483405773402968],[-107.43832994903283,25.483677783554516],[-107.43805792879769,25.48367783205767],[-107.43805792879769,25.48421730561429],[-107.43832994903283,25.48421734398276],[-107.43832994903283,25.48448489426702],[-107.43859745693362,25.484484870257155],[-107.43859745693364,25.48475687920157],[-107.43886947773287,25.484756915775936],[-107.43886947773288,25.485024465049744],[-107.43994411609968,25.485024408759312],[-107.43994411609968,25.484756860589062],[-107.44075567091701,25.48475689784366],[-107.440755670917,25.48421734335954],[-107.44102318131117,25.484217314183564],[-107.44102318131117,25.4836777593332]]]},"id":"00000000000000000013","properties":{"CLASS_CLRS":"72,255,72","CLASS_ID":"6","CLASS_NAME":"Selvas"}},{"type":"Feature","geometry":{"type":"Polygon","coordinates":[[[-107.42916643535304,25.473707275666076],[-107.42889442470987,25.47370729286771],[-107.42889442470987,25.473167695003088],[-107.42862692679732,25.473167685636785],[-107.42862692679732,25.472895656334135],[-107.42620113763415,25.472895676687298],[-107.42620113763417,25.47343528058942],[-107.42646872329411,25.473435196679237],[-107.42646872329411,25.474246829739325],[-107.42700822736278,25.474246829993277],[-107.42700822736278,25.474514312881634],[-107.4272802360289,25.47451438657951],[-107.4272802360289,25.474786328458297],[-107.42781983203366,25.47478631292543],[-107.42781983203366,25.475053881966886],[-107.42835491671954,25.475053888846823],[-107.42835491671956,25.474514379596876],[-107.42889442470987,25.47451437076746],[-107.42889442470987,25.47424680237385],[-107.42916643535304,25.474246784609257],[-107.42916643535304,25.473707275666076]]]},"id":"00000000000000000018","properties":{"CLASS_CLRS":"72,255,72","CLASS_ID":"6","CLASS_NAME":"Selvas"}},{"type":"Feature","geometry":{"type":"Polygon","coordinates":[[[-107.40895332061466,25.472895663659056],[-107.40868584330296,25.472895696753316],[-107.40868584330296,25.47262810626247],[-107.40841376393304,25.472628174082153],[-107.40841376393304,25.4723605830867],[-107.40814628718012,25.472360614423202],[-107.40814628718012,25.47208856306771],[-107.40733474419307,25.472088625306828],[-107.40733474419307,25.47236059005975],[-107.40679961271711,25.47236058181699],[-107.40679961271711,25.47262817446736],[-107.40652762557589,25.47262813955332],[-107.40652762557589,25.47370725384686],[-107.40679961271711,25.473707287636312],[-107.40679961271711,25.473974791702517],[-107.40706717831642,25.473974750745082],[-107.40706717831642,25.47424680160781],[-107.40841376393304,25.474246832448326],[-107.40841376393304,25.473974782989224],[-107.40868584330296,25.473974801213526],[-107.40868584330296,25.473167659406542],[-107.40895332061466,25.47316771348125],[-107.40895332061466,25.472895663659056]]]},"id":"00000000000000000019","properties":{"CLASS_CLRS":"72,255,72","CLASS_ID":"6","CLASS_NAME":"Selvas"}},{"type":"Feature","geometry":{"type":"Polygon","coordinates":[[[-107.45719191456318,25.469395321958277],[-107.45692438758688,25.469395284734762],[-107.45692438758688,25.468855737613364],[-107.4566523479532,25.468855725602932],[-107.4566523479532,25.46831617700133],[-107.4563848215292,25.46831622489129],[-107.4563848215292,25.46804867951541],[-107.45503816771091,25.468048611444765],[-107.45503816771091,25.468583704740343],[-107.45476613004101,25.46858377557788],[-107.45476613004101,25.469123327635817],[-107.45449860554837,25.46912328469249],[-107.45449860554837,25.469662836388885],[-107.45422656844039,25.46966281969052],[-107.45422656844039,25.4712814709729],[-107.45476613004101,25.471281526703883],[-107.45476613004101,25.47154907102117],[-107.45530569275611,25.471549036324188],[-107.45530569275611,25.471821038918435],[-107.4563848215292,25.471821048507774],[-107.4563848215292,25.47154904704144],[-107.4569243875869,25.471549005023256],[-107.45692438758688,25.471281462924743],[-107.45719191456318,25.471281498208896],[-107.45719191456318,25.469395321958277]]]},"id":"0000000000000000001a","properties":{"CLASS_CLRS":"72,255,72","CLASS_ID":"6","CLASS_NAME":"Selvas"}},{"type":"Feature","geometry":{"type":"Polygon","coordinates":[[[-107.46527625034798,25.46831617308697],[-107.46500871510506,25.468316152884277],[-107.46500871510506,25.467776620697016],[-107.46392964101403,25.46777666132029],[-107.46392964101403,25.467237125978993],[-107.46339006050577,25.467237103307752],[-107.46339006050577,25.466969564227387],[-107.4631225271901,25.46696953840942],[-107.4631225271901,25.466430000024292],[-107.4625829483455,25.466429972028177],[-107.4625829483455,25.4666975123927],[-107.46204337061329,25.4666975699427],[-107.46204337061327,25.467509109354516],[-107.46231541585477,25.467509110479536],[-107.46231541585477,25.468048648707413],[-107.4625829483455,25.468048675225504],[-107.4625829483455,25.468316214227805],[-107.46285048110967,25.468316239870695],[-107.46285048110967,25.469395310450626],[-107.4631225271901,25.469395307762497],[-107.4631225271901,25.469934841114014],[-107.46420159795468,25.46993488626832],[-107.46420159795468,25.470202422017692],[-107.46473666706473,25.47020237413296],[-107.46473666706473,25.469934838933902],[-107.46500871510506,25.469934831380044],[-107.46500871510506,25.46912330741355],[-107.46527625034798,25.469123326785933],[-107.46527625034798,25.46831617308697]]]},"id":"0000000000000000001b","properties":{"CLASS_CLRS":"72,255,72","CLASS_ID":"6","CLASS_NAME":"Selvas"}},{"type":"Feature","geometry":{"type":"Polygon","coordinates":[[[-107.46150388425393,25.462385622427394],[-107.4612363528664,25.46238558766485],[-107.4612363528664,25.46211804228962],[-107.46069677791098,25.462118084251884],[-107.46069677791098,25.46238563018202],[-107.46042473435243,25.462385620008188],[-107.46042473435243,25.462657625091104],[-107.4598896740581,25.462657550686025],[-107.4598896740581,25.462925096992805],[-107.45907814998216,25.462925110839862],[-107.45907814998216,25.462657563698542],[-107.45773148228703,25.46265758556059],[-107.45773148228703,25.463464689596833],[-107.45800343278475,25.463464715801617],[-107.45800343278475,25.463736722493792],[-107.45827105112454,25.463736664663486],[-107.45827105112456,25.4640042117276],[-107.45853857947903,25.4640042514747],[-107.45853857947903,25.464271798038737],[-107.45881053081625,25.464271821560192],[-107.45881053081625,25.46454382671867],[-107.45935010188056,25.464543788255476],[-107.45935010188056,25.464811333531312],[-107.46042473435243,25.46481136204835],[-107.46042473435243,25.46454381787766],[-107.46096430874677,25.464543772114684],[-107.46096430874677,25.464271769207965],[-107.4612363528664,25.464271776179064],[-107.4612363528664,25.463736688374663],[-107.46150388425393,25.463736721747555],[-107.46150388425393,25.462385622427394]]]},"id":"0000000000000000001d","properties":{"CLASS_CLRS":"72,255,72","CLASS_ID":"6","CLASS_NAME":"Selvas"}},{"type":"Feature","geometry":{"type":"Polygon","coordinates":[[[-107.43779033119958,25.45861316579077],[-107.43751831152869,25.458613186895406],[-107.43751831152869,25.458073668714764],[-107.4372508047376,25.45807366318626],[-107.43725080473762,25.457266569435493],[-107.43697878563096,25.45726650046181],[-107.43697878563096,25.456999013297768],[-107.43671127939479,25.45699900545643],[-107.43671127939479,25.456726970763366],[-107.43617166491974,25.456726989110283],[-107.43617166491974,25.456459413221676],[-107.43590415951384,25.45645940301724],[-107.43590415951384,25.456187454464224],[-107.43509261983152,25.456187470088217],[-107.43509261983152,25.456726996485177],[-107.43482502528482,25.456726995136975],[-107.43482502528482,25.457266521174958],[-107.43455752126457,25.457266508781036],[-107.43455752126457,25.459424780900598],[-107.43482502528482,25.459424791078522],[-107.43482502528482,25.459692278417528],[-107.43509261983152,25.459692276720173],[-107.43509261983152,25.45995985100235],[-107.43617166491974,25.459959830238056],[-107.43617166491974,25.46023186273452],[-107.43644368318216,25.460231843009065],[-107.43644368318216,25.460499415450354],[-107.4372508047376,25.460499391697105],[-107.4372508047376,25.460231820084772],[-107.43751831152869,25.460231823397084],[-107.43751831152869,25.459959879748503],[-107.43779033119958,25.459959857237713],[-107.43779033119958,25.45861316579077]]]},"id":"0000000000000000001f","properties":{"CLASS_CLRS":"72,255,72","CLASS_ID":"6","CLASS_NAME":"Selvas"}},{"type":"Feature","geometry":{"type":"Polygon","coordinates":[[[-107.40464141075914,25.456459442623302],[-107.40437384767456,25.456459460189485],[-107.40437384767456,25.45618747875251],[-107.40410186308983,25.456187421176036],[-107.40410186308983,25.4559198993796],[-107.40356231654893,25.455919856098813],[-107.40356231654893,25.4561874659024],[-107.40329475458351,25.456187480771327],[-107.40329475458351,25.45645946333267],[-107.40302277113652,25.456459403580908],[-107.40302277113652,25.456727013484624],[-107.40275520973078,25.456727027697323],[-107.40275520973078,25.45699901036039],[-107.40302277113652,25.456998995868922],[-107.40302277113652,25.457266517865488],[-107.40356231654893,25.45726656080118],[-107.40356231654893,25.457538542162794],[-107.40437384767456,25.45753855081234],[-107.40437384767456,25.457266570296326],[-107.40464141075914,25.457266551902844],[-107.40464141075914,25.456459442623302]]]},"id":"00000000000000000021","properties":{"CLASS_CLRS":"72,255,72","CLASS_ID":"6","CLASS_NAME":"Selvas"}},{"type":"Feature","geometry":{"type":"Polygon","coordinates":[[[-107.41272573676744,25.45295456454547],[-107.41218617220873,25.452954554109965],[-107.41218617220872,25.452687037889337],[-107.41191869155048,25.45268705751451],[-107.41191869155048,25.45214747632427],[-107.41164660877622,25.45214753016147],[-107.41164660877622,25.451875465174776],[-107.41137912867634,25.4518754827591],[-107.41137912867634,25.45160796480635],[-107.40868584330296,25.451607907080998],[-107.40868584330296,25.451875515248837],[-107.40841376393304,25.451875473981946],[-107.40841376393304,25.452147454885957],[-107.40814628718012,25.45214746550648],[-107.40814628718012,25.4524150737752],[-107.40787420837862,25.45241503184128],[-107.40787420837862,25.452954620943014],[-107.40814628718012,25.45295457486077],[-107.40814628718012,25.45322655512376],[-107.40841376393304,25.45322663085052],[-107.40841376393304,25.453761669898203],[-107.40868584330296,25.453761709198172],[-107.40868584330296,25.45403368821063],[-107.40895332061466,25.454033674447935],[-107.40895332061466,25.4543012803068],[-107.4092208884455,25.45430125468966],[-107.4092208884455,25.45484075036342],[-107.41003243735899,25.454840816387147],[-107.41003243735899,25.455112793075735],[-107.4105719974214,25.455112808781973],[-107.4105719974214,25.455380324623157],[-107.41164660877622,25.455380372051103],[-107.41164660877622,25.45511276986005],[-107.41191869155048,25.455112800382626],[-107.41191869155048,25.4548408256603],[-107.41218617220872,25.454840803827093],[-107.41218617220872,25.454573289188364],[-107.41245816530763,25.45457324257547],[-107.41245816530763,25.45376169061101],[-107.41272573676744,25.453761657692233],[-107.41272573676744,25.45295456454547]]]},"id":"00000000000000000022","properties":{"CLASS_CLRS":"72,255,72","CLASS_ID":"6","CLASS_NAME":"Selvas"}},{"type":"Feature","geometry":{"type":"Polygon","coordinates":[[[-107.4272802360289,25.447023972324377],[-107.42700822736278,25.44702395738133],[-107.42700822736278,25.446756451398453],[-107.42674073139459,25.446756410698008],[-107.42674073139459,25.446488904216707],[-107.42646872329411,25.446488887486087],[-107.42646872329411,25.446216920592637],[-107.42620113763415,25.446216889120112],[-107.42620113763417,25.446488856292792],[-107.42539405041676,25.446488936836552],[-107.42539405041676,25.446756444699904],[-107.42512204372855,25.446756425180393],[-107.42512204372855,25.447024020548454],[-107.42431495986949,25.4470240080053],[-107.42431495986949,25.4472959764592],[-107.42404295431325,25.447295955044243],[-107.42404295431325,25.44783551934684],[-107.42431495986949,25.447835540198778],[-107.42431495986949,25.448103048042395],[-107.4248545497056,25.448103101149407],[-107.4248545497056,25.448642662409284],[-107.42512204372856,25.448642617951027],[-107.42512204372855,25.448914671634203],[-107.42539405041676,25.448914688901496],[-107.42539405041676,25.449182194734224],[-107.42593364249821,25.449182153281463],[-107.42593364249821,25.447835529957388],[-107.42646872329411,25.4478355137205],[-107.42646872329411,25.448103106802577],[-107.42700822736278,25.448103073718222],[-107.42700822736278,25.447563516005243],[-107.4272802360289,25.447563530385175],[-107.4272802360289,25.447023972324377]]]},"id":"00000000000000000024","properties":{"CLASS_CLRS":"72,255,72","CLASS_ID":"6","CLASS_NAME":"Selvas"}},{"type":"Feature","geometry":{"type":"Polygon","coordinates":[[[-107.44668184865033,25.446488906781056],[-107.44641424219033,25.44648892089383],[-107.44641424219033,25.445949313208384],[-107.44614221351054,25.445949340738206],[-107.44614221351054,25.445409819021275],[-107.44344892829078,25.44540982536495],[-107.44344892829078,25.445677315592892],[-107.44264187776791,25.44567732432277],[-107.44264187776791,25.445949362235936],[-107.44236985302658,25.445949381170536],[-107.44236985302658,25.44648890979401],[-107.44210234124883,25.446488903239402],[-107.44210234124883,25.44675639394797],[-107.44236985302658,25.446756400227784],[-107.44236985302658,25.447023977881404],[-107.44264187776791,25.4470239578243],[-107.44264187776791,25.44729599459172],[-107.44290939009986,25.44729599910818],[-107.44290939009986,25.447563575755726],[-107.44318141540471,25.447563553905606],[-107.44318141540472,25.447835502207003],[-107.44344892829078,25.447835504960167],[-107.44344892829079,25.448103080601644],[-107.44371653170573,25.44810307147686],[-107.44371653170573,25.44837510620313],[-107.44398846759921,25.448375092669984],[-107.44398846759921,25.448642667305233],[-107.44506763982261,25.448642602001353],[-107.44506763982261,25.448375115917443],[-107.4456026697427,25.44837511126178],[-107.4456026697427,25.448103078506154],[-107.44614221351054,25.4481031338405],[-107.44614221351054,25.447835560966922],[-107.44641424219034,25.447835531466378],[-107.44641424219033,25.447563499099488],[-107.44668184865033,25.447563571324228],[-107.44668184865033,25.446488906781056]]]},"id":"00000000000000000025","properties":{"CLASS_CLRS":"72,255,72","CLASS_ID":"6","CLASS_NAME":"Selvas"}},{"type":"Feature","geometry":{"type":"Polygon","coordinates":[[[-107.42916643535304,25.43193435438367],[-107.42889442470987,25.43193441543883],[-107.42889442470987,25.431394834393785],[-107.42862692679732,25.43139486960169],[-107.42862692679732,25.43112726477702],[-107.42835491671956,25.431127323761356],[-107.42835491671956,25.43058774024283],[-107.42808732911433,25.43058778440114],[-107.42808732911433,25.430315718247005],[-107.42781983203366,25.430315750539936],[-107.42781983203366,25.4297806246647],[-107.42754782280187,25.429780680405884],[-107.42754782280187,25.429508613004824],[-107.4272802360289,25.429508654247307],[-107.4272802360289,25.429241133921604],[-107.42674073139459,25.42924112919109],[-107.42674073139459,25.42950865007062],[-107.42593364249821,25.42950859422952],[-107.42593364249821,25.42978066331573],[-107.42539405041676,25.429780664605026],[-107.42539405041676,25.430048186417533],[-107.42458254358331,25.430048224107367],[-107.42458254358331,25.430315746529946],[-107.42404295431325,25.43031574282379],[-107.42404295431325,25.431127318191507],[-107.42431495986949,25.431127269025563],[-107.42431495986949,25.431394878277786],[-107.42458254358331,25.431394841741145],[-107.42458254358331,25.431666823185836],[-107.4248545497056,25.43166685968204],[-107.4248545497056,25.431934380476843],[-107.42539405041676,25.43193438815131],[-107.42539405041676,25.43220190816942],[-107.42566163524408,25.432201955840434],[-107.42566163524408,25.432473935475237],[-107.42593364249821,25.43247396867153],[-107.42593364249821,25.432741487686076],[-107.42620113763415,25.43274145712743],[-107.42620113763415,25.43301352319494],[-107.42646872329411,25.433013480771514],[-107.42646872329411,25.4332809987871],[-107.42674073139459,25.433281029302915],[-107.42674073139459,25.433553006897114],[-107.42700822736278,25.43355306115067],[-107.42700822736278,25.433820578162617],[-107.4272802360289,25.433820606886503],[-107.4272802360289,25.434360099743163],[-107.42808732911433,25.434360131459776],[-107.42808732911433,25.43462764669103],[-107.42889442470987,25.434627672124915],[-107.42889442470987,25.433013487355932],[-107.42916643535304,25.433013512626488],[-107.42916643535304,25.43193435438367]]]},"id":"00000000000000000029","properties":{"CLASS_CLRS":"72,255,72","CLASS_ID":"6","CLASS_NAME":"Selvas"}},{"type":"Feature","geometry":{"type":"Polygon","coordinates":[[[-107.43644368318216,25.42978063480779],[-107.43617166491974,25.429780622735134],[-107.43617166491974,25.429241053143492],[-107.43590415951384,25.429241102436603],[-107.43590415951384,25.428969043304733],[-107.43536463696505,25.42896907696136],[-107.43536463696505,25.429241049205878],[-107.43401800151068,25.42924107894449],[-107.43401800151067,25.42950859235233],[-107.43374598578646,25.429508661922693],[-107.43374598578644,25.42978063540043],[-107.4334783926262,25.429780603354857],[-107.4334783926262,25.43058777813347],[-107.43374598578644,25.430587721898803],[-107.43374598578644,25.43139480636892],[-107.43401800151068,25.431394822280172],[-107.43401800151068,25.431666881327242],[-107.43455752126457,25.43166684816566],[-107.43455752126457,25.431934358998877],[-107.43536463696505,25.431934349052757],[-107.43536463696503,25.431666839048415],[-107.43590415951384,25.4316667998042],[-107.43590415951384,25.431394830177076],[-107.43644368318216,25.43139487650913],[-107.43644368318216,25.42978063480779]]]},"id":"0000000000000000002b","properties":{"CLASS_CLRS":"72,255,72","CLASS_ID":"6","CLASS_NAME":"Selvas"}},{"type":"Feature","geometry":{"type":"Polygon","coordinates":[[[-107.52106410328909,25.426815310240656],[-107.52079208769426,25.42681530192347],[-107.52079208769426,25.426275815650747],[-107.52052449612307,25.42627578915897],[-107.52052449612307,25.425736214001613],[-107.52025248108099,25.42573620332228],[-107.52025248108099,25.42519671411736],[-107.51971738957619,25.42519673225937],[-107.51971738957619,25.42600382552675],[-107.51998498033394,25.42600376668511],[-107.51998498033394,25.426815315669707],[-107.51971738957619,25.42681537534917],[-107.51971738957619,25.42708288997728],[-107.51890586176495,25.42708291423442],[-107.51890586176495,25.42573624261853],[-107.51863836237487,25.425736200291905],[-107.51863836237487,25.42546868343052],[-107.51836634926548,25.425468668173252],[-107.51836634926549,25.425196692184123],[-107.51783126156297,25.425196701873453],[-107.51783126156297,25.425468678424085],[-107.5175592492809,25.42546866132803],[-107.5175592492809,25.425736266727405],[-107.51701964923994,25.425736214388127],[-107.51701964923994,25.426003820122162],[-107.51675215175135,25.426003773845547],[-107.51675215175135,25.426543356408065],[-107.51648014057565,25.426543337981396],[-107.51648014057565,25.42681531481174],[-107.51729166096882,25.426815307880013],[-107.51729166096882,25.427082912435832],[-107.51809876013952,25.427082916063128],[-107.51809876013952,25.427354890738926],[-107.51836634926549,25.427354921553345],[-107.51836634926548,25.427889952478935],[-107.51890586176495,25.427890005298263],[-107.51890586176495,25.42816197844475],[-107.51944537536103,25.428162028259646],[-107.51944537536103,25.42842954204868],[-107.51971738957619,25.428429551739807],[-107.51971738957619,25.42870152357841],[-107.52025248108099,25.428701585622484],[-107.52025248108099,25.428969098129574],[-107.52052449612307,25.428969105415405],[-107.52052449612307,25.428701505766774],[-107.52079208769426,25.428701529753564],[-107.52079208769426,25.428161959221566],[-107.5210641032891,25.428161966125153],[-107.52106410328909,25.426815310240656]]]},"id":"0000000000000000002c","properties":{"CLASS_CLRS":"72,255,72","CLASS_ID":"6","CLASS_NAME":"Selvas"}},{"type":"Feature","geometry":{"type":"Polygon","coordinates":[[[-107.4105719974214,25.420345214397088],[-107.41030000630748,25.420345221030203],[-107.41030000630748,25.419805669512915],[-107.41003243735899,25.419805662170567],[-107.41003243735899,25.419538116076794],[-107.40976044681307,25.419538120640258],[-107.40976044681307,25.419266113475786],[-107.40949287842336,25.419266104371843],[-107.40949287842336,25.41899855727651],[-107.40895332061466,25.41899854946282],[-107.40895332061466,25.419266097111535],[-107.40841376393304,25.419266087415036],[-107.40841376393304,25.419538095983718],[-107.40787420837862,25.41953808441359],[-107.40787420837862,25.42007764139643],[-107.40760673218455,25.420077617932265],[-107.40760673218455,25.421156730292243],[-107.40787420837862,25.42115675264999],[-107.40787420837862,25.42169184635229],[-107.40814628718012,25.421691832866717],[-107.40814628718012,25.421963839665086],[-107.40841376393304,25.421963859987496],[-107.40841376393304,25.422503411789155],[-107.40868584330296,25.422503396228706],[-107.40868584330296,25.422770941239314],[-107.40895332061466,25.422770959526336],[-107.40895332061466,25.423042964571213],[-107.4092208884455,25.423042971009398],[-107.4092208884455,25.423310515022653],[-107.41003243735899,25.423310504212875],[-107.41003243735899,25.42277095711222],[-107.41030000630748,25.4227709614129],[-107.41030000630748,25.42250341805778],[-107.4105719974214,25.422503409174357],[-107.4105719974214,25.420345214397088]]]},"id":"0000000000000000002f","properties":{"CLASS_CLRS":"72,255,72","CLASS_ID":"6","CLASS_NAME":"Selvas"}},{"type":"Feature","geometry":{"type":"Polygon","coordinates":[[[-107.47147440713627,25.416033247085053],[-107.47120686556643,25.416033274408424],[-107.47120686556643,25.414954146111814],[-107.47066727007262,25.414954135262047],[-107.47066727007262,25.414419071954974],[-107.47039972932615,25.414419008366245],[-107.47039972932615,25.4141470602246],[-107.4698602257563,25.414147033042006],[-107.4698602257563,25.413879456277893],[-107.4682415411826,25.413879467910412],[-107.46824154118259,25.413607517056086],[-107.46797400291159,25.4136074471992],[-107.46797400291157,25.41387948577755],[-107.46770204205434,25.41387951787059],[-107.46770204205434,25.41549364538527],[-107.46743450433408,25.41549366370559],[-107.46743450433407,25.41684475505921],[-107.46770204205434,25.416844822791774],[-107.46770204205434,25.417112311875105],[-107.46797400291157,25.417112363843316],[-107.46797400291159,25.417379852424887],[-107.4682415411826,25.41737991839826],[-107.4682415411826,25.41765186607283],[-107.46851359286241,25.417651905236404],[-107.46851359286241,25.417919392815158],[-107.4687811316842,25.41791945702454],[-107.4687811316842,25.41819140367953],[-107.46904867077906,25.418191467009652],[-107.46904867077906,25.41845895359013],[-107.46932063303355,25.41845900108323],[-107.46932063303355,25.418731034160945],[-107.46958817267898,25.418731008284922],[-107.46958817267898,25.41899858130464],[-107.4698602257563,25.418998528549515],[-107.4698602257563,25.4192661010671],[-107.47039972932615,25.419266117623458],[-107.47039972932615,25.4189985456613],[-107.47066727007262,25.418998517093247],[-107.47066727007262,25.418459000957927],[-107.47093932426948,25.418458946310157],[-107.47093932426948,25.417919429836594],[-107.47120686556643,25.417919401170852],[-107.47120686556643,25.41711231165324],[-107.47147440713627,25.417112370661155],[-107.47147440713627,25.416033247085053]]]},"id":"00000000000000000031","properties":{"CLASS_CLRS":"72,255,72","CLASS_ID":"6","CLASS_NAME":"Selvas"}},{"type":"Feature","geometry":{"type":"Polygon","coordinates":[[[-107.4811773962296,25.416844821985592],[-107.4809098447744,25.416844784435405],[-107.4809098447744,25.4160332629744],[-107.48037031960804,25.41603319973382],[-107.48037031960804,25.415765722796266],[-107.47983079554896,25.415765656563075],[-107.47983079554896,25.41603322149573],[-107.47848411150093,25.41603322490871],[-107.47848411150093,25.416305250439674],[-107.47794459131411,25.41630526424787],[-107.47794459131411,25.41657274323584],[-107.47767252985662,25.416572811861528],[-107.47767252985662,25.417112316607966],[-107.47794459131411,25.417112334857222],[-107.47794459131411,25.41819142795211],[-107.4782121397508,25.418191470757083],[-107.4782121397508,25.41873097167491],[-107.48009834590597,25.418731018644685],[-107.48009834590597,25.41845899685018],[-107.4809098447744,25.418458989947275],[-107.4809098447744,25.41791940673854],[-107.4811773962296,25.41791944318165],[-107.4811773962296,25.416844821985592]]]},"id":"00000000000000000032","properties":{"CLASS_CLRS":"72,255,72","CLASS_ID":"6","CLASS_NAME":"Selvas"}},{"type":"Feature","geometry":{"type":"Polygon","coordinates":[[[-107.48629649149969,25.396092115618607],[-107.48602893483864,25.39609215558967],[-107.48602893483864,25.39501302237228],[-107.48576137844954,25.39501306063249],[-107.48576137844954,25.394473448400745],[-107.48548939917349,25.394473500658847],[-107.48548939917349,25.394205923732667],[-107.48468230932203,25.394205958273464],[-107.48468230932203,25.393933920660164],[-107.4838707085461,25.393933887560856],[-107.4838707085461,25.39339881670644],[-107.48306362365943,25.393398837808913],[-107.48306362365943,25.393666417900118],[-107.4827960702853,25.393666360691032],[-107.4827960702853,25.394205892982647],[-107.48252409407425,25.394205938213727],[-107.48252409407425,25.39474547017378],[-107.48225654124892,25.394745500313338],[-107.48225654124892,25.39528503193253],[-107.48198447532845,25.39528500063615],[-107.48198447532845,25.395820159712752],[-107.48225654124892,25.395820103004258],[-107.48225654124892,25.396092141578233],[-107.48279607028529,25.39609215028881],[-107.4827960702853,25.396359640991783],[-107.4833356004283,25.396359646711087],[-107.4833356004283,25.396631683702278],[-107.4838707085461,25.396631701550454],[-107.4838707085461,25.396899190701586],[-107.4844102408929,25.396899277891826],[-107.4844102408929,25.397171225861616],[-107.48468230932203,25.397171249659483],[-107.48468230932203,25.397438737529626],[-107.48548939917349,25.397438780382483],[-107.48548939917349,25.397171205901202],[-107.48629649149967,25.397171244135393],[-107.48629649149969,25.396092115618607]]]},"id":"00000000000000000038","properties":{"CLASS_CLRS":"72,255,72","CLASS_ID":"6","CLASS_NAME":"Selvas"}},{"type":"Feature","geometry":{"type":"Polygon","coordinates":[[[-107.4332063774668,25.38423537964631],[-107.43293887511267,25.384235376080568],[-107.43293887511267,25.383963363447112],[-107.43239926846923,25.38396338892634],[-107.43239926846921,25.38342382252613],[-107.43132023904462,25.383423841996375],[-107.43132023904462,25.38369585677132],[-107.42970603527932,25.383695867478863],[-107.42970603527932,25.384235351542628],[-107.42943402407076,25.38423536402994],[-107.42943402407076,25.384774935227615],[-107.42970603527932,25.384774922176863],[-107.42970603527932,25.385042476808582],[-107.43024554607771,25.385042472218984],[-107.4302455460777,25.385310026076507],[-107.4307806357637,25.38531003147557],[-107.4307806357637,25.385582045237413],[-107.431052648383,25.3855820282812],[-107.431052648383,25.385849580865912],[-107.43239926846921,25.38584954649723],[-107.43239926846923,25.385581995295848],[-107.43293887511267,25.3855820539265],[-107.43293887511267,25.384774940017373],[-107.4332063774668,25.38477494302887],[-107.4332063774668,25.38423537964631]]]},"id":"0000000000000000003f","properties":{"CLASS_CLRS":"72,255,72","CLASS_ID":"6","CLASS_NAME":"Selvas"}},{"type":"Feature","geometry":{"type":"Polygon","coordinates":[[[-107.40760673218455,25.38315630017817],[-107.40733474419307,25.38315626128416],[-107.40733474419307,25.38261672912599],[-107.40706717831642,25.38261676446846],[-107.40706717831642,25.382349184602887],[-107.40679961271711,25.382349219072495],[-107.40679961271711,25.382077177580104],[-107.40626006053577,25.382077168709216],[-107.40626006053577,25.382349210764353],[-107.40598807396307,25.38234916796651],[-107.40598807396307,25.38261674893911],[-107.40544852347811,25.382616737524017],[-107.40544852347811,25.38288423135673],[-107.40518095955666,25.38288426275489],[-107.40518095955666,25.383695840979623],[-107.40490897412116,25.383695797132365],[-107.40490897412116,25.384502913047818],[-107.40544852347811,25.38450292299512],[-107.40544852347811,25.38477496386889],[-107.40598807396307,25.384774970819773],[-107.40598807396307,25.38504246232505],[-107.40626006053579,25.385042502314207],[-107.40626006053577,25.385309993320565],[-107.40679961271711,25.385309995504173],[-107.40679961271711,25.38558203429391],[-107.40733474419307,25.385582045596465],[-107.40733474419307,25.38369579254795],[-107.40760673218455,25.383695830879272],[-107.40760673218455,25.38315630017817]]]},"id":"00000000000000000041","properties":{"CLASS_CLRS":"72,255,72","CLASS_ID":"6","CLASS_NAME":"Selvas"}},{"type":"Feature","geometry":{"type":"Polygon","coordinates":[[[-107.46392964101403,25.369413319852367],[-107.46366210714694,25.36941336975749],[-107.46366210714694,25.368873756668894],[-107.46339006050577,25.368873742857428],[-107.46339006050577,25.368601749252115],[-107.4631225271901,25.36860179711539],[-107.4631225271901,25.368334263359337],[-107.46204337061329,25.368334235023813],[-107.46204337061329,25.368601769890613],[-107.46177583867417,25.36860181474251],[-107.46177583867417,25.368873810036924],[-107.46150388425393,25.368873780944416],[-107.46150388425393,25.369141315925045],[-107.46096430874677,25.369141341077906],[-107.46096430874677,25.369413336772652],[-107.46069677791098,25.369413292588252],[-107.46069677791098,25.36968091541646],[-107.46042473435243,25.369680895706185],[-107.46042473435243,25.36995289151658],[-107.46015720406847,25.36995284668075],[-107.46015720406847,25.370488004887154],[-107.4598896740581,25.370487960003725],[-107.4598896740581,25.37129957350826],[-107.46069677791098,25.37129950410635],[-107.46069677791098,25.371567037932152],[-107.4612363528664,25.37156709640901],[-107.4612363528664,25.371839089800385],[-107.46150388425393,25.371839042823623],[-107.46150388425393,25.372106662834497],[-107.46204337061329,25.37210664008594],[-107.46204337061329,25.37237417186496],[-107.46285048110967,25.372374172052986],[-107.46285048110967,25.372106641104654],[-107.4631225271901,25.372106652759435],[-107.4631225271901,25.371839121872025],[-107.46339006050577,25.371839070677108],[-107.46339006050577,25.371567079539297],[-107.46366210714694,25.37156709053164],[-107.46366210714694,25.37102748099854],[-107.46392964101403,25.37102751688919],[-107.46392964101403,25.369413319852367]]]},"id":"00000000000000000045","properties":{"CLASS_CLRS":"72,255,72","CLASS_ID":"6","CLASS_NAME":"Selvas"}},{"type":"Feature","geometry":{"type":"Polygon","coordinates":[[[-107.45935010188056,25.36240364120082],[-107.45907814998216,25.362403599824685],[-107.45907814998216,25.361864053123877],[-107.45881053081625,25.361864095399874],[-107.45881053081625,25.361596551699193],[-107.45853857947903,25.361596508252255],[-107.45853857947903,25.361328964053232],[-107.45827105112456,25.361328993584976],[-107.45827105112454,25.36105698835447],[-107.45800343278475,25.36105694053319],[-107.45800343278474,25.36078939534294],[-107.45773148228703,25.3607894366789],[-107.45773148228703,25.360517430436065],[-107.4566523479532,25.360517408486423],[-107.4566523479532,25.36078941585825],[-107.45611278245717,25.36078940179838],[-107.45611278245717,25.3618640495947],[-107.45584525658555,25.361864074253717],[-107.45584525658555,25.363215186386803],[-107.45611278245717,25.36321516033778],[-107.45611278245717,25.36348270549254],[-107.4563848215292,25.36348274149393],[-107.4563848215292,25.36402229111762],[-107.4566523479532,25.364022263031917],[-107.4566523479532,25.364289806972057],[-107.45692438758688,25.3642898409021],[-107.45692438758688,25.36456184485686],[-107.45746395475848,25.364561847428234],[-107.45746395475848,25.36482939009231],[-107.45773148228703,25.36482935876347],[-107.45773148228703,25.365101361425626],[-107.45827105112454,25.365101359237624],[-107.45827105112456,25.365368900630234],[-107.45881053081625,25.36536890644213],[-107.45881053081625,25.365101365604684],[-107.45907814998216,25.365101407456837],[-107.45907814998216,25.364561865200656],[-107.45935010188056,25.364561816858576],[-107.45935010188056,25.36240364120082]]]},"id":"00000000000000000046","properties":{"CLASS_CLRS":"72,255,72","CLASS_ID":"6","CLASS_NAME":"Selvas"}},{"type":"Feature","geometry":{"type":"Polygon","coordinates":[[[-107.41677011535447,25.351893545641783],[-107.4164981177211,25.351893494957114],[-107.4164981177211,25.351354017654607],[-107.41623063260333,25.351353942970654],[-107.41623063260333,25.351086434407183],[-107.41515148998705,25.35108645848338],[-107.41515148998705,25.35135396815447],[-107.4135328747473,25.351353933001075],[-107.4135328747473,25.351625993027348],[-107.41272573676744,25.351625967694922],[-107.41272573676744,25.3527051110946],[-107.41245816530763,25.352705127798703],[-107.41245816530763,25.354051691518325],[-107.41272573676744,25.354051760910828],[-107.41272573676744,25.354858838372635],[-107.412997730434,25.354858807055567],[-107.412997730434,25.35539837332235],[-107.4132653024522,25.355398352648006],[-107.4132653024522,25.355665948219656],[-107.4135328747473,25.355665926672636],[-107.4135328747473,25.35620549050444],[-107.41541906423348,25.35620546921362],[-107.41541906423348,25.356477435773193],[-107.4164981177211,25.35647748539664],[-107.4164981177211,25.354319251088324],[-107.41677011535447,25.35431929924094],[-107.41677011535447,25.351893545641783]]]},"id":"00000000000000000049","properties":{"CLASS_CLRS":"72,255,72","CLASS_ID":"6","CLASS_NAME":"Selvas"}},{"type":"Feature","geometry":{"type":"Polygon","coordinates":[[[-107.52618315829456,25.35162594035591],[-107.52591556129427,25.351626023685085],[-107.52591556129427,25.35108642337185],[-107.52564354073297,25.351086434001143],[-107.52564354073299,25.350814403469702],[-107.52537603455795,25.35081438628065],[-107.52537603455796,25.35054690221188],[-107.52483650891656,25.35054689237597],[-107.52483650891656,25.35081437700211],[-107.52402938926859,25.350814443563127],[-107.52402938926859,25.351086388348364],[-107.52295025426692,25.35108645481859],[-107.52295025426692,25.351353940954418],[-107.5226782367405,25.351353945122963],[-107.5226782367405,25.35189355174359],[-107.5224107335502,25.351893529039227],[-107.5224107335502,25.352433047889534],[-107.5226782367405,25.35243307003655],[-107.5226782367405,25.35270510234413],[-107.52321784828186,25.35270510638559],[-107.52321784828186,25.35297259092818],[-107.52429689408844,25.352972612657148],[-107.52429689408842,25.35324018330878],[-107.52537603455796,25.353240183158228],[-107.52537603455795,25.352972613621738],[-107.52564354073299,25.35297262858086],[-107.52564354073299,25.352705059103027],[-107.52591556129427,25.352705046773217],[-107.52591556129427,25.352433105307632],[-107.52618315829456,25.352433108585434],[-107.52618315829456,25.35162594035591]]]},"id":"0000000000000000004c","properties":{"CLASS_CLRS":"72,255,72","CLASS_ID":"6","CLASS_NAME":"Selvas"}},{"type":"Feature","geometry":{"type":"Polygon","coordinates":[[[-107.51917787542725,25.35027934152863],[-107.51890586176495,25.35027933599206],[-107.51890586176495,25.35000729771541],[-107.51783126156297,25.350007286864162],[-107.51783126156296,25.350279326269412],[-107.51729166096882,25.350279292879723],[-107.51729166096882,25.350546872960535],[-107.51701964923994,25.350546863416763],[-107.51701964923994,25.350814443560893],[-107.51675215175135,25.35081440709004],[-107.51675215175135,25.35162597892264],[-107.51890586176495,25.351625970242115],[-107.51890586176495,25.3510864427663],[-107.51917787542725,25.351086447455238],[-107.51917787542725,25.35027934152863]]]},"id":"0000000000000000004d","properties":{"CLASS_CLRS":"72,255,72","CLASS_ID":"6","CLASS_NAME":"Selvas"}},{"type":"Feature","geometry":{"type":"Polygon","coordinates":[[[-107.40059704160859,25.347314020943184],[-107.40032948272004,25.347314005012223],[-107.40032948272004,25.346774486738123],[-107.40006192410922,25.346774469655916],[-107.40006192410922,25.346506940776607],[-107.39978994407247,25.34650693399821],[-107.39978994407247,25.34623494288143],[-107.39898275882531,25.346234906646075],[-107.39898275882531,25.346506898604474],[-107.39871077992755,25.346506889375007],[-107.39871077992755,25.346774507125303],[-107.39844322299737,25.346774486426348],[-107.39844322299737,25.347314008601444],[-107.3979036882993,25.347314065122298],[-107.3979036882993,25.348928255431318],[-107.39817566634504,25.348928263969604],[-107.39817566634504,25.34920025454146],[-107.39844322299737,25.349200273350373],[-107.39844322299737,25.3494678016981],[-107.39871077992755,25.349467819634754],[-107.39871077992755,25.349739809202216],[-107.39925031631576,25.34973974402894],[-107.39925031631576,25.35000735859415],[-107.39952238602176,25.350007352007275],[-107.39952238602176,25.350279340282007],[-107.40006192410922,25.350279357820142],[-107.40006192410922,25.349467768216485],[-107.40032948272004,25.349467782536152],[-107.40032948272004,25.34892818031218],[-107.40059704160859,25.348928194587433],[-107.40059704160859,25.347314020943184]]]},"id":"0000000000000000004e","properties":{"CLASS_CLRS":"72,255,72","CLASS_ID":"6","CLASS_NAME":"Selvas"}},{"type":"Feature","geometry":{"type":"Polygon","coordinates":[[[-107.52025248108099,25.344616274047656],[-107.51890586176495,25.344616241438374],[-107.51890586176495,25.345155866965104],[-107.51863836237487,25.345155828866915],[-107.51863836237487,25.345427783988367],[-107.51836634926549,25.345427859575583],[-107.51836634926549,25.345695355044654],[-107.51809876013952,25.34569541476755],[-107.51809876013952,25.346506907559636],[-107.51944537536103,25.346506939421232],[-107.51944537536103,25.34623489859332],[-107.51998498033394,25.34623493069643],[-107.51998498033394,25.3456953966305],[-107.52025248108099,25.345695343716233],[-107.52025248108099,25.344616274047656]]]},"id":"0000000000000000004f","properties":{"CLASS_CLRS":"72,255,72","CLASS_ID":"6","CLASS_NAME":"Selvas"}},{"type":"Feature","geometry":{"type":"Polygon","coordinates":[[[-107.5175592492809,25.343002112925575],[-107.51729166096882,25.34300208061565],[-107.51729166096882,25.34192298979322],[-107.51701964923994,25.341922971193174],[-107.51701964923994,25.341383423891028],[-107.51648014057565,25.341383444734195],[-107.51648014057565,25.341115856370568],[-107.5159405427297,25.341115885246012],[-107.5159405427297,25.340843836287103],[-107.51567304632931,25.340843874554317],[-107.51567304632931,25.34111583634665],[-107.51351927228687,25.341115885377825],[-107.51351927228687,25.34138338935166],[-107.51190059039929,25.341383419286586],[-107.51190059039929,25.341655472042692],[-107.51163309807562,25.341655414670402],[-107.51163309807562,25.34192300760259],[-107.51136109215236,25.341922976141447],[-107.51136109215236,25.34219494157018],[-107.51163309807562,25.342194972745794],[-107.51163309807562,25.342462565240094],[-107.51190059039929,25.342462534330583],[-107.51190059039929,25.342730038883126],[-107.5121681732707,25.3427300835286],[-107.5121681732707,25.343002047444397],[-107.51270767316093,25.34300204266808],[-107.51270767316093,25.343269633397476],[-107.51378685679259,25.34326959339321],[-107.5137868567926,25.34354164261226],[-107.51459394529803,25.343541667798625],[-107.51459394529803,25.343809168694577],[-107.51648014057565,25.343809132088424],[-107.51648014057565,25.34354163314012],[-107.5175592492809,25.343541656454768],[-107.5175592492809,25.343002112925575]]]},"id":"00000000000000000051","properties":{"CLASS_CLRS":"72,255,72","CLASS_ID":"6","CLASS_NAME":"Selvas"}},{"type":"Feature","geometry":{"type":"Polygon","coordinates":[[[-107.42215679224955,25.334106123101392],[-107.4218892110399,25.334106141781522],[-107.4218892110399,25.333571108039433],[-107.42162163010657,25.333571125572263],[-107.42162163010657,25.332759561928874],[-107.41973097337716,25.33275952288894],[-107.41973097337716,25.332492002819187],[-107.4186563284391,25.332491958848788],[-107.4186563284391,25.33221997585115],[-107.41784484270796,25.332219925596856],[-107.41784484270796,25.331952403153473],[-107.41757726595327,25.331952409989448],[-107.41757726595327,25.33249200431443],[-107.41730968947518,25.332492011106822],[-107.41730968947518,25.33303151762176],[-107.41703769127471,25.333031535954476],[-107.41703769127473,25.33357104215128],[-107.41730968947518,25.333571110738017],[-107.41730968947518,25.334106153884807],[-107.41757726595327,25.334106145434866],[-107.41757726595327,25.33437821548785],[-107.41784484270796,25.334378206160803],[-107.41784484270796,25.33464572663919],[-107.4181168417566,25.334645704788713],[-107.4181168417566,25.334917686351655],[-107.41838432882368,25.334917773697285],[-107.41838432882368,25.335185293184512],[-107.41892390630909,25.33518525697937],[-107.41892390630909,25.335457237255277],[-107.41946348491892,25.33545728553767],[-107.41946348491892,25.33572480347958],[-107.4200029744071,25.335724859728437],[-107.42000297440711,25.3359923768995],[-107.42054255526516,25.335992331731216],[-107.42054255526516,25.33626439713305],[-107.42162163010657,25.336264396810808],[-107.42162163010657,25.335992332535895],[-107.4218892110399,25.3359923999966],[-107.4218892110399,25.335457281830976],[-107.42215679224955,25.335457261763043],[-107.42215679224955,25.334106123101392]]]},"id":"00000000000000000052","properties":{"CLASS_CLRS":"72,255,72","CLASS_ID":"6","CLASS_NAME":"Selvas"}},{"type":"Feature","geometry":{"type":"Polygon","coordinates":[[[-107.4844102408929,25.30473411557973],[-107.48414268614933,25.304734057151506],[-107.48414268614933,25.304462032432834],[-107.48306362365943,25.30446208109378],[-107.48306362365943,25.305001584234876],[-107.4827960702853,25.30500161054359],[-107.4827960702853,25.305813138616983],[-107.48306362365943,25.30581319893937],[-107.48306362365943,25.306348239042162],[-107.4838707085461,25.306348226239123],[-107.4838707085461,25.30608075086096],[-107.4844102408929,25.30608076447919],[-107.4844102408929,25.30473411557973]]]},"id":"00000000000000000065","properties":{"CLASS_CLRS":"72,255,72","CLASS_ID":"6","CLASS_NAME":"Selvas"}},{"type":"Feature","geometry":{"type":"Polygon","coordinates":[[[-107.45153329000225,25.275089996204354],[-107.45126576882184,25.275090008820715],[-107.45126576882184,25.274010860587325],[-107.45099373508219,25.274010894284956],[-107.4509937350822,25.27320373903962],[-107.45072621445487,25.273203748511346],[-107.45072621445487,25.270238443779174],[-107.45045418127766,25.270238472305458],[-107.45045418127766,25.269966471762356],[-107.45018666120345,25.26996647669908],[-107.45018666120345,25.269698937559973],[-107.44991462858873,25.2696988768099],[-107.44991462858874,25.26943133717812],[-107.44964710906773,25.269431340360985],[-107.44964710906773,25.26915933832116],[-107.44937958982105,25.269159340627567],[-107.44937958982105,25.26943134294734],[-107.44910755804786,25.269431367575745],[-107.44910755804786,25.269698908038187],[-107.4488400393545,25.269698909696828],[-107.4488400393545,25.271585074612435],[-107.44910755804786,25.271585158500862],[-107.44910755804786,25.27427838387334],[-107.44937958982105,25.274278441660275],[-107.44937958982105,25.275629506685927],[-107.44964710906773,25.27562949772079],[-107.44964710906773,25.276436651322623],[-107.4509937350822,25.276436635220332],[-107.4509937350822,25.276164640255093],[-107.45126576882184,25.276164604303553],[-107.45126576882184,25.275629537894932],[-107.45153329000225,25.275629524723286],[-107.45153329000225,25.275089996204354]]]},"id":"00000000000000000089","properties":{"CLASS_CLRS":"72,255,72","CLASS_ID":"6","CLASS_NAME":"Selvas"}},{"type":"Feature","geometry":{"type":"Polygon","coordinates":[[[-107.46662737970898,25.260267951293617],[-107.46608779364234,25.260267948349387],[-107.46608779364233,25.25999595613026],[-107.46554829894883,25.259995939234283],[-107.46554829894883,25.259728320517063],[-107.46446913237304,25.259728387740832],[-107.46446913237304,25.259995920084176],[-107.46366210714694,25.25999592062606],[-107.46366210714694,25.26026791538596],[-107.46339006050577,25.260267875314856],[-107.46339006050577,25.260535495828634],[-107.46285048110967,25.260535478882865],[-107.46285048110967,25.26080747405813],[-107.4612363528664,25.260807463943117],[-107.4612363528664,25.261074998761583],[-107.46096430874677,25.261075041522982],[-107.46096430874677,25.261342576409582],[-107.46069677791098,25.261342595901155],[-107.46069677791098,25.261614592681497],[-107.46042473435243,25.26161454729782],[-107.46042473435243,25.261882082312518],[-107.46015720406847,25.26188210115677],[-107.46015720406845,25.262961251326736],[-107.46042473435243,25.262961231371083],[-107.46042473435243,25.263768294381634],[-107.46204337061329,25.263768273988358],[-107.46204337061329,25.26350074213658],[-107.46285048110967,25.263500730631385],[-107.46285048110967,25.263228737626928],[-107.46339006050577,25.263228748976932],[-107.46339006050577,25.262961218084474],[-107.46392964101403,25.262961227563782],[-107.46392964101403,25.262693697015024],[-107.46446913237303,25.26269362809856],[-107.46446913237304,25.262421636138665],[-107.46500871510506,25.262421641886505],[-107.46500871510506,25.262154112021573],[-107.46608779364234,25.262154128310698],[-107.46608779364234,25.261882137611384],[-107.46635532998745,25.261882105544704],[-107.46635532998745,25.26161457663945],[-107.46662737970898,25.261614521091364],[-107.46662737970898,25.260267951293617]]]},"id":"00000000000000000094","properties":{"CLASS_CLRS":"72,255,72","CLASS_ID":"6","CLASS_NAME":"Selvas"}},{"type":"Feature","geometry":{"type":"Polygon","coordinates":[[[-107.34643229687968,25.248946246409417],[-107.34616028358194,25.248946289845062],[-107.34616028358194,25.24813918762008],[-107.34589278156783,25.248139123671372],[-107.34589278156783,25.247599595084264],[-107.34562076884698,25.247599635897753],[-107.34562076884698,25.247332059231244],[-107.34535317718057,25.247332091655366],[-107.34535317718057,25.246792473139394],[-107.3450811650368,25.24679251189171],[-107.3450811650368,25.246520470026006],[-107.34373455132634,25.246520521600953],[-107.34373455132634,25.246792477337337],[-107.34292745262395,25.246792555089627],[-107.34292745262395,25.247060047407846],[-107.3423878545296,25.247060106487037],[-107.3423878545296,25.24733206319023],[-107.34212035648419,25.247332077544755],[-107.34212035648419,25.24759957026206],[-107.34184834779924,25.24759960253397],[-107.34184834779924,25.247871646895],[-107.34158076010338,25.24787158393789],[-107.34158076010338,25.248139164310995],[-107.34130875199602,25.248139195922203],[-107.34130875199602,25.248678733105045],[-107.34158076010338,25.24867870093286],[-107.34158076010338,25.248946280667795],[-107.34184834779924,25.24894625499529],[-107.34184834779924,25.249218298273792],[-107.34212035648419,25.249218264318813],[-107.3421203564842,25.24948584307508],[-107.3423878545296,25.249485826518118],[-107.3423878545296,25.249757781272017],[-107.34265986379194,25.24975783306406],[-107.34265986379194,25.25002532331218],[-107.34292745262395,25.250025381661604],[-107.34292745262395,25.250297335420708],[-107.34319495151874,25.2502974037659],[-107.34319495151874,25.25056489304011],[-107.34346696164476,25.250564942164885],[-107.34346696164476,25.251104471027507],[-107.34373455132634,25.251104438945728],[-107.34373455132634,25.251372014558576],[-107.34400656202968,25.251371974093114],[-107.34400656202968,25.251644013175998],[-107.34427406205988,25.251643990211658],[-107.34427406205988,25.251911564845585],[-107.34535317718057,25.25191159323124],[-107.34535317718057,25.251644019701345],[-107.34589278156783,25.251644025374194],[-107.34589278156783,25.25137198825326],[-107.34616028358194,25.25137204889455],[-107.34616028358194,25.249757854093115],[-107.34643229687968,25.249757809813435],[-107.34643229687968,25.248946246409417]]]},"id":"000000000000000000a3","properties":{"CLASS_CLRS":"72,255,72","CLASS_ID":"6","CLASS_NAME":"Selvas"}},{"type":"Feature","geometry":{"type":"Polygon","coordinates":[[[-107.46662737970898,25.233856620848346],[-107.46635532998745,25.23385664731347],[-107.46635532998745,25.23358463418294],[-107.46608779364233,25.233584637091766],[-107.46608779364233,25.23331708557367],[-107.46581583474295,25.233317099299164],[-107.46581583474295,25.232777532949697],[-107.46554829894883,25.232777533824855],[-107.46554829894883,25.232509981116404],[-107.46500871510506,25.232510003123295],[-107.46500871510506,25.232777556387813],[-107.46366210714694,25.232777579963322],[-107.46366210714694,25.233049596560623],[-107.46339006050577,25.233049527969406],[-107.46339006050577,25.23574282459539],[-107.4631225271901,25.235742823121733],[-107.4631225271901,25.23601037578813],[-107.46339006050577,25.23601037698611],[-107.46339006050577,25.23628239128399],[-107.46392964101403,25.236282368710413],[-107.46392964101403,25.236549920120666],[-107.46446913237304,25.23654999301055],[-107.46446913237304,25.23682200574631],[-107.46473666706473,25.236822003107722],[-107.46473666706473,25.237089553261747],[-107.46635532998745,25.237089553526385],[-107.46635532998745,25.236549994280935],[-107.46662737970898,25.236549964993515],[-107.46662737970898,25.233856620848346]]]},"id":"000000000000000000af","properties":{"CLASS_CLRS":"72,255,72","CLASS_ID":"6","CLASS_NAME":"Selvas"}},{"type":"Feature","geometry":{"type":"Polygon","coordinates":[[[-107.35047220223116,25.22711900525742],[-107.3502046956851,25.227118929398898],[-107.3502046956851,25.226579376310795],[-107.34966517237636,25.22657941493992],[-107.34966517237636,25.226311825850317],[-107.34777892487197,25.226311865199673],[-107.34777892487197,25.226579368686117],[-107.34750691013461,25.22657939190427],[-107.34750691013461,25.226846982992814],[-107.34697181333567,25.2268469153221],[-107.34697181333567,25.22711897098017],[-107.34669979946109,25.227118992933182],[-107.34669979946109,25.229272673929113],[-107.34697181333567,25.22927273726906],[-107.34697181333567,25.229812292761526],[-107.34723940670465,25.229812274660027],[-107.34723940670465,25.230623793790837],[-107.34804651908968,25.23062382450827],[-107.34804651908968,25.230351772769186],[-107.34885805485868,25.2303517915686],[-107.34885805485868,25.230084292150003],[-107.34966517237636,25.230084226130185],[-107.34966517237636,25.229812263176477],[-107.3502046956851,25.22981221787557],[-107.3502046956851,25.229272669054986],[-107.35047220223116,25.229272742709043],[-107.35047220223116,25.22711900525742]]]},"id":"000000000000000000b2","properties":{"CLASS_CLRS":"72,255,72","CLASS_ID":"6","CLASS_NAME":"Selvas"}},{"type":"Feature","geometry":{"type":"Polygon","coordinates":[[[-107.54343091194697,25.217148430538995],[-107.54316338791406,25.21714840224624],[-107.54316338791406,25.2166088839973],[-107.54289134974434,25.216608879790098],[-107.54289134974434,25.216069272652113],[-107.54262382625197,25.216069329510745],[-107.54262382625197,25.21552972096385],[-107.54235178863195,25.215529801869273],[-107.54235178863195,25.215262227509147],[-107.54208426568019,25.21526219485913],[-107.54208426568019,25.214990246443897],[-107.54100514780815,25.214990246511984],[-107.54100514780815,25.215262196062934],[-107.54046559050819,25.2152622367645],[-107.54046559050819,25.21552972560601],[-107.53992603429913,25.215529764442064],[-107.53992603429913,25.215801802172187],[-107.53939099352661,25.215801726585283],[-107.53939099352661,25.21606930358976],[-107.53885143949064,25.216069338724417],[-107.53885143949064,25.217415970588885],[-107.53857940571595,25.217415957463153],[-107.53857940571595,25.21903462202565],[-107.53831188654598,25.219034584876873],[-107.53831188654598,25.219841684603146],[-107.53857940571595,25.21984172091642],[-107.53857940571595,25.220381243638737],[-107.53885143949064,25.220381253643186],[-107.53885143949064,25.220648827625496],[-107.53911895920173,25.22064877443013],[-107.53911895920173,25.221188382223627],[-107.53939099352661,25.221188390156076],[-107.53939099352662,25.221460336480117],[-107.53965851377876,25.22146036871342],[-107.53965851377876,25.221999886628986],[-107.53992603429913,25.221999917707656],[-107.53992603429913,25.22226748931057],[-107.5412771840559,25.222267471073796],[-107.5412771840559,25.22199990086984],[-107.54235178863195,25.22199989439785],[-107.54235178863195,25.22172795161879],[-107.54262382625197,25.221727864189297],[-107.54262382625197,25.2211883520354],[-107.54316338791406,25.221188376732687],[-107.54316338791406,25.220113725609725],[-107.54343091194697,25.220113750831924],[-107.54343091194697,25.217148430538995]]]},"id":"000000000000000000be","properties":{"CLASS_CLRS":"72,255,72","CLASS_ID":"6","CLASS_NAME":"Selvas"}},{"type":"Feature","geometry":{"type":"Polygon","coordinates":[[[-107.50085093595193,25.20987113763349],[-107.50058345479914,25.20987118194384],[-107.50058345479916,25.209603647447434],[-107.500311460236,25.20960362692157],[-107.500311460236,25.209331630101087],[-107.50004388935585,25.20933159613494],[-107.50004388935585,25.20906406066035],[-107.49977189534823,25.209064038346252],[-107.49977189534823,25.208792040531304],[-107.49923233156258,25.208792068472086],[-107.49923233156258,25.209064066853585],[-107.49842519963882,25.20906405509013],[-107.49842519963882,25.209331592236524],[-107.49788563860454,25.20933161525327],[-107.49788563860453,25.209603614620928],[-107.49734607867288,25.209603635781104],[-107.49734607867288,25.209871173621032],[-107.49680651984397,25.20987119291533],[-107.49680651984397,25.21041073096417],[-107.49761816045475,25.210410725971155],[-107.49761816045475,25.210678262900394],[-107.49815763066955,25.210678249247902],[-107.49815763066955,25.210950247261795],[-107.49869719225958,25.210950219652364],[-107.49869719225958,25.211217842533273],[-107.50004388935585,25.211217811543637],[-107.50004388935585,25.21095027754064],[-107.50058345479914,25.210950241459766],[-107.50058345479916,25.210678245993027],[-107.50085093595193,25.210678288335764],[-107.50085093595193,25.20987113763349]]]},"id":"000000000000000000cc","properties":{"CLASS_CLRS":"72,255,72","CLASS_ID":"6","CLASS_NAME":"Selvas"}},{"type":"Feature","geometry":{"type":"Polygon","coordinates":[[[-107.51432635997766,25.20771290983158],[-107.51405435129011,25.207712918434357],[-107.51405435129011,25.207445396174247],[-107.5137868567926,25.207445379890267],[-107.51378685679259,25.207177857145133],[-107.5132472644275,25.207177857179598],[-107.5132472644275,25.20690587202516],[-107.51297968046651,25.206905864363478],[-107.51297968046651,25.20663834036355],[-107.5121681732707,25.206638327874387],[-107.5121681732707,25.207177839001517],[-107.51055401349277,25.20717786266888],[-107.51055401349277,25.2074453887554],[-107.51001442771135,25.207445374827774],[-107.51001442771137,25.20717784818359],[-107.50974242345032,25.207177846461573],[-107.50974242345032,25.207984975785433],[-107.51001442771135,25.207984976659368],[-107.51001442771135,25.20825250267438],[-107.51028200867754,25.208252515548423],[-107.51028200867754,25.20852450275151],[-107.51082150472685,25.20852452420389],[-107.51082150472685,25.208792048964163],[-107.51109351009609,25.208792046546908],[-107.51109351009609,25.209064032469637],[-107.51136109215236,25.209064042101286],[-107.51136109215236,25.20933156588318],[-107.51190059039929,25.209331580807508],[-107.51190059039929,25.209603652937396],[-107.5132472644275,25.20960358079539],[-107.5132472644275,25.20933159756358],[-107.51405435129011,25.209331607373265],[-107.51405435129011,25.208792016081286],[-107.51432635997766,25.208792093826744],[-107.51432635997766,25.20771290983158]]]},"id":"000000000000000000d0","properties":{"CLASS_CLRS":"72,255,72","CLASS_ID":"6","CLASS_NAME":"Selvas"}},{"type":"Feature","geometry":{"type":"Polygon","coordinates":[[[-107.5175592492809,25.158395317465946],[-107.51729166096882,25.158395269228404],[-107.51729166096882,25.15786024238653],[-107.51701964923994,25.15786020528512],[-107.51701964923994,25.157588185313447],[-107.51621255335203,25.15758820898516],[-107.51621255335203,25.15786022980559],[-107.51513345012542,25.15786020754531],[-107.51513345012542,25.15812776704839],[-107.51486595453916,25.158127702175143],[-107.51486595453916,25.15839526174951],[-107.51432635997766,25.15839525238721],[-107.51432635997766,25.158934834279208],[-107.51459394529803,25.158934801059818],[-107.51459394529803,25.159206822531075],[-107.51513345012543,25.159206839963762],[-107.51513345012542,25.15947439843275],[-107.51540545991998,25.159474438101597],[-107.51540545991998,25.159746370803738],[-107.51567304632931,25.159746421839234],[-107.51567304632931,25.16001397933565],[-107.51621255335203,25.160013990245513],[-107.51621255335203,25.16028592167796],[-107.51648014057565,25.16028597035985],[-107.51648014057565,25.160553526606957],[-107.51729166096882,25.16055347954707],[-107.51729166096882,25.15974643801912],[-107.5175592492809,25.159746397364966],[-107.5175592492809,25.158395317465946]]]},"id":"00000000000000000111","properties":{"CLASS_CLRS":"72,255,72","CLASS_ID":"6","CLASS_NAME":"Selvas"}},{"type":"Feature","geometry":{"type":"Polygon","coordinates":[[[-107.51405435129011,25.151390010856545],[-107.51378685679259,25.15139002411261],[-107.5137868567926,25.15112245804912],[-107.51351927228687,25.151122481393607],[-107.51351927228687,25.150850452487653],[-107.51297968046651,25.150850508845988],[-107.51297968046651,25.15058294153433],[-107.51270767316093,25.15058297452844],[-107.51270767316093,25.15031094434889],[-107.5121681732707,25.150310984984447],[-107.5121681732707,25.15004341642024],[-107.51163309807562,25.15004335462754],[-107.51163309807562,25.150310923745174],[-107.51136109215236,25.150310953409647],[-107.51136109215236,25.150582985005038],[-107.51001442771135,25.150582991370186],[-107.51001442771137,25.1508504742499],[-107.50893534972342,25.150850454661416],[-107.50893534972342,25.151122488386854],[-107.5083957672404,25.151122524758613],[-107.50839576724042,25.151390008898275],[-107.50812818818044,25.151390020531764],[-107.50812818818044,25.151929626187126],[-107.50839576724042,25.15192961399571],[-107.50839576724042,25.152197185015734],[-107.50866777011807,25.152197160071147],[-107.50866777011808,25.152736675855397],[-107.50893534972342,25.15273666162968],[-107.50893534972342,25.153008693885432],[-107.50920735315543,25.15300866686826],[-107.50920735315543,25.15327623622196],[-107.50974242345032,25.15327621461769],[-107.50974242345032,25.15354824560444],[-107.51028200867754,25.15354828563409],[-107.51028200867754,25.153815765965206],[-107.51082150472685,25.1538158139758],[-107.51082150472685,25.154087843407453],[-107.51136109215236,25.154087789975396],[-107.51136109215236,25.15435535627455],[-107.51270767316093,25.154355326164264],[-107.51270767316093,25.15462289086567],[-107.51405435129011,25.154622920827688],[-107.51405435129011,25.151390010856545]]]},"id":"00000000000000000121","properties":{"CLASS_CLRS":"72,255,72","CLASS_ID":"6","CLASS_NAME":"Selvas"}},{"type":"Feature","geometry":{"type":"Polygon","coordinates":[[[-107.50516289948258,25.1451918563614],[-107.5048954139669,25.145191930948652],[-107.5048954139669,25.14492435094618],[-107.50462332469188,25.14492437067287],[-107.50462332469188,25.144652327591213],[-107.50435583972191,25.144652312920083],[-107.5043558397219,25.144384819449087],[-107.50381626657777,25.14438482124217],[-107.50381626657777,25.14411277689278],[-107.50354426868779,25.144112782376528],[-107.50354426868779,25.143845287654393],[-107.50085093595193,25.143845226216865],[-107.50085093595193,25.14411281122545],[-107.49977189534823,25.144112768887172],[-107.49977189534823,25.144384817486834],[-107.49923233156258,25.144384798730737],[-107.49923233156258,25.14465238499966],[-107.49842519963882,25.144652347478328],[-107.49842519963882,25.14492430956965],[-107.49788563860454,25.144924373404912],[-107.49788563860453,25.146538556682366],[-107.49815763066955,25.14653856143752],[-107.49815763066955,25.147078107867035],[-107.49842519963882,25.147078122859103],[-107.49842519963882,25.147617667898395],[-107.49896476177555,25.147617683535543],[-107.49896476177555,25.14788518010446],[-107.49923233156258,25.147885192468046],[-107.49923233156258,25.148157238700108],[-107.49950432501461,25.14815723871144],[-107.49950432501461,25.148424734309977],[-107.50004388935585,25.148424743427256],[-107.50004388935585,25.148696788386598],[-107.50058345479916,25.148696707015688],[-107.50058345479916,25.148964288588466],[-107.5011185076494,25.148964314242786],[-107.50111850764938,25.149236270150993],[-107.50165807528711,25.14923627033998],[-107.50165807528711,25.149503850388854],[-107.50219764402642,25.14950384760101],[-107.50219764402642,25.14977588945698],[-107.50246964053093,25.149775881066017],[-107.50246964053093,25.149503839495875],[-107.50300921092692,25.149503833069417],[-107.50300921092692,25.14923625441714],[-107.50327669453468,25.149236267344044],[-107.50327669453468,25.1489643137031],[-107.50381626657777,25.148964304782822],[-107.50381626657777,25.148696726551638],[-107.5040838412769,25.14869672729004],[-107.5040838412769,25.148157195709537],[-107.5043558397219,25.14815718475645],[-107.50435583972191,25.147617652910057],[-107.50462332469188,25.147617664516574],[-107.50462332469188,25.147078132395063],[-107.5048954139669,25.147078110404365],[-107.5048954139669,25.14627099904512],[-107.50516289948258,25.14627101084416],[-107.50516289948258,25.1451918563614]]]},"id":"00000000000000000124","properties":{"CLASS_CLRS":"72,255,72","CLASS_ID":"6","CLASS_NAME":"Selvas"}},{"type":"Feature","geometry":{"type":"Polygon","coordinates":[[[-107.27016383266903,25.21337604274542],[-107.26989632109697,25.213376047665076],[-107.26989632109697,25.21283648257405],[-107.26962430018324,25.212836413723686],[-107.26962430018325,25.212296934785652],[-107.26935669899652,25.21229694821253],[-107.26935669899652,25.211757380309763],[-107.26908476886285,25.21175738587958],[-107.26908476886285,25.211489790429372],[-107.2685451485158,25.211489816712373],[-107.2685451485158,25.211757325148213],[-107.26719849282966,25.211757358020115],[-107.26719849282966,25.212836501840602],[-107.26747051110095,25.212836488612417],[-107.26747051110095,25.213915540344672],[-107.26773811026646,25.213915529464465],[-107.26773811026646,25.21445063153742],[-107.26800561952679,25.214450630322606],[-107.26800561952679,25.214722690293762],[-107.2685451485158,25.214722670595847],[-107.2685451485158,25.21499017650137],[-107.26908476886285,25.214990230590733],[-107.26908476886285,25.21526220145144],[-107.26962430018325,25.21526217580545],[-107.26962430018325,25.21499020550337],[-107.26989632109697,25.21499018455989],[-107.26989632109697,25.21418311706564],[-107.27016383266903,25.214183111323983],[-107.27016383266903,25.21337604274542]]]},"id":"00000000000000000176","properties":{"CLASS_CLRS":"72,255,72","CLASS_ID":"6","CLASS_NAME":"Selvas"}},{"type":"Feature","geometry":{"type":"Polygon","coordinates":[[[-107.27690150276304,25.210138745805672],[-107.2766295644221,25.210138679191154],[-107.2766295644221,25.209603588487166],[-107.27609443753168,25.209603629610307],[-107.27609443753168,25.20933157394567],[-107.27555489224552,25.20933161642456],[-107.27555489224552,25.20906402566978],[-107.27474332163823,25.209064091559178],[-107.27474332163823,25.20879203406562],[-107.27393626337044,25.20879207861026],[-107.27393626337043,25.209064049376995],[-107.27366865756636,25.209064069100734],[-107.27366865756636,25.209331574214794],[-107.27339672274036,25.20933158701903],[-107.27339672274036,25.20960364547887],[-107.27312911751378,25.209603576989316],[-107.27312911751378,25.21013867482702],[-107.27285709308093,25.210138698055392],[-107.27285709308093,25.210410668869525],[-107.27258957862563,25.210410676757483],[-107.27258957862563,25.21067826948098],[-107.27231755477992,25.210678292048385],[-107.27231755477992,25.210950262992288],[-107.27258957862563,25.21095024014318],[-107.27258957862563,25.211217832444568],[-107.27285709308093,25.211217823734376],[-107.27285709308093,25.21148979369047],[-107.27312911751378,25.211489769062606],[-107.27312911751378,25.212024863949583],[-107.27339672274036,25.21202492997116],[-107.27339672274036,25.21229689872644],[-107.27366865756636,25.21229688285147],[-107.27366865756636,25.212836441043876],[-107.27582240987319,25.21283644112257],[-107.27582240987319,25.21256447530894],[-107.27636195573632,25.21256442498719],[-107.27636195573632,25.21229692514532],[-107.27690150276304,25.21229687295355],[-107.27690150276304,25.210138745805672]]]},"id":"00000000000000000177","properties":{"CLASS_CLRS":"72,255,72","CLASS_ID":"6","CLASS_NAME":"Selvas"}},{"type":"Feature","geometry":{"type":"Polygon","coordinates":[[[-107.33025915393878,25.21013866145795],[-107.32999157846298,25.210138709183916],[-107.32999157846298,25.20933164013062],[-107.32972400326973,25.20933159889197],[-107.32972400326972,25.208792062994043],[-107.3294520078723,25.20879202686882],[-107.3294520078723,25.208524490707703],[-107.32918452346276,25.208524524140614],[-107.32918452346276,25.20825252271494],[-107.32837296035184,25.20825248848428],[-107.32837296035184,25.207984950798615],[-107.32756582029478,25.207984991629846],[-107.32756582029478,25.20825253014056],[-107.32729833787697,25.208252471555557],[-107.32729833787697,25.209331641748072],[-107.32756582029478,25.209331611684995],[-107.32756582029478,25.210410689828596],[-107.32810538686809,25.21041068532476],[-107.32810538686809,25.210678221388537],[-107.32837296035184,25.21067826485163],[-107.32837296035184,25.210950265193595],[-107.3286449545908,25.210950213971767],[-107.3286449545908,25.2112178366064],[-107.3289125286445,25.21121779077309],[-107.32891252864448,25.21148979012546],[-107.32918452346276,25.2114898246667],[-107.32918452346276,25.2120248926915],[-107.3294520078723,25.212024943224957],[-107.3294520078723,25.211757322046868],[-107.32972400326972,25.21175735508982],[-107.32972400326972,25.211217823015375],[-107.32999157846298,25.21121777478147],[-107.32999157846298,25.21067824240795],[-107.33025915393878,25.21067828167417],[-107.33025915393878,25.21013866145795]]]},"id":"00000000000000000178","properties":{"CLASS_CLRS":"72,255,72","CLASS_ID":"6","CLASS_NAME":"Selvas"}},{"type":"Feature","geometry":{"type":"Polygon","coordinates":[[[-107.27824821072345,25.178880438901302],[-107.27798060030668,25.17888043744366],[-107.27798060030668,25.17860844699083],[-107.27770866079307,25.178608437712132],[-107.27770866079307,25.178340825241317],[-107.27744105095321,25.178340822034347],[-107.27744105095321,25.1780688305975],[-107.2771691120259,25.17806881954115],[-107.2771691120259,25.17780129367209],[-107.27636195573632,25.17780127000854],[-107.27636195573632,25.178068884270402],[-107.27393626337044,25.178068852964124],[-107.27393626337043,25.179147987321358],[-107.27366865756636,25.179147976553427],[-107.27366865756636,25.180494636196496],[-107.27393626337044,25.180494558021376],[-107.27393626337044,25.180766638749603],[-107.27447580516477,25.180766574660858],[-107.27447580516477,25.18103418854779],[-107.27501534812318,25.181034121491663],[-107.27501534812318,25.181306113106483],[-107.27582240987319,25.181306145820034],[-107.27582240987319,25.18157367034644],[-107.27770866079307,25.181573703114964],[-107.27770866079307,25.181306180511086],[-107.27798060030668,25.181306186994526],[-107.27798060030668,25.180766588138756],[-107.27824821072345,25.180766587673176],[-107.27824821072345,25.178880438901302]]]},"id":"0000000000000000017d","properties":{"CLASS_CLRS":"72,255,72","CLASS_ID":"6","CLASS_NAME":"Selvas"}},{"type":"Feature","geometry":{"type":"Polygon","coordinates":[[[-107.2952284820157,25.103419056345082],[-107.29495643359698,25.103419018793474],[-107.29495643359698,25.103151453932988],[-107.294688895552,25.1031514890793],[-107.294688895552,25.102879457020688],[-107.29414931024701,25.102879451364373],[-107.29414931024701,25.103151483983154],[-107.29360981630207,25.103151465684974],[-107.29360981630207,25.103691064684273],[-107.29334227969105,25.10369100981274],[-107.29334227969105,25.10423060853962],[-107.29360981630207,25.104230575277352],[-107.29360981630207,25.104498140696307],[-107.29414931024701,25.10449815622194],[-107.29414931024701,25.104770187595456],[-107.29441684771746,25.104770151992994],[-107.29441684771746,25.105037716179535],[-107.29495643359698,25.105037716195103],[-107.29495643359698,25.104498122023898],[-107.2952284820157,25.10449815845502],[-107.2952284820157,25.103419056345082]]]},"id":"00000000000000000189","properties":{"CLASS_CLRS":"72,255,72","CLASS_ID":"6","CLASS_NAME":"Selvas"}}]}