{"type":"FeatureCollection","features":[{"type":"Feature","geometry":{"type":"Polygon","coordinates":[[[-107.60864339854218,25.33544874406319],[-107.60856807989084,25.335382897840717],[-107.6084925806402,25.335312527974832],[-107.60841726203073,25.3352466815519],[-107.60837571940131,25.335148890260978],[-107.6083728294795,25.335014534306453],[-107.60833616359925,25.33491212305305],[-107.60826075472312,25.334846287380124],[-107.60818543617793,25.334780440522845],[-107.60810515060541,25.334714678739022],[-107.60802974179344,25.334644297031495],[-107.60795433300244,25.3345784609554],[-107.60787901454225,25.334512613695257],[-107.60780369610298,25.33444676633609],[-107.60772828737475,25.334380842544498],[-107.60765296897729,25.334314994987153],[-107.60757756029093,25.334249158415346],[-107.60750224193531,25.334183310659874],[-107.60742195656483,25.33411754793837],[-107.60734654794265,25.334047165311713],[-107.60716358052251,25.33401909421897],[-107.60686293985172,25.334024347675015],[-107.60667500573554,25.333991902524627],[-107.60659959732091,25.333925977508994],[-107.60652427923664,25.33386012872908],[-107.60644887086387,25.333794290933753],[-107.60637355282145,25.333728441955714],[-107.60629823479994,25.333662592878643],[-107.60622282649,25.33359666736712],[-107.6061475085103,25.333530818091898],[-107.6060671332313,25.333460606500854],[-107.60599181529484,25.33339475702096],[-107.6059551497362,25.33329680172836],[-107.60595216953092,25.333157996392114],[-107.60591071758807,25.3330601912722],[-107.60583530938581,25.33299435254005],[-107.6057599915137,25.332928415206712],[-107.60568449304417,25.332858128979474],[-107.60560917521391,25.332792278864886],[-107.60553385740458,25.332726341231982],[-107.60545844930705,25.332660502001872],[-107.60538313153955,25.332594651590114],[-107.60534149906553,25.332492322154888],[-107.60533860917604,25.332358050855436],[-107.60529697670886,25.33225572127565],[-107.60522165898618,25.33218987052211],[-107.60514634128441,25.332124019669557],[-107.60507093329463,25.33205817980007],[-107.60503137797421,25.33182140577596],[-107.60502279862466,25.331418404437088],[-107.60497827632028,25.331181714773503],[-107.60490286837718,25.331115874291942],[-107.60482755076393,25.331050022629636],[-107.60475214286275,25.330979636108815],[-107.6047061756614,25.330675896946556],[-107.6046947064395,25.330138533647354],[-107.60465361592405,25.329834632197183],[-107.60457324108762,25.329764329838053],[-107.60449792356592,25.329698477220152],[-107.60442260606509,25.32963262450325],[-107.60438603102727,25.329534742824293],[-107.60438305083923,25.329395934982742],[-107.60434150882742,25.329298050666985],[-107.60426619137004,25.32923219761499],[-107.60419069331626,25.329161908169898],[-107.60411537590078,25.329095967496837],[-107.60403996819758,25.329030125225852],[-107.60396465082394,25.32896427177542],[-107.60388436650025,25.32889850311401],[-107.60380904916983,25.328832649461233],[-107.60373373186033,25.32876679570945],[-107.60365832426326,25.328700952938682],[-107.60358300699562,25.3286350115678],[-107.60350759944045,25.32856471012374],[-107.60343219190626,25.328498867053383],[-107.60335687470145,25.328433012804176],[-107.60328155751753,25.328367071034766],[-107.60320127339608,25.32830130143606],[-107.60316460821466,25.328198970931115],[-107.60316171834836,25.32806460923438],[-107.60312008621533,25.3279622760122],[-107.6030447690972,25.327896421223297],[-107.6029693616917,25.327830577414645],[-107.60289404461543,25.32776472242768],[-107.602850967592,25.32759525153768],[-107.60284518786612,25.327326527241315],[-107.6028070778016,25.32715697119393],[-107.60273176077041,25.327091115732614],[-107.60261779187331,25.327061823409366],[-107.60246995748784,25.327064398164474],[-107.60235589839274,25.32703057068902],[-107.60228049117887,25.32696472584486],[-107.60220517429399,25.326898869823143],[-107.60212985743001,25.32683301370245],[-107.60201570817007,25.326799196810413],[-107.60186787411295,25.326801770679097],[-107.60175390557905,25.326772477281366],[-107.60167849853264,25.32670208582331],[-107.60160318181502,25.326636229139922],[-107.60152777481055,25.326570383435385],[-107.60126597269083,25.326543662537375],[-107.60082256229572,25.326551456759628],[-107.60056067054981,25.326520286748536],[-107.60048526383542,25.32645435264109],[-107.60040507084963,25.326388568400226],[-107.60032966417855,25.32632272151294],[-107.60022057288793,25.326288806625303],[-107.60006777290904,25.326291550109605],[-107.59995868172389,25.326262093499864],[-107.59988336548426,25.326196235078587],[-107.5998079589584,25.326125841639957],[-107.59972767586588,25.326060067681304],[-107.5994708423754,25.326033257447474],[-107.5990224680363,25.326041216263214],[-107.5987604877237,25.326009965180898],[-107.59868517181722,25.325944105575587],[-107.59864354037191,25.32584185544464],[-107.59864074086063,25.325707479224107],[-107.59860407629627,25.3256096029408],[-107.59852867012651,25.325539208050486],[-107.5984533542845,25.325473348008984],[-107.5983730715935,25.325407572463213],[-107.59829775579477,25.325341712219416],[-107.59822234971031,25.32527586295171],[-107.59814703395351,25.325210002509905],[-107.59807171821764,25.325144054545305],[-107.59803008686664,25.325041803581648],[-107.5980271970551,25.324907437768857],[-107.59799053257379,25.324805102093602],[-107.59791521688145,25.32473924121562],[-107.5978011597038,25.324709866160607],[-107.59765341825296,25.324712422608343],[-107.59753927087914,25.324678599703567],[-107.59746395531232,25.324612738364216],[-107.59738863976646,25.324546876925886],[-107.59731323393518,25.324481026462767],[-107.59719917701112,25.324447191988753],[-107.59705134558247,25.324449846049106],[-107.596937379075,25.324420458844784],[-107.5968619733694,25.324350149273275],[-107.59678665799102,25.324284287173437],[-107.5967112523274,25.324218348623763],[-107.59659728596309,25.324189048358534],[-107.59644945486313,25.324191614110998],[-107.59634027482954,25.324157705129164],[-107.59626008307113,25.324091915882676],[-107.5961846775542,25.324026064196772],[-107.59610936236426,25.323960201338625],[-107.59600018246786,25.323926291880127],[-107.5958474751763,25.32392901756689],[-107.59573838569136,25.323899555418034],[-107.59566307062563,25.323833692102927],[-107.59558269845628,25.3237634655335],[-107.59550738343387,25.323697514588787],[-107.5954320684324,25.323631650970157],[-107.59535666314618,25.323565798325046],[-107.59528134818667,25.323499934508426],[-107.5952060332481,25.32343407059285],[-107.59509197721202,25.32340023326406],[-107.59494414693432,25.32340288415125],[-107.59483009100862,25.323373505216566],[-107.59475477619567,25.32330764083969],[-107.5946794614037,25.323241776363872],[-107.59460414663268,25.323175911789093],[-107.59452865127174,25.32310552312952],[-107.59445333654271,25.32303965835446],[-107.59437802183464,25.32297379348045],[-107.59430270714755,25.322907928507494],[-107.59422242568762,25.32284214781061],[-107.59414711104384,25.322776282635402],[-107.59407170611574,25.322710428432536],[-107.59399639151391,25.322644563059356],[-107.59388233598776,25.322610723989243],[-107.59373450637104,25.322613285522397],[-107.59362541773807,25.32258390795856],[-107.59354504617403,25.322513591385498],[-107.59346973171884,25.322447725449795],[-107.59339441728464,25.322381859415138],[-107.59328532878882,25.32235248138417],[-107.59313262302959,25.322355115290183],[-107.59302344433442,25.32232120188088],[-107.5929481300245,25.322255335389315],[-107.59286784896662,25.32218955310566],[-107.59279253470001,25.322123686411853],[-107.59271722045439,25.322057819619097],[-107.59264181592494,25.321991963797455],[-107.59256641141648,25.321921649123098],[-107.59249109723385,25.321855694604583],[-107.59222930385326,25.32182894783347],[-107.5917809415119,25.32183687253121],[-107.59152393495421,25.321805603233596],[-107.59144374462359,25.321739808333035],[-107.59140274642321,25.321435866602602],[-107.59139118746036,25.320894011186137],[-107.59134531283138,25.320590229039347],[-107.59126999898888,25.32052436021408],[-107.59119459486304,25.320458502358406],[-107.59111928106253,25.3203926333352],[-107.59107629621697,25.320223134398596],[-107.59107051674248,25.31995439112084],[-107.5910324083355,25.319784906148392],[-107.59095709458019,25.319719036651353],[-107.59088178084583,25.31965307962767],[-107.59080646713248,25.319587209932735],[-107.59072609640639,25.319516976556987],[-107.59065069243226,25.319451117725404],[-107.59054169534758,25.319421636886258],[-107.59038890083394,25.319424364102975],[-107.59027981355081,25.319390435222225],[-107.5902045000052,25.319324564865965],[-107.59015853527366,25.319020790218854],[-107.59014706666798,25.318478916951904],[-107.59010606866428,25.31817496974612],[-107.59002578845039,25.31810918275246],[-107.58995047497558,25.318043311543228],[-107.58987516152176,25.31797744023508],[-107.58982847441524,25.31740490911605],[-107.58980535662467,25.31632117691809],[-107.58975370281851,25.3157441802063],[-107.58967838941952,25.31567830759697],[-107.589564335715,25.31564900637346],[-107.58941659876311,25.31565154761314],[-107.58930245486539,25.315617710837955],[-107.58922714159218,25.315551837767472],[-107.58915182833996,25.315485964598096],[-107.58907651510876,25.315420091329806],[-107.58888850303323,25.31538761168878],[-107.5885929396459,25.31539279053316],[-107.58840646306471,25.315431901704322],[-107.58833403974923,25.315500315388427],[-107.58826152614982,25.31556882754765],[-107.58818901256987,25.31563733968736],[-107.58748040330586,25.315685607240646],[-107.58614030879976,25.31570912051035],[-107.58543640063716,25.315752866858194],[-107.5853639781183,25.315821279557547],[-107.58529146531649,25.315889790730907],[-107.58521416651062,25.31596282259319],[-107.585106435852,25.315996042149475],[-107.5849587013389,25.315998665558613],[-107.584846094463,25.316036416692455],[-107.58477367210254,25.316104916643273],[-107.58470115945934,25.31617342763718],[-107.58462864683563,25.31624185118086],[-107.5845512579175,25.31631043492598],[-107.58447883563615,25.31637884736648],[-107.58440632307216,25.31644735828068],[-107.5843339008297,25.316515858112965],[-107.58407346988405,25.31655624262065],[-107.58363008768035,25.316564044159637],[-107.58336974771574,25.316604416227502],[-107.58329723544983,25.31667283935036],[-107.58322481350508,25.31674133882308],[-107.58314733468795,25.316809933142444],[-107.58259134807149,25.316851022322904],[-107.58155179975293,25.316869241002525],[-107.58098940506062,25.31684772036774],[-107.58091409410707,25.316781840547293],[-107.58083878317454,25.316715960627935],[-107.58076347226307,25.316650080609694],[-107.58068807107182,25.316579752521697],[-107.58061276020244,25.316513872303403],[-107.58053735905334,25.3164480030459],[-107.58045717198617,25.316382195255745],[-107.58038177088059,25.31631632579595],[-107.58030646009678,25.31625044517767],[-107.58023114933401,25.316184564460485],[-107.58015583859228,25.31611868364441],[-107.5800805278716,25.316052802729455],[-107.58000512687137,25.315982473724254],[-107.58000368206199,25.315915240311348],[-107.58007610314165,25.315846829425986],[-107.58014861454141,25.315778320029587],[-107.5802211259607,25.31570989804602],[-107.58025832983469,25.315606193341377],[-107.58025544021322,25.31547181391531],[-107.58021399220874,25.315373982087365],[-107.58013859117118,25.31530365286063],[-107.5800646349644,25.315304928694914],[-107.5799923041884,25.31537787496823],[-107.57991979283068,25.31544638428143],[-107.57984728149245,25.31551480614257],[-107.57958685487945,25.31555072164016],[-107.57913851353639,25.315558588609722],[-107.57887673310515,25.315531804353665],[-107.57880142274188,25.315465922019882],[-107.57872611239966,25.31540003958722],[-107.57865071177837,25.315329709030998],[-107.57857531117816,25.315263837456218],[-107.57850000089914,25.315197954724567],[-107.57842469064117,25.315132071894034],[-107.57834441390254,25.315066272538267],[-107.5782353314884,25.315032328809714],[-107.5780875104397,25.31503495432309],[-107.57797355193463,25.31500554190876],[-107.57789824182382,25.314939658518377],[-107.57785661358214,25.314837387750103],[-107.57785372398642,25.314703006695936],[-107.57781706224351,25.314600652240706],[-107.57774175217645,25.314534768513553],[-107.57766156594113,25.314468957164713],[-107.57758616561775,25.314403084292472],[-107.57751085561522,25.314337200264337],[-107.57743554563375,25.31427131613733],[-107.57732149710478,25.31423745455976],[-107.57717367655752,25.314240078505087],[-107.57706459461744,25.314210679681263],[-107.57698431828412,25.314140332036512],[-107.57690891815031,25.31407445840377],[-107.57683360833714,25.314008573615737],[-107.57664578539365,25.313980509063576],[-107.57635014512198,25.31398566739551],[-107.57616214191707,25.313953164981175],[-107.57608683231273,25.31388727947335],[-107.57601152272944,25.313821393866633],[-107.57593621316722,25.31375550816105],[-107.57586090362607,25.313689622356602],[-107.57578559410598,25.31362373645327],[-107.57574396619083,25.313521463496297],[-107.57574116691696,25.313387069689323],[-107.57570450546162,25.313284713157415],[-107.57562422953372,25.313218910344034],[-107.57554892007983,25.313153024000847],[-107.575473610647,25.313087137558778],[-107.57543694922808,25.31298478070396],[-107.57543405965832,25.312850397562244],[-107.57539252209659,25.312748112926435],[-107.57531712240848,25.31268223720252],[-107.57524181304049,25.312616350324884],[-107.57516650369357,25.312550463348394],[-107.57516505891013,25.31248331533836],[-107.57523756898802,25.312414807864787],[-107.5753099887864,25.31234185224593],[-107.57538240860426,25.312273443223283],[-107.5754083244291,25.311632344906663],[-107.5753824989033,25.310414298599785],[-107.57532949337383,25.30977009239675],[-107.57525418400236,25.30970420410392],[-107.57517887465198,25.30963831571223],[-107.57510356532266,25.30957242722169],[-107.57505769346332,25.309268607295987],[-107.57504622549972,25.308726771977767],[-107.57507918460905,25.308421607996294],[-107.57515169466379,25.308353100857573],[-107.57522411443908,25.308284692188682],[-107.57529662453285,25.308216185011],[-107.57529517974872,25.30814903613817],[-107.57521987038687,25.308083147021318],[-107.57514447074713,25.308012809617534],[-107.57506916142744,25.307946920300736],[-107.57502762392198,25.307849092343893],[-107.57502473435662,25.307710247601804],[-107.57498816329773,25.307612336211413],[-107.57491285402176,25.30754644656037],[-107.57483257832993,25.307480640095505],[-107.57475726909749,25.30741475024243],[-107.57468186958731,25.307344412084934],[-107.57460656039703,25.30727852203192],[-107.57453125122781,25.30721263188006],[-107.57445594207965,25.307146741629357],[-107.57441431437013,25.307044464649195],[-107.57441151511007,25.306910067434583],[-107.57437494413449,25.30681215527583],[-107.57429945443273,25.306741827522362],[-107.57422414534945,25.306675936836267],[-107.57414883628722,25.306610046051343],[-107.57406865112185,25.30654431478828],[-107.57399334210314,25.306478423801444],[-107.57391794280694,25.306412543767564],[-107.57384263383042,25.306346652582985],[-107.573804618156,25.306177043377318],[-107.57379892935009,25.305908345997892],[-107.5737558569663,25.30573891815839],[-107.57368054803513,25.305673026500806],[-107.57360523912502,25.305607134744402],[-107.57352983993756,25.305536794638115],[-107.57352839516292,25.305469644729538],[-107.57360090479989,25.30540113834087],[-107.57367341445641,25.305332631932714],[-107.57374583383395,25.30526422399369],[-107.57378312711205,25.305160505900222],[-107.57378023756006,25.305026206050947],[-107.5738125644248,25.304922571115423],[-107.57388507413833,25.304854152108827],[-107.57395749357285,25.304785656696698],[-107.57403000332543,25.304717150213815],[-107.5741073892224,25.30464865899898],[-107.57417989901536,25.304580152475484],[-107.57425231852922,25.304511744421276],[-107.57432482836123,25.304443237858862],[-107.5743557105123,25.304272452955885],[-107.57434993139604,25.30399930634271],[-107.57438587027728,25.303832886337712],[-107.57445828984655,25.30376447827003],[-107.57471862120221,25.30372404814559],[-107.5751669551884,25.303716217873873],[-107.57542232078154,25.30367595703707],[-107.57549970707876,25.30360737795345],[-107.5755307699628,25.303441117826207],[-107.57552499082131,25.30316788437708],[-107.57556074926124,25.30299702728102],[-107.57563325944568,25.30292860782569],[-107.5757056793505,25.302860111965554],[-107.57577818957397,25.302791692471306],[-107.57577674478725,25.302724542607002],[-107.5757014352907,25.30265865126115],[-107.5756261258152,25.30259275981647],[-107.57555081636077,25.302526868272963],[-107.57549916528431,25.301949894308624],[-107.57547622931996,25.30086611281266],[-107.57550358993907,25.300292231813728],[-107.57557600980901,25.300223823634624],[-107.57564851999757,25.300155316947087],[-107.57572093990649,25.300086908729163],[-107.5757582334582,25.2999831899539],[-107.575755343885,25.299848801601048],[-107.5757138062737,25.299746511122475],[-107.57563849679474,25.299680618264173],[-107.57556318733685,25.29961472530706],[-107.57548787790004,25.299548919689343],[-107.57541256848428,25.29948302653466],[-107.57533229264344,25.299417216433568],[-107.57522312115026,25.29938327240617],[-107.5750753920538,25.29938587433975],[-107.57496143482328,25.299356450423453],[-107.57488603525591,25.299286108397084],[-107.57481072600851,25.299220214581787],[-107.57473541678219,25.299154320667686],[-107.57465514114325,25.299088597211686],[-107.57457983196045,25.299022703095666],[-107.57450452279872,25.29895680888084],[-107.57442921365805,25.298890914567217],[-107.57435390453846,25.298825020154787],[-107.57427859543994,25.298759125643553],[-107.57420319606383,25.298688782700943],[-107.57412788700748,25.298622887989847],[-107.5740525779722,25.298556993179957],[-107.57397726895799,25.298491185710255],[-107.57389699354516,25.298425373777334],[-107.5738216845745,25.298359478666733],[-107.57374637562489,25.298293583457337],[-107.57367106669636,25.298227688149137],[-107.57363440552295,25.298125323355496],[-107.57363160627101,25.297990922028387],[-107.57358997868897,25.29788864015256],[-107.5735146698042,25.29782274450809],[-107.57343936094051,25.29775693620419],[-107.5733640520979,25.29769104036218],[-107.57331827083337,25.29738719374364],[-107.57330680294388,25.296845334787875],[-107.5732658977987,25.29654141519702],[-107.57318562259809,25.296475601615573],[-107.57311031382649,25.29640970492277],[-107.57303500507597,25.296343808131184],[-107.57295960604829,25.29627346285287],[-107.57288429733995,25.296207565861447],[-107.57280898865268,25.29614175621125],[-107.57273367998651,25.296075859022285],[-107.57269214284152,25.295973564536144],[-107.57268925330125,25.2958391728555],[-107.57272654643289,25.295739999988502],[-107.5727989655556,25.295667046211122],[-107.57287147499603,25.295598540813803],[-107.57294389415777,25.295530133884828],[-107.57298127762296,25.29543086250165],[-107.57297829778133,25.295292109793568],[-107.57301071484798,25.295192921353383],[-107.5730831340472,25.295124514408013],[-107.57319573600788,25.295086691934003],[-107.57334346407265,25.295084094727272],[-107.57345615644066,25.295050807895624],[-107.57352848546134,25.294977864974417],[-107.57356586900774,25.294878593549793],[-107.57356297945807,25.294744289333135],[-107.57359530629672,25.294640652467052],[-107.57366772565325,25.2945722453653],[-107.57392805624426,25.294531824996156],[-107.574376298615,25.294524024462877],[-107.57463816497072,25.29455529040571],[-107.57471347416984,25.2946211866544],[-107.57478878339003,25.29468708280431],[-107.5748640926313,25.29475289141576],[-107.5749781401195,25.294786766245938],[-107.57512595946156,25.294784155979567],[-107.57523350553356,25.294746513543068],[-107.57531098207554,25.29467792432731],[-107.57534186433975,25.294507135999325],[-107.57533617550132,25.294238430648246],[-107.57537193391619,25.294067570155416],[-107.57544444404977,25.293999151445373],[-107.5755168639038,25.293930656325223],[-107.57558937407643,25.293862237576363],[-107.57566179396945,25.293793742417474],[-107.57573421388193,25.29372078781731],[-107.57584681695165,25.293687510554],[-107.57599463677062,25.293684899845708],[-107.57610714964994,25.293647086576613],[-107.57617956968222,25.293578591258523],[-107.5762520800333,25.293510172311247],[-107.5763245904039,25.293441665905036],[-107.57639701049465,25.29337325796835],[-107.57646952090428,25.293304751523348],[-107.57650527946964,25.293133891095433],[-107.57649959060664,25.292865185878316],[-107.57653047300718,25.292694484762194],[-107.57660785962287,25.29262590629738],[-107.57668037008926,25.29255739983783],[-107.57675269997618,25.29248445603688],[-107.57678511749737,25.2923853549864],[-107.57678231821265,25.292251040445183],[-107.57681952161184,25.2921473315178],[-107.57689194183568,25.292078836072278],[-107.57696445237856,25.292010416997705],[-107.57703687264137,25.29194192151348],[-107.57710929292364,25.291868966587085],[-107.57718171322539,25.291800558504185],[-107.5772944072,25.29176718222502],[-107.57744213751378,25.29176466931972],[-107.57755465099783,25.291726855523812],[-107.57762716171911,25.29165834881135],[-107.57769958216008,25.29158994056881],[-107.57777209292036,25.29152143381758],[-107.57784451340031,25.291452938096803],[-107.57792190039353,25.291384446690106],[-107.57799441121365,25.29131593987908],[-107.57806683175336,25.291247531538104],[-107.57817446929971,25.291209789477602],[-107.57832716659736,25.29120710525184],[-107.57843633934876,25.291241050331294],[-107.57851164960998,25.291306857402805],[-107.57858695989226,25.29137275181491],[-107.578667146403,25.29143857404088],[-107.57874101192614,25.291437316863817],[-107.5788135229667,25.291368809770507],[-107.57888594372656,25.291300401147552],[-107.57895845480611,25.29123189401548],[-107.57903078530467,25.291158949566157],[-107.57910329642321,25.291090442395713],[-107.57917571726095,25.291022033695725],[-107.57924822841848,25.290953526486536],[-107.5793608329571,25.290920247306378],[-107.57950856440385,25.290917644912664],[-107.57962116905124,25.290879818701853],[-107.57969359002814,25.290811322403204],[-107.57976610132499,25.2907429024733],[-107.57983852234085,25.290674406135967],[-107.5799510368255,25.290636590793216],[-107.58009885889639,25.290634064225724],[-107.58021146379038,25.29060069702458],[-107.58028379462519,25.29052775221262],[-107.58031973429814,25.290361416864293],[-107.58031395505394,25.290088177736568],[-107.58027097192897,25.289918734806662],[-107.58019566117612,25.289852841172767],[-107.5801203504443,25.289786947440106],[-107.58004503973352,25.28972105360866],[-107.57999492290529,25.28921575429323],[-107.57997478587602,25.28826635209866],[-107.58000350146081,25.28775962267091],[-107.58007592254043,25.287691213920677],[-107.58014843394015,25.287622706661114],[-107.58022085505873,25.287554297872212],[-107.58025805893269,25.287450588483],[-107.58025525961189,25.287316273799348],[-107.58028749695309,25.287212647498308],[-107.58036000840973,25.28714414020365],[-107.58047252311206,25.287106325589182],[-107.5806203454689,25.287103800379896],[-107.58073295058071,25.287070433945775],[-107.58080537185631,25.287002025000994],[-107.58087788345223,25.286933517546657],[-107.58095030476676,25.286865021123557],[-107.58102263579981,25.286792076309055],[-107.58109514745416,25.28672365623673],[-107.58116756882706,25.286655159756073],[-107.58124495677443,25.286586667544157],[-107.58135268589102,25.28655337288296],[-107.58150041842936,25.286550770520485],[-107.58161302390872,25.286512944143304],[-107.58168544542069,25.286444534942817],[-107.58175786695212,25.286376038283503],[-107.58183037880418,25.28630761799337],[-107.5819077669418,25.286239038123178],[-107.58198009823167,25.286166093040876],[-107.58201251638162,25.286066991509756],[-107.58200962674134,25.28593260082309],[-107.5820469211634,25.28582896771865],[-107.5821193427919,25.28576047098401],[-107.58219176443984,25.28569197423007],[-107.58226427640858,25.28562355384526],[-107.58230003574279,25.285452692674355],[-107.58229425645614,25.28517953906915],[-107.58225136331683,25.285014543226197],[-107.58217596170952,25.28494411313105],[-107.58210065042458,25.28487830619089],[-107.58202533916067,25.28481241171223],[-107.5819809109429,25.28457572761775],[-107.58197233232445,25.284172717322875],[-107.58193287068315,25.283935949469257],[-107.58185755946609,25.28387005438208],[-107.58177737200629,25.28380431870692],[-107.5817019705315,25.283733975016514],[-107.58162665937894,25.283668079626594],[-107.58155134824739,25.283602184137923],[-107.58147748195415,25.28360344081951],[-107.58140497019697,25.28367194822119],[-107.58133254876033,25.28374044455365],[-107.58126012734314,25.28381331288475],[-107.58114752201115,25.283846678648036],[-107.58099978966618,25.28384927905111],[-107.58088727474379,25.283887093029698],[-107.58081476314534,25.283955512812373],[-107.58074234186724,25.28402400896662],[-107.58066983030776,25.284092516151112],[-107.58018789532031,25.284136709103358],[-107.57929148228139,25.284152392435143],[-107.57880801465532,25.284125066303087],[-107.57873270431128,25.284059168546],[-107.57865739398825,25.28399327069017],[-107.57858208368629,25.283927372735594],[-107.57832030379562,25.283896180505455],[-107.57787205485975,25.283903977458046],[-107.57761036595876,25.283877232038275],[-107.57753496564972,25.283806884626053],[-107.57745965566149,25.283740985588327],[-107.57738434569434,25.283675086451865],[-107.57727047778639,25.28364573307035],[-107.57712265726714,25.28364825222425],[-107.57700860887064,25.283614461109284],[-107.5769332990296,25.283548561512365],[-107.5768579892096,25.28348266181671],[-107.57678267941067,25.283416849464288],[-107.57659476620326,25.283384224047232],[-107.57629930658628,25.283389413017872],[-107.57611148401541,25.283361322708522],[-107.57603617442524,25.283295422195067],[-107.57596086485614,25.283229609025174],[-107.57588546500888,25.283159172357923],[-107.5758101554819,25.283093358988406],[-107.57573484597603,25.283027458077786],[-107.57565457003909,25.282961639921442],[-107.5755793508758,25.28289572776349],[-107.57547017928245,25.28286186277129],[-107.57531748360454,25.28286453851337],[-107.57520993749898,25.282902177394984],[-107.57513742742857,25.2829706826146],[-107.57506500767659,25.283039176769673],[-107.57498762150432,25.283107666291134],[-107.57491511149377,25.283176171451075],[-107.57484278210046,25.28324911407816],[-107.57477027212892,25.28331753175712],[-107.57469785247572,25.283386025814355],[-107.57451129520449,25.28342064953064],[-107.57421583787392,25.28342583344742],[-107.57402937123535,25.28346490504597],[-107.57395695178151,25.283533311420534],[-107.5738844420486,25.28360181626323],[-107.57381202263375,25.283670310042066],[-107.57362555627495,25.28370938122164],[-107.5733300096184,25.28371457434272],[-107.57314354359362,25.28374918527271],[-107.57307112437815,25.28381759136862],[-107.57299861488393,25.283886095932363],[-107.57292131960402,25.283959120748758],[-107.57284890044835,25.28402752678541],[-107.57277639101402,25.284096031289824],[-107.57270397189737,25.28416443728783],[-107.5726314625021,25.28423294175354],[-107.57255904342446,25.28430143515607],[-107.57248653406826,25.284369852139914],[-107.57241402473157,25.284438356547565],[-107.57234160571247,25.284506762448924],[-107.5722643106213,25.284579787078314],[-107.57219180134453,25.284648291426624],[-107.57211938238525,25.28471669726871],[-107.57204687314754,25.28478520157832],[-107.57197300946098,25.28478645278174],[-107.5718977010288,25.28472063674957],[-107.57182239261772,25.284654733175405],[-107.57174708422771,25.284588829502514],[-107.5716717758588,25.284518466116296],[-107.57159150113385,25.284452644958],[-107.5715161928085,25.28438682842589],[-107.57144088450423,25.284320924351576],[-107.57136557622103,25.284255020178534],[-107.57129026795894,25.28418911590676],[-107.57121505001557,25.284123287937128],[-107.57113974179562,25.284057383468003],[-107.57106443359675,25.28399147890015],[-107.57098903512141,25.283921125641832],[-107.57094749824583,25.28382328382802],[-107.57094469902184,25.283688962588187],[-107.5709031621531,25.283586660996892],[-107.57082785402048,25.283520755990168],[-107.57075254590896,25.28345485088471],[-107.57067723781853,25.283388945680535],[-107.57060192974919,25.28332312782172],[-107.57052653140352,25.283252686366833],[-107.57045122337638,25.283186868308405],[-107.57037591537032,25.283120962707113],[-107.57030060738536,25.283055057007093],[-107.57022042336702,25.282989310240982],[-107.57014511542562,25.282923404339282],[-107.57006980750529,25.282857498338867],[-107.57003314682271,25.282755124134145],[-107.57003034760824,25.28262080195808],[-107.56998872058351,25.282518422786918],[-107.5699135030042,25.28245259285382],[-107.56983819514876,25.28238668641891],[-107.56976288731441,25.282320779885286],[-107.56968757950116,25.28225487325294],[-107.569612271709,25.282189053966594],[-107.56953208789595,25.282123218681182],[-107.56945668985028,25.28205286310372],[-107.56941723004321,25.28182062495799],[-107.56940865182506,25.281413043599414],[-107.56943817895609,25.28117516808705],[-107.56951059719334,25.28110667598165],[-107.56958798179014,25.281038101290175],[-107.56966049036485,25.28096968554884],[-107.56969281673449,25.2808660456354],[-107.56968992722643,25.28073173353885],[-107.56972721994221,25.280628011020955],[-107.56979963825731,25.280559606304664],[-107.56987214688913,25.280491103083282],[-107.56994456524329,25.28042261088329],[-107.57001707391419,25.280354195068327],[-107.57008949230737,25.280285702829733],[-107.5703498194355,25.28024538980899],[-107.57079796554684,25.280237550632748],[-107.57105829336085,25.28019714878181],[-107.57113071203445,25.2801287436472],[-107.57120322102519,25.280060240007042],[-107.57127563973782,25.279991747389083],[-107.57134814876763,25.279923331155004],[-107.57142056751928,25.279854838498455],[-107.57145641571154,25.2796839602039],[-107.57145072695528,25.279415325861738],[-107.57140774524512,25.279245866763894],[-107.57133243697122,25.27917996008465],[-107.57125712871839,25.27911405330669],[-107.57118182048666,25.279048146430018],[-107.5711388388195,25.278878686812877],[-107.57113315006994,25.278605504316115],[-107.5710951347784,25.278440421478674],[-107.57101982659202,25.278374514130196],[-107.5709057807816,25.278340713546694],[-107.57075805405549,25.278343298317445],[-107.57064400835607,25.27830940998825],[-107.57056870029602,25.278243502177183],[-107.5705307753817,25.278078407528156],[-107.5705249963476,25.277805234731208],[-107.5704820147854,25.27763577361369],[-107.57040670677074,25.277569865330847],[-107.57021888831285,25.277541847868186],[-107.56992334539933,25.277546938242764],[-107.56973543698196,25.277514383804334],[-107.56966012917638,25.277448474802533],[-107.56958482139191,25.277382653148024],[-107.56950960392562,25.27731673290943],[-107.56939555875574,25.27728284267128],[-107.56924774256244,25.27728543603762],[-107.56913387809753,25.277256070621736],[-107.56905857046048,25.27719016096236],[-107.56898317254766,25.27711980248401],[-107.56890786495283,25.277053980071287],[-107.56883255737911,25.276988070113607],[-107.56875724982649,25.276922160057243],[-107.5687157132957,25.276819853691272],[-107.56871282379815,25.27668553940058],[-107.56867137757101,25.276587681624715],[-107.56859597976678,25.276517322495213],[-107.56852067228044,25.276451412000196],[-107.56844545511193,25.276385577814718],[-107.56844401036459,25.27631833306709],[-107.568516428334,25.276249929118304],[-107.56858893661969,25.27618142666518],[-107.56866135462816,25.276113022677816],[-107.56869720245254,25.275942141999604],[-107.56869151375463,25.275673414135696],[-107.56872736158303,25.27550262075297],[-107.56879986992563,25.275434118286007],[-107.56887228799091,25.275365626838095],[-107.56894470607573,25.275297222817674],[-107.56897703235929,25.275193581771664],[-107.5689742331558,25.275059255917416],[-107.56901143547537,25.274955543442612],[-107.5690839438946,25.274887128368334],[-107.56915636203642,25.27481863686633],[-107.56922887049474,25.274750221753433],[-107.56926462809783,25.274579351816833],[-107.56925893938791,25.274306163660473],[-107.56928991125439,25.274139901158392],[-107.56936232945169,25.274071409644215],[-107.56943962370876,25.273998386929332],[-107.56951213224347,25.27392988433698],[-107.5695415690888,25.27369201549506],[-107.56953308116374,25.273288960428026],[-107.56956748435101,25.2730509213592],[-107.5696399026231,25.272982429835015],[-107.56971241121182,25.272914014700508],[-107.56978482952296,25.27284552313781],[-107.5698572478536,25.272772571754093],[-107.56992966620375,25.272704167600335],[-107.57004226684427,25.272670814683483],[-107.57019008347443,25.272668222952834],[-107.57030259392667,25.272630421079704],[-107.57037501239677,25.272562016785972],[-107.57044752118374,25.272493513987435],[-107.57051993969286,25.27242502220821],[-107.57059244851894,25.27235660681807],[-107.57066486706707,25.272288115000336],[-107.57074225199607,25.272219628163587],[-107.57081467058457,25.27214667651218],[-107.57092230523094,25.27211340551874],[-107.57107499841474,25.272110741607346],[-107.57118254286767,25.272073021676],[-107.5712550518724,25.272004606088135],[-107.57125360710995,25.271937448653535],[-107.57117829887922,25.27187153827363],[-107.57106921936895,25.271837564434716],[-107.57091652618843,25.271840228179332],[-107.57080753708185,25.27181079025793],[-107.57073222897601,25.271744879422126],[-107.57065204482895,25.27167912732923],[-107.57057673676667,25.271613216291847],[-107.57050133842806,25.27154285638717],[-107.57042603040797,25.271476945150187],[-107.57035081270634,25.271411110223646],[-107.57027550472841,25.27134519878944],[-107.57020019677157,25.27127928725656],[-107.57012488883584,25.271213463072414],[-107.57004958092118,25.27114755134223],[-107.5699693969777,25.271081710869108],[-107.5698940891066,25.27101588638485],[-107.56981878125659,25.270949974354426],[-107.56974347342768,25.27087960239652],[-107.56966816561986,25.270813690166584],[-107.56959285783316,25.270747865285685],[-107.56951755006753,25.270681952858443],[-107.56947456866638,25.27051248594547],[-107.56946887995205,25.270243754474617],[-107.5694308648958,25.270074204866834],[-107.56935555717556,25.27000829196812],[-107.56927537343907,25.26994253772518],[-107.56920006576237,25.269876624624903],[-107.56916205074415,25.269707074516496],[-107.56915636203642,25.269438342045408],[-107.56918724359411,25.26926762886202],[-107.56925966176378,25.269199137759106],[-107.56933704628831,25.26913056430671],[-107.56940946449834,25.269057613304973],[-107.56944188113484,25.268958507452723],[-107.56943899162947,25.26882419033365],[-107.56947628431043,25.26872046584359],[-107.56954870255795,25.26865206213343],[-107.56966121274179,25.26861426206867],[-107.56980893886528,25.268611684133255],[-107.56991666340626,25.268578404001584],[-107.56999404811994,25.26850991780771],[-107.57001210756623,25.26773003312522],[-107.56998068413046,25.26623885343654],[-107.57000370992355,25.265463428680903],[-107.5700762186104,25.265394926560475],[-107.57014854672225,25.265321986597648],[-107.57022105544816,25.265253571888028],[-107.57025690348051,25.26508714767392],[-107.57025121474962,25.2648139527119],[-107.57020823323118,25.264644482617708],[-107.57013292529321,25.264578655209355],[-107.57005761737629,25.264512740253267],[-107.56998230948048,25.264446825198547],[-107.56990700160577,25.264380997494438],[-107.56982681770481,25.264315153466022],[-107.56975150987365,25.264249325560492],[-107.5696762923607,25.264183399071623],[-107.56963818697803,25.264013856762098],[-107.56963240796311,25.26374067125867],[-107.56958960713779,25.263575637676567],[-107.56951420907602,25.263505272856715],[-107.56943890133242,25.2634393568312],[-107.56936359360994,25.26337352815674],[-107.5693207025304,25.263208505101275],[-107.56931501381932,25.26293530754212],[-107.56927690848785,25.262765764069467],[-107.56920160081073,25.26269984747416],[-107.56912141712017,25.262634089393835],[-107.5690461094866,25.262568172597028],[-107.5690066497398,25.262331457576558],[-107.56899807153474,25.26192393875844],[-107.56895382606035,25.26169174319722],[-107.5688784281769,25.26162137686135],[-107.56880312061143,25.26155545935673],[-107.56872781306706,25.261489629203897],[-107.5686863668376,25.261391764587216],[-107.56868347734037,25.261252896535755],[-107.56864690714362,25.26115504811421],[-107.56857159964301,25.261089130178007],[-107.56849620186678,25.261018763196027],[-107.5684209847051,25.260952834026853],[-107.56834071095072,25.26088708537618],[-107.56826549383256,25.26082115600568],[-107.56819018643883,25.260755325020735],[-107.5681148790662,25.26068940648644],[-107.56803966201126,25.260623564271278],[-107.56796435468081,25.26055764553986],[-107.56785031016659,25.26052374453811],[-107.56770258511959,25.26052631551197],[-107.56758863101291,25.260496950631552],[-107.56751332380887,25.260426571434536],[-107.5674739545835,25.260194301652646],[-107.56746537642736,25.259786865107465],[-107.56742095061259,25.2595501403616],[-107.56734564345554,25.259484308012436],[-107.56723168950023,25.259450394726915],[-107.56708387449709,25.259452975370724],[-107.56697001094902,25.259423598232853],[-107.56689470391838,25.25935776542393],[-107.56681939690883,25.259291845064844],[-107.56674418021653,25.259225913575424],[-107.56655627402203,25.259193338644632],[-107.5662608254323,25.259198475748203],[-107.5660729195759,25.25916598742833],[-107.56599761279675,25.259100066249967],[-107.56595327752056,25.258863415435975],[-107.56594478970887,25.25846033630882],[-107.5659791924367,25.258222286475714],[-107.56605160974176,25.258153884769822],[-107.56612411736228,25.258085384561642],[-107.56619653470642,25.25801698281737],[-107.56623238220195,25.257846094589937],[-107.56622660326029,25.257572900192997],[-107.56625757477724,25.25740663028344],[-107.56633486814125,25.257333610076202],[-107.56640728554221,25.257265120867146],[-107.56647979325874,25.25719670806029],[-107.56651067450882,25.25702590161959],[-107.56650498585724,25.256757243342875],[-107.56646697122027,25.25658768208972],[-107.56639166433062,25.256521760004635],[-107.5663164477581,25.25645591424293],[-107.5662361746325,25.256390073921725],[-107.56619816003357,25.256220512168685],[-107.56619247138859,25.255951852894633],[-107.5662234429016,25.255781034828033],[-107.5663007362558,25.255712474857827],[-107.56637324394357,25.255644062209424],[-107.56644566135488,25.255575573119465],[-107.56647654260104,25.25540485349337],[-107.56647085395015,25.25513164631071],[-107.5665067014823,25.254965217221432],[-107.56657920922567,25.254896804562016],[-107.56665153639638,25.25482386639683],[-107.56672404417883,25.254755366246577],[-107.56676133648303,25.25465618677063],[-107.56675844700648,25.254517402248865],[-107.56679077302704,25.254418217233514],[-107.56686328084706,25.254349804520803],[-107.56694066468157,25.254281233416688],[-107.5670129919496,25.254208295175587],[-107.56708540953335,25.25413989343438],[-107.5671579174329,25.254071393190763],[-107.56723033505573,25.254002903958376],[-107.56730284299438,25.253934491129232],[-107.56737526065626,25.25386600185853],[-107.56744767833767,25.253797600021514],[-107.56752018633497,25.253729099681983],[-107.56759757035869,25.25366052838901],[-107.56762411750846,25.253283774276795],[-107.56760985067254,25.252607581516806],[-107.56756759194779,25.25223652026622],[-107.56748740874473,25.25217066793867],[-107.56741210156905,25.252104832059377],[-107.56733679441449,25.252038908628275],[-107.56733543996944,25.251971735015847],[-107.56740785764012,25.251903245888034],[-107.5674802753303,25.251834844194413],[-107.56755756904609,25.251761824012153],[-107.56763007707306,25.25169332379569],[-107.56770249482314,25.251624834590032],[-107.5678101282234,25.251591659980825],[-107.5679628196395,25.251589011981647],[-107.56807036284745,25.251551300647957],[-107.5681428710128,25.251482800274218],[-107.5682202552158,25.25141422896387],[-107.56829267312494,25.251345827033624],[-107.56836509105356,25.251277337631077],[-107.5684375992984,25.251208924632163],[-107.5685100172661,25.251140435191335],[-107.56858234495655,25.251067496651476],[-107.56865485326001,25.250998996142297],[-107.56872727128625,25.25093059409759],[-107.56879968933197,25.250862104580623],[-107.56887219769406,25.250793691467084],[-107.56894958210708,25.25072511994725],[-107.5690220002127,25.250656630371214],[-107.56905432650555,25.250553072313227],[-107.56905143700436,25.25041874746386],[-107.56908872963156,25.25031501995119],[-107.56916114777466,25.250246530360325],[-107.5692737480933,25.250213273101565],[-107.56942147400387,25.250210706033535],[-107.56952901779546,25.2501729940263],[-107.56960640239755,25.25010442231786],[-107.56967882068012,25.25003593256842],[-107.56975132927936,25.249967519221965],[-107.56982374760095,25.249899029434268],[-107.56989607564489,25.249826090554464],[-107.56996858430271,25.24975767715091],[-107.57004100268283,25.249689187306224],[-107.57011342108248,25.249620697442428],[-107.57018592979891,25.249552283981398],[-107.57021888831285,25.249247069417116],[-107.57020751085278,25.24870520046277],[-107.57016163982821,25.248401394506175],[-107.57008642220055,25.24833546067208],[-107.56997734313319,25.248301560834175],[-107.56982465057268,25.248304209457412],[-107.56971566190867,25.24827475842795],[-107.56964035410864,25.248208835169013],[-107.5695651366268,25.248142988234854],[-107.56948495282779,25.248077135685218],[-107.56940955479537,25.24800676302018],[-107.5693342470811,25.247940926814273],[-107.56929632234089,25.247775811717187],[-107.56929054333332,25.247502612364702],[-107.56924756196848,25.247333129742533],[-107.56917234459654,25.247267282036617],[-107.56909703694872,25.247201357807988],[-107.5690218196189,25.2471355099053],[-107.56898019275035,25.24703320094983],[-107.56897739354683,25.24689886359723],[-107.56894082331009,25.246800921740626],[-107.56886551572713,25.246730536918296],[-107.56878524183999,25.24666478149284],[-107.56871002459742,25.2465988456003],[-107.56867056489996,25.246362116553993],[-107.5686620770024,25.245959026578213],[-107.56869151375463,25.24572114066899],[-107.56876402208755,25.245652640545448],[-107.56884131617258,25.24558416805256],[-107.56891373424902,25.245511218740315],[-107.56894615082575,25.24541202143703],[-107.56894326132571,25.245277694435575],[-107.56898046364101,25.24517406456761],[-107.56905297205186,25.245105564389473],[-107.56912539018535,25.245037075221116],[-107.56919780833834,25.24496867348818],[-107.56927022651085,25.244895724102033],[-107.56934264470287,25.244827234876762],[-107.56941506291439,25.24475883308691],[-107.56949244748368,25.24469026195127],[-107.56951773066166,25.244250775708746],[-107.56950066451627,25.24344023115522],[-107.56953073343983,25.24299622344549],[-107.56960315170203,25.242927734282244],[-107.56967556998372,25.24285924509992],[-107.56974798828493,25.242790843353404],[-107.56982049690284,25.242722343104248],[-107.56989291524306,25.24265394131955],[-107.56996533360281,25.242585452060897],[-107.5700378422793,25.242516951754407],[-107.57011513673059,25.242448479086068],[-107.57018755515018,25.242375529571685],[-107.5702599735893,25.242307040235435],[-107.5703323920479,25.24223855088012],[-107.57036191928039,25.24200065289093],[-107.57035343132945,25.241597560357604],[-107.57031397139076,25.241360829109002],[-107.57023866342315,25.24129499047336],[-107.57016335547664,25.241229064284127],[-107.57008804755121,25.24115867778182],[-107.57004660111204,25.241060892469626],[-107.57004371160019,25.240926564298487],[-107.57008091406776,25.240822846376194],[-107.57015342277543,25.240754346170657],[-107.57022584120534,25.240685944429597],[-107.57029825965476,25.240617455214203],[-107.57032056309636,25.240039187730144],[-107.5702978081681,25.23895541916029],[-107.5703250779633,25.238381527453704],[-107.57039758673682,25.238313114815675],[-107.57047000523248,25.238244625730445],[-107.57054242374765,25.238176136626173],[-107.57061484228235,25.238107734958653],[-107.5706921368995,25.238034714803987],[-107.5707645554745,25.23796622564129],[-107.5708370643665,25.237897812887454],[-107.57090948298053,25.23782932368664],[-107.57098190161408,25.237760834466787],[-107.57105432026711,25.237692432683648],[-107.57112682923724,25.237623932397717],[-107.5711992479293,25.2375554431207],[-107.57127166664085,25.23748704128039],[-107.57134896144677,25.237414020941305],[-107.57142138019864,25.23734553160589],[-107.57145379707768,25.237246420687978],[-107.57145081725298,25.23710755506256],[-107.57148820051069,25.237008362300458],[-107.57156061930004,25.236939960405994],[-107.5716330381089,25.23687147103671],[-107.57170536663945,25.236798532432797],[-107.57177778548728,25.236730043025837],[-107.57185029465246,25.236661630027395],[-107.57192271353931,25.236593140582332],[-107.57200009883022,25.236524569298265],[-107.57203233518317,25.236421020123938],[-107.57202953594789,25.23628668012234],[-107.57206673869017,25.236182961637283],[-107.57213915763529,25.236114559612925],[-107.57221166689787,25.236046059085485],[-107.572284085882,25.235977569567254],[-107.57228264111406,25.235910405066182],[-107.57220742289317,25.23584455449452],[-107.57213211439537,25.235778627396822],[-107.5720568962166,25.23571277662847],[-107.57198158776094,25.23564684933385],[-107.57190131294352,25.235576630938546],[-107.57182600453143,25.23551070344041],[-107.57175078643824,25.23544485227212],[-107.57174934167315,25.23537768751772],[-107.57182176053283,25.23530919820895],[-107.57189426970984,25.23524069785337],[-107.57197156469468,25.235172225197324],[-107.57198962427378,25.234392359262912],[-107.5719583812027,25.232905566508723],[-107.57198131686725,25.23212571225523],[-107.57205373578937,25.2320572231273],[-107.57212624502894,25.231988810410307],[-107.57219866399006,25.231920321244335],[-107.57223586675573,25.23181660207525],[-107.57223306751833,25.23168226031878],[-107.57226530389921,25.23157871030872],[-107.57233772289779,25.2315102211285],[-107.57241023221387,25.231441808359236],[-107.57248265125148,25.231373319140975],[-107.5725184092872,25.231202434519282],[-107.57251281080654,25.23093375076061],[-107.57254856884626,25.230762865990553],[-107.57262098792108,25.23069446423682],[-107.57269349731354,25.230625963980174],[-107.57276582612921,25.230553025451137],[-107.57279679839954,25.230386748083582],[-107.57279101931677,25.230113538251523],[-107.57275300379092,25.229943965896865],[-107.57267769514041,25.229878123874077],[-107.57260247680908,25.229812270726313],[-107.57252716820071,25.22974634104949],[-107.57248138707857,25.229442507381187],[-107.57247000952279,25.228900610971564],[-107.57250296831664,25.22859547004791],[-107.57257538737919,25.228526981025933],[-107.57264780646122,25.228458491984956],[-107.57272022556276,25.228390090382575],[-107.57275255230016,25.228286441365483],[-107.57274975305738,25.22815209846152],[-107.5727130920095,25.228049701819423],[-107.57263778337014,25.227983858842823],[-107.57256256504998,25.227917917284138],[-107.57248734675083,25.227852063084917],[-107.57240707178251,25.22778630148398],[-107.57233185352685,25.227720359625962],[-107.57225663529222,25.22765450512753],[-107.57218132678064,25.227588574098434],[-107.57210592799221,25.227518281096096],[-107.57203070982075,25.227452338842443],[-107.57195549167031,25.22738648394854],[-107.57188018324304,25.22732055252352],[-107.5718049651347,25.22725469743301],[-107.57172478066782,25.227188836417408],[-107.57164947230514,25.227122992151052],[-107.57157425426132,25.22705713676134],[-107.57149894594079,25.226991204839923],[-107.57142372793906,25.22692534925361],[-107.571348329363,25.226854967780064],[-107.57127311140337,25.226789111994908],[-107.57119780316717,25.22672317967757],[-107.57112258524967,25.226657323695807],[-107.5710424009862,25.22659146174921],[-107.57096709281461,25.22652561659093],[-107.57089187496162,25.226459760309993],[-107.57081656683215,25.226393827496278],[-107.57074134902128,25.226327971018726],[-107.57066595063652,25.226257588632624],[-107.57062450410828,25.226159709609604],[-107.57062170488764,25.226025364687736],[-107.57058504412981,25.225922965610778],[-107.57050982638368,25.225857108700954],[-107.57039578078954,25.225823279111538],[-107.57024814464093,25.22582582256574],[-107.57013418945505,25.22579644206782],[-107.57005897183505,25.225730584699086],[-107.56998357364164,25.225660201400462],[-107.56990835606376,25.2255943438329],[-107.56983304820977,25.225528409731044],[-107.569757830674,25.225462551966896],[-107.56967764681754,25.225396688158394],[-107.56960242932526,25.22533083019339],[-107.56952775363645,25.22529630393606],[-107.56945398093886,25.225297613225425],[-107.56942020984538,25.225334008329817],[-107.56942165459795,25.225401175752864],[-107.56938363954839,25.225469049578713],[-107.56931122134533,25.22553753727737],[-107.56923735841019,25.225538770066148],[-107.5691621410411,25.22547291178168],[-107.56912132682322,25.225406439601564],[-107.56911988207227,25.225339272097763],[-107.56908466626997,25.2253040391973],[-107.56900592736463,25.2253053422431],[-107.56893143243528,25.225275341382027],[-107.56885612485496,25.225209406262906],[-107.56882027700937,25.225142852333907],[-107.5688187419632,25.22507123527013],[-107.56877874046886,25.225040522048978],[-107.56870487768003,25.22504184183193],[-107.568517782785,25.225045088852287],[-107.568222422335,25.225050181142276],[-107.56803460540327,25.225017656988314],[-107.56795929807424,25.224951720952404],[-107.56791785196332,25.224853926844002],[-107.56791496247433,25.22471504301592],[-107.56787839238216,25.22461717836685],[-107.56780317539338,25.22455123097734],[-107.56772777783274,25.22448093251899],[-107.56765256088616,25.224414984930604],[-107.56757237765774,25.22434920611115],[-107.56749716075464,25.224283345782236],[-107.56738817303443,25.224253880148144],[-107.56723557224117,25.2242565004378],[-107.5671278487748,25.22428976434965],[-107.5670554311796,25.22435816373111],[-107.56698301360393,25.22442665055411],[-107.56690562975724,25.224495218740458],[-107.56679808701547,25.22453292092272],[-107.5666504528431,25.22453545925874],[-107.56653794391976,25.224573242630708],[-107.56646552648357,25.22464172929614],[-107.5663930187709,25.22471013950246],[-107.5663206013738,25.2247786261299],[-107.56613423050644,25.22481326697436],[-107.565833906406,25.224818434529126],[-107.56565250214364,25.22485745387519],[-107.56557511868024,25.22492602160012],[-107.56550270150366,25.224994420507635],[-107.5654302843466,25.22506290685706],[-107.5653577769134,25.225131316746534],[-107.56528545009108,25.225204252544508],[-107.56524815799179,25.225303523923994],[-107.56525095715644,25.22543787206098],[-107.56521863132122,25.2255414351186],[-107.56514621424076,25.225609921415867],[-107.56507379717985,25.225678320233303],[-107.56500138013844,25.2257468064926],[-107.5649240871582,25.22581982354377],[-107.56485167015718,25.22588830976382],[-107.5646701762629,25.225922791455055],[-107.56436985379979,25.225928044111793],[-107.56418348428626,25.225967055957447],[-107.56411106748499,25.226035541939037],[-107.56403865070325,25.226104027901638],[-107.56396623394106,25.226172426384153],[-107.56385372614228,25.22621020816595],[-107.56370600329349,25.226212842337144],[-107.56359692681673,25.226178836844372],[-107.56351674479917,25.226113055169797],[-107.56344152903195,25.226047192118752],[-107.56336622299081,25.2259812525269],[-107.56310454820633,25.225949950089582],[-107.56266147143558,25.225957662941475],[-107.56240133234775,25.225997977599285],[-107.5623289160273,25.22606646298113],[-107.56225640943178,25.226134959362042],[-107.56217902694733,25.226203438464896],[-107.56140195273409,25.226252777048472],[-107.55991517025602,25.22627858698868],[-107.55913160146373,25.22625628558024],[-107.55905638692596,25.226190418731896],[-107.55898108211576,25.226124475338242],[-107.55890586762023,25.22605860829334],[-107.55879182695475,25.22602476626703],[-107.55864410689327,25.226027306692984],[-107.55853024692588,25.225997902948865],[-107.55845503255682,25.225932035445158],[-107.55837963762222,25.225861641793436],[-107.55830442329541,25.22579577409096],[-107.55819047317904,25.22576638087896],[-107.55804284374213,25.22576890940995],[-107.55792880344379,25.225735066293943],[-107.55785358924349,25.22566919813267],[-107.55777828477117,25.225603253424534],[-107.5577030706131,25.22553738506673],[-107.55762785647615,25.225471516610707],[-107.55755255206724,25.22540557160748],[-107.55747733797251,25.225339702954926],[-107.55739706749135,25.225269378119794],[-107.5573217631473,25.225203520278452],[-107.55724654911734,25.225137651324587],[-107.55720998047894,25.225039692097322],[-107.55720709110527,25.22490088979057],[-107.55716564665491,25.224803000409132],[-107.55709043266876,25.224737131123703],[-107.557015038118,25.22466673564761],[-107.55693982417414,25.224600866163414],[-107.55686451995858,25.22453500759474],[-107.55678930605696,25.22446905045008],[-107.55667544687749,25.224439643914067],[-107.55652772798244,25.224442268325433],[-107.55641368832882,25.224408335389924],[-107.55633847455373,25.224342465250444],[-107.55626326079978,25.224276595012753],[-107.55618795677435,25.22421064822576],[-107.55592628899443,25.224179327313472],[-107.55547825800606,25.22418709179347],[-107.55521668121159,25.224160306368407],[-107.55514137748035,25.224089897905003],[-107.55510480912929,25.223992024253555],[-107.55510201007053,25.223857670014752],[-107.55506047565359,25.22375532895226],[-107.55498526225844,25.22368945730362],[-107.55487122326143,25.22365552229289],[-107.55472359565333,25.223658133048033],[-107.55460964705979,25.22362873490202],[-107.55453443379123,25.223562862794644],[-107.5544591302518,25.2234924534199],[-107.55438382673356,25.223426592125456],[-107.55419610978205,25.223398405485653],[-107.55390067480789,25.223403559437894],[-107.55371286790333,25.223370922252055],[-107.55363765488667,25.22330504922928],[-107.55356235159944,25.223239187119276],[-107.55348713862504,25.223173226434614],[-107.55337319055764,25.223139365979364],[-107.5532254734838,25.223141898161586],[-107.55311161581933,25.223112574605825],[-107.55303631268005,25.223046624472865],[-107.55296109985343,25.222980750696685],[-107.55288579675648,25.222914887832697],[-107.55281049368072,25.222844476651872],[-107.55273519062615,25.222778613589],[-107.55265997788415,25.222712651951817],[-107.55257979913803,25.22264685844129],[-107.55250458643968,25.222580984069175],[-107.55242928347116,25.222515120608808],[-107.55235407081511,25.222449158574257],[-107.55227876788894,25.222383294917254],[-107.55216482033589,25.22234943272985],[-107.55201710392886,25.22235196299116],[-107.55190324677834,25.22232255026998],[-107.55182794397899,25.222252225376458],[-107.55175264120086,25.222186273693634],[-107.55167742873495,25.222120398369444],[-107.55160212599914,25.22205453395626],[-107.55152691357554,25.221988570969234],[-107.55145170117308,25.221922695350372],[-107.55137639850079,25.221856830642306],[-107.55130118614063,25.22179086736049],[-107.55122100780157,25.22172507213274],[-107.55118299533167,25.221555473373613],[-107.55117730700528,25.221282308815265],[-107.55113441883404,25.22111732766188],[-107.55105911625104,25.221046914010667],[-107.55098381368921,25.22098104853218],[-107.5509086014394,25.220915171947038],[-107.55086715796385,25.220817276222203],[-107.5508642686586,25.220678468591142],[-107.55082779118256,25.220580492080785],[-107.55075248868584,25.220514626172392],[-107.55067718621034,25.220444299344756],[-107.55060188375602,25.220378345770445],[-107.55055339765457,25.219940186100434],[-107.55053642300659,25.219129596343254],[-107.55048793691701,25.218691434701974],[-107.55041263451595,25.21862548011163],[-107.55030365374046,25.21859153329001],[-107.55015593836085,25.21859405915813],[-107.55004199171177,25.218560192630676],[-107.54996668943623,25.21849432505104],[-107.54989147747237,25.21842844636626],[-107.54981626552966,25.218362480115417],[-107.5497360876356,25.218296681793987],[-107.54966078544618,25.21823081381694],[-107.54958557356832,25.218164934735057],[-107.54951036171163,25.21809896808695],[-107.54932246759778,25.218066417589387],[-107.549027128294,25.218071542621107],[-107.54883941509983,25.218043342687725],[-107.54876402287279,25.217973023916766],[-107.54872122537853,25.217808027208537],[-107.54871553710448,25.21753476938654],[-107.5486775249906,25.217365252963397],[-107.54860231338925,25.217299285127616],[-107.54852701151904,25.217233415667707],[-107.54845179996003,25.217167535104082],[-107.54837162247505,25.217101734923315],[-107.54829641095974,25.217035766690294],[-107.54818734075664,25.21700182784658],[-107.54803475089483,25.217004507163637],[-107.54792577108826,25.216975017940342],[-107.54785055969838,25.21690913672182],[-107.54777525803989,25.21684317894099],[-107.54769499046805,25.21677292805759],[-107.54761977914308,25.216707046537923],[-107.54754456783925,25.216641077451],[-107.54746926626696,25.216575206739524],[-107.5473940550055,25.216509324925298],[-107.54731884376517,25.21644335554369],[-107.54724354225647,25.21637748453743],[-107.54720200905929,25.216275221670475],[-107.5471992100832,25.21614086002127],[-107.54716264281751,25.216038429132343],[-107.54708734135279,25.215972557792362],[-107.54700725456647,25.21590665727895],[-107.54693195314553,25.215840785738152],[-107.54685674203525,25.215774903095227],[-107.5467815309461,25.215709020354154],[-107.54670622958875,25.215643061048976],[-107.54663092825261,25.215572728160804],[-107.54655562693769,25.215506856126495],[-107.54648041593329,25.21544088552065],[-107.54636656113976,25.215411550748023],[-107.54621884793514,25.215414070016323],[-107.54610490296385,25.21538019751924],[-107.54602969208631,25.21531431392469],[-107.54595439094078,25.21524835376503],[-107.54587918010559,25.21518246997408],[-107.54580396929155,25.215116586084996],[-107.54572866820963,25.215050713100574],[-107.54565345743796,25.214984741544967],[-107.54557319050332,25.214914487707567],[-107.54549797977542,25.21484860341925],[-107.54542267877973,25.21478264256498],[-107.54538620204603,25.21468474728753],[-107.54538331280003,25.214545934023583],[-107.54534187018086,25.214448031454047],[-107.54526665951806,25.21438214673635],[-107.5451912682987,25.214311822929318],[-107.5451160576783,25.2142458505425],[-107.54507461510059,25.214148035116157],[-107.54507172585794,25.214009221453846],[-107.54503524917216,25.213911238135953],[-107.54495994830688,25.213845363890414],[-107.54487986215811,25.2137795478176],[-107.54480447104788,25.213709135892145],[-107.5447679943986,25.213611239734366],[-107.544765195448,25.213476875688716],[-107.544723662636,25.21337460965129],[-107.54464845214724,25.213308636398946],[-107.54457315139099,25.21324276152077],[-107.5444979409446,25.213176875542988],[-107.54442264023076,25.21310645197272],[-107.54434733953816,25.213040576797596],[-107.54427212915536,25.212974690523087],[-107.54419195292424,25.2129088843803],[-107.54415538607007,25.212806449959487],[-107.54415258712588,25.212672085256745],[-107.54411114469764,25.21257426843151],[-107.54403584409285,25.21250384421384],[-107.54396054350929,25.212437968406125],[-107.54388533323538,25.21237208149949],[-107.54384244623394,25.212202538793353],[-107.54383684835216,25.21193389597722],[-107.54379883693215,25.211764283741147],[-107.5437236267038,25.21169839636642],[-107.54364832620824,25.211632432422125],[-107.54357311602226,25.211566544851053],[-107.54349294000099,25.211500737356285],[-107.54341772985876,25.21143484958463],[-107.54334242944945,25.211368972714816],[-107.54326721934962,25.21130299727493],[-107.54319191898277,25.211232659138428],[-107.54311670892531,25.211166770971964],[-107.5430414086009,25.211100893707034],[-107.54296619858583,25.211034917872173],[-107.54289098859196,25.210969029411245],[-107.54281081277547,25.210903220987294],[-107.54270174481151,25.210869273244107],[-107.54255403363335,25.210871785476805],[-107.54244018051327,25.210842356658965],[-107.54236497066755,25.21077646764146],[-107.54228976084302,25.210710578525834],[-107.54221437046395,25.210640250215175],[-107.54213419485063,25.210574353529616],[-107.54205898509112,25.210508464112976],[-107.54202250881681,25.21041056471526],[-107.54201961960719,25.210271747784574],[-107.54197817750996,25.21017384087344],[-107.5419029677944,25.210107951125817],[-107.54182757752454,25.21003762216769],[-107.54175236785142,25.20997164474876],[-107.54175101353576,25.209904543154394],[-107.54182342428874,25.209836066023968],[-107.541936013117,25.209802757100185],[-107.54208363366543,25.209800257223414],[-107.54219613231555,25.20976241052084],[-107.54226863347716,25.20969400972552],[-107.54230095654185,25.209590440830574],[-107.5422981576171,25.209456073825347],[-107.54233535623231,25.20935234833216],[-107.54240776714377,25.2092839585216],[-107.54248026836285,25.209215470220723],[-107.54255267931363,25.209147080372244],[-107.54258996825229,25.209043343854816],[-107.54258716932452,25.208908976786496],[-107.54261949242776,25.208805407794777],[-107.5426919034163,25.208736930459658],[-107.54276431442446,25.208668540578373],[-107.54284169129654,25.208599983112954],[-107.54287401443061,25.208496414100193],[-107.54287121549984,25.208362046966155],[-107.5429085947711,25.20826284794168],[-107.54298091554989,25.20818992043801],[-107.54305332663644,25.2081214430305],[-107.5431258280308,25.20805304207813],[-107.54316158215033,25.20788222581947],[-107.54315607457099,25.207613480315604],[-107.54318695313198,25.207442732996302],[-107.54325936427439,25.207374255579577],[-107.54333186572468,25.20730585461821],[-107.54340427690639,25.2072373771636],[-107.54343732241477,25.20693218231306],[-107.54342603638003,25.206390262020786],[-107.54338035051623,25.20608643460137],[-107.54330514040572,25.20602054411489],[-107.54322984002816,25.205954664528466],[-107.54315462996004,25.205888773845725],[-107.54307941991308,25.205822795591516],[-107.54300420988731,25.20575690471255],[-107.54292881930652,25.205686574584394],[-107.54285360932317,25.205620596033434],[-107.542778399361,25.205554704857843],[-107.54269822357833,25.205488893611847],[-107.54262301365993,25.20542300223574],[-107.5425478037627,25.205357110761547],[-107.54247250359872,25.205291230186667],[-107.54239729374389,25.205225251042467],[-107.54232208391026,25.20515935927389],[-107.54224678380994,25.205089017238063],[-107.54217148373085,25.20502313626819],[-107.54209627396084,25.20495715672912],[-107.54201609838299,25.204891344554195],[-107.54194088865674,25.204825452288503],[-107.54186567895168,25.204759559924724],[-107.54179046926781,25.204693667462873],[-107.5414549602999,25.20466358928322],[-107.5408593336043,25.204673849940843],[-107.54052400638142,25.204648208234964],[-107.54044870678834,25.204582325532932],[-107.54037340721649,25.204511981526483],[-107.54029819795312,25.20444600015557],[-107.54022434301882,25.204447296752907],[-107.54015193269967,25.20451577290767],[-107.54007952240018,25.204588710253834],[-107.54000711212034,25.20465709889642],[-107.53974690476815,25.204692986318182],[-107.53929890089304,25.20470065756146],[-107.53903878451834,25.204740993818376],[-107.53896637452095,25.204809382121432],[-107.53889387425647,25.204877868875318],[-107.53882146429841,25.20494625714049],[-107.53818720085508,25.204993052026982],[-107.53700092912003,25.20501337252959],[-107.53636657972082,25.205055620538026],[-107.53629408016313,25.20512410643186],[-107.53622167091099,25.205192493837902],[-107.53614935196434,25.205265418977355],[-107.53607685246574,25.20533390481467],[-107.53600444327262,25.205402292164273],[-107.53596706496866,25.205501492103323],[-107.53596995411272,25.205640401889177],[-107.53593754152936,25.205739434565757],[-107.53586016665966,25.20580798913011],[-107.5357878478111,25.20588091419549],[-107.5357153484108,25.205949399960364],[-107.5356872695699,25.206254522800204],[-107.53569846499165,25.206796383786692],[-107.53566542044175,25.20710158575172],[-107.53559292107477,25.207169984098535],[-107.5355205120131,25.20723845890883],[-107.5354481029711,25.207306933700174],[-107.53537560366323,25.207375331990026],[-107.5353031946606,25.207443806743466],[-107.53522581997505,25.207512273761843],[-107.53515332072766,25.207580759468655],[-107.53508091178541,25.20764923416356],[-107.53500850286285,25.207717621363898],[-107.53489600724413,25.207755374246968],[-107.5347483003883,25.207757962674982],[-107.53464077057103,25.207795635624837],[-107.53456339607781,25.20786418990288],[-107.53449098729585,25.207932576945566],[-107.53441848824838,25.208001062437607],[-107.53434463494257,25.208002268976234],[-107.53426942737958,25.207936371453666],[-107.53419421983781,25.20787047383302],[-107.53411901231728,25.20780457611428],[-107.53404362424777,25.207734151532325],[-107.53396841676974,25.207668253615076],[-107.53388824363526,25.207602435306075],[-107.5338130362011,25.207536537188336],[-107.53373782878816,25.20747063897251],[-107.53366253111147,25.20740475165043],[-107.53362596570062,25.207302307427835],[-107.53362316686692,25.20716793478951],[-107.53358172607446,25.207065646603336],[-107.5335064284419,25.20699975894793],[-107.53343122111552,25.20693377272643],[-107.53335601381036,25.206867873883173],[-107.53331168394416,25.206631223329666],[-107.53330337773788,25.2062281804117],[-107.53326401354639,25.20599136211347],[-107.5331838406239,25.205925542313476],[-107.53310854310381,25.205855192442286],[-107.533033245605,25.205789303784858],[-107.53295803841223,25.20572340403842],[-107.53288283124066,25.205657504193905],[-107.53276898224946,25.20562806236374],[-107.5326212765729,25.205630559521165],[-107.53250733740892,25.20559666706171],[-107.53243213036463,25.20553076675896],[-107.53239547483814,25.20542841931755],[-107.53239267601737,25.20529404525746],[-107.53242499788495,25.205190474285182],[-107.53249749638991,25.205121989695847],[-107.53257487028311,25.205053436473964],[-107.53264727854425,25.204985050312462],[-107.53267960044273,25.20488139184203],[-107.53267689190359,25.204747094203263],[-107.53264023634343,25.204644659111636],[-107.5325650292616,25.204578758466393],[-107.53248485654953,25.204512937313204],[-107.53240964951158,25.2044470364675],[-107.53233444249489,25.204381135523725],[-107.53225923549941,25.204315234481893],[-107.53218393824072,25.204249256854308],[-107.53210873128775,25.204183355616234],[-107.53210737702109,25.20411616277022],[-107.53217969487065,25.20404332647881],[-107.53225219330885,25.2039748420656],[-107.53232460148226,25.20390636862316],[-107.53236044443823,25.203735535961723],[-107.53235484679743,25.2034668738649],[-107.53231196165007,25.203297313601055],[-107.53223675466094,25.203231412016297],[-107.53216154769308,25.20316551033348],[-107.53208634074643,25.203099608552613],[-107.53201104353663,25.20303371766294],[-107.53193583663248,25.20296781568587],[-107.5318606297496,25.202901913610752],[-107.53178542288795,25.20283592395961],[-107.53170516012625,25.202765650823896],[-107.53162995330851,25.202699748447998],[-107.53155474651201,25.202633845974052],[-107.53147944945252,25.202567954390794],[-107.53144288434137,25.20246550651222],[-107.5314400855306,25.20233113074425],[-107.53139873536203,25.202233289128053],[-107.53132334806249,25.20216294680945],[-107.53124814135258,25.20209704380637],[-107.53117293466393,25.202031140705238],[-107.5310977279965,25.20196515002764],[-107.5310175557262,25.201899326210683],[-107.53094234910267,25.20183342281102],[-107.5308671425004,25.201767519313318],[-107.53079184563538,25.20170162670554],[-107.53071663907562,25.201635723011663],[-107.53064134225316,25.201565368795162],[-107.53056613573591,25.201499377424245],[-107.53049092923992,25.20143347343396],[-107.53041563248132,25.201367580333223],[-107.53033555070026,25.20130174460024],[-107.53026025398559,25.20123585129893],[-107.53018504757601,25.201169946912053],[-107.5301098411877,25.201104042427126],[-107.52999590309845,25.20107014481532],[-107.52984819896027,25.20107263601916],[-107.52973931686688,25.201043196623544],[-107.52965905472209,25.200972833162695],[-107.52958384848239,25.20090692811935],[-107.52950864226393,25.20084102297795],[-107.52932094280307,25.200812863956838],[-107.52902553535789,25.200817931728444],[-107.52883774595445,25.200785321414006],[-107.52876253994684,25.200719415556748],[-107.5287218221773,25.200415479949967],[-107.52871062704885,25.19987359335428],[-107.528664943707,25.199569736128108],[-107.52858973774825,25.199503829532222],[-107.52851453181077,25.19943792283831],[-107.52843923561134,25.199372027031938],[-107.5283640297164,25.199306120141888],[-107.52828385826957,25.19924029247153],[-107.52820865241856,25.199174297900967],[-107.5281333563057,25.19910394021011],[-107.52809688193734,25.199006026450306],[-107.52809408316176,25.198871647476544],[-107.5280525529469,25.198769362382247],[-107.52797734716127,25.198703454860922],[-107.5279021413969,25.198637459761212],[-107.52782693565378,25.198571552043784],[-107.52778540548061,25.198469266614108],[-107.52778260670831,25.198334887255857],[-107.52774604210508,25.198232522408645],[-107.5276708364061,25.198166614358428],[-107.5275956307284,25.198100706210173],[-107.52751545951313,25.198034877227236],[-107.52747609617754,25.197798044840642],[-107.52746769987047,25.197390531247525],[-107.52749722237068,25.197152578247817],[-107.52757459481033,25.19708411519772],[-107.52764709199415,25.197015632909466],[-107.52771949891479,25.196947161586532],[-107.5277504659704,25.196776393030017],[-107.52774486842654,25.19650772034312],[-107.52778080104876,25.19633687238977],[-107.5278532080058,25.196268401076814],[-107.52792561498254,25.196200017225927],[-107.52799811226201,25.19613153489095],[-107.52803530888133,25.19602789346511],[-107.52803260038947,25.195893502279276],[-107.5280649217276,25.19578992907832],[-107.52813732876196,25.195721457713848],[-107.52820982609914,25.19565306282727],[-107.52828710846289,25.195584523160964],[-107.52831807558458,25.19541375432073],[-107.52831256831195,25.19514507017371],[-107.52834841072769,25.194974232923457],[-107.52842081783918,25.194905761529583],[-107.52849331525361,25.194837366613772],[-107.52856563212131,25.194764444629936],[-107.52860300938649,25.194665242610043],[-107.52860021060559,25.194530862170474],[-107.52863253201268,25.194427288804988],[-107.52870493920152,25.194358817359664],[-107.52877743669336,25.19429042239242],[-107.52884984392163,25.194221950909306],[-107.52888568640974,25.194051113524186],[-107.528880088842,25.193777890860847],[-107.52891602161755,25.193611503889393],[-107.52898833860014,25.19353866933521],[-107.52906083616921,25.193470186857947],[-107.52913324347458,25.193401715345917],[-107.5292057410831,25.193333320312075],[-107.52927814842792,25.19326484876226],[-107.52935055579243,25.193196464674816],[-107.52942305346016,25.193127982102972],[-107.52949546086411,25.193059597977733],[-107.52957283388486,25.192991047100588],[-107.52975421366807,25.19295209555712],[-107.53005440696069,25.19294697757873],[-107.53024075268168,25.192907946129296],[-107.53031316030805,25.192839474264662],[-107.530385658238,25.1927710788773],[-107.53045806590382,25.192702606974894],[-107.53057064993203,25.19266931304211],[-107.53071826418712,25.192666749201575],[-107.5308257924208,25.192629083827452],[-107.53090316582825,25.19256061997069],[-107.53097566391887,25.192492136925523],[-107.53104807174516,25.192423664846647],[-107.53112047959112,25.19235528022977],[-107.53119288745681,25.19228234659002],[-107.53122737599824,25.192048775383917],[-107.53121897957281,25.191641260980653],[-107.53124850248918,25.191403307199206],[-107.53132100067386,25.191334911613037],[-107.53143340449857,25.19129709040413],[-107.53158110951628,25.191294602781532],[-107.5316936037351,25.191261319403907],[-107.53176610204096,25.191192836197736],[-107.53179562501799,25.190954882527443],[-107.53178722857464,25.190547367732066],[-107.53174786460724,25.190310621854465],[-107.53167265777745,25.19024471350965],[-107.5315973606846,25.190178816051723],[-107.5315221538973,25.19011290751084],[-107.53147791462058,25.189876229225764],[-107.53146942790303,25.189468636101726],[-107.53142527891927,25.189236495252576],[-107.53134998189641,25.189166048048143],[-107.53127477517899,25.189100138801358],[-107.5311995684828,25.189034229456578],[-107.53112436180787,25.1889683200138],[-107.5310490648701,25.188902421457133],[-107.53097385823766,25.1888365118183],[-107.5308986516265,25.18877060208148],[-107.53082344503657,25.188704692246663],[-107.53074336313284,25.188638850547477],[-107.53066797601886,25.188568500899652],[-107.53059276949409,25.188502590764305],[-107.53051756299057,25.188436680530973],[-107.5304423565083,25.18837077019965],[-107.53036715004728,25.188304859770348],[-107.53029194360751,25.188238949243043],[-107.53025041304964,25.188136573433045],[-107.53024761425141,25.1880021912744],[-107.53021104930946,25.187899823624246],[-107.5301358429138,25.187833912764333],[-107.53005576121691,25.1877680699961],[-107.5299804645814,25.187702169918918],[-107.52990525825088,25.187636258760715],[-107.52983005194162,25.187570347504533],[-107.5297548456536,25.18750443615037],[-107.52967963938684,25.187438524698223],[-107.52960443314132,25.187372613148096],[-107.5295291366335,25.187302163383603],[-107.52945393043052,25.18723625163524],[-107.5293737586553,25.18717050640505],[-107.52933583958085,25.187000853270902],[-107.52933024200364,25.186732174479502],[-107.52928735734352,25.18656268762476],[-107.52921215120887,25.186496775307287],[-107.52913694509546,25.18643086289182],[-107.52906173900331,25.18636495037838],[-107.52898653293242,25.186299037766968],[-107.52891132688279,25.186233125057573],[-107.52883612085441,25.1861672122502],[-107.52876073428067,25.18609677217975],[-107.52868065299758,25.18603092727592],[-107.5286054470344,25.185965014168033],[-107.52853024109247,25.185899100962164],[-107.5284550351718,25.18583318765833],[-107.52837973898923,25.185767285237723],[-107.5283045331111,25.185701371737867],[-107.52822932725422,25.18563545814003],[-107.52815412141862,25.18556954444423],[-107.52807882532119,25.185499179966843],[-107.52799874424338,25.18543333413607],[-107.52792344818992,25.185367431120635],[-107.52784824244078,25.185301517026392],[-107.52781032358374,25.185131948701972],[-107.52780472603864,25.184863266760573],[-107.52776184162438,25.184693689650977],[-107.52768663592093,25.184627775089975],[-107.52761143023875,25.184561860431003],[-107.52753622457783,25.18449594567407],[-107.52746101893817,25.18443003081917],[-107.52738581331977,25.184364115866305],[-107.52731051743982,25.184293750102103],[-107.52723034631049,25.18422791394075],[-107.52719387206595,25.18412999324376],[-107.52719107329987,25.183991146124306],[-107.52714963350876,25.183893304280073],[-107.5270744279784,25.18382738879457],[-107.52699922246933,25.18376147321111],[-107.5269239266988,25.183691106801405],[-107.52684872123227,25.183625191019797],[-107.52677351578701,25.18355927514023],[-107.52665966940913,25.18352981520683],[-107.52651196712314,25.18353237993324],[-107.52639803057474,25.183498468967926],[-107.52632282525693,25.1834325526305],[-107.52624761996037,25.183366636195093],[-107.5261724146851,25.183300719661748],[-107.52598462729588,25.18326809015031],[-107.52568940412041,25.18327310804197],[-107.52550170735455,25.18324501593724],[-107.52542650229026,25.183179098688534],[-107.52535129724723,25.18311318134188],[-107.52527600194335,25.18304272564562],[-107.52519583142742,25.1829768869833],[-107.52512062644966,25.182910969336177],[-107.52504542149318,25.182845051591116],[-107.52497021655796,25.182779133748095],[-107.52489501164402,25.18271330329252],[-107.52481980675135,25.182647385253638],[-107.52474460187997,25.182581467116805],[-107.52466939702987,25.18251554888202],[-107.52426014940096,25.182486659881363],[-107.52351207561541,25.18249940289533],[-107.52310282976872,25.182470597284734],[-107.52302762538322,25.182404677551023],[-107.52295242101899,25.182338757719375],[-107.52287721667605,25.182272837789778],[-107.52276337196692,25.18224337304663],[-107.52261567184601,25.182245932299207],[-107.5225067024329,25.182211937679657],[-107.52242653275239,25.182146096049774],[-107.52235132855832,25.182080175564415],[-107.52227612438554,25.18201425498112],[-107.52220092023404,25.181948334299875],[-107.52212562582278,25.181877962682254],[-107.52208427710241,25.181780105263332],[-107.52208147839013,25.181645716130365],[-107.52211876446262,25.181542060923654],[-107.52219116987743,25.181473680217273],[-107.52226357531195,25.181405212005437],[-107.52233607104735,25.18133673279925],[-107.52240838624023,25.18126390119488],[-107.52248575719874,25.181195354189562],[-107.52255816271355,25.18112688590114],[-107.52263065852935,25.18105849410484],[-107.52270306408367,25.180990025778744],[-107.52277555993899,25.180921546458137],[-107.5228479655328,25.18085316558095],[-107.52292037114634,25.180784697198376],[-107.52299286706098,25.180716305307755],[-107.52306518243262,25.180643386049642],[-107.52313758810536,25.180574917610997],[-107.52321495927622,25.180506457885848],[-107.52324737031013,25.180407332196456],[-107.52324457158561,25.18026848133156],[-107.52328185782132,25.180169287832474],[-107.52335435383458,25.180100808383802],[-107.52342666930461,25.180027889052628],[-107.52349907507586,25.179959508029125],[-107.52353356261972,25.179721463576403],[-107.52352525671868,25.179318372418695],[-107.52348101877196,25.179081762119015],[-107.5234058142794,25.17901584108732],[-107.52333060980813,25.178949919957688],[-107.52325540535816,25.178883998730132],[-107.52320972295355,25.178580110835007],[-107.5231986183386,25.178038253462873],[-107.52315790142109,25.177734285888704],[-107.52307773154406,25.177668442619144],[-107.52300252716566,25.177602520552384],[-107.52292723252721,25.17753214750627],[-107.52288940465336,25.17736702034021],[-107.52288371693054,25.1770938759714],[-107.5228408333101,25.176924288783514],[-107.52276562899874,25.176858366150192],[-107.52269042470867,25.17679253090658],[-107.52261522043989,25.176726608077463],[-107.52257098264467,25.176489906908817],[-107.52256267677373,25.176086810319877],[-107.52252331417155,25.175850040873787],[-107.52244810995008,25.17578411744419],[-107.52237281546874,25.175713743001296],[-107.52229273610975,25.17564788702438],[-107.52225626254274,25.175549959322343],[-107.52225346382865,25.1754156552858],[-107.52221202480729,25.175313256688227],[-107.52213682067394,25.175247332726393],[-107.52206161656188,25.175181408666653],[-107.52198641247112,25.175115571997303],[-107.52194488321042,25.175013184038473],[-107.52194217478062,25.174878868646026],[-107.52190552069978,25.17477641292781],[-107.5218303166532,25.174710488437963],[-107.52175511262791,25.174644563850205],[-107.52167999890484,25.17457862819162],[-107.52163567098447,25.17434202245018],[-107.5216272748619,25.1739344708201],[-107.5215830372312,25.173697765999727],[-107.52150783327593,25.173631840707266],[-107.52143262934196,25.173565915316903],[-107.52135742542929,25.17349998982864],[-107.52128222153789,25.17343406424247],[-107.5212070176678,25.173368138558406],[-107.52113181381903,25.173302300265483],[-107.52105651971083,25.173231835924817],[-107.52098131590465,25.173165909944824],[-107.52090123696519,25.173100138903255],[-107.520826033203,25.173034212723238],[-107.52075082946209,25.172968286445325],[-107.52067562574248,25.172902360069514],[-107.52060042204418,25.172836433595798],[-107.52052521836717,25.17277050702419],[-107.52045001471146,25.17270458035468],[-107.5203747207966,25.172634202595408],[-107.52029951718352,25.172568275727883],[-107.52021943844966,25.172502416270998],[-107.52014423488056,25.172436489203427],[-107.52006903133275,25.17237056203795],[-107.51999382780626,25.172304722264276],[-107.51987989405279,25.172270798221305],[-107.51973228581573,25.1722733373679],[-107.51962331758575,25.17224379655708],[-107.51954323905586,25.172177936315666],[-107.5194680356783,25.17211200849685],[-107.51939274204193,25.17204162956284],[-107.51928377395132,25.172012175778235],[-107.51913129092365,25.17201469401881],[-107.51902223266036,25.171980788929115],[-107.51894702943041,25.17191486055691],[-107.51886695110453,25.17184899952869],[-107.51879174791858,25.171783070956447],[-107.51871654475393,25.171717142286308],[-107.5186413416106,25.17165121351828],[-107.51856613848857,25.171585284652366],[-107.51849093538785,25.171519443178962],[-107.51841573230845,25.17145351411731],[-107.51834043897058,25.171383046422413],[-107.51826523593381,25.171317204653246],[-107.51819003291835,25.171251275295724],[-107.51807619021882,25.17122179979202],[-107.51792858298485,25.171224336151415],[-107.5178146501179,25.171190409299417],[-107.51773944723014,25.17112447948432],[-107.5176642443637,25.17105863706213],[-107.51758904151856,25.170992707051315],[-107.51740135047707,25.17096004198605],[-107.51710117147792,25.170965103420063],[-107.51691844614217,25.170936908730475],[-107.51684324350843,25.170870978004693],[-107.51676298525898,25.17080067440604],[-107.51668778266931,25.170734743477944],[-107.51642633421615,25.17070780034911],[-107.51598342523543,25.17071532547347],[-107.51572324138084,25.170751133585757],[-107.5156508377304,25.170819598713003],[-107.51561355256652,25.170923256167534],[-107.5156163512106,25.17105756559434],[-107.5155840313872,25.1711611447511],[-107.51551153749597,25.171229620832733],[-107.51543416857041,25.17129816418886],[-107.51536176499889,25.17136654177227],[-107.51528936144716,25.171435006828382],[-107.51521695791517,25.171507933932475],[-107.51514455440297,25.171576311459898],[-107.51507206063188,25.17164478742734],[-107.51499965715925,25.171713164917158],[-107.51492725370636,25.171781629879717],[-107.51485475999469,25.171850105790707],[-107.51477739126075,25.171918561469752],[-107.51470498786857,25.17198702637427],[-107.51463249421765,25.172055414735553],[-107.51444624972343,25.172094488198642],[-107.51415094909942,25.17209947635767],[-107.51396461466518,25.172134010569145],[-107.51389230177323,25.172206926331135],[-107.51381980834454,25.172275314435606],[-107.51374740521388,25.17234377904642],[-107.51363482831557,25.172377052497925],[-107.51348722355344,25.172379584100195],[-107.51337473704373,25.172417308474213],[-107.51330233403465,25.17248577294656],[-107.51322993104533,25.172554149908205],[-107.51315743779779,25.172622625309224],[-107.51308503484806,25.172691002233243],[-107.51301254164017,25.17275947759659],[-107.51294022900794,25.172832393097735],[-107.51286773583963,25.17290078093187],[-107.51279533296905,25.17296924527299],[-107.51271796483618,25.1730377002858],[-107.51264556200651,25.173106164587658],[-107.51257306891881,25.173174639836745],[-107.51250066612873,25.173243016609007],[-107.51242817308068,25.17331149182041],[-107.51235577033019,25.173379868555042],[-107.51228345787717,25.17345278388929],[-107.51221096488854,25.173521259044584],[-107.5121385621974,25.173589635723175],[-107.51206119425628,25.17365817804227],[-107.51198870132845,25.17372665313939],[-107.51158100797177,25.17376934958319],[-107.5108378449021,25.173782009784865],[-107.5104300630395,25.173820251442507],[-107.51035757055803,25.17388872600134],[-107.51032308472698,25.17412669453674],[-107.51033148049171,25.174534264532163],[-107.5103757162458,25.174770983072495],[-107.5104509170447,25.174836917615984],[-107.51052611786493,25.174902764569357],[-107.51060131870653,25.17496869891711],[-107.51067651956947,25.175034633166987],[-107.51075172045377,25.175100567318974],[-107.51083179632883,25.175166434193173],[-107.51090699725721,25.175232368145128],[-107.51094355954102,25.175334754846045],[-107.51094626785854,25.175469163507223],[-107.51098779539733,25.175571471917884],[-107.51106299636999,25.17563740553778],[-107.51113819736402,25.175703339059794],[-107.51121339837937,25.175769184992124],[-107.51125483568266,25.175871591525905],[-107.51125763428072,25.1760059013469],[-107.51129419661295,25.17610837495635],[-107.51136939767258,25.17617422055678],[-107.51144459875358,25.17624015355098],[-107.51152467483809,25.17630601921825],[-107.51156268164652,25.176475598008032],[-107.51156818857172,25.176744315237702],[-107.51161098009267,25.176913837429005],[-107.51168618124224,25.176979769854906],[-107.51176138241316,25.177045702182905],[-107.5118365836054,25.177111634413002],[-107.51183811832382,25.177183278273038],[-107.51176562545704,25.177251666094605],[-107.51169322288759,25.177320130421794],[-107.51162073006043,25.177388518205607],[-107.5115848899029,25.17755936777568],[-107.51159039682857,25.177828084117554],[-107.51155943165793,25.177998866280667],[-107.51148206388594,25.178067408826774],[-107.51137454348418,25.178105055247666],[-107.5112268497037,25.17810759828973],[-107.5111142738762,25.178140871659927],[-107.51104187148476,25.178209248349024],[-107.5109694691131,25.178277712510514],[-107.510896976484,25.17834610012841],[-107.51033662628313,25.178391507560278],[-107.50929826176603,25.178409145716152],[-107.50873791494796,25.178454458614414],[-107.50866551320622,25.178522834526238],[-107.50859302120782,25.178591308876086],[-107.50852061950569,25.17865977224216],[-107.50844812754694,25.178728159062292],[-107.50837572588443,25.178796622390664],[-107.50830323396539,25.17886500917302],[-107.50823083234252,25.178933472463697],[-107.50811834806497,25.178971194822267],[-107.50797065610057,25.178973734384588],[-107.50785817193356,25.17900699445375],[-107.50778577043242,25.1790799197032],[-107.50778712457503,25.17914703665793],[-107.50786232463872,25.179212971375417],[-107.50793752472377,25.179278905995],[-107.5080127248302,25.17934484051668],[-107.50808792495798,25.179410774940468],[-107.5081680903038,25.17947663114852],[-107.50824329047572,25.179542565372167],[-107.508318490669,25.17960841200612],[-107.50835505259542,25.179710886098206],[-107.50835776088647,25.179845206926334],[-107.50839928801932,25.17994760275114],[-107.50847448825691,25.18001344905312],[-107.50854968851587,25.18007938274886],[-107.5086248887962,25.180145316346714],[-107.50866632569448,25.18024772280214],[-107.50866912426518,25.180382032282235],[-107.50870568624002,25.180484418299113],[-107.50878088656467,25.180550351564804],[-107.50886096184378,25.180616217530506],[-107.5089361622125,25.180682150596123],[-107.5090113626026,25.18074808356384],[-107.50908656301405,25.180814016433644],[-107.50916176344687,25.18087994920554],[-107.50923705417772,25.180950332961675],[-107.5092784911718,25.18104818905948],[-107.50928119947228,25.18118250885455],[-107.50931776153166,25.181284981584295],[-107.50939296203013,25.181350913926096],[-107.50946816254995,25.181416846170006],[-107.50954832831371,25.181482612612648],[-107.50958489040995,25.18158508502411],[-107.5095875987136,25.181719404439207],[-107.50962912603934,25.18182171100662],[-107.50970432662623,25.18188764281613],[-107.50977952723449,25.18195357452772],[-107.5098547278641,25.182019506141405],[-107.50989129000266,25.18212197810349],[-107.50989399830941,25.182256297138583],[-107.50993552568322,25.18235860323411],[-107.51001072635712,25.182424534515594],[-107.51008592705237,25.18249046569915],[-107.51016112776898,25.18255639678479],[-107.51020536349462,25.182793108688312],[-107.51021366897862,25.183200679363075],[-107.5101791831663,25.18343864283081],[-107.51010678103047,25.18350710712931],[-107.51003428863748,25.183575494886263],[-107.50996188654126,25.183643959147005],[-107.50992460217773,25.18374761512692],[-107.50992731048484,25.18388202098569],[-107.50989490107834,25.183981060137157],[-107.50982258929709,25.184053975414592],[-107.5097500969819,25.184122450610424],[-107.50967769496337,25.184190827329715],[-107.50964032036305,25.184290032219398],[-107.50964311894406,25.184428889044515],[-107.50961070957234,25.184528015630015],[-107.50953334236954,25.18459647060646],[-107.50946094041026,25.18466939677785],[-107.50938853847082,25.184737860934312],[-107.50935612913025,25.18483698749877],[-107.50935892770825,25.184975756767212],[-107.50932155315293,25.185074961568024],[-107.50924915125155,25.185143425710514],[-107.50917665909336,25.185211813311483],[-107.50910434750826,25.18528472844343],[-107.50903185538968,25.185353203497048],[-107.50895945356756,25.185421580074294],[-107.50888208655505,25.185490122384063],[-107.50880959449734,25.185558597379277],[-107.50873719273599,25.18562697389818],[-107.50866470071796,25.18569544885555],[-107.50859229899622,25.18576382533667],[-107.50851980701786,25.185832300256212],[-107.50844749561216,25.185905215220494],[-107.50837500367345,25.18597360261243],[-107.5083025117546,25.186042077475587],[-107.50822514493409,25.186110532108724],[-107.50815274333256,25.186178995965356],[-107.50808025147457,25.186247383279905],[-107.50800784991269,25.18631584709875],[-107.50793535809437,25.186384234375435],[-107.50786295657213,25.18645269815649],[-107.50779055506968,25.18652562391993],[-107.50771815358702,25.186594000173365],[-107.50764566184806,25.186662474864953],[-107.50756829521954,25.186731016801787],[-107.5074958035216,25.186799403963597],[-107.5074234021196,25.18686786763001],[-107.50735091046135,25.18693625475396],[-107.50727850909898,25.18700471838257],[-107.50720601748043,25.187073105468638],[-107.50713370643363,25.18714602009742],[-107.50706121485476,25.18721449463632],[-107.50698872329573,25.187282881665965],[-107.50691135685925,25.187351423416228],[-107.50683895561713,25.18741979943986],[-107.50676646411898,25.187488273901348],[-107.5066940629165,25.187556649887146],[-107.50662157145806,25.187625124310767],[-107.50654917029522,25.18769350025875],[-107.50647676915219,25.18776642568604],[-107.50640427775328,25.187834900053247],[-107.5063318766499,25.187903275944873],[-107.5062193029038,25.18793654867865],[-107.50607161199923,25.18793909097589],[-107.50595912863945,25.18797681455955],[-107.50588672765787,25.1880452778027],[-107.50581423642063,25.188113664502442],[-107.50574183547872,25.188182127707776],[-107.50566934428117,25.18825051436963],[-107.50559197823047,25.188319055717166],[-107.505519487074,25.18838752982996],[-107.50544717648812,25.188460356518302],[-107.50537468537131,25.188528830593604],[-107.5053022845497,25.188597206193673],[-107.5052297934726,25.188665680231097],[-107.50515739269065,25.188734055793326],[-107.50504490971957,25.188771866403833],[-107.50489721947066,25.188774320249472],[-107.5047846463351,25.188807592118902],[-107.504712245675,25.188876055032814],[-107.50463975475961,25.188944441402555],[-107.50456726386408,25.189012915244],[-107.50401189218309,25.18905815035379],[-107.50296840683639,25.18907578908008],[-107.50241294823941,25.18912102817287],[-107.5023404579544,25.189189501274743],[-107.50226805796358,25.189257875902445],[-107.50219069290802,25.18932641606228],[-107.50200915142547,25.18936088789067],[-107.5017089898743,25.189365932270128],[-107.5015226641987,25.18940492163797],[-107.50145017415788,25.189473394461526],[-107.5014178560639,25.18957697226714],[-107.5014205642839,25.18971129291291],[-107.50138328112415,25.189814948716485],[-107.50131088139553,25.18988341056292],[-107.5012383914128,25.189951795862186],[-107.50116599172388,25.19002025767076],[-107.50109350178091,25.1900886429321],[-107.5010210118578,25.190157115666036],[-107.50068708904423,25.19019854310291],[-107.50009146351076,25.19020866887984],[-107.49975745159861,25.190245642814315],[-107.49968496204211,25.19031411510858],[-107.49965183170347,25.190619285638537],[-107.4996629353315,25.19116117422402],[-107.49963467975867,25.191466277100247],[-107.49956219023586,25.191534749452273],[-107.4994849162459,25.19160773993065],[-107.49941242676418,25.191676124751716],[-107.49938137274572,25.191842455509807],[-107.49938696969063,25.192115624778705],[-107.49935104091726,25.19228648449596],[-107.49927864174556,25.192354858364308],[-107.49920615232045,25.192423330667996],[-107.49913366291524,25.192491802952688],[-107.49906126380311,25.192560176764175],[-107.49898877443768,25.192628649010906],[-107.49891628509214,25.19269703374701],[-107.49883892101802,25.19276557298064],[-107.49876643171359,25.192833957677088],[-107.49869412297522,25.192906869996822],[-107.49862163371054,25.192975254655696],[-107.49854914446577,25.193043726787252],[-107.4984767455139,25.19311210044576],[-107.4984042563089,25.193180572539358],[-107.49833176712379,25.193248957122243],[-107.49825936823152,25.19331741821558],[-107.49822343961155,25.193488277910667],[-107.498228946259,25.193756996004893],[-107.49827173562193,25.19392652051994],[-107.49834693297906,25.193992456498954],[-107.4984221303576,25.194058392380022],[-107.49849750830356,25.194128768300832],[-107.49853533269412,25.194293908243946],[-107.4985408393481,25.194567087411578],[-107.49850987570512,25.194737868547826],[-107.49843747676401,25.19480624233045],[-107.49836498756979,25.194874714548227],[-107.49829249839547,25.194943099255713],[-107.49821513450411,25.195011638477055],[-107.49814264537092,25.195080023144858],[-107.49807024653049,25.19514848432226],[-107.49799775743709,25.195216868952066],[-107.49792526836359,25.195285341054177],[-107.49785295985554,25.1953582532703],[-107.49778047082178,25.195426637843475],[-107.49770798180793,25.195495109888995],[-107.49763549281398,25.19556349442414],[-107.49755812911513,25.195632033458264],[-107.49748564016232,25.19570041795372],[-107.49741324150206,25.195768878959097],[-107.49741459559154,25.195836082879435],[-107.49748979270454,25.19590193120174],[-107.49756508011164,25.195972405501358],[-107.49764524226656,25.19603826311664],[-107.49768171244419,25.196136198903012],[-107.4976844206259,25.19627051894614],[-107.49772594608224,25.19637282768172],[-107.49780114328392,25.19643876296271],[-107.49787634050703,25.196504698145745],[-107.49795153775155,25.196570633230817],[-107.49799856989257,25.196946206949104],[-107.49801238163614,25.197622408249725],[-107.49798060559971,25.197994778086258],[-107.49790811653092,25.198063250407525],[-107.49783562748202,25.19813163521913],[-107.49776322872577,25.19820009653889],[-107.49772730017332,25.19837095466786],[-107.49773280681043,25.198639669385788],[-107.49777559609295,25.198809191191916],[-107.49785088358156,25.198875114291518],[-107.49792608081883,25.198941048256806],[-107.49800127807752,25.199006982124132],[-107.49804271331085,25.19910930033701],[-107.4980455117691,25.19924360802955],[-107.49800822908571,25.19934735013163],[-107.49793574000934,25.19941573508133],[-107.49786325095285,25.19948420750228],[-107.49779085218904,25.199552581449996],[-107.49775492363281,25.19972343908499],[-107.49776052054325,25.199996603723598],[-107.49772937644632,25.200162943058764],[-107.49765201271995,25.200231395096065],[-107.49757952374136,25.200299867486752],[-107.49750721532801,25.200372779929666],[-107.49750856941797,25.200439895411353],[-107.49758376655775,25.200505828923802],[-107.49777144354624,25.20053404122149],[-107.4980716908962,25.20052898285495],[-107.49825458376675,25.20056171248457],[-107.498329781119,25.200627645281617],[-107.49840994350608,25.20069349986095],[-107.49848514090256,25.200759432457712],[-107.49856033832046,25.200825364956504],[-107.49863553575976,25.20089129735732],[-107.49871082349355,25.200961680665962],[-107.49878602097571,25.201027612868597],[-107.49886130875241,25.201093534008105],[-107.49893650627742,25.20115946601471],[-107.49897794165749,25.201261870040533],[-107.49898074012566,25.20139617636256],[-107.49894336703707,25.20149537955686],[-107.49887096797713,25.201568303482052],[-107.49879847866391,25.201636688904305],[-107.4987259893706,25.201705161796927],[-107.49865359037022,25.201773536215857],[-107.49858110111668,25.201842009070422],[-107.49850861188303,25.20191039441649],[-107.49843621294228,25.201978856267832],[-107.4983989302037,25.20208251041376],[-107.49840163839278,25.202216827685202],[-107.49836435565909,25.202320569286115],[-107.49829186648493,25.202388954597378],[-107.49821946760359,25.20245741641385],[-107.49814697846922,25.20252580168703],[-107.4981145705065,25.202629388593547],[-107.49811736896552,25.202763782323625],[-107.49808008627197,25.202867436374476],[-107.49800759717587,25.202935821633513],[-107.49789502697516,25.202969092722622],[-107.49774734072207,25.2029716333347],[-107.49763486090504,25.203009355223397],[-107.49756237193115,25.20307774034287],[-107.49748997324984,25.20314620196792],[-107.49741748431576,25.2032145870493],[-107.49730500463926,25.20325239624561],[-107.49715731871623,25.203254848808168],[-107.49704474887807,25.203288119317694],[-107.49697226006623,25.203356591749078],[-107.49689986154677,25.203429427677285],[-107.49682746304715,25.203497889106483],[-107.49675497429497,25.203566273991505],[-107.49668248556272,25.20363474634708],[-107.49660999685037,25.203703131193965],[-107.49653759843025,25.203771592547074],[-107.4964651097577,25.20383997735585],[-107.49639262110504,25.203908449635218],[-107.49631525777043,25.20397690153781],[-107.49624285943118,25.204049824786406],[-107.49617037083956,25.204118297007327],[-107.49609788226786,25.2041866817195],[-107.49602548398823,25.204255142938155],[-107.49595299545632,25.20432352761222],[-107.49588050694432,25.204391999756908],[-107.49580801845225,25.20446038439283],[-107.49573562025213,25.20452884553537],[-107.4956581668381,25.204597308214176],[-107.49558567840708,25.20466578028095],[-107.49551337053995,25.204738604887915],[-107.49544088214873,25.204807076916975],[-107.4953683937774,25.20487546143721],[-107.49525582470227,25.204908731047805],[-107.49510813992592,25.204911269533433],[-107.49499566123362,25.204948989965118],[-107.49492317298461,25.205017374345733],[-107.49485068475552,25.20508584619714],[-107.49477828681808,25.205154219576055],[-107.4947057986288,25.205222691389345],[-107.49463331045943,25.205291075693676],[-107.49456091258165,25.205363998490487],[-107.4944884244521,25.20543247024695],[-107.49441602661406,25.20550084353104],[-107.4943385735874,25.20556939329467],[-107.49426608551893,25.20563777750234],[-107.49419368774193,25.205706238217548],[-107.49412119971328,25.205774622387068],[-107.49404871170456,25.20584309402747],[-107.49397622371575,25.20591147815882],[-107.4939038260183,25.205984400786246],[-107.49383142834073,25.206052773916667],[-107.49375894041162,25.206121245481157],[-107.49372156806244,25.20622044836817],[-107.49372436647488,25.206359217532185],[-107.4936869941306,25.206458420387236],[-107.49361450624119,25.206526891935326],[-107.49354219891434,25.20659980352471],[-107.49346971106472,25.206668187545123],[-107.49339722323505,25.206736659036395],[-107.49332473542529,25.206805043018626],[-107.49325224763545,25.20687351447173],[-107.49317985013673,25.2069418874528],[-107.49310736238671,25.207010271377793],[-107.49302990974435,25.20707882079385],[-107.49295751230666,25.207147281206073],[-107.49288511488884,25.20722011609913],[-107.49285261730127,25.207319251835376],[-107.49285541570448,25.207453646531533],[-107.4928181337544,25.2075573003142],[-107.49274564610381,25.207625684165947],[-107.49263316841895,25.207663403610066],[-107.49248548511103,25.207665940447583],[-107.49237779189525,25.20769914162699],[-107.49230042973804,25.20776759238138],[-107.49222803250063,25.207840514594906],[-107.49215554501228,25.207908898269146],[-107.49182145287335,25.207945970651142],[-107.49122575707845,25.207956016588124],[-107.49089040233231,25.207930246890804],[-107.49081520710055,25.207864311066256],[-107.4907399216199,25.207793924085962],[-107.49066463616076,25.207727999024637],[-107.49047696422852,25.207699780655105],[-107.49018160011137,25.207704761443395],[-107.48999519230442,25.2077392947144],[-107.4899227054301,25.207807677622625],[-107.48985030884576,25.207880599075203],[-107.4897778220113,25.207948981945606],[-107.48959141448998,25.207983514795053],[-107.48929117679343,25.207988560666237],[-107.48910973445474,25.208027477017325],[-107.48903724782404,25.208095859648147],[-107.48895988664738,25.208164396664344],[-107.48888740005789,25.20823277925531],[-107.48881491348834,25.20830124931825],[-107.48874242693876,25.208369631870983],[-107.48866994040911,25.208438101895723],[-107.48859745389939,25.208506484410243],[-107.48852505767923,25.208579405483814],[-107.48845266147897,25.20864786449147],[-107.48841808823822,25.208885838472995],[-107.48842630276759,25.209288962141116],[-107.4883966040857,25.209526868864085],[-107.48831924309717,25.209595405778362],[-107.48824675668396,25.20966378826673],[-107.48817427029071,25.209732170735975],[-107.48810187418685,25.20980509175535],[-107.48802938783348,25.209873561677707],[-107.48791682189211,25.20990682704133],[-107.48776914122726,25.20990927189867],[-107.48766163047749,25.20994691029424],[-107.48758417943559,25.210015457931004],[-107.48755457111788,25.21025335383788],[-107.48756278562033,25.210656477256958],[-107.48760205275093,25.2108931843914],[-107.48768221187707,25.210959043709153],[-107.48775749648398,25.211029519357552],[-107.48783269084306,25.211095456346776],[-107.48783404488334,25.211162572291112],[-107.48776155860368,25.211231042231116],[-107.48768907234395,25.211299424661277],[-107.48761171156325,25.211367961481713],[-107.48753922534478,25.211436343871977],[-107.48746673914626,25.211504813733843],[-107.48728042352953,25.211543796574556],[-107.48698506299638,25.2115487738907],[-107.48679856718246,25.21158322847457],[-107.48672617145681,25.2116561491752],[-107.48669376489778,25.211755273915305],[-107.48669647296661,25.211889593631117],[-107.48665919188794,25.211993247262992],[-107.48658670593167,25.212061716870796],[-107.48603119155699,25.212106852831013],[-107.48498750652436,25.21212446117928],[-107.48443181498833,25.212165149995666],[-107.48435932964544,25.21223353137],[-107.48428206011135,25.21230651813202],[-107.48420957480971,25.212374986958412],[-107.48413708952805,25.21244336827406],[-107.48406460426634,25.21251183706219],[-107.4840349963445,25.2127497338837],[-107.48404312046907,25.21315278346752],[-107.48400863807544,25.213390834234012],[-107.48393615284913,25.21345921556263],[-107.48386366764277,25.213527684363537],[-107.48379127272435,25.213600604250235],[-107.4837187875579,25.213668985521796],[-107.48364630241144,25.21373736677421],[-107.48356885255099,25.213805913258323],[-107.48349636744582,25.213874294470752],[-107.48346405155232,25.213977870315713],[-107.48346675958794,25.21411227837429],[-107.48342947896674,25.214215931942228],[-107.48335699389999,25.21428431314007],[-107.48328450885319,25.21435278181017],[-107.48321202382637,25.2144211629697],[-107.48313953881954,25.2144896316015],[-107.48306705383267,25.214558012722723],[-107.48299456886575,25.214626481316227],[-107.48291720946483,25.21469492919046],[-107.48284472453923,25.21476339774401],[-107.48277232990121,25.21483622989365],[-107.48269984501552,25.21490469840928],[-107.48262736014982,25.214973079414285],[-107.48255487530407,25.215041547891616],[-107.48248239047831,25.215109928858308],[-107.48240990567253,25.21517839729733],[-107.48233742088672,25.215246778225687],[-107.48225997141162,25.21531532436066],[-107.48218748666714,25.215383705249007],[-107.4820061394923,25.21542260531658],[-107.4817058201801,25.21542765184324],[-107.48151941837493,25.21546663994584],[-107.48144693383456,25.215535020594725],[-107.48137444931417,25.21560348871618],[-107.48130196481375,25.215671869326734],[-107.48111556329488,25.215706394929267],[-107.48082011941484,25.21571128535401],[-107.48063380850446,25.21575026143022],[-107.48056132420824,25.21581872929284],[-107.480488839932,25.215887109644346],[-107.48041635567574,25.215955577468655],[-107.48030388325789,25.215993289861455],[-107.48015620686581,25.215995728855912],[-107.48004355402593,25.216029000872904],[-107.47997116015911,25.216101919697344],[-107.47993378976685,25.216201122122072],[-107.4799364977661,25.216335443701805],[-107.47990418231007,25.216439019573063],[-107.47983169821502,25.21650739975075],[-107.47975921413997,25.216575867401296],[-107.47968673008491,25.21664424754064],[-107.47965215799596,25.21688231004876],[-107.47966037225166,25.217289812875777],[-107.47962580016618,25.217527875037348],[-107.4795533161479,25.21759625520714],[-107.47944562822242,25.217629449613316],[-107.47929795231254,25.21763197597269],[-107.47918548037327,25.21766968802323],[-107.47911299647645,25.21773806805471],[-107.47907562620618,25.21784173239125],[-107.47907842446294,25.217976130308948],[-107.47904601884608,25.218079716956215],[-107.47897353498772,25.218148096972932],[-107.47889608650361,25.21821664211348],[-107.47882360268659,25.218285022090146],[-107.47879128736739,25.21838859775908],[-107.47879399535489,25.218523006566368],[-107.47875671539622,25.218626659849896],[-107.47868423161765,25.218695039811806],[-107.47861174785909,25.218763507246383],[-107.4785392641205,25.218831887169905],[-107.47846678040192,25.218900267074243],[-107.47839429670333,25.21896873445127],[-107.47832181302473,25.219037114317217],[-107.47824436473272,25.219105659297067],[-107.4782119592187,25.219209245851392],[-107.47821466720023,25.21934356714893],[-107.47825122495345,25.21944604486108],[-107.47833138123022,25.219511908503602],[-107.47840657289495,25.21957784969602],[-107.47848185484735,25.219643779833852],[-107.47852798085042,25.22022087504354],[-107.4785499155279,25.221300218381206],[-107.478601006183,25.22187732010451],[-107.47867619792487,25.221943259917488],[-107.47875138968828,25.222009199632428],[-107.4788265814732,25.22207513924933],[-107.47890186354593,25.222141067810558],[-107.4789770553739,25.222207007231336],[-107.47905721187207,25.222272868819843],[-107.47913249401086,25.222343259111806],[-107.4791758218703,25.22278157718645],[-107.4791922503522,25.223592194928436],[-107.47916670496595,25.22403169816932],[-107.47909422107429,25.22410007869925],[-107.47901695308728,25.224173064559736],[-107.47894446923692,25.22424153254031],[-107.47887198540657,25.224309913011325],[-107.47879941132994,25.224378304421396],[-107.47861301158571,25.224412831851495],[-107.47831757051863,25.224417813451776],[-107.47813126138223,25.22445670379327],[-107.4780587777762,25.224525171495493],[-107.4780282678708,25.224964753049658],[-107.47804478654696,25.2257798202574],[-107.47801924127225,25.226219322596833],[-107.47794675769713,25.22628770290974],[-107.47787418387605,25.226356181651823],[-107.47780170034095,25.22642456192623],[-107.4777671285,25.22666262011035],[-107.47777543296269,25.227070103092725],[-107.4778196632575,25.22730681822385],[-107.47789485477578,25.227372756101833],[-107.4779700463156,25.227438693881776],[-107.47804523787691,25.227504631563672],[-107.4780817956066,25.22760710579484],[-107.47808459385277,25.227741412812634],[-107.47812593568696,25.227839281563607],[-107.47820121755895,25.227909757418082],[-107.47827649945249,25.2279756837098],[-107.47835169110154,25.22804162086244],[-107.47839447723555,25.228211142841236],[-107.47839998346849,25.22847985444247],[-107.47836405755726,25.228650708636234],[-107.47829157388702,25.228719089258227],[-107.47821909023676,25.228787469860965],[-107.47814651634047,25.228855948893138],[-107.47807403273023,25.228924329457357],[-107.47800154913999,25.22899279749177],[-107.47792906556974,25.229061178017496],[-107.4778565820195,25.22912955852396],[-107.47777922413053,25.229202555317567],[-107.47770674062161,25.229271023273707],[-107.4776342571327,25.229339403721127],[-107.4775617736638,25.22940778414929],[-107.47748929021489,25.229476252047697],[-107.47741680678598,25.22954463243736],[-107.47734432337707,25.22961310029727],[-107.47727183998816,25.229681480648427],[-107.47719935661925,25.22974994846985],[-107.4771219989238,25.229822857587617],[-107.47686663745147,25.22985849678649],[-107.4764185594553,25.229866000254198],[-107.47615832433826,25.22990625436498],[-107.47608584127664,25.22997463433598],[-107.47604838117171,25.230073845964462],[-107.47605126966154,25.230212691595025],[-107.47601877415278,25.23031182542943],[-107.4759462911297,25.230380205384904],[-107.47561221957207,25.230421636013315],[-107.47501637994849,25.230431675083217],[-107.47468230957406,25.230473103333242],[-107.47460982691992,25.230541482846977],[-107.4745373442858,25.23060994983165],[-107.4744648616717,25.230678329306844],[-107.47438606054608,25.230679670838708],[-107.47431087003245,25.230613731470154],[-107.4742355892757,25.230547802960544],[-107.47416039880517,25.23048186339579],[-107.47408511809155,25.230411385188756],[-107.47400992766414,25.230345445425623],[-107.47393464699368,25.230279516521147],[-107.47385945660939,25.230213576561827],[-107.47378562021454,25.230214839892163],[-107.47370817326036,25.230283296747075],[-107.47363569087523,25.230351763405206],[-107.47356320851013,25.230420142553506],[-107.47349081642946,25.230493060236558],[-107.47341833410437,25.23056143934671],[-107.47334576153492,25.230629916884578],[-107.47327327924988,25.23069829595616],[-107.47320079698487,25.230766675008464],[-107.47312831473988,25.230835141532122],[-107.47309103558555,25.230938793350912],[-107.47309374351426,25.231073112676107],[-107.47305646436484,25.23117676445975],[-107.47298389189548,25.231245241922835],[-107.47291140971039,25.23131362091972],[-107.47283892754534,25.231382087387917],[-107.47280652269846,25.23148567244895],[-107.47280923062422,25.231619991706474],[-107.47277195151523,25.231723643427586],[-107.4726994693887,25.2317921098805],[-107.47262698728218,25.231860488823635],[-107.4725545051957,25.231928867747477],[-107.47248193286515,25.231997345098794],[-107.47240457655981,25.23206579067448],[-107.47229698182996,25.232103435247893],[-107.47214921967638,25.232105971975194],[-107.47203666053524,25.232139144488123],[-107.47196408834793,25.232207621679656],[-107.47189160644459,25.232276000405317],[-107.47181921482512,25.232348917670837],[-107.47174176845135,25.232417373984354],[-107.47166928660944,25.232485840141553],[-107.47159680478754,25.232554218788785],[-107.47152432298569,25.23262268490743],[-107.47145184120384,25.232691063516107],[-107.47137926917834,25.232759453061153],[-107.4713067874366,25.23282791912193],[-107.47123430571487,25.232896297672713],[-107.4711618240132,25.23296467620421],[-107.47108446809712,25.23303767089024],[-107.47101198643684,25.233106136872614],[-107.47093950479659,25.233174515344956],[-107.47086702317635,25.233242893797993],[-107.47079445131267,25.233311370677953],[-107.47072196973254,25.233379749092393],[-107.47064948817244,25.233448214978324],[-107.47038925877617,25.233488373160416],[-107.46994119183945,25.233495858834466],[-107.46968087288298,25.233531564542538],[-107.46960839161065,25.233600030086567],[-107.46953591035837,25.233672870166433],[-107.46946342912612,25.233741335672246],[-107.46935078087468,25.23377451751544],[-107.46920311064402,25.23377704063078],[-107.46909416328388,25.233747479394346],[-107.4690140098283,25.23368161438859],[-107.46893873059165,25.23361122063942],[-107.4688634513766,25.233545288847132],[-107.4684542000031,25.233520761473283],[-107.46771070724823,25.233533118502198],[-107.4673026310846,25.23357135134962],[-107.46723015046994,25.233639728596685],[-107.46719413582578,25.233810595882666],[-107.46719964182368,25.23408377714084],[-107.46716859160748,25.23425010472425],[-107.46709611102989,25.234322944058512],[-107.46701875631354,25.234391475302345],[-107.46694618551523,25.234459863470118],[-107.46687370499914,25.23452832815726],[-107.46680122450313,25.23459670533334],[-107.46668866765805,25.234634423928693],[-107.46654099892739,25.234636856787134],[-107.46643196241196,25.234602842133224],[-107.46635668391703,25.234536908612426],[-107.4662765312987,25.23447104148137],[-107.46620134311036,25.234405096807386],[-107.46593967394124,25.234373678579804],[-107.46549648874229,25.234381082833362],[-107.4652349105389,25.23435402662516],[-107.46515963238798,25.234283629816172],[-107.46508444452024,25.234217684068547],[-107.4650091664126,25.234151749174455],[-107.46492901420665,25.234085880608607],[-107.46485382640512,25.234019934562415],[-107.46477863862518,25.23395398841817],[-107.46470345086682,25.233888042175867],[-107.4646281728687,25.233822106786736],[-107.46455298515353,25.23375616034826],[-107.46447770719867,25.233685675137053],[-107.46440242926542,25.233619739451196],[-107.4643272416151,25.233553792716222],[-107.46424708961787,25.233487923221873],[-107.46417190201214,25.233421976286472],[-107.46409671442801,25.23335602925302],[-107.4640214366043,25.23329009307214],[-107.46394624906338,25.233224145842513],[-107.46390481920312,25.23312181806769],[-107.46390211136935,25.23298749460957],[-107.46386555561612,25.23288501283896],[-107.46379036811996,25.232819065276367],[-107.46345486787507,25.2327933596723],[-107.46285905588228,25.23280325677334],[-107.46252491074078,25.232840204679857],[-107.46245243144844,25.23290858024432],[-107.4623798619156,25.23297705423253],[-107.46230738266344,25.233045429758363],[-107.46219482775,25.23308314429385],[-107.46204716155367,25.233085570797076],[-107.4619345164917,25.23311883390442],[-107.4618621276233,25.233191748019017],[-107.46178964851454,25.233260123385506],[-107.46171707916547,25.233328509681677],[-107.46164460009689,25.233396972503353],[-107.46157212104838,25.23346534781189],[-107.46149467770366,25.233533887821537],[-107.46142219869668,25.23360226308977],[-107.46131451821651,25.233639910831656],[-107.461161888207,25.23364241378826],[-107.46105420783397,25.23367559915476],[-107.46098172894901,25.23374397428422],[-107.46090934034422,25.23381688813236],[-107.46083189719567,25.233885427923575],[-107.46075932811225,25.2339538139423],[-107.46068684930897,25.23402218899317],[-107.46061437052579,25.234090651518738],[-107.46054189176267,25.234159026530985],[-107.4604293376087,25.234196740027425],[-107.46028158214891,25.234199175949772],[-107.46016902810695,25.234232427053172],[-107.4600964592074,25.234300900367238],[-107.4600239805878,25.234369275219695],[-107.45995159224803,25.23444218879974],[-107.45987902340883,25.234510574561998],[-107.45980654484949,25.234578949356848],[-107.4597340663102,25.23464741162653],[-107.45966149753136,25.23471579733072],[-107.45958901903228,25.234784172067577],[-107.45951157627465,25.234852711449403],[-107.45943909781711,25.234921086145942],[-107.45936661937968,25.234989548317344],[-107.45929414096233,25.235062385179262],[-107.45922166256506,25.23513084731239],[-107.45918700291519,25.23536883571795],[-107.4591951262702,25.235771898160095],[-107.45916543089582,25.23600980904178],[-107.45909295253423,25.23607827120485],[-107.45902047419273,25.236146645854593],[-107.4589479056119,25.236215118926953],[-107.45891062847559,25.23631877113967],[-107.45891333625771,25.23645309594236],[-107.45887596886693,25.236556759067753],[-107.45880349058557,25.236625133680967],[-107.45873101232431,25.23669359576883],[-107.4586584438238,25.23676198129129],[-107.45858596560274,25.236830355846475],[-107.45851357766101,25.23690326912175],[-107.45840093412076,25.236936530649693],[-107.45825317980697,25.236938965634323],[-107.45813999482408,25.236940882267973],[-107.45806607260096,25.236942061351293],[-107.45803231569523,25.236978528557245],[-107.45803366958175,25.237045647321793],[-107.45806950244722,25.237112258845627],[-107.45814477855842,25.237178198420086],[-107.45821996443213,25.2372441488441],[-107.45830011458301,25.23731002200347],[-107.45837530050139,25.237375972227046],[-107.45845048644138,25.237441922352563],[-107.45852576266228,25.237507861431983],[-107.45860103890483,25.23757835008989],[-107.45867622490975,25.237644299918905],[-107.45875150119564,25.237710238701585],[-107.45882668724381,25.237776188334408],[-107.45890187331361,25.237842137869173],[-107.45898202367351,25.237908010100007],[-107.45905720978797,25.23797395943433],[-107.45913248618353,25.238039897721944],[-107.45920767234125,25.23810584686007],[-107.4592829487801,25.2381762471147],[-107.45935822524065,25.23824218510561],[-107.45943341146327,25.238308133947257],[-107.4595085977075,25.238374082690843],[-107.45958378397334,25.238440031336363],[-107.45966393454226,25.23850590263868],[-107.45973921111245,25.238571840134504],[-107.4598143974446,25.23863778848144],[-107.45988958379836,25.23870373673031],[-107.45996495069328,25.23877421261899],[-107.4600401370903,25.238840160669387],[-107.46011532350897,25.238906108621723],[-107.46019050994923,25.23897205647599],[-107.46026578667096,25.23903799328243],[-107.46034593744886,25.239103863656048],[-107.46042112395541,25.23916981121172],[-107.46049631048356,25.239235758669324],[-107.46057158729333,25.239301695078794],[-107.46064686412473,25.239372093514266],[-107.46072205071778,25.239438040675356],[-107.46079732759247,25.239503976788097],[-107.46087251422875,25.23957001124549],[-107.46094770088665,25.239635958112263],[-107.46102785187347,25.23970182755724],[-107.46110303857601,25.23976777422354],[-107.46117831556033,25.239833709841115],[-107.4612535023061,25.239899656311206],[-107.46132877933373,25.23997005383705],[-107.46140405638299,25.240035989157878],[-107.46147924319364,25.24010193533144],[-107.46155443002588,25.24016788140694],[-107.46162970714008,25.240233816433257],[-107.46170985833584,25.240299684949512],[-107.46178504523434,25.240365630726384],[-107.46186023215446,25.24043157640517],[-107.46193550935662,25.24049751103449],[-107.46201078658044,25.240567995142513],[-107.46208597356542,25.240633940524734],[-107.46216125083251,25.240699874857242],[-107.46223643786071,25.240765820043233],[-107.46231162491053,25.240831765131155],[-107.46238690224253,25.240897699169142],[-107.46246696340955,25.240963577606124],[-107.46254224078625,25.241029511443465],[-107.4626174279239,25.241095456134662],[-107.46269261508316,25.241161400727783],[-107.4627679827855,25.24123187287314],[-107.46284316998799,25.241297817267746],[-107.46291835721209,25.241363761564283],[-107.4629936347186,25.241429694810275],[-107.46306882198593,25.241495638910568],[-107.46314897362242,25.24156150546685],[-107.46322416093436,25.241627449366646],[-107.46329943852881,25.24169338221561],[-107.46337462588397,25.24175932591917],[-107.46344990352169,25.24182980810655],[-107.46352518118107,25.241895740658688],[-107.46360036860105,25.241961684065643],[-107.46367555604265,25.242027627374515],[-107.46375083376691,25.2420935596321],[-107.4638309856122,25.2421594252595],[-107.46390617312002,25.24222536826971],[-107.46398136064944,25.242291311181823],[-107.46405663846163,25.24235724304236],[-107.46413191629544,25.24242763682883],[-107.46420710388968,25.24249357944438],[-107.46428238176676,25.242559598498698],[-107.46435756940421,25.242625540917953],[-107.46443275706325,25.24269148323912],[-107.4645129091173,25.242757347937683],[-107.46458818708231,25.242823279104304],[-107.46466337480757,25.24288922112679],[-107.46473856255442,25.24295516305118],[-107.46481393084572,25.243025544973595],[-107.4648891186358,25.243091486699505],[-107.46496439670894,25.243157504863117],[-107.46503958454223,25.24322344639272],[-107.46511477239709,25.24328938782422],[-107.46519492465987,25.24335525159383],[-107.46527011255932,25.243421192824815],[-107.46530666850865,25.24352358146319],[-107.46530937635694,25.243657987379102],[-107.46535089670105,25.243760298307386],[-107.46542608464529,25.243826239205056],[-107.46553999487323,25.24385572149357],[-107.46568775330134,25.243853273724127],[-107.465796789507,25.243887284340268],[-107.46587694197852,25.24395314718089],[-107.4659148519398,25.24412273785267],[-107.46592026764901,25.244391460994517],[-107.46596314201749,25.2445609737231],[-107.46603833013747,25.24462691369434],[-107.46611351827903,25.24469285356747],[-107.46618879670409,25.244758782386736],[-107.46619024089469,25.244830435863733],[-107.46611767032589,25.24489891205514],[-107.46604519003904,25.244967289782032],[-107.46597270977225,25.245035667489553],[-107.46593525111172,25.24513487760748],[-107.46593804922834,25.24527373352861],[-107.46590564523441,25.245372855026815],[-107.46582820060777,25.245441310347715],[-107.46575572040103,25.245514237463144],[-107.46568324021435,25.24558261511455],[-107.4656107600477,25.245651080235923],[-107.46553818963943,25.245719468804207],[-107.46535170905567,25.245753914041728],[-107.46505628292348,25.24575888725072],[-107.46486989294432,25.245797782839873],[-107.46479732274135,25.245866258656406],[-107.46472484281989,25.245934636008833],[-107.46465236291849,25.24600310083146],[-107.4645797927758,25.246071489100196],[-107.46450252906388,25.246144471531146],[-107.46442995896271,25.24621285975977],[-107.46435747914293,25.246281237013996],[-107.46428499934322,25.246349701738446],[-107.46421242930235,25.24641808990881],[-107.46413994954277,25.246486467104884],[-107.46406746980328,25.246554931771193],[-107.46395491413303,25.246592652057046],[-107.46380715668266,25.24659509924911],[-107.46369451086326,25.246628368319854],[-107.46362203124708,25.246696745355873],[-107.46354964191195,25.24676966088481],[-107.46347707207491,25.246838048836953],[-107.46340459251894,25.246906425815176],[-107.46333202272208,25.246974901218223],[-107.46329609887486,25.247145754087434],[-107.46330151452992,25.247414477599083],[-107.46327046477586,25.247585176218728],[-107.46319302092859,25.247653718237082],[-107.46312054145126,25.247722095181715],[-107.46304806199399,25.24779047210697],[-107.46297549229598,25.247858947456955],[-107.46290301287888,25.247927324343394],[-107.46283062374262,25.248000239718948],[-107.46275805410488,25.24806862752137],[-107.46272204007573,25.248235029178847],[-107.46272754597963,25.24850820343782],[-107.46277032956458,25.248677727607532],[-107.46284560702853,25.248743657441953],[-107.46292079425332,25.248809598132834],[-107.46299607176054,25.24887552777081],[-107.46304020930181,25.2491122538795],[-107.46304833277648,25.249515380821066],[-107.4630137628805,25.249753347704242],[-107.462941193192,25.24982182319435],[-107.46286880404516,25.2498946512134],[-107.46279632465759,25.249963115710006],[-107.46272375502939,25.250031503653013],[-107.462651275682,25.250099880621608],[-107.46257383201792,25.250168422645093],[-107.46250135271205,25.25023679957321],[-107.46247165696239,25.25047478724682],[-107.46247987068006,25.250882276942182],[-107.46251913405922,25.25111906861312],[-107.46259432119022,25.251185008441166],[-107.46267447268141,25.251250870561623],[-107.4627497501178,25.251316799233685],[-107.46278756936557,25.251486486619974],[-107.46279307527082,25.251755196191105],[-107.46283585886651,25.251924718134354],[-107.46291104608851,25.251990657293387],[-107.46298632359292,25.25205658539849],[-107.46306151085814,25.25212252436119],[-107.4631057386713,25.252359236608314],[-107.46311395240886,25.252766810425612],[-107.46315321588314,25.25300359970765],[-107.4632284031963,25.253069538064715],[-107.46330368079197,25.25313546536728],[-107.46338383250037,25.25320132585257],[-107.46342038818634,25.25330379896519],[-107.46342309601512,25.253438114430455],[-107.46339060207146,25.253537245796178],[-107.46331324844957,25.253610239365077],[-107.46324076893895,25.25367861681033],[-107.4631681991875,25.25374700519263],[-107.46314391901397,25.254253708464805],[-107.46316314457871,25.255203154701835],[-107.46320782371346,25.255708658705103],[-107.46328301104232,25.25577459570355],[-107.4633582886537,25.25584052164659],[-107.46343844037881,25.25590638071991],[-107.46347499607242,25.256008852593965],[-107.46347770390176,25.256143166927238],[-107.46351913369443,25.256245571887742],[-107.46359441137372,25.256311497394357],[-107.46366959881358,25.256377433760328],[-107.46374487653613,25.256443359070428],[-107.46379307595258,25.256881592198322],[-107.46380959373218,25.257696714918797],[-107.46385291906064,25.25813501288327],[-107.46392810657476,25.258201035624545],[-107.46400338437162,25.258266959822485],[-107.46407857192897,25.258332894880674],[-107.46413236760148,25.259044365023662],[-107.46415962648673,25.260396828978433],[-107.4641346241316,25.26110963805956],[-107.46406214439357,25.261178016360255],[-107.46398957441447,25.261246405600893],[-107.4639170947166,25.26131487134849],[-107.46384461503878,25.261383249590768],[-107.46377204511997,25.261451638772904],[-107.46365948957673,25.26148936362024],[-107.46351173229309,25.261491818819618],[-107.4633990866008,25.261525092647616],[-107.4633266070664,25.261593470729476],[-107.4632541275521,25.261666398063507],[-107.46318164805784,25.261734776106763],[-107.46310916858366,25.261803241616576],[-107.46303659886871,25.261871630579844],[-107.46299932114984,25.261975278262973],[-107.46300202897426,25.262109677904107],[-107.46296953508286,25.262208720371454],[-107.46289705566741,25.26228164762881],[-107.46281961193061,25.26235019090865],[-107.46274713255669,25.26241856885613],[-107.46267456294211,25.262486957743004],[-107.46260208360835,25.262555423137485],[-107.46252960429464,25.262623801026518],[-107.46245703474038,25.262692189854857],[-107.46242111101327,25.262863037271366],[-107.4624265266502,25.263131748910112],[-107.46239547699994,25.26330252930907],[-107.46232290748287,25.26337091814365],[-107.46225042824649,25.263439383485707],[-107.46217794903019,25.26351222310215],[-107.46210050550617,25.263580766224543],[-107.46202802633138,25.263649144020963],[-107.46195545691623,25.26371753275663],[-107.4618829777816,25.263785997999953],[-107.46181049866706,25.263854375737896],[-107.46173792931222,25.263922764415014],[-107.46166545023785,25.26399122959988],[-107.46159288092323,25.26405961823794],[-107.46155560340999,25.264163265690495],[-107.46155831121949,25.264297665216766],[-107.46152590776765,25.264401245781393],[-107.46144846443661,25.26446970125353],[-107.46137589518216,25.264538089854135],[-107.4613034162081,25.26460655496252],[-107.46123084699389,25.264674943524067],[-107.46115845832016,25.264747859415856],[-107.46108588914616,25.26481624793871],[-107.46101341025242,25.26488462548358],[-107.4609759523015,25.26498383298819],[-107.46097875036511,25.265122683312384],[-107.46094625672495,25.265221812981377],[-107.46087377786989,25.265290190509564],[-107.46079633473187,25.265358645817205],[-107.46072385591835,25.265431572569895],[-107.46069136230983,25.265530702214946],[-107.46069416037041,25.265665003204273],[-107.4606567927252,25.265768661431576],[-107.46058422369036,25.265837137347006],[-107.4605117449356,25.265905514798675],[-107.46043926620092,25.265973892230843],[-107.46036678748632,25.26604681890664],[-107.46029430879182,25.266115196300163],[-107.46022173985753,25.266183672118313],[-107.46014429691256,25.26625212726184],[-107.46007172801988,25.266320515553375],[-107.45999924940713,25.26638898035302],[-107.45992668055469,25.26645736860547],[-107.45985420198214,25.266525745880223],[-107.45978163316997,25.266594221579464],[-107.45970924489727,25.266667049637494],[-107.4591483718525,25.266707758818484],[-107.45810921646002,25.26672507762055],[-107.45755331108877,25.26677025130124],[-107.45748083317409,25.266838627790733],[-107.45740339104086,25.266907081949523],[-107.45733082290889,25.266975556841412],[-107.45722323437218,25.267013113187684],[-107.45707051649177,25.267015728787648],[-107.45696283780347,25.26704883408409],[-107.4568902697938,25.267117221349686],[-107.45681779206296,25.267185685126254],[-107.45674025986756,25.267254150020857],[-107.45663267157394,25.267291793493985],[-107.45648491825969,25.267294243364816],[-107.45637236585216,25.26733196431257],[-107.45629979800646,25.267400351398045],[-107.45622732043937,25.267468814994945],[-107.45615475263395,25.267537202041304],[-107.455741640026,25.267575447994812],[-107.45499800287453,25.267587845043753],[-107.4545885024121,25.267563270572868],[-107.45451331758318,25.26749733163502],[-107.45443804251805,25.26743140355357],[-107.45436285773246,25.267365376931778],[-107.45424886211443,25.26733144421527],[-107.4541011101483,25.267333891195165],[-107.4539871146445,25.267299958178796],[-107.45391183973103,25.2672340295379],[-107.45383665509691,25.26716808984461],[-107.45376138022681,25.26710216100714],[-107.45364747512888,25.26707267842383],[-107.453499723503,25.267075124523547],[-107.45339195602895,25.26710823804273],[-107.45331451510772,25.267176778153008],[-107.45324203836893,25.26724515322825],[-107.45316947139281,25.2673135392376],[-107.45283524837889,25.267354975017703],[-107.45223928007486,25.267364919978423],[-107.45190514850871,25.26740625493431],[-107.4518325819042,25.26747472798748],[-107.4517601055768,25.26754310258004],[-107.4516875390126,25.267611488105747],[-107.45157489841559,25.267644754396873],[-107.45142714796262,25.267647198284866],[-107.45131459773478,25.267684915335433],[-107.45124203129446,25.26775330071971],[-107.45124338514576,25.267820502539312],[-107.45131856903309,25.267886444199203],[-107.4513988073233,25.26795229734666],[-107.45147408151225,25.268022777245292],[-107.45151325298126,25.268255029503035],[-107.45152146635454,25.26866260260678],[-107.45156560195824,25.268899326161403],[-107.45164087619527,25.26896525606124],[-107.45171606019711,25.26903119681588],[-107.45179133447753,25.269097214007065],[-107.45184097580145,25.269607105531],[-107.45185992976398,25.27055203405566],[-107.45183077676505,25.271058800012494],[-107.45175830043812,25.2711317242212],[-107.45168573387444,25.271200110019358],[-107.45161325758781,25.271268484844125],[-107.45158130665338,25.27164085932794],[-107.45159493544132,25.2723171439255],[-107.4516417787642,25.272688265638937],[-107.45171696276631,25.272754204586306],[-107.45179223704699,25.272820132481094],[-107.45186751134938,25.272886060277536],[-107.45191715268777,25.2733959451555],[-107.45193610665585,25.27434094995927],[-107.45198087412872,25.274850986337228],[-107.45205614848551,25.27491691298106],[-107.45213133260695,25.274982850481845],[-107.4522114808899,25.27504871025545],[-107.45224803501361,25.275151181465663],[-107.45225074272668,25.27528549402941],[-107.45221825017168,25.27538462294236],[-107.45214089985565,25.275457614223207],[-107.4520683331856,25.275526000480223],[-107.45199585679272,25.275594375762207],[-107.45196886994674,25.275966667904626],[-107.4519824084979,25.27664295347699],[-107.45202437801093,25.27701413563301],[-107.45209965238027,25.2770800611876],[-107.45217483651425,25.27714599759985],[-107.45225498481054,25.277211943727973],[-107.45233034950351,25.277282319793365],[-107.45240562396107,25.27734824494802],[-107.45248080818315,25.277414268446165],[-107.4525560826841,25.277480193404116],[-107.45263126694952,25.27754612922018],[-107.45270654149384,25.277612053981475],[-107.45278172580258,25.277678077086385],[-107.45285700039028,25.277744001650976],[-107.4529024900797,25.278047914837998],[-107.45291341121663,25.278589784340436],[-107.45295899117323,25.27889368556943],[-107.45303417555465,25.27895962034427],[-107.45310945021514,25.279025544063607],[-107.45318472489731,25.279091555169423],[-107.45322525048459,25.279395456661405],[-107.45323617163504,25.2799374107145],[-107.45328175164798,25.28024130998701],[-107.45335693612233,25.280307243823074],[-107.45343230113338,25.280377704835725],[-107.45350757590863,25.28044362751496],[-107.45350892977167,25.280510826120523],[-107.4534363627214,25.280579213227092],[-107.45324980050935,25.280613673684318],[-107.45295429779118,25.280618579932057],[-107.45276782618085,25.280657490483943],[-107.45269525933652,25.280725964832758],[-107.45262269251238,25.28079435167734],[-107.45255021596562,25.28086272754479],[-107.4522159937444,25.28090417745236],[-107.45161993659718,25.28091407349998],[-107.45128562531029,25.280950982759318],[-107.45121314913476,25.28102390740305],[-107.45114058272263,25.28109229376328],[-107.45106810658737,25.281160669147347],[-107.45099554021557,25.281229055468277],[-107.45091810000524,25.281297595992083],[-107.45084553367515,25.281365982272032],[-107.45077296736524,25.28143436853232],[-107.45070049133207,25.28150283130165],[-107.45062792506249,25.281571217522647],[-107.45055535881309,25.28163960372397],[-107.45048297309685,25.28171251721733],[-107.45041040688777,25.281780903379723],[-107.45033784069886,25.281849289522448],[-107.4502604006837,25.281917829853043],[-107.45018783453651,25.28198621595478],[-107.4500802489425,25.282023858949223],[-107.44992753523923,25.282026386746185],[-107.44981976924002,25.282059502237683],[-107.44974720321537,25.28212797568461],[-107.44967472746713,25.282196350670812],[-107.44960216148282,25.282264736593216],[-107.44952481194217,25.282337727473102],[-107.44945224599958,25.28240611335487],[-107.44937968007716,25.282474499216956],[-107.44930720443101,25.28254296158895],[-107.44923463854894,25.282611347411727],[-107.44916207268705,25.282679733214838],[-107.44908959710136,25.28274810804267],[-107.44901703127982,25.282816581291744],[-107.44894446547848,25.282884967035862],[-107.44886711613285,25.282957957725767],[-107.4487945503732,25.283026343429242],[-107.44872198463374,25.283094729113035],[-107.44864950917032,25.283163103821735],[-107.44857694347122,25.28323157695152],[-107.4485043777923,25.283299962576315],[-107.44843190238937,25.283368337226097],[-107.44835933675078,25.283436810296905],[-107.44828677113242,25.283505195862695],[-107.44820942198183,25.28357818636258],[-107.44813685640518,25.28364657188771],[-107.44806429084869,25.28371495739316],[-107.44799181556805,25.283783331923782],[-107.44795941379904,25.283886910657934],[-107.44796203121199,25.28402132038824],[-107.44799849448474,25.284119252287937],[-107.44807385794827,25.284189716214254],[-107.44814913117793,25.28425564176246],[-107.44822431417357,25.284321578167745],[-107.44830446125644,25.28438743683019],[-107.44837973455263,25.284453449564108],[-107.44845500787055,25.284519374714524],[-107.44853019095439,25.284585310722335],[-107.44857495784292,25.285095337722552],[-107.44859391156821,25.28604032141134],[-107.44864355228381,25.28654572986369],[-107.44871873542199,25.2866116647207],[-107.44879409909365,25.28668212675252],[-107.44886937253118,25.28674805045397],[-107.4489120635911,25.28691311232661],[-107.44891756920399,25.287186269553363],[-107.44895547670575,25.287355936078217],[-107.44903562401328,25.287421792534836],[-107.44911089752047,25.287487715663666],[-107.44918608079335,25.28755373713526],[-107.44922263449328,25.287656117398075],[-107.44922534217494,25.2877905139403],[-107.4491929402527,25.287894091776813],[-107.44912037440241,25.287962477962076],[-107.44904789882831,25.288030853170387],[-107.44897036894007,25.28809940454238],[-107.44889789340765,25.288167779709692],[-107.44882532763943,25.288236165814496],[-107.44875276189141,25.288304639383526],[-107.44868019616358,25.28837302544892],[-107.44860772071179,25.28844140053756],[-107.44853524528011,25.288514324772503],[-107.4483486865717,25.288548783134075],[-107.44805309914777,25.288553697258507],[-107.44786663103984,25.288592605693903],[-107.44779406555855,25.288660991477673],[-107.44775669975891,25.28876018534966],[-107.44775940742538,25.288899043918235],[-107.44772691542968,25.288998171005055],[-107.44764947618965,25.28906662352094],[-107.44757700102429,25.289139459999433],[-107.4475044356236,25.289207933209127],[-107.4474719436597,25.28930697278707],[-107.44747474157866,25.28944582032505],[-107.44743728556932,25.2895450250561],[-107.44736481046294,25.28961339980765],[-107.44729224512132,25.289681872980104],[-107.44721967979989,25.289750258648784],[-107.44714720475399,25.28982309502967],[-107.44707472972823,25.289891557186948],[-107.44699720042661,25.28996002049306],[-107.44692472544253,25.290028395125223],[-107.44690586209383,25.290808242883493],[-107.44693573658452,25.292295163611175],[-107.4469119091959,25.293075083968464],[-107.44683943423554,25.293143546286224],[-107.44657904802494,25.29318364363238],[-107.44613562489641,25.29319102133612],[-107.4458751491339,25.29322675407966],[-107.4458026744618,25.293295128571263],[-107.44572514553847,25.293363591707827],[-107.44565258065326,25.293432064598502],[-107.44558019629785,25.29350488973897],[-107.445507631453,25.293573275106905],[-107.44543506662833,25.29364174793877],[-107.4453625018239,25.293710133267236],[-107.4452498639585,25.29374331566408],[-107.44510202683404,25.293745777418128],[-107.44498947933583,25.29378349781557],[-107.44491691465544,25.293851883002077],[-107.44484434999528,25.293920355652624],[-107.44477178535531,25.293988740799637],[-107.44469931099005,25.29405711497087],[-107.44462674639048,25.294125500078415],[-107.44459344249519,25.294430749486665],[-107.44460427302978,25.294972620828815],[-107.44464985153442,25.29527651719072],[-107.44472503352085,25.2953424513192],[-107.44480039603806,25.29541291257379],[-107.44487566832248,25.29547883554674],[-107.44491835872849,25.29564389563455],[-107.44492386425705,25.295917137407994],[-107.44496177117811,25.29608671461605],[-107.44503704350917,25.2961527246019],[-107.44511718961218,25.296218580226398],[-107.44519246198811,25.296284502527936],[-107.44522901512816,25.296386969163372],[-107.44523172276837,25.29652127677707],[-107.44527314966706,25.2966236764856],[-107.44534842208805,25.29668959845246],[-107.44542369453077,25.296755607803735],[-107.44549887674049,25.29682154053114],[-107.44554174775814,25.296991038822597],[-107.44554716304508,25.29725974064013],[-107.445584979802,25.297429414807496],[-107.44566025231308,25.297495336107215],[-107.44573552484584,25.29756134479103],[-107.44581079740038,25.297627265893826],[-107.44585628586114,25.29793116846422],[-107.4458672067031,25.298473020277182],[-107.4459126951737,25.29877692184227],[-107.4459879677794,25.298842929679086],[-107.44606315015187,25.298908860893835],[-107.44613842280101,25.29897478105168],[-107.44617632989873,25.29914444256685],[-107.44618183545387,25.299417592539694],[-107.44615069747968,25.299583914655596],[-107.44607813247599,25.29965230067028],[-107.44600565774743,25.29972522476404],[-107.44593309278413,25.29979361073954],[-107.44589843489834,25.300031657899122],[-107.4459065578399,25.300434662455018],[-107.44587189995764,25.300672709259192],[-107.44579933503157,25.30074109525903],[-107.4457267701257,25.30080956872077],[-107.44565429549483,25.3008779437222],[-107.44562315758368,25.301048727049793],[-107.44562866312712,25.301321876029455],[-107.44566647989589,25.301486998422128],[-107.44574184268532,25.30155745575199],[-107.44581711524168,25.301623374903002],[-107.44589229756487,25.301689392396227],[-107.44597253418581,25.301755233474054],[-107.44604771655384,25.301821163284803],[-107.44612298919851,25.301887169519016],[-107.44619826186494,25.30195308817344],[-107.44623481514606,25.302055551568454],[-107.44623752279671,25.30218985629931],[-107.44627894985526,25.302292252621548],[-107.4463542225667,25.30235817094117],[-107.4464294952999,25.302424176643342],[-107.44650476805482,25.302490094765986],[-107.44654619515583,25.302592490750577],[-107.44654890280972,25.302726795091683],[-107.44658545614,25.30282925789505],[-107.44666569297429,25.302895097756572],[-107.44674087554223,25.30296102640186],[-107.44681614838706,25.303027031469203],[-107.44685270175482,25.30312949395128],[-107.44685540941188,25.303263797905185],[-107.44689683656861,25.303361644277242],[-107.44697210945849,25.303432110521307],[-107.44704738237007,25.30349802767456],[-107.44712265530342,25.30356403220983],[-107.4471640825026,25.303661878252985],[-107.44716688041825,25.303800719839792],[-107.4472033435798,25.30389864371134],[-107.44727852630278,25.30396465887474],[-107.44735885360578,25.304034948055985],[-107.4474340363736,25.304100963015955],[-107.4474746513232,25.304404923068915],[-107.44748557223295,25.30494684805125],[-107.44745723202182,25.30525192090025],[-107.44738466665447,25.30532030778122],[-107.44730713726068,25.30538886012222],[-107.44723466219047,25.30545723600048],[-107.44720217026018,25.305560821775376],[-107.44720487792088,25.305695212015422],[-107.44724134108775,25.305793135038574],[-107.44731661407707,25.30585905080391],[-107.44739694139182,25.305929426444212],[-107.4474721241706,25.30599535296771],[-107.44751815445402,25.306568090415208],[-107.44753990602217,25.307651943002792],[-107.44751698113298,25.308225704242986],[-107.44744441574899,25.30829417884259],[-107.44736706684827,25.308367083513456],[-107.44729450150602,25.30843547059297],[-107.44722193618395,25.308503945131815],[-107.44714937088209,25.30857233217168],[-107.44696281316516,25.30860680088014],[-107.44666713705703,25.308611657601727],[-107.44648066994027,25.30865066361312],[-107.44640810484474,25.308719050409874],[-107.44633553976938,25.30878743718679],[-107.44626297471423,25.308855823943887],[-107.4461904096793,25.30892429816055],[-107.44611793491953,25.308997135365903],[-107.44608327700917,25.30923071561326],[-107.44609139995649,25.309638257375113],[-107.44605674204965,25.30987629871282],[-107.44598417707212,25.309944685454408],[-107.4459117023697,25.310013061214246],[-107.44583913743254,25.310081447916193],[-107.4457665725156,25.310149922077517],[-107.44569400761884,25.310218308739785],[-107.4455813696102,25.310255958354684],[-107.44543362255243,25.31025841881749],[-107.44531954058101,25.31022451056418],[-107.44524426816837,25.31015859516649],[-107.44516899577746,25.310092592190873],[-107.44509381366292,25.310026665634823],[-107.44501854131548,25.309960662462153],[-107.44494326898976,25.309894746670476],[-107.4448679966858,25.309828830780297],[-107.44479272440358,25.30976282731198],[-107.44467873296722,25.30972890713616],[-107.44453089616678,25.309731377160013],[-107.44441699509936,25.309701819712846],[-107.44434172294741,25.30963590326468],[-107.44426636056289,25.30956544872502],[-107.44419108845447,25.309499532077574],[-107.44400326929555,25.309471252480265],[-107.44370759654511,25.309476190405654],[-107.44351968748067,25.30944345945107],[-107.44344441558799,25.309377542085954],[-107.44336914371706,25.309311537142097],[-107.44328899815177,25.30924568652752],[-107.44321508013539,25.309246876835626],[-107.44314251594922,25.30931535003786],[-107.44306995178326,25.309383735739942],[-107.44299738763752,25.30945212142218],[-107.44292482351202,25.30952050708458],[-107.4428522594067,25.309588892727145],[-107.44281498456944,25.30969262174719],[-107.44281769218453,25.30982692516173],[-107.44285911869937,25.30992932044761],[-107.44293439042293,25.309995238059653],[-107.44300966216821,25.310061243053376],[-107.44308493393528,25.310127160468404],[-107.44316011547012,25.310193088744935],[-107.44323538728065,25.310259093443086],[-107.44331074936694,25.310329548562436],[-107.44339089493891,25.310395398608424],[-107.44342735757218,25.310493322186044],[-107.44343015544771,25.31063216293227],[-107.44339766399175,25.310731286753853],[-107.44332022603803,25.31079973962486],[-107.44324766182257,25.31086812549672],[-107.44317518788128,25.31094104934241],[-107.44314396001242,25.31110729170588],[-107.44314946550348,25.311380522418997],[-107.44311345417883,25.311551369594618],[-107.44304089002098,25.311619755450725],[-107.44296832588334,25.31168814128697],[-107.44289576176591,25.31175661458313],[-107.4428231976687,25.311825000379685],[-107.44275072384552,25.31189337519614],[-107.44256416927765,25.311932301149263],[-107.44226362446385,25.31193730526832],[-107.44208194393832,25.311971702134297],[-107.44200441612224,25.31204016557498],[-107.44197201509768,25.312143739828162],[-107.44197472270403,25.312278130161367],[-107.44193735773882,25.312381782284724],[-107.44186479390868,25.312450167798662],[-107.44167833022888,25.312489081879608],[-107.44138266011782,25.312494017498388],[-107.44119610653006,25.312528480400267],[-107.44112354290647,25.31259686567095],[-107.44105097930311,25.31266525092177],[-107.44097841571998,25.312733636152732],[-107.44090594241025,25.31280655937268],[-107.44083337886755,25.312874944564278],[-107.440795923813,25.312974146157796],[-107.44079872166026,25.31311298730711],[-107.44084005760074,25.313210844545903],[-107.44091532874063,25.31327676233759],[-107.44099059990229,25.313342767510754],[-107.44106596133896,25.313413223102852],[-107.44110865112054,25.3135782751361],[-107.44111415656857,25.313851418517025],[-107.44107805527214,25.31401781498064],[-107.44100558193468,25.314090650829044],[-107.44093301836422,25.314159123628446],[-107.44086045481394,25.3142275089282],[-107.44078789128393,25.314295894208072],[-107.44071532777413,25.31436427946808],[-107.44038103047284,25.31440566064562],[-107.43978481988292,25.31441559601342],[-107.43945043352406,25.314452436790376],[-107.43937787038713,25.314520821603455],[-107.43930034337639,25.31458937172094],[-107.43922778028131,25.314657756492583],[-107.43915530745905,25.314730591777867],[-107.43908274440442,25.31479906399035],[-107.43905305131949,25.315036941383894],[-107.43906108379502,25.31544003681059],[-107.43902642682372,25.31567807916591],[-107.43895386380503,25.315746463923112],[-107.43888130080659,25.315814848660416],[-107.43880873782835,25.31588323337785],[-107.4387362651228,25.315956156079608],[-107.4386587383032,25.31602461860234],[-107.43858617538704,25.31609300325879],[-107.43851361249114,25.31616147537542],[-107.43844104961546,25.31622985999208],[-107.43836848676003,25.316298244588868],[-107.43829592392483,25.316366629165767],[-107.43822336110986,25.31643510120287],[-107.43815079831514,25.316503485739993],[-107.43807832579286,25.316576320784613],[-107.43800088942149,25.316644859633413],[-107.43792832668882,25.316713244109565],[-107.4378557639764,25.316781628565817],[-107.4377832012842,25.316850013002185],[-107.43771063861224,25.316918397418668],[-107.43763807596055,25.3169868692954],[-107.43760477295928,25.3172920194547],[-107.43761560320311,25.317833955311812],[-107.43766109023223,25.31813784858207],[-107.4377363604526,25.318203766772577],[-107.43781163069477,25.318269772344323],[-107.43788690095872,25.31833569033775],[-107.43792832668882,25.31843808529131],[-107.43793103425311,25.31857238771215],[-107.43796758637374,25.318674849429595],[-107.43804285668283,25.31874085456744],[-107.43812300063296,25.3188067052114],[-107.438198270987,25.318872622668348],[-107.43827354136282,25.318938627506192],[-107.43834881176042,25.319004544766063],[-107.43842417243211,25.31907499989357],[-107.43849944287328,25.31914091695409],[-107.43854077844856,25.319238860595675],[-107.43854357627157,25.31937770031377],[-107.43858003822592,25.319475623283637],[-107.43865530871217,25.319541627490388],[-107.43873057922022,25.31960754411944],[-107.43881081363466,25.319677931641003],[-107.43888608418769,25.319743848066437],[-107.43896135476248,25.319809764393362],[-107.43903662535907,25.319875768100673],[-107.4391118959774,25.31994168423049],[-107.43915341215512,25.320044066566766],[-107.43915602947959,25.32017846609971],[-107.43919258177233,25.320280838760542],[-107.4392678524358,25.320346842033903],[-107.43934312312102,25.320412757729972],[-107.43941839382802,25.320478760806132],[-107.43946794254272,25.32098414304837],[-107.43948698585817,25.321933594791858],[-107.43953653458593,25.322439061855448],[-107.43961180534887,25.322504976293352],[-107.43968707613358,25.322570978110708],[-107.43976234694006,25.322636892351497],[-107.4398376177683,25.322702893971652],[-107.43991297887118,25.322773345902483],[-107.44002687796863,25.322802813778054],[-107.44017471221225,25.322800341937356],[-107.44028879193017,25.322834248960053],[-107.44036406291067,25.322900250019494],[-107.44043933391293,25.32296616350267],[-107.44051460493696,25.323032164364903],[-107.44058987598277,25.323098077650943],[-107.44066505679724,25.32316408927826],[-107.44070657322271,25.323266381478206],[-107.4407092808159,25.323400767873533],[-107.4406719160323,25.323504418229625],[-107.44059935255483,25.323572804119866],[-107.44048662649624,25.323606091040574],[-107.44033879207547,25.32360856371502],[-107.44023112029437,25.32364613529715],[-107.44015368328238,25.323714588135505],[-107.44008111994937,25.323783061340823],[-107.44000846638373,25.32385145801072],[-107.43993590309123,25.32391984369862],[-107.43986343007174,25.323992767237524],[-107.43982732894878,25.32415907296683],[-107.43983283436971,25.324432296293082],[-107.4398017874073,25.324603061683415],[-107.43972922417241,25.324671447354863],[-107.43965666095775,25.324739833006376],[-107.43958409776333,25.324808218637955],[-107.43958545155408,25.32487541182454],[-107.43966063207843,25.32494142346927],[-107.43973590287727,25.325007336575965],[-107.43981117369788,25.325073337061372],[-107.43981252748982,25.325140442654316],[-107.4397400545047,25.32521336622438],[-107.43966749128701,25.325281751918812],[-107.43959492808956,25.325350137593322],[-107.43951740101416,25.325418688782214],[-107.43944483785856,25.325487074415157],[-107.4393722747232,25.325555460028152],[-107.43929971160807,25.325623845621212],[-107.43922714851315,25.325692231194335],[-107.4391545854385,25.32576070422484],[-107.4390821126366,25.325833540140053],[-107.43900954960239,25.325901925653714],[-107.43901090339016,25.325969118767517],[-107.43908617400106,25.326035119422436],[-107.43916144463374,25.326101032501477],[-107.4392367152882,25.326167032959155],[-107.43927949502236,25.32633652873613],[-107.4392849101791,25.32660521297519],[-107.43924889938899,25.326776055793168],[-107.43917633630826,25.326844528909174],[-107.43910377324777,25.3269129145282],[-107.4390312102075,25.326981300127276],[-107.43903256399538,25.3270484930105],[-107.4391079248651,25.32711894348262],[-107.4391831052515,25.32718486697565],[-107.43925837591222,25.327250866884572],[-107.4393336465947,25.32731677921799],[-107.43940891729896,25.327382778929667],[-107.43952299668122,25.327416684303095],[-107.43967083063862,25.327414210492453],[-107.43978481988292,25.327443665218166],[-107.43986009071767,25.327509664469883],[-107.43986144450984,25.32757685701967],[-107.43978879100555,25.327645253889628],[-107.43971631802704,25.327718177597777],[-107.43964375481598,25.32778656346508],[-107.43960909776709,25.328024598233455],[-107.43961722051249,25.32842766560265],[-107.43958256346716,25.328665612535303],[-107.43951000029338,25.328734085901505],[-107.43943743713984,25.32880247177134],[-107.43936487400654,25.328870857621215],[-107.43933238305789,25.328974440013166],[-107.43933509063679,25.329108824772558],[-107.43929772605047,25.32921247427972],[-107.43922516295612,25.329280860111236],[-107.43915259988202,25.329349245922796],[-107.43908003682813,25.32941763171439],[-107.43900747379449,25.32948610496241],[-107.43893003714659,25.329559019158165],[-107.43885747415479,25.329627404888534],[-107.4387849111832,25.329695878075356],[-107.4387862649698,25.329762982983063],[-107.43886153551573,25.329828981981873],[-107.43893680608342,25.32989489340572],[-107.43901695030894,25.329960825048694],[-107.43905756394615,25.330264770070535],[-107.43906848450301,25.330806670042094],[-107.43911397178613,25.331110546892806],[-107.43918924242686,25.33117654494374],[-107.43926451308936,25.331242455420195],[-107.4393397837736,25.33130845327386],[-107.43939077651574,25.331885546653524],[-107.43941252740524,25.332969349726604],[-107.43938463933563,25.333543251439846],[-107.43931198596441,25.333611648577367],[-107.43919944096858,25.333649377097466],[-107.43905151702644,25.333651864790863],[-107.43893888189075,25.33368505536539],[-107.43886622864402,25.333753452359893],[-107.43879366567,25.333821838370035],[-107.43872119296863,25.33389476211262],[-107.43864863003506,25.333963148083146],[-107.43857606712173,25.334031534033677],[-107.43850350422863,25.33410000743956],[-107.43843094135579,25.334168393350122],[-107.43835341462717,25.334236857415974],[-107.43828085179616,25.334305243284863],[-107.43824845123513,25.33440881382538],[-107.4382510685505,25.334543207866822],[-107.43828771096838,25.334645651209048],[-107.43836298137008,25.334711560784864],[-107.43844312541883,25.33477749051268],[-107.43851839586549,25.334843399887006],[-107.43855630185406,25.335013045222457],[-107.43856171699575,25.33528172300818],[-107.43860449661895,25.335451300768998],[-107.43867976711229,25.335517209671625],[-107.4387550376274,25.335583205950517],[-107.4388303081643,25.335649114655908],[-107.43890557872295,25.33571511073749],[-107.43898093955592,25.33578555696672],[-107.43905621015814,25.335851465373977],[-107.439136444673,25.335917382918336],[-107.43917290671041,25.33601529827223],[-107.43917570454023,25.336154130418358],[-107.43921713047553,25.336252054868062],[-107.43929240114608,25.336317962838972],[-107.43936776209107,25.336388408416816],[-107.43944303280519,25.33645440366262],[-107.43948436853037,25.336552251273666],[-107.43948716636353,25.336691083014696],[-107.43952362845009,25.336789085266176],[-107.4395988992093,25.33685499270422],[-107.43967416999028,25.33692098751786],[-107.4397495310458,25.336991432448755],[-107.43982976577442,25.337057261299684],[-107.43990503662218,25.33712325581071],[-107.4399803074917,25.337189162749013],[-107.44005557838298,25.3372551570627],[-107.44013084929605,25.337321063803746],[-107.44020612023088,25.337387057920093],[-107.44032019996256,25.337420957017837],[-107.44046803437278,25.337418564095803],[-107.44058202396619,25.33744801269817],[-107.44065729503149,25.337513918880674],[-107.44073265637165,25.33758436262842],[-107.4408079274805,25.337650356085028],[-107.44088319861112,25.337716261969366],[-107.44095846976349,25.337782255228632],[-107.44103374093763,25.337848248389207],[-107.44110901213352,25.337914153977632],[-107.4411891570279,25.337980079545886],[-107.44126442826874,25.338045984932783],[-107.44133969953134,25.338111977694393],[-107.44141497081571,25.33817788288402],[-107.44152905107713,25.33821186771793],[-107.4416768861738,25.338209385397846],[-107.441786092862,25.33824343735515],[-107.4418662379648,25.338309274658382],[-107.44194150940136,25.33837526676022],[-107.4420167808597,25.338441171290356],[-107.44212580718326,25.338470783587162],[-107.44227860656949,25.338468221974562],[-107.44238772325633,25.33850228413735],[-107.44246299484365,25.33856818821185],[-107.4425382664527,25.338634179660527],[-107.44261850204076,25.338700005103078],[-107.44272761887002,25.338734066790497],[-107.44287545464711,25.338731582709357],[-107.44298944529444,25.33876111552778],[-107.44306480730958,25.338831469076304],[-107.44314007909257,25.338897459865183],[-107.44321535089732,25.338963450555358],[-107.44329558669395,25.339029275205665],[-107.44337085854363,25.339095265694134],[-107.44344613041504,25.339161168611557],[-107.44352140230824,25.339227158902652],[-107.44359667422316,25.339293061622794],[-107.44367194615984,25.33935905171652],[-107.44374730837242,25.33942949182235],[-107.44382258035263,25.33949539424428],[-107.44389785235458,25.33956138403967],[-107.44397808836143,25.339627207756212],[-107.44401464133112,25.339729655766885],[-107.44401734895871,25.339864033513507],[-107.44398476717525,25.339963163140983],[-107.44390741930124,25.34003606899488],[-107.44383485492222,25.340104544656754],[-107.4437622905634,25.340172932826665],[-107.44373115287831,25.34034370137014],[-107.44373656812762,25.34061236912623],[-107.44377447487597,25.340782005600886],[-107.44384974686402,25.34084799480893],[-107.44411157441631,25.34087495120346],[-107.44456004834973,25.340867498649512],[-107.44482196687035,25.340898990938705],[-107.44489723916102,25.34096497916529],[-107.44497251147344,25.341030879821833],[-107.44504778380758,25.341096867851025],[-107.44516186566003,25.34113084716861],[-107.44530970281842,25.341128358761427],[-107.44542369453077,25.34115780025017],[-107.44549905725002,25.341228237873768],[-107.44557432973625,25.341294225341763],[-107.44564960224423,25.341360125240026],[-107.44572487477394,25.341426112510625],[-107.44580014732541,25.3414920996825],[-107.4458755101535,25.34155798831298],[-107.44595078274845,25.34162397528738],[-107.44603092913243,25.341689807032754],[-107.44610620177227,25.341755793805483],[-107.44618156468887,25.341826230513636],[-107.4462568373722,25.341892129615996],[-107.44633211007726,25.341958116090336],[-107.44640738280408,25.342024102465952],[-107.44648265555263,25.34209000127231],[-107.4465579283229,25.342155987450518],[-107.44663329137008,25.342221875087024],[-107.44670856418385,25.342287861067746],[-107.44678871080082,25.342353691776914],[-107.44686398365947,25.34241967755596],[-107.44693934679512,25.342490113247695],[-107.44701461969726,25.342556098827025],[-107.44708989262114,25.342621996837433],[-107.44716516556672,25.342687982219353],[-107.44724052878942,25.342753869059308],[-107.44731580177852,25.34281985424373],[-107.44739107478932,25.342885839329426],[-107.44747122161611,25.342951669105258],[-107.44754649467178,25.343017653989264],[-107.44762185800471,25.343088088765484],[-107.44769713110388,25.343153985979917],[-107.44777249448033,25.34321995959186],[-107.44784776762299,25.34328585660888],[-107.44792304078736,25.343351840996974],[-107.44796446811372,25.343454216798058],[-107.44796717578234,25.343588590857497],[-107.44800381956708,25.343691023317266],[-107.4480790927765,25.343756919899675],[-107.44819308569976,25.343786444521072],[-107.44834092457707,25.343783950910886],[-107.44845500787055,25.343817925204934],[-107.4485302812102,25.343883821327253],[-107.44860555457157,25.34394980482025],[-107.44868082795466,25.34401570074522],[-107.44901667025589,25.34404597646982],[-107.44961299222547,25.34403609244688],[-107.44994739162586,25.343994641625994],[-107.45001995770617,25.34392625106071],[-107.45009252380667,25.34385786047541],[-107.45017005402839,25.34378939102871],[-107.45024262017064,25.343720912932827],[-107.45031518633307,25.343652522285765],[-107.45038766225922,25.343579681684037],[-107.45046022846199,25.343511203528468],[-107.45057295883441,25.34347798934537],[-107.45072079906039,25.343475580461],[-107.45083479313796,25.343505014947095],[-107.45091006716422,25.343570909123386],[-107.45098543146885,25.343641340592832],[-107.45106070553858,25.343707322038085],[-107.45116982590122,25.343736823945267],[-107.45132254033146,25.343734346272708],[-107.45143175106038,25.343768385279663],[-107.45150702525882,25.343834278800447],[-107.45158717335009,25.343900191765705],[-107.45166244759335,25.34396608508486],[-107.45173781211524,25.344032054796887],[-107.45181308640194,25.34409803538682],[-107.45188836071036,25.344163928409838],[-107.45196372529747,25.34423435869982],[-107.45203899964932,25.344300338991296],[-107.45211427402288,25.344366231715988],[-107.45215714612783,25.344535778657452],[-107.45216256155211,25.344804521291422],[-107.45220046952524,25.344974146833643],[-107.45228070808653,25.34503996013419],[-107.45235598252978,25.345105939751313],[-107.45243125699474,25.34517191926968],[-107.45250653148139,25.34523781122163],[-107.45258180598975,25.345303790542538],[-107.45265708051981,25.3453696822971],[-107.45273244532885,25.345440111287594],[-107.45280771990234,25.345506090310028],[-107.45288299449754,25.345572069233707],[-107.45296323326859,25.34563788160003],[-107.45303850790863,25.345703860321898],[-107.45307650626633,25.345873473442623],[-107.45308192170967,25.346142213965017],[-107.45312470371613,25.34631168223283],[-107.45320006866014,25.346377649503573],[-107.45327534336845,25.34644362765399],[-107.45335061809845,25.346509518238594],[-107.45342589285015,25.34657549619153],[-107.45350116762354,25.346641474045715],[-107.45357653267621,25.346711901635462],[-107.45365677166038,25.346777712781762],[-107.4536932357288,25.346875700966585],[-107.45369603371448,25.347014520332355],[-107.45373746195727,25.3471123418691],[-107.45381273682048,25.34717831918525],[-107.4538880117054,25.347244296402643],[-107.4539633768697,25.347314723340325],[-107.4540048051549,25.347412544546884],[-107.45400751288618,25.34754691369178],[-107.45404406726132,25.34764935111363],[-107.45411943247065,25.347715316916464],[-107.45419470744396,25.3477812061336],[-107.45426998243896,25.347847182718446],[-107.45435031189399,25.347917529917137],[-107.45442558693384,25.347983506297844],[-107.45453461844487,25.348013013558464],[-107.4546874251011,25.348010430700228],[-107.45479654697942,25.34804447493914],[-107.45487182214785,25.348110450863796],[-107.45494709733798,25.34817642668969],[-107.45502733674319,25.348242235825534],[-107.45510261197812,25.348308211449577],[-107.45517788723475,25.34837409950891],[-107.45525316251307,25.348440074935464],[-107.45532852807123,25.348510500041318],[-107.45566437892474,25.348536289371783],[-107.45626071607799,25.348526274859914],[-107.45659656812963,25.348556522197224],[-107.45667184381665,25.34862249628223],[-107.45670830830593,25.348720481604154],[-107.45671110632388,25.34885929849137],[-107.4567525350448,25.348957117007764],[-107.45682781077674,25.349023090758756],[-107.45690326704778,25.34909350317083],[-107.45697854282314,25.34915947672193],[-107.45705381862018,25.349225450174252],[-107.4571340586723,25.349291256830995],[-107.45720933451413,25.349357230081463],[-107.45728461037763,25.349423115768186],[-107.45732116521125,25.349525550050036],[-107.4573238729769,25.349659916520782],[-107.45736539205383,25.349762271417944],[-107.45744066796227,25.349828244233333],[-107.45751594389239,25.349894216949938],[-107.45759131010314,25.349960091120302],[-107.45759266398737,25.35002727419897],[-107.45752009580283,25.350095667797575],[-107.45733353067465,25.350134637450523],[-107.45703775256095,25.350139577171966],[-107.45685109751837,25.350174096443993],[-107.45677852953972,25.350242489798546],[-107.4567059615812,25.350310883133048],[-107.4566334839015,25.350383813641187],[-107.45656091598327,25.350452206935955],[-107.45648834808522,25.350520600210682],[-107.45641081598752,25.350589160156947],[-107.45633824813115,25.350657553389887],[-107.4562656802949,25.350725946602786],[-107.45619311247883,25.350794339795634],[-107.45616070969184,25.35089790492216],[-107.45616341744548,25.351032271443707],[-107.4561260504478,25.351136003218826],[-107.45605348267051,25.351204396392873],[-107.45598091491335,25.351272789546876],[-107.45590834717635,25.35134118268082],[-107.45583577945949,25.35140957579472],[-107.45575833781375,25.351478124588105],[-107.45568577013857,25.351546517660235],[-107.45561320248353,25.35161937142401],[-107.45558070951022,25.351718486738402],[-107.45558341725784,25.351852853228767],[-107.45562006211176,25.35195527661964],[-107.45569533751748,25.352021249900424],[-107.45577061294489,25.35208722308242],[-107.455850852603,25.352153029468045],[-107.4558942668715,25.35259582837028],[-107.4559106938939,25.353406461939777],[-107.45588506051874,25.353845940442152],[-107.45580752860006,25.353914412990193],[-107.45573496091122,25.353982806251963],[-107.45566239324252,25.354051286957944],[-107.45563820402411,25.354562397371787],[-107.45565733877879,25.355507391713314],[-107.45570210688956,25.35601736826442],[-107.45577738231891,25.356083252017005],[-107.4558527480283,25.356149212151056],[-107.45593289745328,25.35621511484038],[-107.45593425132891,25.356282297054452],[-107.45585680965398,25.35635075885621],[-107.45578424195143,25.35641915230729],[-107.45571167426907,25.35648754573829],[-107.45571311840185,25.35655926507781],[-107.45578839383438,25.356625148554997],[-107.4558636692886,25.356691119396963],[-107.4559439089753,25.35675701081662],[-107.45598317137316,25.35699380683544],[-107.45599129462862,25.357396811377267],[-107.45603552124615,25.35763352743519],[-107.45611088703,25.357699486580184],[-107.45618625283556,25.357769906244517],[-107.4562615284044,25.35783587617367],[-107.45633680399492,25.357901846004],[-107.4564120796071,25.357967728272556],[-107.456526076169,25.35799723650667],[-107.4566740100238,25.35799471372905],[-107.45678809695863,25.358028671289407],[-107.45686337270081,25.35809464056033],[-107.45693864846469,25.35816052226968],[-107.45701392425022,25.358226491343],[-107.45727594552893,25.358257924745597],[-107.4577244420854,25.358250481130902],[-107.45798628355816,25.35827747425624],[-107.45806155964539,25.358343442347355],[-107.45813701627256,25.358413848944128],[-107.4582122924032,25.35847972937303],[-107.45832628975022,25.35850923541739],[-107.45847413436456,25.358506721130503],[-107.4585833480833,25.358540744941756],[-107.45866349834559,25.358606643892482],[-107.45870826697123,25.359112147514505],[-107.45872749221,25.360061566323456],[-107.45877713485187,25.360566998778296],[-107.45885250142618,25.360632954060655],[-107.45892777776282,25.360698920231126],[-107.45900305412111,25.360764798841394],[-107.4590445734647,25.36086714725903],[-107.45904728124822,25.361001508039777],[-107.45908392658775,25.361103924860554],[-107.45915920299099,25.36116989059554],[-107.45923447941591,25.361235856231687],[-107.45930975586249,25.361301821768997],[-107.45935822524065,25.36174450910552],[-107.45937456222116,25.362555119202668],[-107.45942294135173,25.36299335497196],[-107.45949821785257,25.36305931948011],[-107.45957349437508,25.36312519642889],[-107.45964877091923,25.36319116073939],[-107.45968541634305,25.363293576145843],[-107.45968812413321,25.363427935560512],[-107.45972964358555,25.363530282213436],[-107.45980492017466,25.363596246187193],[-107.45988019678542,25.3636622100621],[-107.45995556367762,25.363728162849394],[-107.45999843706912,25.363897688680023],[-107.4600038526559,25.364166406605335],[-107.46004185202638,25.364336000734323],[-107.46012200273567,25.364401807926214],[-107.46019736969755,25.364467760136456],[-107.46027273668115,25.36453817270377],[-107.46031055557091,25.364703327850556],[-107.46031615168394,25.364976483231636],[-107.46035902513452,25.36514600784567],[-107.46043430190477,25.365211970470355],[-107.46050957869667,25.365277932996193],[-107.46058485551023,25.36534389542316],[-107.46066022260547,25.365409846761487],[-107.46073549946237,25.36547572153115],[-107.46099743421004,25.36550723678209],[-107.46144602740908,25.36549966853367],[-107.4617078726077,25.36552664522994],[-107.46178324002643,25.36559259548611],[-107.46185851720645,25.365658556633978],[-107.46193388466857,25.365728967103532],[-107.46204788363755,25.36575846534805],[-107.4621958206159,25.365755931440578],[-107.46230990995956,25.365789878804502],[-107.46238518729108,25.365855839390452],[-107.46246046464425,25.365921799877537],[-107.46253583227971,25.365987661815684],[-107.46261110967622,25.36605362210501],[-107.46268638709437,25.36611958229547],[-107.46272790702251,25.366221925456035],[-107.46273061484413,25.36635628199693],[-107.46276726069961,25.366458693808877],[-107.46284253816266,25.3665246536625],[-107.46292277999065,25.366590533620958],[-107.46299805749844,25.366656493272494],[-107.46303470339136,25.36675890476086],[-107.46303741121616,25.36689326091014],[-107.46307893119997,25.366995603445098],[-107.46315420875267,25.367061562759783],[-107.46322948632701,25.367127434517354],[-107.46330485418392,25.367193382642107],[-107.46334908203819,25.367430080592182],[-107.46335720552244,25.36783314750911],[-107.46332263558567,25.368071220266742],[-107.46325006581152,25.36813961710644],[-107.46317758631841,25.368212463289687],[-107.4631050165845,25.368280947547436],[-107.46307035642018,25.36851894373134],[-107.46307857015661,25.36892199873088],[-107.46312279797266,25.369158695425522],[-107.46319807553796,25.369224653638774],[-107.46327335312492,25.369290611753144],[-107.46334872099446,25.369356558775692],[-107.46342408888569,25.36942696603455],[-107.46349936653765,25.369492923849936],[-107.46361336618845,25.369522330977354],[-107.4637613040516,25.36951988049365],[-107.46387539407759,25.369553824117425],[-107.46395067185932,25.369619694014624],[-107.46399219198798,25.369722034584328],[-107.46399499008385,25.369856377975275],[-107.46403145559398,25.369954348981864],[-107.46410673342056,25.37002030600176],[-107.46418219179124,25.370090701248536],[-107.46425746966116,25.370156658068332],[-107.46433771192284,25.370222534866173],[-107.46441298983748,25.37028849148385],[-107.46448826777376,25.37035444800263],[-107.46456363599303,25.370420305971486],[-107.46460289968472,25.370657166824078],[-107.4646112037306,25.371064665936267],[-107.46458150774161,25.37130257956856],[-107.46450893761856,25.371371064523508],[-107.46443636751562,25.37143946200164],[-107.46436379743277,25.37150785945962],[-107.46428626300083,25.371576336844132],[-107.4642136929596,25.371644734260116],[-107.46414112293847,25.371713219112653],[-107.46406855293748,25.371781616488352],[-107.46399598295659,25.371850013843893],[-107.46392350325694,25.37192294793456],[-107.46385093331625,25.37199134525014],[-107.46377827313461,25.372059753539673],[-107.46374090504902,25.37215893327116],[-107.4637437031422,25.372297736060506],[-107.46371120915875,25.372396846812247],[-107.46363367492005,25.372465411481215],[-107.46356119532072,25.372538258031554],[-107.46348862548047,25.372606655265642],[-107.46341605566032,25.37267513993626],[-107.46334348586029,25.372743537130034],[-107.4632709160804,25.372811934303662],[-107.46319825605974,25.37288034245106],[-107.4631256863201,25.37294873958433],[-107.46305311660056,25.373017224154168],[-107.46297558255678,25.373085701168264],[-107.46290310313967,25.3731585475389],[-107.46283053348185,25.373227032046916],[-107.46275796384417,25.373295429078034],[-107.4626853942266,25.373363826089005],[-107.46261282462915,25.373432223079803],[-107.4625402550518,25.373500620050443],[-107.4624676854946,25.373569104457687],[-107.46235504025164,25.373606787627754],[-107.46220710318329,25.37360923868095],[-107.46209436779196,25.373642559805873],[-107.4620217983584,25.373710956613042],[-107.4619493192054,25.373783802707894],[-107.46187674981206,25.37385219947507],[-107.46161607782882,25.37388797089588],[-107.46116748433823,25.373895466601088],[-107.46090699358179,25.373935674944153],[-107.46083433421748,25.374004082356386],[-107.46080879061965,25.37444351698559],[-107.46082521795083,25.37525416655033],[-107.4607947100509,25.375698227264987],[-107.46072214097781,25.37576662376872],[-107.46064957192482,25.375835020252282],[-107.46057700289198,25.375903416715666],[-107.46050443387927,25.375971900615646],[-107.46043186488669,25.376040297038667],[-107.46035920565434,25.376108704434433],[-107.46028176266866,25.376177169692603],[-107.46025206717091,25.37641517052839],[-107.46026028081889,25.3768226803866],[-107.46022571129123,25.37706066227262],[-107.46015305211613,25.37712915712521],[-107.46008048322105,25.3771975535079],[-107.46000791434608,25.37726594987039],[-107.45993534549125,25.3773343462127],[-107.45986277665655,25.377402742534816],[-107.4597501325351,25.377440512304364],[-107.45960219693971,25.377442962313072],[-107.4594894626709,25.377476195130996],[-107.4594169842195,25.377549128066892],[-107.45934441552863,25.377617524225776],[-107.45927175659837,25.377685931357107],[-107.45919918794782,25.377754327475564],[-107.45912661931737,25.37782272357383],[-107.4590540507071,25.377891207108657],[-107.45897651784846,25.377959683014804],[-107.45890394927982,25.378028079050782],[-107.45883138073133,25.37809647506657],[-107.45875881220296,25.37816495851894],[-107.45868624369476,25.378237814790612],[-107.45861367520666,25.378306210746118],[-107.45854110673874,25.37837460668143],[-107.45846853829093,25.378443090053352],[-107.45839596986329,25.378511485948263],[-107.45828323611451,25.378549178436728],[-107.45813539160811,25.378551703732107],[-107.45802130408525,25.378517758768226],[-107.45794593775054,25.37845181154377],[-107.45787066169659,25.378385853228373],[-107.45779538566433,25.37831989481408],[-107.45760728593744,25.378287178845966],[-107.45730654327718,25.37829223062484],[-107.45712494253465,25.37833113707382],[-107.45705228422123,25.378399543490445],[-107.45697484221496,25.378468007679672],[-107.45690218394327,25.37853641405413],[-107.45682961595044,25.378604809417123],[-107.45675704797776,25.378673292217236],[-107.45668448002525,25.37874168753983],[-107.45661191209287,25.378810082842218],[-107.4564991791135,25.378847774002598],[-107.45635133561619,25.378850297277392],[-107.45623869300772,25.378887977251832],[-107.45616603494068,25.378956383401956],[-107.45609346715227,25.37902486599846],[-107.45602089938401,25.379093261117305],[-107.45531652373538,25.379136351907924],[-107.45397565191648,25.37915872184519],[-107.453265144276,25.37913922848552],[-107.45318986957064,25.379073266374935],[-107.45311450462957,25.37900731515413],[-107.45303922996763,25.37894144030416],[-107.45285113366504,25.37890871676958],[-107.45255048673724,25.378913746402283],[-107.45236879904387,25.37895257023055],[-107.45229614205334,25.379020975052065],[-107.45221870145716,25.37908952492705],[-107.45214604450838,25.37915792970638],[-107.4520721239813,25.37915914505442],[-107.45199684961989,25.379093181900227],[-107.4519214850232,25.379027229634964],[-107.45184621070526,25.378961266282897],[-107.45177229026305,25.378962568850792],[-107.45169963343857,25.379030973467508],[-107.45162706689118,25.379099367076293],[-107.45155450036397,25.379167760664867],[-107.45144176956757,25.379200987497608],[-107.4512938386764,25.37920342829631],[-107.45117984439833,25.37917401315101],[-107.45110448003754,25.379108060203556],[-107.45102920595521,25.379042096169865],[-107.45095393189457,25.37897613203727],[-107.4508784773424,25.378905729358895],[-107.45079832946877,25.378839921026387],[-107.45072296521818,25.378773967577427],[-107.45064769124586,25.3787080030426],[-107.45057241729528,25.37864203840888],[-107.45049705310993,25.378576084662935],[-107.45042177920278,25.378510119831343],[-107.45034650531737,25.3784442423604],[-107.4502323309403,25.378410299878347],[-107.45008449099107,25.378412727762473],[-107.44997040698496,25.37838323443653],[-107.44989504297348,25.378312819585346],[-107.44981976924002,25.378246941552558],[-107.44974440527204,25.37818098694717],[-107.44966913158206,25.3781150212568],[-107.44959385791377,25.378049055467535],[-107.4495442170173,25.37754363171698],[-107.4495249924545,25.37659422995368],[-107.44948031565906,25.376088724087232],[-107.44940007795879,25.376022836552412],[-107.4493261582095,25.376024049337],[-107.4492535020661,25.37609245290664],[-107.44918093619897,25.376160845471023],[-107.44910837035201,25.376229238015203],[-107.44903580452525,25.376297717999726],[-107.44896314846271,25.37636612148839],[-107.44892578249556,25.3764697620407],[-107.44892849017417,25.37660412170449],[-107.44889608828878,25.37670768280917],[-107.44882352252108,25.376776075293318],[-107.44874599269953,25.376844634623534],[-107.44867342697358,25.376913027065555],[-107.44860077101198,25.3769814304722],[-107.44852820532644,25.377049822873776],[-107.44845572991687,25.377122752217872],[-107.44838316427168,25.377191144579363],[-107.44831050839093,25.37725954790535],[-107.44823794278615,25.37732794022639],[-107.44816537720155,25.377396332527212],[-107.44808784757565,25.37746489165873],[-107.44801528203283,25.37753328391743],[-107.44794262625454,25.377601687140462],[-107.44753421992742,25.377644307292],[-107.44678979386337,25.37765671342961],[-107.44638129908694,25.37769488038171],[-107.44630873401904,25.377767732584534],[-107.44623616897137,25.37783612425249],[-107.44616360394389,25.37790451590022],[-107.44605078522237,25.37793783636627],[-107.44590294764362,25.37794025885595],[-107.44579030954466,25.37797793021488],[-107.44571765438646,25.378046420163418],[-107.44569111946417,25.37868750316673],[-107.44571566877994,25.379905644329973],[-107.4457681068482,25.380549882198345],[-107.44584346966704,25.38061583915168],[-107.44595755186778,25.380649796182457],[-107.44610547973247,25.380647361122318],[-107.44621947179286,25.380676780899215],[-107.44629474448713,25.38074274837566],[-107.44637001720317,25.380808715753204],[-107.44644547045111,25.38087912153287],[-107.44652074321064,25.38094508871028],[-107.44659601599193,25.381011055788793],[-107.44663744310745,25.381108866882453],[-107.44664024101743,25.381247762756434],[-107.44667679436051,25.381345642129887],[-107.44675206718685,25.381411608873638],[-107.44686614978522,25.381445564487336],[-107.4470140781655,25.381443127865452],[-107.44712816087852,25.381477083177927],[-107.44720352409053,25.381542951013508],[-107.44727879706893,25.381608917195177],[-107.44735407006907,25.38167488327794],[-107.44742943334637,25.38174083827633],[-107.44750470638999,25.381806804161215],[-107.44750606022191,25.38187398325573],[-107.44743349484098,25.38194237561886],[-107.44736092948023,25.38201076796176],[-107.44728836413968,25.382083620723506],[-107.44721579881934,25.38215210048581],[-107.44714323351917,25.382220492768294],[-107.44707057798391,25.382288896015933],[-107.44699801272417,25.38235728825789],[-107.4469606470386,25.38246092793452],[-107.44696335469679,25.38259528612558],[-107.44700478187067,25.382693183685475],[-107.44708014504702,25.382763598924694],[-107.44715550824515,25.382829553629303],[-107.44723078120968,25.38289551922057],[-107.44727220842607,25.38299341644915],[-107.44727500634288,25.38313222368617],[-107.44731146951956,25.383230200240888],[-107.44738683278455,25.383296154511438],[-107.44746219607133,25.383366569101476],[-107.4475374691244,25.383432534157794],[-107.44758313839742,25.383736405442924],[-107.44759405931171,25.384278283774137],[-107.44756075503732,25.384583458627596],[-107.4474880993857,25.384651862182476],[-107.44741553400975,25.38472034218947],[-107.447342968654,25.384788734717368],[-107.44731183054112,25.38495948392201],[-107.44731724586484,25.38522819775277],[-107.44735524338938,25.38539779016414],[-107.44743051641159,25.385463754315627],[-107.44754468956229,25.385497696007604],[-107.447692528072,25.38549517980769],[-107.44780661108186,25.385524671802216],[-107.44788188423436,25.385590635492715],[-107.4479184377515,25.3856930599411],[-107.44792114541964,25.385827416248134],[-107.44796266300132,25.38592976101683],[-107.4480380264545,25.385995713382975],[-107.4481132996738,25.386061676637368],[-107.44818866317053,25.386127628805436],[-107.4482301807948,25.386229973233682],[-107.44823288846617,25.38636432914536],[-107.44819552260364,25.386467968015484],[-107.44812286677518,25.38653637191918],[-107.44793621810615,25.386570813285743],[-107.44764036038318,25.38657578182517],[-107.44745235822785,25.38654759225354],[-107.44737708519935,25.386481628654646],[-107.44730172193717,25.38641121556419],[-107.44722635869678,25.386345262751963],[-107.44715243956361,25.386346477097465],[-107.44707987428109,25.386414869646558],[-107.44700730901874,25.38648772255894],[-107.44693474377661,25.386556202526307],[-107.4466740867053,25.386591867315122],[-107.44622542862399,25.386599340011713],[-107.44596486251683,25.3866395402623],[-107.44589220730997,25.386707943408915],[-107.44581964237825,25.386776335549282],[-107.44574707746672,25.386844727669388],[-107.44563434918031,25.386882412714186],[-107.44548651183776,25.386884927166932],[-107.44537233958847,25.386850983994826],[-107.44529706716058,25.386785018708647],[-107.44522179475442,25.38671905332354],[-107.44514643211537,25.38665309882492],[-107.4450711597527,25.3865871332419],[-107.4449957971572,25.386521266004387],[-107.44492043458351,25.386450763329677],[-107.44484019828647,25.386384964331363],[-107.44476627982998,25.386386177224153],[-107.44469362495727,25.386454579940132],[-107.44462115061374,25.386527421089745],[-107.44454858603592,25.386595900239783],[-107.4444759312239,25.38666430289516],[-107.44440336668654,25.38673269454533],[-107.44433071191503,25.386801097160077],[-107.44425814741811,25.38686948876966],[-107.4431741950877,25.386923398139526],[-107.44108879540731,25.386958004261217],[-107.44000837613088,25.386940089672873],[-107.43993301500039,25.386874130676443],[-107.43985774414455,25.386808160599283],[-107.43978247331047,25.386742190423217],[-107.43966830356173,25.386708328444723],[-107.43952037935306,25.386710759002405],[-107.4394063902246,25.38668124781009],[-107.43933111952109,25.386615277173107],[-107.43925566833411,25.38654486788398],[-107.43918039767418,25.386478897046846],[-107.43906640869466,25.386449472830538],[-107.43891848482812,25.38645190250416],[-107.43881063312976,25.386485053254916],[-107.43873310628801,25.386553522119726],[-107.43866063360352,25.38662644879168],[-107.43858798043448,25.386694849419218],[-107.43851541753806,25.38676323904571],[-107.43844276440956,25.386831639632586],[-107.43837020155364,25.386900029218463],[-107.4382975484657,25.38696842976467],[-107.43781515052677,25.387012339278115],[-107.43691786566433,25.387027218478426],[-107.43643528978095,25.3870665092382],[-107.43636272748505,25.387134898149377],[-107.43629007495784,25.38720338548141],[-107.43621760295403,25.38727622393039],[-107.43610478854247,25.387309451928655],[-107.43595695661162,25.38731186746967],[-107.43584287879327,25.387282451235546],[-107.43576751886951,25.38721202816115],[-107.43569224921897,25.38714605457287],[-107.43561688933887,25.387080091864426],[-107.43554161973195,25.38701411807827],[-107.43546625989549,25.386948155171797],[-107.43539099033217,25.38688226865006],[-107.43531075697271,25.386816373607175],[-107.43523548745442,25.386750399421047],[-107.43516012770672,25.386684436114297],[-107.43508476798088,25.38661401212243],[-107.435009498528,25.386548037637255],[-107.43493413884582,25.386482161493813],[-107.43485886943655,25.386416186810813],[-107.4347836000491,25.386350212028912],[-107.4347082404324,25.386284248125964],[-107.43459416316199,25.38625028195425],[-107.43444624183924,25.38625279348888],[-107.43433225493472,25.38622327664284],[-107.43425689544888,25.38615731227867],[-107.43418162623574,25.386091336838053],[-107.4341063570444,25.386025448761494],[-107.43399218978739,25.385991492773986],[-107.43384435905796,25.38599390498466],[-107.43373019191604,25.38595994869576],[-107.43365492285545,25.385893972693122],[-107.43357956356603,25.38582809503168],[-107.43350429454905,25.38576211883123],[-107.43339030805768,25.385732600721333],[-107.43324238742012,25.385735110488493],[-107.43312831079317,25.385701142429447],[-107.43305295165646,25.385635176744692],[-107.43297768279206,25.3855691999845],[-107.43290241394942,25.385503223125436],[-107.43282705487823,25.38543725714371],[-107.43275169582891,25.385366830419812],[-107.43271027092368,25.3852690112557],[-107.43270756341377,25.38513464651671],[-107.43267101203266,25.38503221117963],[-107.4325956530286,25.38496624476169],[-107.4325155107824,25.384900335181797],[-107.43244015182344,25.384834368561584],[-107.43236479288633,25.38476394118432],[-107.43228952422129,25.384698050852165],[-107.43202752806683,25.38467096207614],[-107.43158385898458,25.38467829813221],[-107.43132321728963,25.384714017355392],[-107.43125056617127,25.384782415321364],[-107.43117313183396,25.384855330827023],[-107.43110048075759,25.384923728750945],[-107.43099272255255,25.384956861994567],[-107.43083983954774,25.384959447205663],[-107.43073208145087,25.3849970409416],[-107.4306595207475,25.3850654277486],[-107.43058686981482,25.38513382550985],[-107.43050934542585,25.38520237855242],[-107.43043678478472,25.385270765296813],[-107.43036413391435,25.385339162995358],[-107.43029157331381,25.385407549699124],[-107.43021901273355,25.38548039706762],[-107.43014645217355,25.385548783731103],[-107.43007380138442,25.385617268813043],[-107.43000124086501,25.385685655435896],[-107.42992859011652,25.385754053012736],[-107.42985106592408,25.385822518391326],[-107.42977841521763,25.385890915925756],[-107.42970585478076,25.385959302465658],[-107.42963320411494,25.386027699959406],[-107.42956073396789,25.386100623636814],[-107.42948808334266,25.38616902109021],[-107.42941552298696,25.38623740754919],[-107.42934287240237,25.386305804961882],[-107.42923015122506,25.386339016056944],[-107.42908223295692,25.386341433593888],[-107.42896951189277,25.38637919264698],[-107.42889695168202,25.38644757894183],[-107.42882430124257,25.386515976190097],[-107.42875174107242,25.386584362444303],[-107.42867909067361,25.38665275965187],[-107.42860653054404,25.386721145865433],[-107.42853397043476,25.38679408021917],[-107.42845644665883,25.386862545150883],[-107.42838388659152,25.386930931302135],[-107.42831123629568,25.386999328406578],[-107.42823858602019,25.38706772549066],[-107.42816602601378,25.387136111580926],[-107.42809337577894,25.38720450862429],[-107.42802081581313,25.3872728946739],[-107.42794816561893,25.387341379141226],[-107.42787569594238,25.387414214875477],[-107.42776288515364,25.38744743611442],[-107.42761496772175,25.387449852471356],[-107.4275023375434,25.38748759973203],[-107.42742968749438,25.387555996570544],[-107.42739367834719,25.38772682028643],[-107.42739900300772,25.387995564206367],[-107.42744187104155,25.388165106306545],[-107.42751722854977,25.388231075702894],[-107.4275924958313,25.38829696850907],[-107.42766776313469,25.38836294868094],[-107.42771198494181,25.388599673260362],[-107.42772010731538,25.389007231648552],[-107.42768545185663,25.389245237572265],[-107.42761280175633,25.38931363459425],[-107.4275402419249,25.38938202062215],[-107.42746759186525,25.389450417603403],[-107.42739503207443,25.38951880359063],[-107.42732238205545,25.389587287995415],[-107.42724982230523,25.389655673941963],[-107.42717220866453,25.389724149601104],[-107.42713980948882,25.389827710925573],[-107.42714251694068,25.389962076674415],[-107.4271050638592,25.390065727693027],[-107.42703250416976,25.390134113597313],[-107.42695985425229,25.390202510454806],[-107.42688729460345,25.3902708963184],[-107.42684984155883,25.390374547304482],[-107.42685254900766,25.390508912977594],[-107.42682014987187,25.390612474189947],[-107.42674750001386,25.390680958471034],[-107.4266748501762,25.390749355267552],[-107.42660229060708,25.390817741070194],[-107.42652476740827,25.390886205607057],[-107.42645211763298,25.390954602340745],[-107.42637955812617,25.391022988080657],[-107.42630690839155,25.391091384773585],[-107.42623434892533,25.39116431861225],[-107.42616178947945,25.391232704291426],[-107.42608913980581,25.391301100923528],[-107.42601658040054,25.391369486562],[-107.42594393076757,25.391437883153337],[-107.42586640776553,25.391506347490186],[-107.42575865173364,25.391543939413438],[-107.42561073544454,25.391546443069576],[-107.42549792564073,25.391579663827486],[-107.42542536640084,25.3916480492813],[-107.42535271693347,25.39171644568765],[-107.42528015773422,25.391789291783756],[-107.42516743832192,25.391822501379483],[-107.42501952237001,25.391825004465975],[-107.424906803071,25.39186267454941],[-107.42483424399651,25.391931059818905],[-107.42476159469476,25.391999456040587],[-107.42468894541335,25.39206785224187],[-107.42461638639983,25.39213623745026],[-107.42454373715911,25.39220472107527],[-107.42446621457563,25.39227318493875],[-107.424393565377,25.392341581056776],[-107.4241330211513,25.392381654677457],[-107.42368927531906,25.3923889855975],[-107.42342864155407,25.392429156270044],[-107.42335608289328,25.39249754106896],[-107.42335743659943,25.392564724402963],[-107.42343270267374,25.39263070621316],[-107.4235079687699,25.392696687924452],[-107.42358332513506,25.392762571100228],[-107.42362610229102,25.392932124750804],[-107.4236315171214,25.39320085733965],[-107.42359541825438,25.393371691185816],[-107.4235228595469,25.393440076106042],[-107.42345021061261,25.39350847197798],[-107.42337765194578,25.393576856857457],[-107.42334426052633,25.39388205677829],[-107.42335509017542,25.394423981395974],[-107.4234005747065,25.39472789987732],[-107.42347593104044,25.394793869612368],[-107.42355119714914,25.39485985022092],[-107.42362664377404,25.39493026945341],[-107.42366797698217,25.395028189166503],[-107.42367068439778,25.39516246711393],[-107.42370723451128,25.39526490412559],[-107.42378259093435,25.395330873325236],[-107.4238578571321,25.39539685339879],[-107.42393808695208,25.395462754639606],[-107.42401353368959,25.39553317321799],[-107.42408879995436,25.39559915298811],[-107.424164066241,25.395665132659314],[-107.42423942279687,25.39573101379462],[-107.42429167603831,25.396370840975422],[-107.42431604283843,25.3975890406577],[-107.42428941985322,25.39823460663993],[-107.42421686095152,25.39830299212789],[-107.42414421182275,25.398371388569547],[-107.42407156271433,25.398439784990767],[-107.42403690774309,25.398677787526683],[-107.42404503000157,25.399085426405158],[-107.42408925119103,25.399322058511807],[-107.4241645174778,25.39938803634962],[-107.4242398740338,25.399454003114],[-107.42431514036431,25.399519980753876],[-107.42435800788844,25.399689518049634],[-107.42436333248669,25.39995825508504],[-107.42440132665689,25.400127859896717],[-107.42447659303426,25.4001938370622],[-107.42455185943348,25.400259814128763],[-107.42462721610205,25.400325692659045],[-107.4247074461601,25.400391590669468],[-107.4247828028739,25.40046201703186],[-107.4248919122145,25.40049160443054],[-107.42504479171518,25.400489105236122],[-107.42515399141372,25.40052314194168],[-107.42522925800955,25.40058911824806],[-107.42527618683336,25.4009601095715],[-107.42528972399566,25.401636379658576],[-107.42533168920326,25.402007535859955],[-107.42541191947927,25.402073432359394],[-107.42548718614997,25.40213940767443],[-107.42556254309035,25.402205371914224],[-107.42563790005262,25.402275796587524],[-107.42571316678891,25.402341771603375],[-107.42578852379495,25.402407735543754],[-107.42586379057494,25.402473710361633],[-107.4259053046356,25.402576063555422],[-107.42590801207457,25.40271042455455],[-107.42587055917133,25.402809612914258],[-107.42579790957927,25.40287801023157],[-107.42572535025546,25.402950857073552],[-107.42565279095196,25.40301924337365],[-107.4255801414209,25.403087640629916],[-107.42550749191018,25.40315603786572],[-107.42543493266761,25.40322442410453],[-107.4253574098177,25.403292976723943],[-107.42528476036941,25.403361373896704],[-107.42521211094143,25.40342977104899],[-107.42513955178151,25.403498157204407],[-107.4250669926419,25.40357100386394],[-107.42502953986013,25.403670192140243],[-107.42503215704228,25.40380456412161],[-107.42499975813391,25.403908122970535],[-107.42492710878577,25.403976520061295],[-107.424854459458,25.40404491713158],[-107.42478190039816,25.40411330320505],[-107.42474444765756,25.4042170393946],[-107.4247471550844,25.40435140032024],[-107.42470979259637,25.40445503803308],[-107.42463714332949,25.404523435060582],[-107.42456458433045,25.404591821091262],[-107.42449193510427,25.40466021807784],[-107.42441928589842,25.40472861504394],[-107.42434681720778,25.404801450556967],[-107.4242741680426,25.40486984748247],[-107.42420151889777,25.40493833184868],[-107.424164066241,25.40503743249941],[-107.42416686390915,25.405176330390887],[-107.42413428461418,25.405275450516147],[-107.42405676215313,25.405343915348688],[-107.42398420331652,25.405416761751997],[-107.42391155425295,25.405485158593713],[-107.42383899545699,25.405553544438828],[-107.4237663464341,25.405621941239602],[-107.42365353743274,25.405655165142907],[-107.4235056223445,25.405657586654513],[-107.42339290370367,25.405695347366063],[-107.42332034505287,25.405763733046527],[-107.42324769617535,25.405832129682345],[-107.4231750473182,25.405900526297682],[-107.4231023984814,25.40596892289252],[-107.42302993015889,25.40604175804082],[-107.42295728136277,25.406110242056332],[-107.42288463258701,25.40617863859008],[-107.4228120740785,25.406247024127737],[-107.42273446176601,25.406315499509017],[-107.42266181305271,25.406383895979616],[-107.42258925460659,25.406452281454207],[-107.42195879115249,25.40649851825182],[-107.42076546322318,25.40651812848217],[-107.42013491396118,25.40655990653995],[-107.42006226597678,25.406628302129192],[-107.42002490416418,25.406731939837417],[-107.42002761154171,25.406866302232096],[-107.41999015948821,25.406970038336944],[-107.4199176017903,25.407038422929944],[-107.41980975798585,25.407076025943383],[-107.41965697181922,25.407078511332333],[-107.41954903787753,25.40711166456362],[-107.41947648030322,25.407180049014038],[-107.41940383250352,25.407248444417498],[-107.41932631145777,25.407316907593813],[-107.41921846789953,25.407354510241895],[-107.41907055534332,25.40735701472048],[-107.4189578386321,25.407394684966512],[-107.41888528122342,25.407463069232055],[-107.41881263358961,25.407531464450297],[-107.41873998597616,25.407599859648037],[-107.41866246512915,25.407668322598244],[-107.41858981755784,25.40773671775329],[-107.41851717000692,25.40780511288783],[-107.41844452247639,25.407873508001877],[-107.41837196521158,25.407941892122437],[-107.4182994079671,25.408014824263937],[-107.41822676049767,25.40808321931681],[-107.41815411304863,25.408151614349176],[-107.41804139673636,25.408184823533325],[-107.41789339460743,25.408187250541612],[-107.4177806784087,25.408224920109884],[-107.41770812132995,25.40829330402505],[-107.41763547402644,25.408361786354803],[-107.41756282674335,25.408430181201588],[-107.41749017948064,25.40849857602786],[-107.41741762248331,25.408566959861144],[-107.41734010203228,25.40863988297053],[-107.41726745483207,25.408708277733904],[-107.4171948978972,25.40877666150438],[-107.41712225073775,25.408845056226763],[-107.41704960359868,25.40891345092862],[-107.41697695648001,25.408981845609972],[-107.41671632946932,25.40902201721706],[-107.41626763288993,25.409029339979618],[-107.41601178955305,25.409064992867638],[-107.41593426952316,25.40913345489013],[-107.41586162271759,25.409201849200898],[-107.41578906617688,25.40927469312421],[-107.4156812240924,25.409307833067157],[-107.41552835011828,25.40931032548043],[-107.41542059838679,25.409347914870974],[-107.41534795172547,25.409416309018635],[-107.41527043189447,25.40948485827784],[-107.41519778527532,25.409553252382768],[-107.41512513867657,25.40962164646718],[-107.41505249209821,25.409690040531064],[-107.41497984554027,25.409758434574425],[-107.41490728924688,25.409826817626175],[-107.41479457434883,25.409864485327596],[-107.41464657407694,25.409866909286666],[-107.41453394953652,25.409904653284784],[-107.4144613031242,25.409973047163337],[-107.41443152261326,25.41021098108809],[-107.41443955432648,25.410613996183475],[-107.41440481040028,25.41085200835401],[-107.41433216402424,25.410920402251232],[-107.41407153967788,25.410960570195385],[-107.41362275744211,25.41096798482929],[-107.4133670069648,25.411003535672233],[-107.41328939748396,25.41107200780951],[-107.41321675142125,25.411140401336016],[-107.413144285866,25.411213233524546],[-107.41303635464077,25.411246382990345],[-107.41288348222997,25.411248873167622],[-107.4127757316004,25.411286461130487],[-107.41270308568203,25.411354941957118],[-107.4126255666438,25.41142340289771],[-107.41255292076761,25.411491796218293],[-107.41244517027583,25.41152938400288],[-107.41229717134857,25.41153180600706],[-107.41218436734505,25.411565022497257],[-107.41211181183601,25.411633404705167],[-107.41203916610421,25.411701797862214],[-107.4119665203928,25.411770190998727],[-107.41170589843098,25.411810354892413],[-107.41125712030167,25.41181767469032],[-107.4109950551709,25.411786117486006],[-107.41091970247071,25.41172014510094],[-107.41084444003522,25.411654249111862],[-107.41076908737894,25.4115882765287],[-107.4105811119262,25.411559957749464],[-107.41028520653379,25.41156478606155],[-107.41009849482744,25.41159928706322],[-107.41002584966157,25.411667679522253],[-107.40995320451611,25.411736071960743],[-107.40987568630271,25.41180453187212],[-107.40980313144183,25.411877373970793],[-107.40973048635902,25.411945766346285],[-107.40969790888131,25.412044886794487],[-107.40970070639308,25.412183702179842],[-107.40966316559243,25.41228290104968],[-107.40959052054897,25.412351293403805],[-107.40951787552594,25.412419685737394],[-107.40944532076556,25.412492527751066],[-107.40937276602556,25.412560909075882],[-107.40930012106377,25.412629301348165],[-107.40922251280416,25.4126977720513],[-107.40914986788461,25.412766164280768],[-107.4090772229855,25.412834556489685],[-107.4090046683489,25.412902937710204],[-107.40859605256709,25.4129455148396],[-107.40785137723519,25.412957736330725],[-107.40744276327815,25.412995761623623],[-107.40737011885922,25.41306415325779],[-107.40729756470222,25.413137082065834],[-107.40722492032414,25.413205473659215],[-107.40703812058868,25.41323989478584],[-107.40673734622617,25.41324478366546],[-107.40655560035158,25.413283575507098],[-107.4064779929168,25.413352045204313],[-107.40640534876935,25.41342043652871],[-107.40633270464235,25.413488827832534],[-107.40607208836485,25.413528981812174],[-107.40562828327354,25.41353620521349],[-107.4053662238545,25.41350472434614],[-107.40529087279673,25.41343874783664],[-107.40521561200167,25.413372760262767],[-107.40513529774819,25.413306861849485],[-107.4048782020644,25.413275213840674],[-107.40442943580017,25.413282598146328],[-107.40416882144476,25.41332266062287],[-107.40409617794731,25.413391051147112],[-107.40402353447033,25.41345944165078],[-107.40395089101379,25.41352783213388],[-107.40387824757771,25.413596222596418],[-107.4038006409481,25.41366469128442],[-107.40372799755434,25.413733081704102],[-107.40365544442122,25.413806009354083],[-107.40358280106834,25.413874399732958],[-107.40351024797606,25.41394277912702],[-107.40343760466406,25.414011169464775],[-107.40336496137255,25.414079559781957],[-107.40329231810146,25.41414795007857],[-107.40321967485083,25.41421634035461],[-107.40314703162068,25.414284730610067],[-107.40306942521106,25.414353199073783],[-107.40299687226319,25.414426039074538],[-107.40292422909577,25.414494429266888],[-107.40289706687322,25.41486674718314],[-107.40291051262423,25.415543058982195],[-107.4028784774468,25.415915355633857],[-107.40280583431274,25.415983745884],[-107.40273319119913,25.416052136113557],[-107.40266054810598,25.416120526322537],[-107.40258790503333,25.41618891651093],[-107.4025152619811,25.416257306678723],[-107.40240255249088,25.416295053976548],[-107.40225455931993,25.41629746630616],[-107.40214184994367,25.416335125942975],[-107.4020692070171,25.416403515966238],[-107.40199656411099,25.41647190596891],[-107.40192392122536,25.416540295950977],[-107.40185127836017,25.416608685912465],[-107.40177376258004,25.416677143108547],[-107.40170111975716,25.41674553302717],[-107.40162847695476,25.416813922925204],[-107.40155583417283,25.416882312802645],[-107.40148328165078,25.416955239904368],[-107.40141063890975,25.417023629740953],[-107.40133799618918,25.41709201955694],[-107.40126535348908,25.417160409352338],[-107.40119271080945,25.417228799127127],[-107.40115526148571,25.417332447513285],[-107.40115796866557,25.417466815533256],[-107.40112051934688,25.41757046387991],[-107.40104787670806,25.41763885363174],[-107.4009752340897,25.417707243362972],[-107.40090259149183,25.417775633073603],[-107.40087145895615,25.417946387159635],[-107.40087678307069,25.41821504641931],[-107.40084068738109,25.418385878547703],[-107.40076804482112,25.41845426825665],[-107.40069540228163,25.418522657944987],[-107.4006227597626,25.41859104761273],[-107.40058531052166,25.418694695803886],[-107.40058801769553,25.41882906354796],[-107.4006295276983,25.418931427653234],[-107.40070478715515,25.418997416533802],[-107.40078013687317,25.41906339435151],[-107.40085539637398,25.41912938303407],[-107.40085674996233,25.419196566747974],[-107.40078410739784,25.419264956515992],[-107.40071146485381,25.419333346263407],[-107.40063882233027,25.41940173599022],[-107.4005662700663,25.4194745754564],[-107.40048866443342,25.419543043362182],[-107.40041602197266,25.419611433025775],[-107.40034337953236,25.41967982266875],[-107.40031089347875,25.41978339247233],[-107.40031360064972,25.41991775989842],[-107.40027606121468,25.42001695812148],[-107.40020350905283,25.420089797500534],[-107.40013086667243,25.42015818710157],[-107.4000582243125,25.420226576681983],[-107.39998558197306,25.420294966241784],[-107.39991293965407,25.420363355780964],[-107.39980023130155,25.420401014827863],[-107.39965232986329,25.420403502758177],[-107.39953944114721,25.420436722808375],[-107.399466798954,25.420505112202605],[-107.39939415678126,25.42057350157621],[-107.39932151462898,25.420641803463926],[-107.39924896273585,25.420714730027438],[-107.3991763206245,25.420783119339514],[-107.39913887159373,25.420882306532103],[-107.3991415787524,25.421021134844878],[-107.3991041297267,25.4211203220006],[-107.39903148765617,25.42118871128929],[-107.39895875536757,25.421257111520635],[-107.3988862035766,25.421329950531668],[-107.39885498104596,25.42149625418921],[-107.39886039535736,25.421769449803335],[-107.39882429995016,25.42194028124829],[-107.39875165795854,25.422008670494154],[-107.39867901598741,25.422077059719395],[-107.39860637403675,25.422145448924006],[-107.3985743393942,25.42251774374084],[-107.39858769468132,25.42319406173292],[-107.3986345284301,25.42356516979398],[-107.39870978730436,25.4236311581494],[-107.39878513643909,25.42369713544192],[-107.39886039535736,25.42376303613471],[-107.39886183917375,25.423834756586654],[-107.39878919717154,25.423903145970034],[-107.39871655518981,25.423971535332768],[-107.39864391322857,25.424039924674865],[-107.3985712712878,25.424108313996324],[-107.3984936662557,25.424176781521734],[-107.3983859216336,25.4242143624144],[-107.39823793076884,25.42421677423789],[-107.3981251329107,25.424249983423763],[-107.39805249111623,25.424318372579535],[-107.39797984934222,25.42438676171468],[-107.39790729782689,25.424459600565843],[-107.3978296929948,25.42452806786381],[-107.39775705128363,25.424596456935625],[-107.39768440959293,25.424664845986797],[-107.39761176792273,25.424733235017328],[-107.39753912627299,25.424801624027204],[-107.39746648464377,25.424870013016438],[-107.39739384303502,25.42493840198502],[-107.39732111120877,25.425006801896235],[-107.39724855987897,25.425079640563112],[-107.39717104548329,25.425148096695104],[-107.39709840395786,25.425216485579707],[-107.39702567221505,25.425284885406818],[-107.39691783796914,25.425318015772916],[-107.39676497510712,25.42532049362087],[-107.39665714097036,25.4253581719698],[-107.39658449958989,25.425426560690376],[-107.39650689515636,25.425495027557698],[-107.39643425381827,25.425563416235246],[-107.39632651005765,25.42560099597763],[-107.39617355730906,25.425603484200856],[-107.39606572341997,25.42563661400484],[-107.39599317244385,25.425709452292047],[-107.39592053125068,25.425777840805903],[-107.39584292701726,25.42584630744572],[-107.39577028586649,25.42591469591655],[-107.3956976447362,25.425983084366738],[-107.3956250036264,25.426051472796253],[-107.39555227229975,25.42611987216748],[-107.39547963123097,25.42618826055566],[-107.3954069901827,25.42625664892318],[-107.3953344393922,25.42632948702599],[-107.39526179838488,25.426397875352503],[-107.39518419435004,25.42646634178946],[-107.39511155338512,25.426534730072948],[-107.39507906799129,25.426638299176147],[-107.3950817751073,25.426772666479522],[-107.3950442364347,25.42687186391904],[-107.39497168574643,25.426944701934296],[-107.39489904484148,25.427013090175542],[-107.39482640395703,25.427081478396136],[-107.39475376309308,25.427149866596057],[-107.39468103201257,25.427218265737395],[-107.39460839118964,25.427286653895955],[-107.39453575038722,25.427355042033845],[-107.39449830203125,25.427458689168006],[-107.39450100914112,25.42759305643187],[-107.39446356079021,25.427696703526287],[-107.39439092002866,25.427765091640865],[-107.39431827928762,25.42783347973477],[-107.39424563856706,25.427901867808004],[-107.39421450683595,25.428072620347447],[-107.39421974057599,25.428341376519032],[-107.39418364581927,25.42851220701566],[-107.39411100513672,25.428580595086633],[-107.39403836447468,25.428648983136924],[-107.39396572383313,25.428717371166552],[-107.39393233621594,25.429022568561276],[-107.39394298415824,25.42956443095421],[-107.3939144693307,25.42986956049247],[-107.39383695593881,25.42993801573717],[-107.3937642251174,25.43000641474347],[-107.39369167478993,25.430079339963292],[-107.39361903424624,25.430147640501637],[-107.39354639372307,25.430216028483876],[-107.39347375322039,25.430284416445428],[-107.39340111273822,25.4303528043863],[-107.39336501809632,25.43052363437922],[-107.39337034205569,25.43079237839971],[-107.39333912019389,25.430963141053425],[-107.39326647974971,25.43103152899191],[-107.3931888763165,25.43109999504544],[-107.39311623591475,25.431168382940832],[-107.39308375077279,25.43127195137523],[-107.39308645786778,25.431406317763987],[-107.3930490097227,25.431509964292584],[-107.39297636936044,25.431578352166248],[-107.3929037290187,25.431646740019218],[-107.39283099846102,25.431715138813654],[-107.39275835816034,25.431783526625207],[-107.39268571788013,25.43185191441606],[-107.39261307762044,25.431920302186214],[-107.39253556462059,25.43199321778647],[-107.39246292440329,25.432061605513837],[-107.39239028420651,25.432129993220514],[-107.3922823616663,25.43216313307391],[-107.39212950155724,25.43216560898965],[-107.39202166936256,25.432203198383085],[-107.39194902929039,25.432271585946218],[-107.39187142625455,25.43234005159333],[-107.39179878622481,25.43240843911335],[-107.39172614621556,25.432476826612668],[-107.39165341599083,25.432545225052877],[-107.39158086625862,25.43261806224419],[-107.39150822631092,25.4326864496817],[-107.39132143796817,25.432720860169066],[-107.39102546444684,25.43272567578028],[-107.39083876669044,25.432764622809657],[-107.39076612695234,25.432833009999783],[-107.39069348723476,25.432901309704373],[-107.3906208475377,25.432969696853085],[-107.39054811762556,25.433038094942027],[-107.39047060524803,25.433106549149652],[-107.39039787537837,25.433174947195408],[-107.39032532600035,25.433247871471217],[-107.3902526864073,25.43331625851497],[-107.39018004683476,25.43338464553801],[-107.3901813101315,25.433451752562284],[-107.39025665676961,25.43351773253713],[-107.39037080471253,25.43355171018979],[-107.39051879105389,25.433549302817568],[-107.39063284887753,25.433578830431944],[-107.3907081054123,25.433644820906398],[-107.39078345220479,25.4337108003205],[-107.39085879901934,25.43377677963546],[-107.39097294722956,25.43381075649379],[-107.3911208436816,25.433808359197982],[-107.39123011927221,25.433842402899415],[-107.39131033895498,25.43390831460579],[-107.39135085486727,25.434212316645436],[-107.39136159293862,25.434754252152228],[-107.39140707183407,25.43505808758133],[-107.39148241883133,25.43512406567955],[-107.39155767561469,25.435190054640927],[-107.39163302265608,25.435256032540874],[-107.39167579451933,25.43542558908965],[-107.39168111844373,25.435694330717276],[-107.39164502404316,25.435865159209442],[-107.39157238407732,25.43593354687982],[-107.39149974413202,25.436001934529482],[-107.39142710420722,25.43607032215842],[-107.39135437406706,25.436138720729126],[-107.39127677121067,25.43620718646927],[-107.39116902960932,25.436244765448286],[-107.39102104289377,25.436247175126994],[-107.39090824819824,25.43628038236966],[-107.39083560844053,25.436353230467574],[-107.39076296870331,25.436421617889295],[-107.39069032898664,25.436490005290292],[-107.39061768929047,25.436558392670566],[-107.39054008665637,25.436626858160288],[-107.39050886513809,25.436797619516025],[-107.39051418903834,25.437066361217948],[-107.39047809480152,25.43723718957903],[-107.39040545516531,25.437305576934154],[-107.39033281554963,25.437373964268538],[-107.39026017595445,25.437442351582202],[-107.3902480843965,25.438831342219817],[-107.390301503821,25.441536554353394],[-107.39029437521471,25.442925448964072],[-107.3902217356304,25.442993836622374],[-107.39014909606661,25.443062224259926],[-107.39007654675878,25.443135061487187],[-107.39003900881652,25.44323425654465],[-107.39004162564405,25.443368630392214],[-107.39000417794227,25.44347227502005],[-107.38993153843995,25.44354066261299],[-107.38985889895814,25.44360905018516],[-107.38978625949687,25.443677437736564],[-107.3897135298208,25.44374583623088],[-107.38964098063587,25.4438186733492],[-107.38956834123616,25.443887060838577],[-107.38949570185699,25.443955448307193],[-107.3894581639995,25.444054643266114],[-107.38946087105636,25.444193466678637],[-107.38942829614086,25.44429258337233],[-107.38935069386575,25.44436104904464],[-107.38927814478323,25.444433886074453],[-107.38920550548605,25.44450227347765],[-107.38917825447551,25.44487458713163],[-107.38919160927502,25.44555088222088],[-107.38923347838067,25.445922055686623],[-107.38930882474101,25.44598803033214],[-107.38938417112342,25.446054004878434],[-107.38946439023029,25.44611991202612],[-107.3895397366583,25.44618588636973],[-107.38961508310841,25.446256321152685],[-107.38969042958058,25.446322295295655],[-107.38976577607484,25.4463882693394],[-107.38984103235583,25.446454254248557],[-107.38991637889423,25.446520228093945],[-107.39003052668608,25.446554199054194],[-107.39017851283158,25.44655178483177],[-107.3902925705043,25.446581305932792],[-107.39036791717501,25.446647279316387],[-107.39040581610756,25.446816896590374],[-107.39041114000567,25.447085629784173],[-107.3904539116657,25.447255179359633],[-107.3905292583837,25.447321152267175],[-107.39060460512378,25.447387125075497],[-107.39068004212157,25.447457547322678],[-107.39075529867014,25.44752353089589],[-107.39083560844053,25.447589425056556],[-107.39091086503463,25.447655408427195],[-107.39098621188651,25.447721380732922],[-107.39102808128442,25.44809254815048],[-107.39104143617999,25.448768831268737],[-107.39101427521064,25.44914112723271],[-107.39094163542296,25.44920951553895],[-107.3908689054201,25.449277914790613],[-107.39079139294587,25.44935091840371],[-107.39076693907353,25.44985748628771],[-107.39078552762571,25.450802506838322],[-107.39075620102699,25.45131377538062],[-107.3906835613122,25.451382163736174],[-107.39061083138232,25.45145056303763],[-107.39053819170861,25.451518951351527],[-107.39050606783461,25.451891323412006],[-107.3905194227031,25.452567599698302],[-107.39049226178886,25.45293989225162],[-107.39041962214866,25.45300828061933],[-107.39034698252895,25.453081129396963],[-107.39027434292979,25.453149517723315],[-107.3902756964625,25.453216696972657],[-107.39035095289275,25.453282678053267],[-107.39042629958055,25.453348648067596],[-107.39050164629047,25.45341461798268],[-107.39053819170861,25.453517051450934],[-107.39054089877683,25.453651409634432],[-107.39050832372452,25.453754984875477],[-107.39043568407976,25.453823373300647],[-107.39032288964098,25.453856585828817],[-107.39017490341239,25.45385900431173],[-107.39006210908803,25.453896677062566],[-107.38998946956934,25.453965065342093],[-107.38991673983577,25.45403346456782],[-107.38984410035815,25.454101852805657],[-107.38977146090106,25.454170241022673],[-107.38969873122916,25.454238552726473],[-107.38962618204843,25.454311477820045],[-107.38954857971359,25.454379944397065],[-107.38929267264514,25.45441541918017],[-107.38884375306822,25.45442274961564],[-107.38858306425064,25.45446282737351],[-107.38851033491498,25.454531226142564],[-107.38843769583478,25.454599613924564],[-107.38836496654027,25.45466801265186],[-107.38825226324491,25.454705673241513],[-107.38810427820832,25.454708089651703],[-107.38799139455784,25.4547413115295],[-107.38791875562433,25.454809699144967],[-107.38784611671133,25.454877999279834],[-107.38777347781887,25.45495093476193],[-107.3876606845483,25.454984145482925],[-107.3875126998524,25.454986473861126],[-107.38739990669629,25.455024232294306],[-107.38732726792998,25.45509253226283],[-107.38725453894975,25.45516093063587],[-107.38718190022452,25.45522931802256],[-107.38710926151983,25.455297705388418],[-107.38703653260131,25.45536610369882],[-107.38696389393772,25.455434491022963],[-107.38688629240677,25.455502956659668],[-107.38677846241139,25.455540548963985],[-107.38663047822362,25.455542964027643],[-107.38651768545483,25.45558063446917],[-107.38644504693795,25.455649021627057],[-107.38637231820745,25.455717419729122],[-107.38629967973168,25.4557858068453],[-107.38611280493994,25.45582023486795],[-107.38581187454946,25.455825054324244],[-107.38563005321004,25.455863852891238],[-107.38555741494417,25.455932239759367],[-107.38547981383813,25.456000704891352],[-107.38540717561474,25.45606909171607],[-107.38533444717814,25.456137489484362],[-107.38526180899588,25.45620587626736],[-107.38518917083415,25.456278723503566],[-107.38511653269299,25.456347110245147],[-107.38504389457236,25.456415496965874],[-107.38497116623863,25.45648389463002],[-107.38489852815913,25.45655228130902],[-107.38482092725216,25.456620746236297],[-107.38474819898158,25.456689143836044],[-107.38467556096515,25.456757530450737],[-107.38464307688992,25.456861094830536],[-107.38464569366249,25.45699546569926],[-107.38460824674715,25.457099108304323],[-107.3845356087703,25.457167494896456],[-107.38446297081403,25.457235881467735],[-107.38439024264483,25.457304278982257],[-107.38435279576673,25.457407921552303],[-107.3843555027698,25.457542281376384],[-107.38432292850162,25.457645856602547],[-107.3842502906055,25.45771424313035],[-107.38417268989446,25.457782707901455],[-107.38410005204082,25.45785109438583],[-107.38402732397444,25.457919404353166],[-107.38395468616196,25.45798779079579],[-107.38388195813673,25.458056188181516],[-107.38380941059862,25.458129024090134],[-107.38373677284778,25.458197410470447],[-107.3836640448843,25.458265807793776],[-107.3835914071746,25.458334194132338],[-107.3835138066627,25.45840265869861],[-107.38348123250134,25.458506233856166],[-107.3834839394952,25.45864059367341],[-107.3834464927493,25.458744236075255],[-107.38337376486808,25.458812633332453],[-107.38330112724051,25.458881019604906],[-107.38322848963351,25.458949405856497],[-107.38319230618724,25.45912023906282],[-107.38319762993588,25.45938896938098],[-107.38316649954291,25.459559713203486],[-107.383093771741,25.459628110415146],[-107.38302113419266,25.459696496642003],[-107.38294840643195,25.459764893811823],[-107.38291366675203,25.46000289558755],[-107.38292169748281,25.460410445252236],[-107.3828868675736,25.460648457611708],[-107.38281423008382,25.460716843831186],[-107.38274150238173,25.460785240993786],[-107.3826688649331,25.46085362717147],[-107.38263638111178,25.460957190977435],[-107.3826389978639,25.461091561152383],[-107.38260146100846,25.46119075369215],[-107.38252891383226,25.46126358933245],[-107.38245618621102,25.46133198643053],[-107.38238354884314,25.46140037254371],[-107.38236730695002,25.46258340116208],[-107.38241269402057,25.464885408494567],[-107.38240150515949,25.46606833492493],[-107.38232877757437,25.4661367322822],[-107.38225126767692,25.466209733874045],[-107.38217863036705,25.466278032764148],[-107.38214731963235,25.466444335656288],[-107.38215273359195,25.46671751017253],[-107.38219063131248,25.466887209250594],[-107.38226588537405,25.466953190698913],[-107.38234619249052,25.46701908272075],[-107.38242153683049,25.467085053000627],[-107.38249688119257,25.467151023181216],[-107.38257213534396,25.46721700422839],[-107.38264747975028,25.467282974210477],[-107.38272282417869,25.46734894409326],[-107.3827643312984,25.467451298172183],[-107.38276694805184,25.46758566546907],[-107.38280358260258,25.46768817428654],[-107.3828788368439,25.467754154796708],[-107.38295418134024,25.46782012424138],[-107.38302952585869,25.467886093586763],[-107.38307238652277,25.468055625154687],[-107.38307762003593,25.46832435883525],[-107.38304152684391,25.468495177389453],[-107.38296888931038,25.46856356415538],[-107.38289616156446,25.46863196186695],[-107.38282361430494,25.468704797964662],[-107.38282487756551,25.46877198681652],[-107.38290022204602,25.46883795580405],[-107.38297556654862,25.468903924692295],[-107.38305091107335,25.468969893481237],[-107.38309241824612,25.46907233399525],[-107.3830950350029,25.46920670041422],[-107.3831365421828,25.469309053324217],[-107.3832118867548,25.469375021769952],[-107.38328723134889,25.469440990116382],[-107.38336257596511,25.469506958363517],[-107.38343783037033,25.469572937478578],[-107.38351317503073,25.46963890552717],[-107.38358851971327,25.469704873476463],[-107.38366386441793,25.46977084132645],[-107.38373920914468,25.469836809077133],[-107.38381951672211,25.46990724601527],[-107.38389486149455,25.46997321356074],[-107.38397020628909,25.470039181006896],[-107.38404555110577,25.470105148353753],[-107.38412089594455,25.470171115601296],[-107.38419624080545,25.470237082749534],[-107.38427149545504,25.470303060766522],[-107.38434684036011,25.470369115172907],[-107.38442218528732,25.470435082023243],[-107.38450258331186,25.470505419576295],[-107.38457783805124,25.470571397189744],[-107.384619706405,25.470942545661075],[-107.38463306096756,25.471618883832964],[-107.38460590067552,25.47199116312064],[-107.38453317246585,25.472059561616522],[-107.3844555716693,25.472128027667345],[-107.38438293373565,25.47219641515081],[-107.38435171296553,25.472367164121664],[-107.3843570367382,25.472635881725285],[-107.38432094336629,25.472806698105217],[-107.38424821523733,25.47287509655311],[-107.38417557736234,25.472943484011182],[-107.3841029395079,25.47301633170608],[-107.38407081643847,25.47338868868585],[-107.38408417097246,25.474065022999195],[-107.38405692050517,25.474437311296015],[-107.38398428268431,25.474505698784963],[-107.38391155465072,25.47457409722208],[-107.38383395404206,25.474642475779564],[-107.38380147007331,25.47474612411462],[-107.3838040868373,25.47488048769383],[-107.3837666400447,25.47498412709854],[-107.38369400230597,25.475052514520737],[-107.38362127435461,25.475120912891075],[-107.38354863665701,25.47518921281572],[-107.38351516015982,25.475494479379797],[-107.38352580767058,25.476036370939873],[-107.38357128517916,25.476340259386593],[-107.38364662987874,25.476406223959035],[-107.38372197460043,25.476472275887346],[-107.38379731934425,25.47653824026108],[-107.38387266411019,25.476604204535473],[-107.38395297172936,25.476670090101663],[-107.3840621540384,25.47670412976459],[-107.38421022697966,25.476701782524735],[-107.3843243722364,25.476735743276702],[-107.38439971715701,25.47680170698724],[-107.3844411343144,25.476899606048466],[-107.38444393155186,25.477038406605068],[-107.38448038587495,25.477136384163316],[-107.38455573084134,25.47720234753706],[-107.38463594844062,25.47726824313368],[-107.38471138368621,25.47733874297512],[-107.38478672872039,25.477404706044247],[-107.38486207377666,25.47747066901403],[-107.38493741885503,25.477536631884462],[-107.38501276395553,25.477602682110017],[-107.38505427144548,25.477705029559033],[-107.38505688822224,25.4778393911825],[-107.38509352309975,25.47794180619377],[-107.38516886824604,25.478007768625726],[-107.3852441231807,25.478073741929496],[-107.3853244312288,25.478139712924012],[-107.38539977644284,25.47820567505361],[-107.38547512167897,25.47827163708386],[-107.38555046693722,25.478337599014772],[-107.38562581221757,25.47840356084633],[-107.38570115752002,25.47846952257854],[-107.3857765930785,25.478540020845138],[-107.38585184819122,25.478605993348083],[-107.38592719355998,25.478671954779994],[-107.38596861096372,25.47876985186447],[-107.3859714082178,25.478908650734493],[-107.38601282562867,25.479006547676377],[-107.38608817104465,25.479072596220792],[-107.3861636067168,25.479143006376326],[-107.386238952177,25.47920896726601],[-107.38631420742519,25.47927493902865],[-107.38638955292957,25.47934098717322],[-107.38646489845605,25.47940694776487],[-107.38654024400462,25.479472908257165],[-107.38658175174143,25.47957525367519],[-107.38658445876797,25.479709602695017],[-107.38662100362913,25.479812114197667],[-107.38670131210773,25.47987799556831],[-107.38677656749135,25.47994396659054],[-107.38685191313137,25.48000992654065],[-107.38685326664604,25.480077100891055],[-107.38678062803427,25.48014548970053],[-107.38670789920877,25.480213889461904],[-107.38663029775515,25.480282357016694],[-107.38663165126869,25.480349531367356],[-107.3867119597506,25.480419872560173],[-107.38678730537166,25.480485832331013],[-107.38686265101478,25.480551879455533],[-107.38689910568118,25.480649853790933],[-107.38690190294541,25.480788651300593],[-107.3869433205063,25.480886546691615],[-107.38701866619519,25.480952506026156],[-107.38709410214057,25.481023001834767],[-107.38716944787367,25.481088960968258],[-107.38721357251089,25.48132566409478],[-107.38722151314168,25.481728729621263],[-107.38726076512714,25.481965587418358],[-107.38733611090913,25.482031545936294],[-107.38741145671321,25.48209750435487],[-107.38749176543888,25.48216338381613],[-107.3875363413042,25.482673406429694],[-107.38755501985734,25.483618415717054],[-107.38753056629287,25.484129572737988],[-107.38745296459076,25.48419804092762],[-107.38738032580945,25.484266430199863],[-107.3873075968142,25.48433483042569],[-107.38727511240609,25.48443838890868],[-107.38727772920548,25.48457274641549],[-107.38724019167196,25.484671934683316],[-107.38716764318521,25.48474477297656],[-107.38709491425016,25.48481317315802],[-107.38702227557006,25.48488156234386],[-107.38698473807386,25.48498075057573],[-107.38698744510465,25.485119557065712],[-107.38695487050268,25.48521866636633],[-107.38688214162786,25.48528706650309],[-107.38680959324223,25.485359904707398],[-107.38673199175787,25.485428372715795],[-107.38665926294614,25.48549677278799],[-107.38658653415501,25.485565172839113],[-107.38651389561865,25.485633474443002],[-107.38644116686868,25.485701874452],[-107.38636852837342,25.485770263465575],[-107.38629579966461,25.485838663432453],[-107.38622316121047,25.48590705240396],[-107.38615052277686,25.48597990139465],[-107.38611298540805,25.48607908949613],[-107.38611569242964,25.486213435937714],[-107.38607824529996,25.486317073064047],[-107.38600551667332,25.48638547296373],[-107.38593287830126,25.486453861868068],[-107.3858601497158,25.48652226172562],[-107.38578751138486,25.486595110625604],[-107.38571487307445,25.486663499467138],[-107.3856421445507,25.48673189926178],[-107.38556950628141,25.486800288061232],[-107.38553341273911,25.48697109832884],[-107.38553864630242,25.487239812945578],[-107.38558150738535,25.4874094159051],[-107.38565685267481,25.48747537320224],[-107.38573219798637,25.487541330399992],[-107.38580754332003,25.48760728749836],[-107.38585302123272,25.487911246746847],[-107.38586375907438,25.488453100504028],[-107.38583028227538,25.488758353914935],[-107.38575755371893,25.488826753879014],[-107.38568491541702,25.488895142847163],[-107.38561218690177,25.48896345531797],[-107.38553954864095,25.489031844244014],[-107.38546194754028,25.489104859512285],[-107.38538930932195,25.48917316094368],[-107.3853165808904,25.48924156077986],[-107.38528545024052,25.489412378701505],[-107.38529068379877,25.489681091458],[-107.38525459029565,25.489851900663172],[-107.38518195213598,25.48992028951947],[-107.38510922376315,25.489988689329497],[-107.38503649541092,25.490057089118423],[-107.38496385731294,25.49012547791153],[-107.38489112900187,25.49019379020726],[-107.38481352809714,25.49026225785754],[-107.38474089006223,25.49033519403956],[-107.38471905353899,25.490976154391447],[-107.38474305566794,25.492194396485402],[-107.3847903380639,25.492838751849018],[-107.38486568312122,25.492904707146064],[-107.38494599105098,25.492970583388402],[-107.38502133615398,25.493036625932483],[-107.38502268965904,25.493103797937316],[-107.3849499613313,25.493172197887567],[-107.3848723604088,25.493240578348423],[-107.38479963212366,25.493308978254728],[-107.38476850153644,25.49347979466185],[-107.38477382531775,25.493752953405284],[-107.3847376416537,25.493919312173297],[-107.38466500364025,25.49398770109864],[-107.38459236564735,25.49406054995553],[-107.38451963744151,25.49412894981464],[-107.38444699948974,25.49419733867703],[-107.38437427132507,25.494265738493922],[-107.384301543181,25.494334138289688],[-107.38422394245447,25.494402606041326],[-107.38419145843636,25.494506162855266],[-107.38419407520433,25.494640517629513],[-107.38415662835486,25.4947441533547],[-107.38408399050579,25.494812542128464],[-107.38401126244395,25.494880941856657],[-107.38393853440272,25.494949341563736],[-107.38390641135383,25.495321675599786],[-107.38391976587927,25.495997962314938],[-107.38396659695712,25.496369086510295],[-107.38404194177272,25.496435040779453],[-107.38411728661045,25.496500994949187],[-107.38419272170367,25.49657148541673],[-107.38423819933038,25.496875349512692],[-107.38424884687113,25.497412829510694],[-107.38428936167004,25.49771677157944],[-107.384369759653,25.497787182247155],[-107.38444510458692,25.49785313545428],[-107.38452044954295,25.49791917601098],[-107.38455699411043,25.498017133151997],[-107.38455970111563,25.498155935116532],[-107.38460111829882,25.498253824061003],[-107.38467646330064,25.498319776831377],[-107.38475189855812,25.498390265862614],[-107.38482724360418,25.498456218431794],[-107.38490258867235,25.49852225835024],[-107.38497802399625,25.498588199743157],[-107.38505824172748,25.498654083924908],[-107.3851335868634,25.498720036091957],[-107.38517022175186,25.498822528800588],[-107.38517283852981,25.498956881166535],[-107.38521434604564,25.499059218186176],[-107.38528969122737,25.499125170013574],[-107.38536503643122,25.499191209189913],[-107.38544038165718,25.49925716081839],[-107.38551581713907,25.49932310136948],[-107.38559116240924,25.499389140247253],[-107.38566650770153,25.4994550915773],[-107.38574672564779,25.499520974674983],[-107.38578471413277,25.499690636944045],[-107.38579003793514,25.499963789069223],[-107.38583280882608,25.500128846530668],[-107.38590815418927,25.50019488472679],[-107.38598358980855,25.500265284237983],[-107.38605893521594,25.500331322232796],[-107.3861045034072,25.500635168186953],[-107.38611515102532,25.501177097435907],[-107.38615575635276,25.50148110895162],[-107.38623110181065,25.50154705874115],[-107.38630644729066,25.501613095878607],[-107.38638179279276,25.5016790454692],[-107.38646210119659,25.501744915778012],[-107.38653744674434,25.501810865165343],[-107.3866127923142,25.50187690190043],[-107.38668813790616,25.50194285108882],[-107.38676348352021,25.502008800177748],[-107.38683891939067,25.50207928543529],[-107.38691435528327,25.502145223343145],[-107.38698970096367,25.502211259578285],[-107.38706504666617,25.502277208266943],[-107.38714535528356,25.502343077634393],[-107.38722070103171,25.50240902611979],[-107.38729604680195,25.50247506195254],[-107.38737139259428,25.502541010238993],[-107.3874467384087,25.502606958425975],[-107.38752217447977,25.502677442760355],[-107.3875975203384,25.502743390746087],[-107.38767286621913,25.502809426078954],[-107.38774821212195,25.502875373865724],[-107.38782355804688,25.502941321553035],[-107.38790386690135,25.503007277321803],[-107.3879792128719,25.503073224805803],[-107.38805455886455,25.503139172190338],[-107.38812999511404,25.503205108494384],[-107.3882054313857,25.50327559190557],[-107.38828077744466,25.50334153898931],[-107.38835612352572,25.50340757341978],[-107.38843146962887,25.503473520304553],[-107.3885068157541,25.50353946708986],[-107.38858712482208,25.503605421916784],[-107.38866247099297,25.50367136849877],[-107.38873781718593,25.503737314981294],[-107.38881316340095,25.503803348810283],[-107.38888859987313,25.503873743852374],[-107.38896394613236,25.503939777480003],[-107.38903938264878,25.50400571258035],[-107.38911472895221,25.50407165856308],[-107.3891588539234,25.504308425528347],[-107.38916688484944,25.504711534321753],[-107.38920613713202,25.50494828155867],[-107.38928635618335,25.505014158546647],[-107.38936179279436,25.50508018027164],[-107.38943722942753,25.505150574164432],[-107.38947774504467,25.50545458720938],[-107.38948839280258,25.50599204096252],[-107.38953396160197,25.50629596260869],[-107.38960939828566,25.50636644316789],[-107.38968474475617,25.506432387470735],[-107.38976009124876,25.5064983316741],[-107.38980150927027,25.506596212947013],[-107.38980430656608,25.506735084594958],[-107.38976676866355,25.50683426890785],[-107.38969403899297,25.50690267134714],[-107.38962139957827,25.506975522465773],[-107.3895487601841,25.507043913879745],[-107.38951122231889,25.507143098156025],[-107.38951392937629,25.507281893256003],[-107.38948135445408,25.50738099808091],[-107.38940862486426,25.507449400453897],[-107.3893359855302,25.507517791822455],[-107.38925838328296,25.507590722258662],[-107.38922580839314,25.507689827051713],[-107.38922851544754,25.50782416238412],[-107.38919106786422,25.507927795241205],[-107.38911833835652,25.507996197546163],[-107.38904560886941,25.508064599829925],[-107.38897296963793,25.50813299110934],[-107.38890024019197,25.50820139335073],[-107.38882760100158,25.508274244266758],[-107.38875496183172,25.508342635482986],[-107.38868223244742,25.508411037661123],[-107.38864613846782,25.50858183810265],[-107.38865146232949,25.50885060697558],[-107.38861536835422,25.509021407249524],[-107.38854263900943,25.50908980942006],[-107.3884699096852,25.5091582115694],[-107.38839718038157,25.50922652625297],[-107.38839853390441,25.509293781256993],[-107.38847388002,25.509359725172146],[-107.38854931639258,25.509425658004545],[-107.3886247527873,25.50949613784675],[-107.38870506189214,25.509562002039548],[-107.38878040809756,25.509628032994303],[-107.3888557543251,25.5096939764052],[-107.38893110057472,25.509759919716597],[-107.38896899929544,25.50992958287426],[-107.38897432316381,25.51019826277553],[-107.38901718481988,25.51036784614147],[-107.3890925311168,25.510433788974296],[-107.38920676877801,25.5104678025165],[-107.38935484468453,25.510465342616516],[-107.38946899222707,25.510494907203885],[-107.38954433865642,25.510560849573835],[-107.38958223746756,25.510730511589422],[-107.3895876515839,25.51100372621736],[-107.38963042310694,25.511168772314473],[-107.3897057695836,25.511234714205806],[-107.38989409075421,25.5112674906222],[-107.39019015320883,25.51126266648127],[-107.39037838449869,25.511295453033778],[-107.39045382143013,25.51136138321528],[-107.39049659309725,25.51152642820798],[-107.39050200723285,25.511799641129112],[-107.39053990618515,25.51196930136917],[-107.39061525292834,25.51203524205716],[-107.39072940103044,25.51206480446149],[-107.3908774778139,25.512062341792173],[-107.39099171626818,25.5120963525032],[-107.39106706314375,25.512162292728284],[-107.3911424100414,25.51222823285385],[-107.39121775696113,25.51229426032268],[-107.39129310390292,25.51236020024919],[-107.39136845086678,25.512426227518873],[-107.39141131292196,25.51259571945851],[-107.3914167270768,25.5128689304285],[-107.39138054247742,25.513035279519436],[-107.39130790258629,25.513103671909068],[-107.39123526271568,25.513176523845704],[-107.39116253262978,25.513244927179596],[-107.39113131103592,25.51341119661397],[-107.39113672518488,25.513684407162174],[-107.39117462423073,25.513854065495664],[-107.39124997115988,25.5139200046827],[-107.39132531811111,25.513985943770223],[-107.39140075532033,25.514051959213703],[-107.39140201862307,25.514119135896035],[-107.39132937872589,25.514187528358022],[-107.39125664861335,25.514255931785545],[-107.39118391852139,25.51432424774962],[-107.39111136892161,25.514397176156567],[-107.39103863887073,25.514465579520735],[-107.39096590884041,25.51453389542145],[-107.39089326906641,25.514602287756606],[-107.39082053907721,25.514670691057106],[-107.3907429363819,25.51473916295279],[-107.3906702064352,25.51480756620914],[-107.39059747650909,25.51487596944426],[-107.39056499168522,25.51497952127031],[-107.3905676085181,25.51511386367437],[-107.39060424418126,25.515216344937084],[-107.39067959094331,25.51528228394933],[-107.39108998303603,25.5153114512489],[-107.39184020457466,25.51529915135155],[-107.39225041804687,25.51532387695266],[-107.39232576529118,25.515389814455318],[-107.39240120279379,25.515455828312056],[-107.39247655008225,25.51552176561555],[-107.39281286094304,25.515552077752513],[-107.39341004616287,25.515542401503417],[-107.39374500469282,25.51550108662987],[-107.39381764527207,25.51543269324936],[-107.39389037610859,25.515364288858766],[-107.39396310696569,25.51529588444694],[-107.394037101159,25.515294655733342],[-107.39411244892649,25.515360679111225],[-107.39418788695293,25.515426603959444],[-107.39426819779484,25.515492459934705],[-107.39445146903469,25.51552531581784],[-107.39475259001097,25.515520384910637],[-107.39494082463897,25.515553160174075],[-107.39501617267102,25.515619182623315],[-107.3950915207251,25.515685117532403],[-107.3951669590385,25.51575112879249],[-107.39524230713673,25.515817063502404],[-107.39531765525702,25.515882998112787],[-107.39539300339935,25.515949020063985],[-107.39546835156375,25.516014954475253],[-107.39554378998756,25.516080965236934],[-107.39562410125251,25.516146819618204],[-107.39569953972195,25.516217289624834],[-107.39577488797605,25.516283223631156],[-107.39585023625222,25.516349244978038],[-107.39592558455041,25.516415178785252],[-107.39600102310818,25.51648118894214],[-107.39607637145052,25.51654712255017],[-107.39633869213887,25.51657865322858],[-107.39678780526904,25.516571342346843],[-107.39705003644423,25.51659842291819],[-107.39712538509349,25.516664355539817],[-107.3972007337648,25.516730375501428],[-107.39727617269612,25.516800756345663],[-107.39739032375263,25.516830309086423],[-107.3975384043685,25.516827835541772],[-107.39764641935042,25.516794741920148],[-107.39772393388918,25.516721731323077],[-107.39779666582916,25.516653412933337],[-107.39786930755152,25.516585018075173],[-107.3980562811224,25.516550525354493],[-107.39835235296658,25.516545762625384],[-107.3985405902258,25.516573984071826],[-107.39861593931107,25.5166400028262],[-107.39869128841836,25.516705934041905],[-107.39876672778618,25.516776400992644],[-107.39888087950317,25.516805864711152],[-107.39902896097583,25.51680347678121],[-107.39914320304763,25.516837388592595],[-107.39921855230911,25.516903406682214],[-107.39929399183129,25.51696932624017],[-107.39936934113686,25.51703534413049],[-107.39948358335955,25.517069255444916],[-107.39963166517855,25.517066866624333],[-107.39974572703987,25.517096340256256],[-107.39982116671638,25.51716234668969],[-107.3998965161761,25.517228276578663],[-107.39997186565783,25.517294293806522],[-107.40004730540055,25.517364671860598],[-107.40012274516533,25.517430677892918],[-107.4001980947132,25.51749660738123],[-107.4002734442831,25.51756262420826],[-107.40034879387505,25.517628553497428],[-107.40042910663801,25.517694490066777],[-107.40050454651454,25.517760408158058],[-107.40057989617402,25.517826337144108],[-107.40065524585553,25.517892353468653],[-107.40073068579825,25.517962818036946],[-107.40080612576305,25.51802873572726],[-107.4008814755107,25.518094751750542],[-107.40099562816435,25.51812421250488],[-107.40114371085203,25.518121821229354],[-107.4012578636218,25.518155741014816],[-107.40133330374086,25.51822174557978],[-107.40140865364258,25.518287673602483],[-107.40148400356634,25.518353688963263],[-107.4015593535121,25.518419616786808],[-107.40163479371938,25.518485620952912],[-107.40167630389068,25.518587936328533],[-107.40167901107601,25.51872226019674],[-107.40171555808058,25.518824742995168],[-107.40179090809401,25.518890757816195],[-107.40187122130622,25.51895660495851],[-107.40194666160474,25.519022521142816],[-107.40202201168572,25.519088535660575],[-107.40209745202837,25.519158998380345],[-107.40217153879782,25.519157752579755],[-107.40224409151351,25.519084907750738],[-107.40231682472907,25.51901650020484],[-107.4023894677254,25.518948103633832],[-107.40257644457527,25.51891369042438],[-107.40287748480758,25.51890874628626],[-107.40306076217145,25.518937125808435],[-107.40313611257791,25.51900305194589],[-107.40317897659142,25.5191726148209],[-107.40318448123367,25.51944579608419],[-107.40322725501517,25.519610822886353],[-107.40330260547027,25.51967683597697],[-107.40341188622932,25.51971082178871],[-107.40356493351388,25.51970834641961],[-107.40367421438405,25.519742419376563],[-107.40374956496973,25.519808344569405],[-107.40382500581768,25.519874346101687],[-107.4039053196633,25.51994019085102],[-107.40401451043734,25.519969815073473],[-107.40416259485845,25.519967331605717],[-107.40427683920485,25.52000132353931],[-107.40435218996654,25.52006724806977],[-107.40442754075023,25.52013325993681],[-107.40450289155592,25.520199184268087],[-107.40458320561257,25.520265115657484],[-107.40465864670428,25.520331028787055],[-107.40473408781806,25.520401488487824],[-107.40480943871327,25.52046749984993],[-107.40492359310544,25.520496955138338],[-107.40507167804827,25.520494470254807],[-107.40518095955666,25.520528541218912],[-107.40526127382435,25.520594471809463],[-107.4053366248735,25.52066039517288],[-107.40541206618548,25.520726394873556],[-107.40552134783798,25.52076037792318],[-107.40567430613285,25.52075791025709],[-107.40578358789641,25.520787433804042],[-107.40585893909807,25.52085344404448],[-107.40593429032172,25.52091936674982],[-107.40601469506485,25.52098974464526],[-107.4064250213439,25.52101439973126],[-107.40717032425222,25.521002155703002],[-107.407579388986,25.52096400758766],[-107.40765194322219,25.5208911608931],[-107.40772467796202,25.52082275135475],[-107.4077973224807,25.520754352795706],[-107.40791021481051,25.520721180542765],[-107.40805830146667,25.52071869185081],[-107.40817110366879,25.52068107122402],[-107.40824383855487,25.520612661517422],[-107.40827632560736,25.520509025607222],[-107.40827361835285,25.52037470606736],[-107.40831106870971,25.520271077113907],[-107.40838371339333,25.520202678383967],[-107.40845644833927,25.520134268632056],[-107.40852909306379,25.520065869859756],[-107.40856654345771,25.5199622408695],[-107.40856392644204,25.519827822809642],[-107.40859650377675,25.51972872238973],[-107.40867411184826,25.519660243156846],[-107.408746666392,25.519587396160155],[-107.40881940144017,25.519518986318793],[-107.40889204626677,25.519450587457122],[-107.40896478135586,25.51938217757335],[-107.40903751646543,25.519313767668354],[-107.40911016135338,25.519245368743153],[-107.40918289650389,25.519177046230574],[-107.40925554143273,25.519108647263014],[-107.40933314970225,25.519040167822524],[-107.40940579467333,25.51896722220061],[-107.40947843966485,25.51889882316814],[-107.40955117491906,25.518830500548116],[-107.40973806671452,25.518796000683746],[-107.41003424220763,25.518791195633234],[-107.41022239774752,25.51881940654669],[-107.41029784048689,25.518885402839235],[-107.41037319300574,25.51895132259929],[-107.41044863578914,25.519021777849296],[-107.41078487984998,25.519047584191433],[-107.41138210669212,25.519037810669044],[-107.41171844221053,25.51906806239482],[-107.4117937951436,25.519134068240632],[-107.4118692383417,25.519199975549892],[-107.41194459131871,25.519265981196337],[-107.41228092756903,25.51929623095331],[-107.41287815786782,25.519286449427973],[-107.413213051436,25.51924508961313],[-107.41328569749766,25.51917668924067],[-107.41335843382333,25.519108277843056],[-107.41343604332491,25.51903979680688],[-107.41350877969286,25.518971385365152],[-107.41358133559392,25.518898536805263],[-107.41365407200276,25.518830125321447],[-107.41372671818833,25.518761724820585],[-107.41398770316245,25.518726053465024],[-107.4144368470074,25.518718672923747],[-107.41469277903077,25.51867863273051],[-107.41476542550811,25.51861023187774],[-107.41484312567599,25.518541739328718],[-107.41491577219554,25.518473338431917],[-107.41569485099767,25.51842467008637],[-107.41719038565067,25.518399919747136],[-107.41796956154614,25.518355772625526],[-107.41804229918864,25.5182873596463],[-107.41811485636104,25.518214422190614],[-107.41819246728937,25.518145939375227],[-107.41837449208116,25.518111584748596],[-107.41867555071869,25.51810660191328],[-107.41886235886224,25.518067728796392],[-107.41893509675555,25.517999315523692],[-107.41900774442372,25.51793091323748],[-107.41908039211229,25.51786251093014],[-107.41918832585864,25.517824864746643],[-107.41934129224013,25.517822381363985],[-107.41944922609524,25.517789194014334],[-107.41952196415339,25.51772078055413],[-107.4195995755035,25.517652297230576],[-107.41967213311229,25.51757944672254],[-107.41974487123306,25.51751103319741],[-107.41981751912843,25.517442630659193],[-107.41989025729002,25.51737421709171],[-107.41996290522617,25.517305814511214],[-107.42029780796295,25.517264438189038],[-107.42089496651764,25.51725463238054],[-107.42123131440088,25.517284858624542],[-107.4213067603504,25.51735084593025],[-107.4213821160755,25.517416756714113],[-107.42145747182252,25.517482754829572],[-107.42153282759146,25.51754875284535],[-107.42161323718464,25.517619030374362],[-107.42168868324538,25.517685017174653],[-107.42176403908157,25.517750927453683],[-107.42183939493964,25.517816925064082],[-107.42191484106623,25.517882911565067],[-107.42199019696818,25.51794882154515],[-107.42206555289205,25.518014818856475],[-107.42254999724682,25.518042622972118],[-107.42344822517619,25.518027722062108],[-107.42393258186803,25.51805107245497],[-107.42400793835661,25.518117067995433],[-107.42408338511444,25.51818751136068],[-107.42415883189423,25.518253408257923],[-107.42423418844858,25.51831940349699],[-107.42430954502484,25.518385311206384],[-107.42435114908412,25.518487686262326],[-107.42435385650684,25.518622085420514],[-107.42439528007836,25.51871993599927],[-107.42447081719637,25.518790367692862],[-107.42458001665318,25.518819883896565],[-107.42473298621753,25.518817393068353],[-107.42484227603236,25.518851444319235],[-107.42491772303296,25.518917340212546],[-107.42499307980788,25.518983334447974],[-107.4250734002268,25.519049160051463],[-107.4252566933209,25.51908196181409],[-107.42555775995456,25.519077048047198],[-107.42574601702599,25.51910522152606],[-107.42582137404156,25.519171214934204],[-107.42589673107905,25.519237120813436],[-107.42597217838642,25.519303103009143],[-107.42645653979264,25.51933089933206],[-107.42734990783664,25.51931612243839],[-107.42783779151189,25.519272229163263],[-107.42791044167518,25.51920382370731],[-107.42798318210751,25.51913540721576],[-107.4280558323115,25.519067001717534],[-107.42812848253584,25.518998596198188],[-107.42820122302926,25.518930179643156],[-107.42827387329432,25.518861774081547],[-107.42834652357969,25.51879336849881],[-107.42845933462212,25.51875564476364],[-107.4286074330331,25.518753219258116],[-107.4287203344379,25.518719943160328],[-107.42879289459927,25.518647089597216],[-107.42886554502992,25.518578683847117],[-107.42893828572994,25.51851026706095],[-107.42905118727865,25.518477078199645],[-107.42919919577818,25.51847457570689],[-107.42931200719123,25.518436851387317],[-107.42938465776717,25.518368445469562],[-107.42945739861266,25.51830002851543],[-107.4295300492293,25.518231622555426],[-107.42960405360503,25.518230458533495],[-107.42967950199031,25.518296350518792],[-107.42975486014821,25.518362340847993],[-107.42983518204119,25.518428162361456],[-107.42994447400514,25.518462208471806],[-107.4300925732634,25.518459781298603],[-107.43020538506464,25.518422056267077],[-107.43027803589058,25.518353650039895],[-107.43035068673684,25.518285243791585],[-107.43042342785299,25.518216826506244],[-107.43091131730502,25.518172923066547],[-107.43180461043077,25.518158040527236],[-107.43228771921758,25.518118649912214],[-107.43236037062603,25.518050242980028],[-107.43243293180456,25.517977388248024],[-107.43250558325362,25.517908981273937],[-107.43258319848871,25.517840492888237],[-107.4326559402301,25.51777207485284],[-107.43272859174152,25.51770366781368],[-107.43280124327325,25.517635260753433],[-107.43287398507569,25.517566842654595],[-107.43294663664808,25.51749843555211],[-107.43301928824079,25.517430028428524],[-107.4330919398538,25.517357162490274],[-107.43320475295775,25.517323981616908],[-107.433352854075,25.517321463632303],[-107.43346702105113,25.517350977453617],[-107.43354247055855,25.517421325241063],[-107.4336178298372,25.51748731258659],[-107.43369327938842,25.517553288814348],[-107.43410355926912,25.517577775239015],[-107.4348487613161,25.517565391108203],[-107.43526409708889,25.517594327089487],[-107.43533945686673,25.51766031282391],[-107.43541490691769,25.517726287439274],[-107.43549026673922,25.517792185547794],[-107.43556427281278,25.517790930547427],[-107.43563701538855,25.517722511477544],[-107.43570966773328,25.517654190832413],[-107.43578232009833,25.51758578273981],[-107.43589513436999,25.517548053417723],[-107.43604314676865,25.517545543009366],[-107.436156051405,25.51751234863612],[-107.43622870389478,25.51744394039707],[-107.43630144665642,25.517375521117057],[-107.4363740089352,25.51730257769125],[-107.43685703596371,25.517263269164296],[-107.43775531338923,25.517248263870215],[-107.4382382527307,25.517204414933712],[-107.43831090580208,25.517136005990217],[-107.43838364914606,25.517067586004373],[-107.43845630225805,25.51699917701868],[-107.43852895539034,25.516930768011893],[-107.4386016085429,25.516862358984024],[-107.43867922559788,25.516793868312174],[-107.43875187879239,25.516725459240423],[-107.43916081286575,25.51668277685455],[-107.43990611965611,25.51667035283669],[-107.44031649959074,25.516699353825874],[-107.44039186083224,25.516765335532806],[-107.44046722209556,25.516831317140024],[-107.44054267363376,25.516897200199818],[-107.44061803494075,25.51696318160757],[-107.44069836019018,25.51702899377993],[-107.44077372154224,25.517094974983937],[-107.44084917316927,25.517160945065157],[-107.440924534565,25.51722683864491],[-107.44099998623574,25.5172972671857],[-107.44107543792835,25.517363236965206],[-107.44115079938958,25.51742913024359],[-107.44122616087259,25.517495110846898],[-107.44130161263075,25.51756108032698],[-107.44137697415745,25.517626973306296],[-107.44145729964104,25.517692871855765],[-107.44179367415445,25.51772312449051],[-107.44238591818257,25.51771320509618],[-107.44272075958082,25.517671779865054],[-107.44279837786398,25.51760328752838],[-107.44283086924518,25.517499742730074],[-107.44282816162993,25.517365353024527],[-107.4428656169768,25.517266185003933],[-107.44293818108584,25.517193326847085],[-107.44301083546898,25.517124916272333],[-107.44308358012633,25.517056494651875],[-107.44312103550992,25.516957326594905],[-107.4431182376377,25.516818489202322],[-107.44315072905883,25.51671931548902],[-107.44322347375524,25.516650893844616],[-107.44329603796396,25.516578035598272],[-107.44336869244692,25.516509624936585],[-107.44340334999625,25.516271619322126],[-107.44339522713271,25.515868536755566],[-107.44342988468557,25.515630530756283],[-107.44350253920587,25.515562120105653],[-107.44357519374643,25.515493709433944],[-107.44364784830724,25.515425298741164],[-107.44368033979441,25.515321753601135],[-107.44367763217032,25.51518736339687],[-107.4437149973852,25.51508366001276],[-107.44378765198502,25.515015249296365],[-107.4438603968593,25.51494682753438],[-107.44393305149964,25.514878416775826],[-107.44400570616028,25.514810005996196],[-107.44408332482632,25.514741513387754],[-107.44415588927454,25.51466865494644],[-107.44422854399731,25.51460024410221],[-107.44426112581124,25.514501146483646],[-107.44425832792678,25.514362308611584],[-107.44429578347929,25.514263140167852],[-107.44436843824106,25.51419472929972],[-107.4444410930231,25.514126318410547],[-107.44451365757098,25.514053459879896],[-107.44455120341462,25.513954192950745],[-107.44454849578149,25.513819890039876],[-107.44458089712653,25.5137162682827],[-107.4446535519678,25.513647857348886],[-107.44473117082684,25.513579364581304],[-107.44480382571001,25.51351095360366],[-107.44483631734136,25.513407408214768],[-107.44483360970526,25.513273017793125],[-107.44487097508589,25.513169401573023],[-107.44494363000807,25.513100990571814],[-107.44505644825031,25.51306325530467],[-107.44520446585824,25.513060736116305],[-107.44531241045947,25.51302761752464],[-107.44539002951473,25.512959124550544],[-107.4454626845816,25.512890713381992],[-107.44553524941395,25.512817767147833],[-107.44564319415218,25.512784648373618],[-107.44579626636599,25.512782123175516],[-107.4459040307025,25.512744480195416],[-107.4459767761676,25.51267605783621],[-107.44604943139801,25.512607646481246],[-107.44612705067277,25.512539153254373],[-107.44646189687879,25.512497724072084],[-107.44705415151786,25.51248779336688],[-107.44738908917006,25.512450809378603],[-107.44746670884368,25.512382315643908],[-107.44753936448933,25.512313903789746],[-107.44761202015522,25.512245491914552],[-107.44779884910334,25.51220658122285],[-107.44809497777311,25.512201613262054],[-107.44828171681148,25.512162625514478],[-107.44835437268422,25.512094213390878],[-107.44838695501383,25.511995115735917],[-107.4483841570851,25.51185627902425],[-107.44842161323042,25.5117571104229],[-107.44849426914212,25.511688698275503],[-107.44856692507405,25.511620286107075],[-107.44863949077038,25.5115474263344],[-107.44867703720823,25.511448246669996],[-107.44867432953224,25.511313857458106],[-107.44870673139008,25.511210235704848],[-107.44878435145586,25.511141741557456],[-107.44885700746859,25.511073329321768],[-107.44892966350156,25.511004917065065],[-107.44900231955478,25.510936504787313],[-107.44907488537223,25.510863644903168],[-107.44914754146589,25.51079523258367],[-107.44922019757979,25.51072682024313],[-107.44929294397,25.510658396854502],[-107.4493656001244,25.510589984471878],[-107.44944313013009,25.510521501145323],[-107.44951578632633,25.510453088718965],[-107.44954827854485,25.51034945586762],[-107.44954557085983,25.510215154067254],[-107.44958293691573,25.510111450249816],[-107.4496555931509,25.510043037800028],[-107.44976850368818,25.510009834720794],[-107.44991652397093,25.510007311435782],[-107.45002438026644,25.50996965511318],[-107.45009703662454,25.509901242518893],[-107.450174657104,25.509832747936244],[-107.45024731350392,25.5097643352982],[-107.45058216499989,25.509722898395108],[-107.45117930285794,25.509712970036517],[-107.45151424580659,25.509675978281358],[-107.4515868123226,25.50960303020597],[-107.45165946911568,25.509534617092015],[-107.451732125929,25.50946620395703],[-107.45180478276255,25.50939779080103],[-107.45187752987327,25.50932936659551],[-107.45190939058696,25.508957071742113],[-107.45189567152563,25.508280779207478],[-107.45184864764326,25.507909729126183],[-107.45177328308938,25.50784375314334],[-107.4516977380434,25.507773340505285],[-107.4516223735331,25.50770745174446],[-107.45156984403097,25.50706771987276],[-107.45154511365048,25.50584951322353],[-107.45157146865459,25.505203986074605],[-107.45164421570031,25.505135562209038],[-107.45171687250938,25.50506714934946],[-107.45178952933867,25.504998736468913],[-107.45182274389595,25.504693501007928],[-107.45181173254768,25.50415167698617],[-107.4518401634888,25.503846500701496],[-107.45191282035242,25.503778087853348],[-107.45198547723625,25.503709674984222],[-107.45206300802032,25.503641191192006],[-107.45213566494594,25.50357277827922],[-107.4522083218918,25.503504365345457],[-107.45254317590361,25.50346293046998],[-107.45314031824765,25.503452919094965],[-107.45347661757516,25.503483168185294],[-107.45355198262074,25.503549057412126],[-107.45362743794566,25.50361502293564],[-107.45370280303474,25.503680911963155],[-107.45418703553322,25.503704186468994],[-107.45508022797314,25.50368920176581],[-107.45556816361325,25.503649685311576],[-107.45564082151405,25.50358127118259],[-107.45571347943505,25.503512857032632],[-107.45578613737625,25.5034444428617],[-107.455898870048,25.503406712955044],[-107.45604698406456,25.50340426221025],[-107.45615971684884,25.503366532107254],[-107.45623237491414,25.503298117790603],[-107.45630503299962,25.503229703452973],[-107.45637769110532,25.503161289094376],[-107.4564503492312,25.503092874714802],[-107.4565230073773,25.503024460314258],[-107.45656037443172,25.502920755748626],[-107.45655766667397,25.502786367050728],[-107.4565900695102,25.502682831965558],[-107.45666272769512,25.5026144175419],[-107.45677564126237,25.502581123731336],[-107.45692366551714,25.502578683398585],[-107.4570363986796,25.50254095285205],[-107.45710905698861,25.502472538282376],[-107.45718171531784,25.502404123691733],[-107.45725437366727,25.50233570908013],[-107.45732703203687,25.502267294447556],[-107.45739969042668,25.502198879794022],[-107.45747731307662,25.502130382995166],[-107.45754988124928,25.502057433312814],[-107.45762253970103,25.50198901859498],[-107.45769519817297,25.50192060385619],[-107.45776785666513,25.501852189096425],[-107.45784051517747,25.501783774315708],[-107.45791317371,25.501715359514023],[-107.45798574200364,25.501646955721856],[-107.45802319952627,25.501543239993925],[-107.45802040149427,25.501408949936007],[-107.45805289477092,25.501305316299682],[-107.4581304273557,25.501236830349885],[-107.4582030859688,25.501168415481533],[-107.45827574460209,25.50110000059222],[-107.4583484032556,25.501031585681947],[-107.45842106192927,25.50096317075072],[-107.45849372062315,25.500894755798534],[-107.45856628907794,25.500821805840488],[-107.45860374668375,25.500722636024854],[-107.45860103890483,25.500588334890757],[-107.45863344199434,25.500484712190328],[-107.45870610074724,25.500416297194146],[-107.45877875952033,25.500347882177028],[-107.45885638257971,25.500279384992414],[-107.45892895113514,25.50020643494428],[-107.45900160997014,25.500138019862884],[-107.45907426882535,25.50006960476055],[-107.45914683744125,25.500001200668066],[-107.4591814970858,25.499763194581863],[-107.4591732834717,25.49936012685935],[-107.45920297884697,25.499122202529993],[-107.45927563775811,25.49905378742086],[-107.45946247505091,25.4990147805989],[-107.45975852668671,25.499009809707115],[-107.45994536432448,25.498970889650174],[-107.4600179331821,25.498902485324138],[-107.46009059231966,25.49883406994612],[-107.4601682157684,25.498765572374893],[-107.46050317023992,25.498728569434206],[-107.46109527620236,25.498718622438933],[-107.46143149550466,25.498744319768143],[-107.46151182716031,25.4988102095093],[-107.46158719452256,25.498876093952173],[-107.46166256190654,25.498942065718296],[-107.46192485862406,25.498973474627864],[-107.46236894038316,25.498966052696172],[-107.46262979363769,25.498925775149285],[-107.46270245350055,25.49885735886441],[-107.4627751133836,25.498788942558598],[-107.46285264736798,25.498720454982514],[-107.46296059926344,25.49868723966426],[-107.46310862701854,25.498684793893062],[-107.46322136284674,25.49864705961375],[-107.4632940228738,25.498578643141137],[-107.46336668292106,25.498510226647593],[-107.46343934298848,25.498441810133112],[-107.46370010704867,25.49840154190156],[-107.4641491561861,25.498394032039418],[-107.46441010147585,25.498358286287633],[-107.46448276183284,25.498289869420937],[-107.4645552416873,25.498216928653022],[-107.46462790208456,25.498148511744827],[-107.46474081908976,25.49811530029548],[-107.4648888478514,25.498112765229155],[-107.4650015844461,25.498075029703692],[-107.46507424496723,25.49800661264961],[-107.46514690550849,25.49793819557461],[-107.46521956606993,25.49786977847868],[-107.46540631734452,25.497830774969106],[-107.46570237570377,25.497825790756526],[-107.46588930784624,25.49779131045058],[-107.46596187835178,25.49772290414145],[-107.4660345391393,25.49765448677647],[-107.46610710968508,25.497581534495033],[-107.46617977051288,25.49751311708852],[-107.4662573055054,25.497444628297096],[-107.46632996637486,25.497376210847058],[-107.46640262726447,25.497307793376105],[-107.46647528817424,25.497239375884227],[-107.46654794910417,25.497170958371438],[-107.46662061005424,25.497102540837727],[-107.46669318076236,25.49703413431837],[-107.4667671956844,25.497032865908295],[-107.46684265482156,25.497098822969978],[-107.46692298813741,25.497164621124387],[-107.46699835705725,25.4972305890177],[-107.46733449367748,25.49725628219313],[-107.46792670535092,25.497246293792756],[-107.46826157948516,25.497209282967564],[-107.46833920535633,25.497140782358183],[-107.4684117765404,25.497072375242094],[-107.4684844380073,25.497003957068625],[-107.46867128187176,25.4969649384112],[-107.46896734392007,25.496959947123504],[-107.4691540978658,25.49692102626562],[-107.46922675953846,25.496852607844346],[-107.46929942123123,25.49678410198127],[-107.46937199268116,25.496715694555263],[-107.46948491173085,25.496682479688516],[-107.46963294317264,25.496679939580666],[-107.46974703575555,25.4967094365596],[-107.46982240548745,25.496775314757418],[-107.46985905233498,25.49687774906393],[-107.4698618504935,25.497012122133892],[-107.46990346182211,25.497114473758874],[-107.46997883159901,25.49718035161615],[-107.47053701993826,25.49720231137706],[-107.47158317495777,25.49718470015694],[-107.472140103016,25.497143951953102],[-107.47221276551598,25.497075532483215],[-107.47228542803609,25.497007112992428],[-107.4723580905763,25.49693869348073],[-107.47254484693663,25.49689968041061],[-107.47284587788907,25.496894596988188],[-107.47302767006178,25.49685566592123],[-107.47310529734374,25.496787163492066],[-107.473177960111,25.49671874371003],[-107.47325053263404,25.496650334946924],[-107.47343747015837,25.49661584452035],[-107.47373353758667,25.49661084187764],[-107.47392029492588,25.496571827053724],[-107.47399295791878,25.496503407002766],[-107.47406553066722,25.496434997971264],[-107.47413819370034,25.496366577878536],[-107.47462101975687,25.49632255812019],[-107.47551915621196,25.49630737473585],[-107.47600342905282,25.496335031281838],[-107.47607880058182,25.496400991544],[-107.47615426239778,25.496466940664607],[-107.47622963397006,25.496532813308665],[-107.47630500556397,25.49659877327168],[-107.47638037717952,25.496664645716457],[-107.47645583908215,25.49673059443797],[-107.47653617534202,25.496796471290114],[-107.47664539658868,25.496830403511268],[-107.47679343206988,25.49682794191587],[-107.47690770829719,25.496861867398586],[-107.47698308008569,25.49692773917828],[-107.47705845189581,25.496993698276587],[-107.47713391399327,25.497059646232444],[-107.47721425046055,25.49712543486716],[-107.47728962233701,25.497191393661957],[-107.47732627022727,25.497293822537102],[-107.47732906846541,25.49742819139106],[-107.47737059071224,25.49753046089325],[-107.47744605289934,25.49759640830422],[-107.47793023902713,25.49761960703988],[-107.47882342215408,25.49760447741614],[-107.47931131174352,25.49756488906046],[-107.4793838859615,25.497496478124173],[-107.479456550466,25.497428056122548],[-107.47952912472408,25.4973550994454],[-107.4796016990022,25.497286688446877],[-107.47967436356691,25.49721826638292],[-107.47974702815173,25.49714984429807],[-107.47981960249002,25.497081433236993],[-107.47989723177953,25.497012928155662],[-107.47996989642597,25.496944418589194],[-107.48004247082578,25.496876007463865],[-107.48011513551236,25.49680758527292],[-107.480301897389,25.496768648707853],[-107.48059797255476,25.496763628974712],[-107.48078473477442,25.496724604334517],[-107.48085739966616,25.49665618189592],[-107.48093006457798,25.496587759436444],[-107.48100263924286,25.496519348001414],[-107.48111547302783,25.496486047295118],[-107.48126351102712,25.49648358038362],[-107.48137625465691,25.496445832258075],[-107.48144891971211,25.496377322215128],[-107.4815215847874,25.496308899568216],[-107.48159424988278,25.49624047690043],[-107.481666824731,25.496172065257465],[-107.48173939959923,25.496099195331947],[-107.48181206475479,25.49603077260186],[-107.48188463966312,25.495962273479783],[-107.48199747382654,25.495929059651438],[-107.48214551232236,25.49592650454895],[-107.48225825633027,25.4958887558922],[-107.48233092162918,25.495820332995585],[-107.4824035869482,25.495751910078088],[-107.48247616201975,25.49568349818584],[-107.48254882737888,25.495615075226624],[-107.48262636720659,25.495546580252796],[-107.48269894233961,25.495473622625514],[-107.48277160776028,25.495405199602292],[-107.48284418293339,25.49533678760448],[-107.48291684839418,25.495268364539548],[-107.48298951387504,25.495199941453734],[-107.48306208910827,25.495131529393422],[-107.48313475462925,25.4950631062659],[-107.4832074201703,25.494994595700785],[-107.4832447910278,25.494890979337157],[-107.48324199272669,25.49475661257222],[-107.4832793635891,25.494652908750837],[-107.4833519389023,25.494584496624515],[-107.48342460450334,25.494516073430948],[-107.48349727012446,25.494447650216514],[-107.48356984549777,25.494379238027708],[-107.48364251115899,25.494310814771573],[-107.4837151768403,25.49424239149456],[-107.48378766200575,25.49416944461927],[-107.48382512321365,25.4940702753609],[-107.48382241517434,25.493935897504837],[-107.48385482137984,25.493832364056853],[-107.4839323615925,25.493763781305834],[-107.48400502735386,25.493695357962824],[-107.48407760286722,25.493626945645584],[-107.48415017840058,25.493554075051208],[-107.4842228442221,25.493485651645962],[-107.48429541979554,25.493417151849776],[-107.48436808565715,25.493348728402832],[-107.48444066127064,25.493280315981814],[-107.48451332717237,25.49321189249319],[-107.48459086757907,25.493143396954707],[-107.48466353352227,25.49307497342268],[-107.48473619948552,25.49300654986978],[-107.48480868493223,25.49293360271938],[-107.48488135093558,25.492865179125115],[-107.48495401695898,25.492796755510003],[-107.48502659273407,25.492728342921065],[-107.48509925879758,25.49265991926427],[-107.48517327890774,25.492658640742683],[-107.48524865306571,25.492724594713884],[-107.48532899201233,25.492790378069092],[-107.48540436621488,25.49285633183657],[-107.48547974043902,25.49292219808782],[-107.48555529522189,25.492992587801165],[-107.48563066948924,25.49305854126719],[-107.48570604377817,25.493124494633506],[-107.4857814180887,25.493190360483776],[-107.48585688268948,25.493256302602934],[-107.48593225704319,25.493322255670098],[-107.48601259619845,25.493388038082127],[-107.48612191165022,25.49342203854958],[-107.4862699524665,25.493419567189164],[-107.48638405227439,25.49344896067535],[-107.48645942677902,25.493514913179194],[-107.48653489157417,25.493585312749975],[-107.48661035639093,25.4936511665877],[-107.48672445634634,25.493680647002133],[-107.48687249750141,25.493678087337923],[-107.48698668783949,25.49371201461409],[-107.48706215278574,25.493777955403772],[-107.4871375274845,25.493843819726766],[-107.48721290220485,25.493909771365793],[-107.48728836721591,25.493975711856077],[-107.48736861651578,25.494041503721565],[-107.48744408157148,25.49410744400795],[-107.48751954664881,25.49417784238423],[-107.48792973041382,25.49420228661835],[-107.48867481496963,25.494189580212836],[-107.48908373675675,25.494151323694332],[-107.48915631367008,25.494078364015536],[-107.48922889060337,25.494009949894213],[-107.48930155782654,25.493941524701636],[-107.48937909964327,25.493873027251205],[-107.48945176690786,25.49380460201524],[-107.48952434392255,25.493736187808974],[-107.48959701122719,25.493667675116406],[-107.4896695882819,25.493599260868535],[-107.4897422556266,25.493530835549226],[-107.4898148327213,25.49345796309926],[-107.489887409836,25.493389461374367],[-107.48996007724077,25.49332103599286],[-107.49003265439545,25.493252621641265],[-107.49006587379631,25.492947410530224],[-107.4900546803021,25.492405583711612],[-107.49008789970573,25.492100371909853],[-107.49016056716577,25.492031946540195],[-107.4902331443757,25.491963532200206],[-107.4903058118758,25.491895019373715],[-107.4903382188792,25.49179148633211],[-107.4903354205027,25.491657122049673],[-107.4903727923719,25.491553418263425],[-107.49044536964027,25.49148500388016],[-107.4905180371989,25.49141657842559],[-107.49059061450725,25.491348164000744],[-107.49062527830338,25.491110084764514],[-107.49061679289453,25.49070263159111],[-107.49057256044858,25.490470363663253],[-107.4904970944967,25.490399966143645],[-107.49042162856647,25.490334114129457],[-107.490346252928,25.49026816354983],[-107.49030193025727,25.490031447735742],[-107.49029362539923,25.48962842871253],[-107.49025417732707,25.489391640053043],[-107.49017871146638,25.48932578732039],[-107.49010333589743,25.48925983602242],[-107.49002796035002,25.489193884624743],[-107.48998363773282,25.488957254830307],[-107.48997515234464,25.488549710342188],[-107.48993082973631,25.488312992471542],[-107.48985545423825,25.488247127865012],[-107.48977998849175,25.488181186791493],[-107.48970461303684,25.4881152345692],[-107.48966660937255,25.487945665151962],[-107.48966101263383,25.487677019863742],[-107.4896180441278,25.487507445865955],[-107.48954266871922,25.487441580580764],[-107.48946729333221,25.487375627779254],[-107.48939182769686,25.487305227671953],[-107.48934606086874,25.487001373710257],[-107.48933495767494,25.486463982090267],[-107.48936817698785,25.48615876466517],[-107.48944075397951,25.48609035096866],[-107.48951333099117,25.48601739156371],[-107.48958590802282,25.48594897782599],[-107.4896233700557,25.485849807564065],[-107.48962048141682,25.485710993080293],[-107.4896530688759,25.485611894875614],[-107.48972564594604,25.485543393698112],[-107.4897983133062,25.48547496886884],[-107.48987080014629,25.485402107841995],[-107.48994834213056,25.48533361086964],[-107.49002100955214,25.485265098559502],[-107.49012888234532,25.485231964746657],[-107.49028189027418,25.48522932247272],[-107.49038967290393,25.48519165383249],[-107.49046225017695,25.485123239844285],[-107.49053491774022,25.485054814786764],[-107.4906124599199,25.4849863175861],[-107.4906851275246,25.484917892485303],[-107.49075770487896,25.484849478412364],[-107.49083028225333,25.48477651863621],[-107.49090285964768,25.484708104522078],[-107.49097552733245,25.484639679338468],[-107.49104810476679,25.484571265182826],[-107.49108547673704,25.484467560152975],[-107.49108267835261,25.484333193083042],[-107.491115175722,25.484234105826665],[-107.49118775319481,25.48416114596341],[-107.49126529556655,25.484092648583697],[-107.49133796335123,25.484024223313792],[-107.49141054088537,25.483955809071954],[-107.4914832087101,25.483887383760486],[-107.49155578628421,25.483818969477152],[-107.49162845414895,25.48375045670716],[-107.49170103176307,25.483682042382327],[-107.49177369966786,25.48361361698777],[-107.49188635752758,25.48357587554554],[-107.49203440158307,25.483573402615956],[-107.492147149825,25.483535649928665],[-107.49221981785276,25.483467136972198],[-107.49225718998912,25.48336797751786],[-107.49225439159225,25.483229152340165],[-107.49228688910608,25.48313006500401],[-107.49235946690146,25.483061650491127],[-107.49243213498774,25.482993137491317],[-107.49250462255213,25.48292027572335],[-107.49250326848787,25.48285313042676],[-107.49242789225421,25.482787177960805],[-107.49235242577119,25.48272123644431],[-107.49227704958065,25.482655371196003],[-107.49224039960836,25.48255294600095],[-107.49223760121167,25.48241857872236],[-107.49227000845256,25.482314956588475],[-107.49234267651418,25.48224653108412],[-107.49241525432491,25.482178116608],[-107.49248792242656,25.482109691062107],[-107.49252385026558,25.481938851263102],[-107.49251834373717,25.481670105369297],[-107.49247537476535,25.481500617471657],[-107.49239990826875,25.4814346753555],[-107.49232453206463,25.481368809508243],[-107.49224915588206,25.481302856143948],[-107.49219165334769,25.48018832597176],[-107.49214687901251,25.478020854347495],[-107.49208441160596,25.47690639449899],[-107.49200903549205,25.476840526116863],[-107.49193365939969,25.47677457021637],[-107.49185819305814,25.476704166901662],[-107.4917828170089,25.47663821079957],[-107.4917024760939,25.476572425074313],[-107.49162710008919,25.476506468768616],[-107.49155172410603,25.47644059978229],[-107.49151362990477,25.476270947827356],[-107.49150812339745,25.47600228333469],[-107.49146515459026,25.475832790445295],[-107.49138977865341,25.475766833560844],[-107.49131431246757,25.475700975042255],[-107.49123893657382,25.47563501795848],[-107.49116356070165,25.475569148194474],[-107.49108809458056,25.47549874356581],[-107.49100775387731,25.475432869188214],[-107.49093237807125,25.475366999118794],[-107.49085700228675,25.475301041530244],[-107.49078162652378,25.475235083842055],[-107.4907062507824,25.475169213473887],[-107.49063078479224,25.475103266631987],[-107.49058646207365,25.474866624677396],[-107.49057806693634,25.474459051540418],[-107.49061264046051,25.47422106031575],[-107.49068521779492,25.474152646947864],[-107.49075788541968,25.474084222514012],[-107.49083046279408,25.474015721684815],[-107.49086232823967,25.473643347463412],[-107.49084833632966,25.47296711637391],[-107.49080121519304,25.472596100417483],[-107.49072583944604,25.472530228753072],[-107.4906504637206,25.472464269568693],[-107.49057499774642,25.472393862885287],[-107.49052923071281,25.47208999383616],[-107.49051812746916,25.47155266627318],[-107.49047732530954,25.471248713276278],[-107.49040185938493,25.471178305813673],[-107.49032648375216,25.471112345669095],[-107.49024614328107,25.471046555739033],[-107.49020263305864,25.470608217213147],[-107.4901859330789,25.469797680209695],[-107.49021138926466,25.46935815844957],[-107.49028884107895,25.469285215220932],[-107.4903615085944,25.469216791237514],[-107.49043408585966,25.46914829085549],[-107.4904665831491,25.469049200684406],[-107.49046369450099,25.468910379130016],[-107.49050115665864,25.4688112060564],[-107.49057373396235,25.46874279307366],[-107.49068648157953,25.468705046228933],[-107.49083452496117,25.46870249571778],[-107.49094727268991,25.468664748677146],[-107.49101985011647,25.46859633554988],[-107.491092427563,25.468527922401965],[-107.49116509530003,25.46845941076823],[-107.49123767278657,25.468390997579004],[-107.49131034056364,25.468322573325242],[-107.49138291809017,25.468254160094705],[-107.49145549563667,25.468185746843513],[-107.49152816347379,25.46811732252771],[-107.49160561567503,25.46804429147791],[-107.49167819328285,25.467975878163383],[-107.49175086118136,25.467907453784136],[-107.49185873468252,25.467874236602537],[-107.49201165334473,25.467871613253113],[-107.4921194366818,25.467833948442955],[-107.49219210470193,25.467765523920345],[-107.49226964736908,25.467697027507995],[-107.4923422251597,25.467628613986708],[-107.4924500086319,25.46759094899787],[-107.49260292763705,25.467588325060863],[-107.49271080148684,25.467555107316905],[-107.49278346966994,25.467486682607866],[-107.49285595733092,25.467413734071727],[-107.4929335001933,25.467345237432205],[-107.49300616843777,25.467276812659755],[-107.49307874643112,25.46720839891141],[-107.4931111537754,25.467104773816146],[-107.49310835536946,25.466970487722037],[-107.49314581790293,25.4668712270815],[-107.4932183056635,25.466798365878716],[-107.49329097398645,25.4667299410432],[-107.49336355205817,25.466661439810718],[-107.49343613014986,25.466593025978728],[-107.49350879853284,25.466524601081204],[-107.4935813766645,25.466456187207925],[-107.49365891974018,25.466387690367917],[-107.49373158818453,25.46631926540669],[-107.49380416637752,25.46625076404871],[-107.49387665431902,25.466177902661684],[-107.49394932282335,25.466109477638764],[-107.49402190107624,25.466041063640283],[-107.49409447934909,25.465972562200115],[-107.49416714791343,25.465904137115206],[-107.49423972622625,25.465835723054816],[-107.49431726949547,25.465767226012233],[-107.49438993812119,25.465698800863624],[-107.4944625164953,25.46563029931861],[-107.49453509488939,25.465561885173997],[-107.4945675024126,25.465458347354478],[-107.49456479426287,25.46532396286866],[-107.49460207645984,25.46522026566634],[-107.49467474516402,25.465151840454755],[-107.4947473236165,25.465083426267817],[-107.49481990208892,25.465015012060263],[-107.4948925708531,25.464946586786706],[-107.4949700240424,25.464873554716423],[-107.49504260257609,25.46480514044561],[-107.49511518112975,25.46473672615417],[-107.49514208214104,25.464364430169777],[-107.49512809000394,25.463688190489414],[-107.49515995596883,25.46331581045275],[-107.49523253455477,25.463247396217106],[-107.49530511316068,25.463178894539432],[-107.4953777820585,25.463110469217415],[-107.49540666907933,25.462599278296477],[-107.49538717033992,25.46165436276066],[-107.49541118267662,25.461143241555934],[-107.49548376133167,25.46107482737432],[-107.49556130496651,25.461006330248978],[-107.49563388366285,25.46093782860255],[-107.49570655265119,25.460869403312763],[-107.49577913138748,25.460800989047048],[-107.49589188123008,25.46076324054563],[-107.49603983726153,25.46076069913482],[-107.49614771251674,25.460727480846845],[-107.4962252563467,25.460658983494184],[-107.49629783522562,25.46059056906325],[-107.49637041412453,25.460517608678938],[-107.49644299304339,25.460449194207126],[-107.49651557198219,25.460380779714715],[-107.4965882412133,25.460312354156567],[-107.49666082019208,25.46024393962295],[-107.49673339919077,25.460175525068756],[-107.49680606848186,25.46010701202697],[-107.49688361250523,25.46003851447208],[-107.49695619156518,25.45997009985439],[-107.49706397692242,25.459932433639302],[-107.49721689860189,25.459929808282],[-107.49732468406556,25.45989214188117],[-107.4973972632468,25.459823727120888],[-107.49746984244798,25.459755312340036],[-107.49754738666631,25.459686727136702],[-107.49772928617358,25.45965231845566],[-107.49803016538547,25.459647149181045],[-107.49821197495243,25.459608204983947],[-107.49828951938872,25.459539706928027],[-107.49836209883519,25.459471291857977],[-107.49843476857457,25.459402865721156],[-107.49850734806095,25.459334450609916],[-107.49857983729426,25.45926150061233],[-107.49861730060445,25.45916232647616],[-107.49861450214013,25.459027952502623],[-107.49864691016421,25.458924413893456],[-107.4987194897089,25.458855911318725],[-107.49879206927353,25.458787496144872],[-107.49886473913125,25.458719069904173],[-107.49894219348607,25.458646036802694],[-107.49901477311191,25.458577621565713],[-107.49908735275768,25.45850920630815],[-107.49915993242342,25.45844079103002],[-107.49923260238235,25.4583723646849],[-107.49930518208798,25.458303861944195],[-107.49937776181358,25.458235446604323],[-107.49945043183244,25.45816702019737],[-107.49952301159793,25.458098604816335],[-107.4996004661458,25.458025571515766],[-107.49967304595252,25.45795715609221],[-107.4997456257792,25.4578887406481],[-107.49981829589925,25.457820314136733],[-107.49989087576584,25.45775181123009],[-107.49996345565236,25.45768339572425],[-107.50003603555881,25.457614980197835],[-107.50010870575878,25.457546553604068],[-107.50018128570512,25.457478138036496],[-107.50025883071962,25.457409551977754],[-107.5003313204336,25.4573366889268],[-107.50036381894196,25.457237597639633],[-107.50036102045914,25.457103223779438],[-107.50039839374831,25.456999514539252],[-107.50047097377427,25.456931098907464],[-107.50054355382015,25.45686268325511],[-107.50061613388597,25.456794267582207],[-107.50065215310516,25.45662340953292],[-107.50064646585969,25.456350214085337],[-107.50067761030061,25.45618388636512],[-107.5007501001295,25.45611102323969],[-107.50082268025206,25.456042520123095],[-107.50090022545479,25.45597402135878],[-107.50093118937795,25.45580325717911],[-107.50092568267415,25.455534585148907],[-107.50088758711985,25.455365015519288],[-107.50080733370707,25.45529912878287],[-107.50073195510197,25.45523325737864],[-107.50065657651838,25.45516729845312],[-107.50061848100286,25.454997728312662],[-107.50061297430558,25.45472905524898],[-107.50057000401596,25.454559556731287],[-107.50049462547857,25.454493597327364],[-107.50041924696268,25.45442772524597],[-107.50034386846829,25.454361765642954],[-107.50026839972182,25.45429135845519],[-107.50019302127048,25.454225486072968],[-107.50007891548805,25.454196086494047],[-107.49993086691975,25.454198640230192],[-107.4998166709771,25.454164705439148],[-107.49974129265465,25.454098745171557],[-107.49966591435371,25.454032872226847],[-107.4995905360743,25.453966999182665],[-107.49918042444708,25.453938059894295],[-107.49843061601752,25.45395085472809],[-107.49802059646437,25.45392653367337],[-107.49794521865455,25.453860571696257],[-107.49786984086626,25.453794697042714],[-107.49779446309947,25.45372873486652],[-107.49760624445842,25.453696072768125],[-107.49731033072237,25.45370115132249],[-107.49712211242648,25.453668488376657],[-107.4970467348732,25.453602612898816],[-107.49697135734142,25.45353664989799],[-107.4968959798312,25.45347077422116],[-107.49682060234247,25.453404811021265],[-107.49674522487528,25.453338935145453],[-107.49666497272129,25.453273130950176],[-107.49658959529856,25.453207167447424],[-107.49651421789733,25.453141291268867],[-107.49643875024533,25.453070879995924],[-107.49639794716975,25.452766915411402],[-107.49638684367903,25.452229479687453],[-107.49634107563688,25.45192568429966],[-107.49626560803439,25.451855272248785],[-107.4961902307257,25.451789395111895],[-107.49611485343853,25.451723430451263],[-107.49611349935573,25.451656279379495],[-107.49618607820392,25.451587865573632],[-107.49625865707209,25.451519364322944],[-107.49633132623248,25.451450939433823],[-107.49636860867903,25.45134732728957],[-107.49636581023857,25.451212948724017],[-107.49632428499618,25.451110583559704],[-107.49624890767073,25.45104470610494],[-107.49606078040387,25.451016574185115],[-107.4957648684004,25.45102155850039],[-107.4955766512066,25.45098889070525],[-107.49550127409469,25.450923012528055],[-107.49545830463694,25.450753506180877],[-107.49545279804727,25.450484823876337],[-107.49541470328256,25.45031524550084],[-107.49533932621691,25.450249279420802],[-107.49525907449045,25.450183472331865],[-107.49518369746926,25.450117506048514],[-107.49510823019776,25.450047179452604],[-107.49503285321966,25.44998121296792],[-107.49491874966745,25.449951805613416],[-107.4947707942646,25.449954339570382],[-107.49466156549693,25.449920314171244],[-107.49458122370497,25.449854517325694],[-107.49454466368412,25.449756526208038],[-107.49454177499135,25.449617785740376],[-107.49457427278703,25.44951860496507],[-107.49465181615457,25.449450109162136],[-107.49472430432903,25.449377248350025],[-107.49479697306687,25.449308736706406],[-107.49482378377395,25.448936522393474],[-107.4948098819255,25.448260237269285],[-107.49476763475415,25.44788912368144],[-107.49469225787337,25.447823243248923],[-107.49461688101411,25.447757275291103],[-107.49453662950738,25.44769146624977],[-107.49449997922109,25.44758902644994],[-107.49449718080044,25.447454732678604],[-107.49445565585212,25.44735236432237],[-107.49438027906048,25.447286395921108],[-107.49430490229035,25.447220514846457],[-107.49422952554177,25.44715463367237],[-107.49418791036408,25.44705227601267],[-107.49418511194672,25.44691789441517],[-107.49414846170927,25.44681554143796],[-107.4940730850054,25.44674957249803],[-107.49399779859453,25.44668367984591],[-107.49392242193372,25.446617710707052],[-107.49387800839035,25.446381057992745],[-107.49386961314823,25.445973540320825],[-107.49382538015658,25.445741323635886],[-107.49374991327365,25.44567090615159],[-107.49367453668367,25.445605023717047],[-107.49359916011522,25.445539141183076],[-107.49355005251817,25.444832092004088],[-107.49352206841363,25.44347514622981],[-107.49346808618165,25.44276825074267],[-107.49339270967221,25.442702366618384],[-107.4933172429131,25.442631947191156],[-107.49324186644677,25.442565975437947],[-107.4931975432892,25.442329307123916],[-107.49318923833994,25.44192631826276],[-107.4931497898345,25.44168949044902],[-107.49306953877414,25.4416236769258],[-107.49299416237861,25.441557791880886],[-107.49291878600464,25.44149181930841],[-107.49288078187693,25.4413222213458],[-107.49287509479892,25.44104909136428],[-107.49283221604001,25.4408840233004],[-107.49275683971231,25.44081813767852],[-107.49234673870455,25.4407892396074],[-107.49160200484928,25.440801860971987],[-107.49119190563788,25.440773046206488],[-107.49111652977915,25.44070707164851],[-107.49104115394199,25.440641184420056],[-107.49096090352347,25.440575368405216],[-107.4908855277308,25.440509393544573],[-107.49081015195969,25.44044350601359],[-107.49077070381023,25.440206761351114],[-107.4907623989374,25.439799219490503],[-107.49071798592635,25.439562469084272],[-107.49064261020314,25.43949658093539],[-107.49056732477179,25.43943068165279],[-107.49049194909169,25.439364705875647],[-107.49041657343312,25.439298817428597],[-107.49034119779614,25.439232928882163],[-107.49022700600393,25.439198975489543],[-107.4900790532337,25.439201497633107],[-107.48996495182514,25.43917207925314],[-107.48988957631734,25.439106190244086],[-107.48981420083108,25.439040213705763],[-107.48973882536639,25.438969865572382],[-107.48966344992326,25.438903888832943],[-107.48958310965433,25.438838081682356],[-107.48958175560506,25.438770926075666],[-107.48965929750428,25.438702433109416],[-107.48976707987937,25.43866469132021],[-107.48991503247446,25.438662257291867],[-107.49002777980982,25.43862897940368],[-107.4901004472533,25.43856047008828],[-107.49017302444665,25.438492059215978],[-107.49024560166,25.438423648323198],[-107.49032305348436,25.438350619810222],[-107.49039563073902,25.438282208875115],[-107.49046820801368,25.438213797919538],[-107.4905408755786,25.438145375909603],[-107.49061345289326,25.438076964913044],[-107.49068603022789,25.43800846646616],[-107.49075860758252,25.43794005542867],[-107.4908312752275,25.437871633336687],[-107.49090385262213,25.437803222258218],[-107.49098139491035,25.437734728864257],[-107.49105388207585,25.43766178242631],[-107.49112645953177,25.437593371285047],[-107.49119903700766,25.43752496012333],[-107.49127170477408,25.43745645047713],[-107.49134428228997,25.43738803927444],[-107.49141685982586,25.437319628051288],[-107.4914894373817,25.43725121680767],[-107.49156201495755,25.437182805543582],[-107.49163955743938,25.43711422451876],[-107.49171204478587,25.437041365327993],[-107.49219481282728,25.437001761974244],[-107.49308750273266,25.436986623274205],[-107.49357144681944,25.437009820197837],[-107.4936469136513,25.43708015483605],[-107.49372716488735,25.437146057591306],[-107.49380254149237,25.43721194417517],[-107.49387791811891,25.43727783065965],[-107.49395329476702,25.43734380447367],[-107.49402867143668,25.437409690759317],[-107.49410404812787,25.437475576945562],[-107.49421824159924,25.437509527062975],[-107.4943661966922,25.43750700078047],[-107.49448020973381,25.43753642637599],[-107.49455558655401,25.437602312099685],[-107.49463105366745,25.437672732975518],[-107.49470643053074,25.43773861849809],[-107.49478180741558,25.43780459134979],[-107.49485718432194,25.43787047667352],[-107.49493256124985,25.437936361897854],[-107.49500793819931,25.43800233445119],[-107.49508818984938,25.438068148042976],[-107.49516356684329,25.438134032964793],[-107.49523894385872,25.438200005215474],[-107.49531432089569,25.438265889938442],[-107.49538978822613,25.438336309790117],[-107.49546507503425,25.438402205349437],[-107.49554045213581,25.43846817720005],[-107.49561582925891,25.438534061523114],[-107.49569120640354,25.438599945746788],[-107.4957715485335,25.438665834788715],[-107.49584683545051,25.438731729847042],[-107.49592221266113,25.438797613768173],[-107.49603144195063,25.43883164371127],[-107.49618436303192,25.438829031925444],[-107.49629350215767,25.438858526373753],[-107.49636896976814,25.438928945038228],[-107.49644931210442,25.438994745854835],[-107.4965246894871,25.43906071653976],[-107.49745251009962,25.43907621543917],[-107.49924289353342,25.439045756710957],[-107.50017442491334,25.43899853410781],[-107.50024700487775,25.438930119736643],[-107.50031958486211,25.438861705345026],[-107.50039207459277,25.438788755802673],[-107.50046465461698,25.438720341370466],[-107.50054219971463,25.438651844210863],[-107.50061477978008,25.43858342973604],[-107.50068735986548,25.438514927814413],[-107.50076138435122,25.438513654914885],[-107.50083676296471,25.438579622019432],[-107.50087828891668,25.43868190242059],[-107.50088108740498,25.438816283940533],[-107.50091773857706,25.43891872330773],[-107.50099311723517,25.438984602646656],[-107.50106849591478,25.439050569312233],[-107.50114387461588,25.43911644845229],[-107.50122412813089,25.439182255789646],[-107.50129950687638,25.43924822215252],[-107.50185758108378,25.439274554553368],[-107.50289826353621,25.439256798687982],[-107.50345977155754,25.43921136480562],[-107.5035323524242,25.43914294928896],[-107.50360493331077,25.439074533751857],[-107.50367751421724,25.439006030769097],[-107.50386420251105,25.438967018956333],[-107.50416012358721,25.438962028273064],[-107.50434690249672,25.438927463435576],[-107.50441948360687,25.438859047632292],[-107.50445685746986,25.4387553354543],[-107.50445405894371,25.43862095584407],[-107.50448646768389,25.43851741391885],[-107.50455904883236,25.438448998094735],[-107.50463794925761,25.43844765100365],[-107.5047133289765,25.43851352728229],[-107.50475133480698,25.4386831156423],[-107.50475693186561,25.438951787003248],[-107.50479990283583,25.439121292133287],[-107.50487528260088,25.439187255359133],[-107.5049492179841,25.439185990738363],[-107.50502179925955,25.439117574710508],[-107.50509447083014,25.439049060192932],[-107.50516705214544,25.43898064412416],[-107.50527971571907,25.43894290606625],[-107.50542767700767,25.43894036537513],[-107.50554187537423,25.438974214954204],[-107.50561725535073,25.4390401775958],[-107.50569263534871,25.439106052713395],[-107.50576792509266,25.439172026201085],[-107.50584330513355,25.439237901119856],[-107.50591868519594,25.43930386336357],[-107.50599912071132,25.439374102732966],[-107.50607450081809,25.439440064771052],[-107.50614988094634,25.439505939285386],[-107.50622526109606,25.439571813700276],[-107.50626462127859,25.439808638192282],[-107.5062730169146,25.440211684947972],[-107.50631734226619,25.440448338407567],[-107.50639272246362,25.440514299630507],[-107.50646819295824,25.440584620899752],[-107.50654357319866,25.44065058192141],[-107.50661895346055,25.4407164554198],[-107.5066943337439,25.440782416242456],[-107.50677467921926,25.440848206536256],[-107.50685005954699,25.44091407973194],[-107.50688671154643,25.441016513942575],[-107.50688941982244,25.44115090225191],[-107.5069310370008,25.441253253305966],[-107.50700641737306,25.441319126162206],[-107.50708179776679,25.44138499891901],[-107.507157178182,25.441450958999738],[-107.50723255861867,25.44151683155762],[-107.50730793907681,25.44158279143935],[-107.50738331955642,25.44164866379831],[-107.5074635749649,25.441714464054446],[-107.50753895548884,25.44178042363339],[-107.50761442631037,25.441850830643933],[-107.50824635987094,25.441871412142337],[-107.5094399962063,25.44185096034488],[-107.51007067024693,25.441808830099287],[-107.5101480376067,25.441735805111545],[-107.51022062030782,25.441667387124387],[-107.51029329330588,25.441598958067704],[-107.51047998626679,25.441564393884658],[-107.51077591474042,25.441559296581346],[-107.51096260804151,25.44152027320663],[-107.51103519096584,25.441451854953307],[-107.51110777391007,25.44138343667952],[-107.51118035687419,25.44131501838528],[-107.5112529398582,25.441246512648554],[-107.51132552286208,25.441178094313422],[-107.51139819616328,25.441109664908144],[-107.51147068892952,25.441036711636468],[-107.51165738272024,25.44100214611276],[-107.51195827777686,25.440997050745352],[-107.51214145108246,25.44102524725766],[-107.51222179821062,25.441095578309127],[-107.51229718008896,25.44116144655826],[-107.51237256198876,25.44122740212961],[-107.51248170779546,25.441256878705925],[-107.5126346383893,25.441254244600366],[-107.51274387458179,25.441288255762256],[-107.51281925660865,25.441354123453397],[-107.5128995136644,25.44141991882664],[-107.51297489573552,25.441485873736003],[-107.51315816002183,25.441518603047076],[-107.5134590567825,25.441513415913217],[-107.51364566169586,25.441474399824042],[-107.51371824535512,25.441405980649982],[-107.51379082903426,25.44133747403432],[-107.51386350301152,25.441269043767868],[-107.51393608673042,25.441200624532446],[-107.51400867046921,25.441132205276592],[-107.51408125422786,25.44106369857915],[-107.51415374772805,25.44099083185621],[-107.51423120655838,25.440922252855014],[-107.51430379037797,25.440853833516044],[-107.51437637421742,25.440785414156643],[-107.51444895807676,25.440716994776785],[-107.51452154195596,25.4406484879554],[-107.51459412585503,25.440580068534675],[-107.51463150115408,25.440476357548366],[-107.5146287025204,25.440342071609816],[-107.51466102222736,25.44023845495549],[-107.51473369644316,25.440170024462223],[-107.5148062804003,25.44010160500028],[-107.51488373942126,25.440033025823578],[-107.51495632341948,25.4399646063191],[-107.51502890743758,25.439896186794183],[-107.51510149147553,25.439827767248833],[-107.51517398525468,25.43975481283642],[-107.51524656933235,25.43968639325054],[-107.51531915342989,25.439617886223107],[-107.51539173754729,25.43954946659636],[-107.51546432168456,25.439481046949183],[-107.51550169710627,25.439377335841343],[-107.51549889846342,25.439242962480506],[-107.51553121827644,25.43913943314126],[-107.515608767788,25.439070930136598],[-107.51568135198467,25.439002423025418],[-107.5157539362012,25.438934003314973],[-107.51582652043761,25.438865583584096],[-107.51589910469389,25.438797163832806],[-107.51597304315445,25.438795892546917],[-107.51604842609946,25.43886175861499],[-107.51612380906589,25.438927712004638],[-107.51619919205375,25.438993577873767],[-107.51627809594663,25.43899222298529],[-107.51635068032647,25.43892380307013],[-107.51642326472619,25.438855295713584],[-107.51649584914574,25.43878687575756],[-107.51656987805184,25.43878559305516],[-107.51664526116646,25.438851546020626],[-107.51672064430251,25.438917411465713],[-107.51679593718073,25.43898337528504],[-107.51691014044809,25.439017212479964],[-107.51705810823282,25.43901465744353],[-107.51717077686371,25.438976909881283],[-107.5172433614878,25.43890848965987],[-107.51731594613176,25.43884006941804],[-107.51738853079556,25.438771561735134],[-107.51750128984627,25.43873380293281],[-107.51764916768116,25.43873125838228],[-107.5177620171222,25.43869794677872],[-107.51783460190804,25.438629526372395],[-107.51785988019633,25.438185569350814],[-107.51784299791065,25.437375060319578],[-107.51787333185786,25.436935465724094],[-107.51794591667414,25.43686704539705],[-107.51813261502414,25.436828014694076],[-107.51842846175977,25.43682291495162],[-107.51861525072911,25.436788330999047],[-107.51868783574832,25.436719910426504],[-107.51876042078739,25.436651489833547],[-107.51883291556636,25.43657853439431],[-107.51901970482037,25.436543950012553],[-107.51932051795036,25.43653885238699],[-107.51950225185824,25.436499903386537],[-107.51957483712002,25.436431395107466],[-107.51965238781341,25.43636289077602],[-107.51972488283599,25.43629448092913],[-107.51983267746407,25.436256804504197],[-107.51998561229625,25.43625416396312],[-107.52009340703019,25.4362209457947],[-107.52016599245357,25.4361525247514],[-107.52023857789682,25.436084016267277],[-107.52031612878409,25.436015511709815],[-107.52038853370743,25.43594256685144],[-107.5204611192115,25.43587414572519],[-107.52053370473541,25.435805724578547],[-107.52060629027918,25.435737215991118],[-107.52071905069683,25.435704001439493],[-107.52086702060497,25.435701443583795],[-107.52097969085266,25.43566369403122],[-107.52105227651832,25.435595185299935],[-107.52108333307785,25.435424409665043],[-107.52107773567441,25.435155752956582],[-107.52111357711459,25.43498491577335],[-107.52118616281686,25.434916407041296],[-107.52125874853894,25.43484798570927],[-107.52133133428087,25.43477956435685],[-107.52136862024807,25.434675863972277],[-107.52136582154333,25.434541491770663],[-107.52139823235166,25.43443795120061],[-107.5214708181317,25.434369529827663],[-107.52154340393159,25.434301021013862],[-107.52162086491903,25.43423252716147],[-107.52169345075993,25.43416410572569],[-107.52176594633973,25.43409114946119],[-107.52183853222027,25.43402272798496],[-107.52191111812066,25.43395421906792],[-107.52198370404088,25.433885797550925],[-107.52205628998092,25.433817376013547],[-107.52212887594081,25.433748954455783],[-107.52220146192052,25.43368044545722],[-107.52227892309988,25.433611951404867],[-107.52235150912058,25.43354352978428],[-107.52242400487998,25.43347057333802],[-107.52249659094035,25.433402151677008],[-107.52256917702053,25.433333729995606],[-107.52264176312056,25.433265220873455],[-107.52271425895917,25.433196810206596],[-107.52278684509882,25.433128388464095],[-107.52285943125831,25.43305987928085],[-107.52293698291085,25.432991373973213],[-107.52300956911135,25.43292295216787],[-107.5230820650503,25.43285445397727],[-107.52315456100905,25.432781584749613],[-107.52322714726901,25.4327131628835],[-107.5240107009568,25.43266826312673],[-107.52549999199269,25.432642704880593],[-107.52627849656214,25.43259342712859],[-107.52635595892974,25.43252493160151],[-107.5264285460639,25.432456508651388],[-107.52650113321788,25.43238799826157],[-107.52657372039167,25.432319575270718],[-107.52664630758525,25.43225115225949],[-107.52671889479868,25.432182729227893],[-107.52679139174926,25.43210977143069],[-107.52686388871962,25.43204135941659],[-107.52693647599241,25.43197284890498],[-107.52701402883436,25.43190434212019],[-107.52708661614814,25.43183591898543],[-107.52715911319898,25.431767419469082],[-107.52723170055233,25.431698996293633],[-107.52730428792553,25.431630573097824],[-107.52737687531852,25.431562062462405],[-107.52744937244844,25.43148919190291],[-107.52752195988103,25.43142076864635],[-107.52755085040698,25.430914044585023],[-107.52753098817006,25.42996465388186],[-107.52748097145273,25.429459287127273],[-107.527405585263,25.429393339101324],[-107.52733019909462,25.42932747839572],[-107.52725481294762,25.429261530170777],[-107.52720759504847,25.428890533039155],[-107.52719351093485,25.42821431490284],[-107.52715125859848,25.427843232659352],[-107.52707578221947,25.42777283615722],[-107.52700039614456,25.427706974356077],[-107.52692501009103,25.427641025035054],[-107.52684474879526,25.42757523556201],[-107.52676936278584,25.42750928603773],[-107.52666012082211,25.427475369704986],[-107.5265072724308,25.42747800256354],[-107.52639812085724,25.427448533339337],[-107.52632273497443,25.42738258335649],[-107.52627967023422,25.42721310296169],[-107.52627407272131,25.426944444843105],[-107.52623606380625,25.426774869496505],[-107.52615571243598,25.4267090025746],[-107.5260803266219,25.426643139431217],[-107.52600485054683,25.42657274134879],[-107.52592955505786,25.42650686694875],[-107.52585416930789,25.426440916083724],[-107.52577878357931,25.426375052540386],[-107.52570339787209,25.426309101476395],[-107.52562801218626,25.426243237734198],[-107.5255526265218,25.42617737389258],[-107.52547236564025,25.4261114949743],[-107.52539698001993,25.426045630929544],[-107.52532150413883,25.42597523192464],[-107.5252461185613,25.425909367678734],[-107.52517073300511,25.42584341591188],[-107.52509543775238,25.425777540412454],[-107.52502005223894,25.425711588446724],[-107.52494466674688,25.42564572380317],[-107.5248692812762,25.42557985906022],[-107.52478893031899,25.425513990255748],[-107.52475092161625,25.42534441250066],[-107.52474532413554,25.425075751124762],[-107.52470234993275,25.424906256476692],[-107.52462696453078,25.424840303730676],[-107.52369417351775,25.424820492417478],[-107.52190895137707,25.424851177992394],[-107.52097626018735,25.424835880233367],[-107.52090087584264,25.424765465564427],[-107.52085934675168,25.42466756453265],[-107.52085654805231,25.424533275187375],[-107.5208198941213,25.424430843198532],[-107.52074450982096,25.424364974200703],[-107.52066425039179,25.42429908989543],[-107.52058886613565,25.424233220694493],[-107.52054508008052,25.42379044703822],[-107.52052819762407,25.422979909546125],[-107.5204796267126,25.422541741003158],[-107.52040424250887,25.422475783344044],[-107.52032894860697,25.422409901959362],[-107.5202534741656,25.42233949651984],[-107.52021059096982,25.42217444300762],[-107.52020490330439,25.421901326409564],[-107.5201668049771,25.421731752812835],[-107.52009142086216,25.421665794475174],[-107.52001603676865,25.421599923462473],[-107.51993577755967,25.421534124484893],[-107.51986039351034,25.421468165844637],[-107.51978500948243,25.42140229452948],[-107.51970971575615,25.421336412065514],[-107.519634331771,25.42127045312703],[-107.51959271259798,25.421168189368615],[-107.51958991391194,25.42103381041591],[-107.5195532601558,25.420931375929857],[-107.51947787621509,25.420865504076872],[-107.51940249229578,25.42079963212452],[-107.51932719867801,25.420733661598927],[-107.51927853770616,25.420295498110153],[-107.51926165533027,25.419480401345275],[-107.51921308465052,25.419042224732028],[-107.51913770080641,25.418976351642304],[-107.51906231698372,25.418910391027733],[-107.51898693318243,25.418844517739238],[-107.51891163968251,25.418778633303326],[-107.51883625592403,25.418712672390555],[-107.5187220518277,25.41867882620626],[-107.51857417339495,25.418681360792643],[-107.5184599694114,25.41864751430639],[-107.51838458578119,25.4185815529286],[-107.51830929245216,25.418515667829663],[-107.51823390886476,25.418449793678977],[-107.51811979530733,25.41842039437186],[-107.51797191721018,25.418422928072943],[-107.51786267886409,25.418388910326104],[-107.51778233002666,25.41832311875182],[-107.51770703686853,25.4182572329922],[-107.5176316534522,25.418191270754164],[-107.5175224152462,25.418157339955552],[-107.5173695721128,25.41815995578921],[-107.51726042429412,25.418130472394886],[-107.51718495072532,25.418060062001373],[-107.51710469237247,25.417994258583526],[-107.51702930912731,25.41792838310814],[-107.51695392590354,25.417862420106918],[-107.5168785427012,25.41779654443278],[-107.5168031595203,25.41773066865927],[-107.51672786664003,25.417664694313665],[-107.51661366345114,25.417630845266014],[-107.5164656959143,25.4176333877185],[-107.51635167339649,25.4176039750415],[-107.5162762903653,25.41753809870619],[-107.51620081707648,25.41746768712159],[-107.51612552436717,25.41740179953962],[-107.51605014140026,25.417335835477076],[-107.51597475845476,25.417269958742065],[-107.5158993755307,25.417204081907705],[-107.51582408290696,25.417138106501596],[-107.51574373468699,25.417072312395423],[-107.51566835182858,25.41700643525869],[-107.51563169861414,25.41690399617015],[-107.51562899024876,25.416769602202777],[-107.51558737170397,25.41666733331794],[-107.51551198889,25.416601368414995],[-107.51539796678217,25.416571954171168],[-107.51524999992358,25.41657449453322],[-107.5151407626984,25.4165405603929],[-107.5150605049641,25.416474754301916],[-107.51498512229992,25.41640878883696],[-107.51490973965716,25.41634291070017],[-107.51483435703582,25.416277032464034],[-107.51475897443594,25.416206607889833],[-107.5147160921282,25.416041632179095],[-107.51471040458051,25.41576841677266],[-107.51467230704216,25.41559883370169],[-107.51459701476684,25.415532943843115],[-107.51452163223442,25.415467064929235],[-107.51444624972343,25.41540109848803],[-107.51444489554677,25.41533394458417],[-107.51451747942487,25.415265526892785],[-107.51458997304434,25.415197032796943],[-107.51466255696214,25.415128615064994],[-107.5146935224953,25.414957839519627],[-107.51468792522667,25.41468469953159],[-107.51472394636087,25.414518288769653],[-107.51479644003679,25.414449882081637],[-107.51486893373253,25.414376929110837],[-107.5149415177267,25.414308511338852],[-107.51496905270481,25.413734586606154],[-107.51494657332903,25.412650863493027],[-107.51496923326205,25.412077007758445],[-107.51504669233061,25.412008518349833],[-107.51511927637345,25.411940100678294],[-107.51519177015744,25.41186714773751],[-107.51522282603112,25.41170090631964],[-107.5152171384726,25.411427687704002],[-107.51517913114013,25.411258091165976],[-107.51510374844221,25.41119221065228],[-107.51502836576573,25.411126330039266],[-107.51494810806545,25.411060433635534],[-107.51491010077156,25.410890836589303],[-107.51490450349834,25.410622152198744],[-107.51486153088847,25.410452637581233],[-107.51478614828085,25.410386756387965],[-107.51471076569464,25.410320875095373],[-107.5146354734084,25.41025498266114],[-107.51456009086505,25.41018901374062],[-107.51448470834313,25.410123132150108],[-107.5144092355642,25.410052715170927],[-107.51433394336358,25.409986822337427],[-107.51433249890911,25.409919678291438],[-107.51440508275643,25.409851261008143],[-107.5144776666236,25.40978275627508],[-107.51455025051067,25.40971433895126],[-107.51462283441761,25.409645921607183],[-107.51469532806588,25.409577427855503],[-107.51476791201252,25.40950901047093],[-107.51484040570045,25.409436145205227],[-107.51491298968682,25.409367640350993],[-107.51499044873896,25.409299151199594],[-107.51506303276639,25.40923073373264],[-107.5151356168137,25.40916222881598],[-107.51516802686113,25.409058682466192],[-107.51516522822178,25.408924295944196],[-107.51520260360134,25.408825125708756],[-107.51527509740811,25.408752172909107],[-107.51534768151348,25.408683755381798],[-107.5154201753599,25.408615348876598],[-107.51549275950497,25.408546843879314],[-107.51556534366989,25.40847842629127],[-107.51564280291257,25.408409936966667],[-107.51571538711856,25.408341431906972],[-107.51574779723686,25.408237885471344],[-107.51574499859139,25.408103498913643],[-107.51578228377375,25.40799988072108],[-107.51585486801793,25.40793137564149],[-107.51592745228194,25.4078629579712],[-107.51600003656583,25.40779454028065],[-107.5160726208696,25.407726122569862],[-107.51614511491418,25.407657628451894],[-107.51625778315731,25.40761989157396],[-107.51640575057816,25.407617355015066],[-107.51651850921115,25.40758406579907],[-107.51659091309843,25.407511123681367],[-107.51662693449111,25.40734479830029],[-107.51662124690246,25.407071577455444],[-107.51665230294353,25.406900788355582],[-107.51672479714655,25.406832381524726],[-107.51720743029081,25.406792755469755],[-107.51810480887859,25.406777407719357],[-107.51858861817108,25.406800406794495],[-107.51866400185922,25.40686637382415],[-107.5187394758487,25.40693670115189],[-107.51881476929978,25.4070026790248],[-107.51888879885283,25.407001403848454],[-107.51896129366688,25.40693290881512],[-107.51899587090146,25.406694894257754],[-107.51898738458237,25.40628737731489],[-107.51894296683157,25.406050720225814],[-107.51886767334413,25.40598482942471],[-107.51879228959812,25.405918862139295],[-107.51871690587353,25.405852982183617],[-107.51864161245021,25.40578709108485],[-107.51856622876842,25.405721210930636],[-107.51845202478829,25.405687269937292],[-107.518304146506,25.405689796880296],[-107.51819003291835,25.405655931970887],[-107.51811464936483,25.405590051352068],[-107.51803926583273,25.405524083204497],[-107.51796397260166,25.40545819134383],[-107.5176279519916,25.405432584907825],[-107.51703138555173,25.40544286820975],[-107.51669536612276,25.40541271268088],[-107.5166199829939,25.405346830618704],[-107.51654469016562,25.4052809374151],[-107.51646930707957,25.40521505515439],[-107.51639392401495,25.40514908536428],[-107.51631863125083,25.40508319186303],[-107.51624315794999,25.405012861406373],[-107.51616289988208,25.4049469629892],[-107.51605375255986,25.40491747158482],[-107.51590578533538,25.404920006190892],[-107.51579167277934,25.404886138257712],[-107.51571628990732,25.40482025513527],[-107.51567476162768,25.404717882143963],[-107.51567196298299,25.404583581477528],[-107.5156354000469,25.404485672044604],[-107.51555992694047,25.40441525323654],[-107.51547966907933,25.404349441310604],[-107.51540428629598,25.404283557646682],[-107.51536772339679,25.404185560466956],[-107.51536483447659,25.404046724049525],[-107.51532339653075,25.403948885789163],[-107.5152480137918,25.403883001788916],[-107.51517254079563,25.403812582324335],[-107.51509724837825,25.40374668708258],[-107.51505436601579,25.40358170328911],[-107.51504867846087,25.403308477453084],[-107.51501067115257,25.403138962735852],[-107.51493528850253,25.403072990627336],[-107.51485990587395,25.403007105850644],[-107.51477964822466,25.402941292554537],[-107.51473739786337,25.402570154965385],[-107.51472340468965,25.401893922636198],[-107.51467627929709,25.40152294255718],[-107.51460089674214,25.40145696935352],[-107.51452542393015,25.401386635502327],[-107.51445013169652,25.401320738490107],[-107.5144086036152,25.401222909347503],[-107.51440580498385,25.40108851907682],[-107.51444318025638,25.40098480105997],[-107.51451567385553,25.400916395391707],[-107.51458825775298,25.400847978663943],[-107.51466084167032,25.400779474484096],[-107.51469532806588,25.40054146455997],[-107.51468693216287,25.40013392156661],[-107.5146425151321,25.399897253401402],[-107.51456722286524,25.399831355757318],[-107.5144918403413,25.399765469053044],[-107.51441645783878,25.399699582249497],[-107.51441510366227,25.399632424996366],[-107.51448768753221,25.399563920959515],[-107.51456009086505,25.39949106736764],[-107.51463267477466,25.399422563290763],[-107.51466580698879,25.399117395238694],[-107.51465461245276,25.398575546588766],[-107.51468277935074,25.398270372962937],[-107.51476023833563,25.39820188486975],[-107.51483282230004,25.398133468245472],[-107.51490540628433,25.398064964168476],[-107.51490396182673,25.397997817739245],[-107.51482866948561,25.39793191938865],[-107.51475328688734,25.397866031977465],[-107.51467302927034,25.39780012851432],[-107.51459764671631,25.397734240900288],[-107.5145222641837,25.397663894116352],[-107.51444688167253,25.397598006301592],[-107.5143714991828,25.397532030954725],[-107.5142962069929,25.39746613190333],[-107.514220824546,25.39740024379081],[-107.5141455323989,25.39733434454112],[-107.51407014999484,25.397268456230158],[-107.51399476761223,25.39720248038688],[-107.51391451022484,25.39713666331426],[-107.51380527354989,25.397102717547245],[-107.51365739785832,25.39710523395285],[-107.51354337654807,25.39707580737945],[-107.51346790403714,25.397005470347384],[-107.51339261210389,25.396939482803667],[-107.51331722991395,25.39687359363133],[-107.5132369727317,25.39680777576307],[-107.51316159058602,25.396741886387943],[-107.5130862084618,25.39667599691355],[-107.51301091663696,25.39661009630303],[-107.5129355345556,25.39654411919661],[-107.51286024277356,25.396478218387756],[-107.51278477045717,25.396407880435344],[-107.51270938844011,25.396341990462506],[-107.51263409672234,25.39627600192015],[-107.51255383974696,25.3962101831134],[-107.51255239530218,25.396143035652404],[-107.51262994394236,25.39607453752752],[-107.5127024370456,25.39600604538476],[-107.51277502044657,25.395937629619198],[-107.51280318714484,25.395632539463048],[-107.51279199268747,25.395090593341056],[-107.51275118708882,25.394786677083495],[-107.51267580508133,25.394720786280416],[-107.5126005133731,25.394654884342117],[-107.5125201661301,25.394584529127936],[-107.51247791612894,25.394213464014502],[-107.51246392307449,25.393537207654592],[-107.51241679808366,25.39316621237595],[-107.51234141617128,25.393100320476925],[-107.51226603428034,25.393034428478664],[-107.51219074268853,25.3929684379112],[-107.51214641635372,25.39273174905075],[-107.5121379302538,25.3923242902807],[-107.51209847892054,25.39208752950378],[-107.51202318737633,25.39202162575586],[-107.51194780557593,25.391955645508357],[-107.51187251407454,25.39188974156216],[-107.51183089611953,25.391787458033882],[-107.5118280975154,25.39165306235739],[-107.51178666012245,25.391555215816418],[-107.51171118811182,25.39148487439508],[-107.51163589667767,25.391418970007443],[-107.51156051498747,25.39135298911948],[-107.51148522359614,25.391287084533573],[-107.51140984194879,25.391221190882643],[-107.51129573132825,25.391187310607066],[-107.51114776675973,25.39118983163669],[-107.51103374652935,25.391160399245823],[-107.51095845528774,25.391094494099157],[-107.51088307379028,25.391028599887036],[-107.51080769231429,25.39096270557568],[-107.51073231085974,25.39089226450043],[-107.51065692942664,25.390826369988392],[-107.51058163829214,25.390760464343806],[-107.51050625690193,25.390694569633393],[-107.51042600057113,25.39062874599835],[-107.51035070950226,25.390562840052123],[-107.51031261259068,25.390393235838147],[-107.5103071056916,25.39012451800147],[-107.51026413382723,25.389955072043783],[-107.51018875252738,25.389889089218652],[-107.51011346152598,25.3898231826979],[-107.51003808026901,25.38975728711069],[-107.50998951127889,25.38931458609774],[-107.50997271977135,25.388504001916264],[-107.51000305281799,25.388064510055926],[-107.51007563547938,25.387996008332184],[-107.51014821816065,25.387927594025165],[-107.51022071058482,25.387859190730136],[-107.51024680064022,25.387213603342374],[-107.51022161335487,25.385995533544385],[-107.5102428284517,25.385350013718618],[-107.51031532090175,25.385281610570285],[-107.51042807694384,25.38524833374526],[-107.51057595083321,25.385245827976608],[-107.51068861670909,25.385208015237872],[-107.51076119955836,25.38513960091505],[-107.51079857431685,25.38504042653277],[-107.51079568544644,25.38490157915836],[-107.51082818524037,25.384802475822912],[-107.51090076812787,25.384733974043066],[-107.51097317048075,25.384661122433844],[-107.51105071865872,25.384592538494918],[-107.5111233016072,25.384524124090827],[-107.51119579429823,25.38445572069838],[-107.51160429955941,25.384417343044323],[-107.51234872866723,25.38440462688155],[-107.51275714542807,25.384361797282182],[-107.51282972884401,25.38429338230854],[-107.51290231227982,25.384224967314776],[-107.51297480545759,25.384156475896923],[-107.51308747235352,25.384118749031156],[-107.51323534772715,25.384116240634217],[-107.5133481050119,25.384082961817647],[-107.5134205983116,25.38401001098024],[-107.51345661927361,25.383843675745435],[-107.51345093175297,25.383570431112812],[-107.51348189714462,25.38339972967103],[-107.51355448075903,25.383331227079086],[-107.51362697411516,25.383262822937088],[-107.51370452306975,25.38319432553972],[-107.51373684266404,25.383090697565645],[-107.51373404403982,25.38295638667328],[-107.51369757164915,25.3828584553117],[-107.51361713379542,25.382788105957278],[-107.51354184181976,25.382722198967237],[-107.51346645958739,25.38265630291097],[-107.51342150109252,25.382150814063717],[-107.51340182046867,25.381201462702492],[-107.51335189669085,25.380696053336834],[-107.51327660479055,25.380630145081483],[-107.5132012226336,25.380564247759068],[-107.51312593077608,25.38049833930558],[-107.51308295845453,25.380328802160594],[-107.51307736121989,25.380060089835403],[-107.51311329185727,25.37988930470999],[-107.51318587537074,25.37982080248979],[-107.51329854235641,25.379783076838777],[-107.51344641784777,25.379780570623286],[-107.5135542099246,25.3797472877715],[-107.51363157830158,25.379674353446752],[-107.51366407844334,25.379575249490543],[-107.51366127981987,25.379440849634406],[-107.51369856470922,25.379337226238597],[-107.51377114838297,25.37926872385645],[-107.51384364179836,25.37920031992417],[-107.51391622551184,25.37913190493983],[-107.51394583678373,25.37889395268123],[-107.51393735062621,25.37848639165815],[-107.51397192720592,25.37824835689697],[-107.51404442067621,25.378179952967425],[-107.51411700444464,25.378111537985998],[-107.51418958823297,25.37804303554634],[-107.51426208176278,25.377974631556675],[-107.51433954062476,25.377906057980496],[-107.51441203419557,25.377833194604786],[-107.51448461806466,25.377764692083545],[-107.51451413912159,25.37752683783528],[-107.5145058335028,25.377123713282735],[-107.51454031987818,25.37688568909891],[-107.51461290378239,25.37681727403854],[-107.51468548770647,25.37674885895809],[-107.51475798137187,25.376680367451115],[-107.51479526641548,25.376576743672324],[-107.51479255805862,25.37644233213006],[-107.51482487778556,25.37633879043192],[-107.51489746176766,25.3762703753125],[-107.5153846958037,25.376226137316394],[-107.51627692231875,25.37621092436282],[-107.51675937408972,25.376171287978188],[-107.51683195860124,25.37610287220699],[-107.51686229243285,25.37566328752841],[-107.51684541021068,25.3748482426599],[-107.51679683997317,25.374410079782894],[-107.51672145681546,25.37434418250972],[-107.51664616395838,25.374278186666604],[-107.51657087112267,25.37421227816275],[-107.5165250995891,25.373908426998877],[-107.51651381469544,25.373366550390646],[-107.51647300852402,25.37306261607739],[-107.51639771573745,25.372996706822],[-107.51632233269318,25.372930808499405],[-107.51624703994938,25.37286489904592],[-107.51616669160127,25.372794623249444],[-107.51609130862265,25.372728724622892],[-107.51601601594444,25.3726628148657],[-107.5159407232876,25.37259690500951],[-107.5158653403732,25.37253100608564],[-107.51579004775911,25.372465096031352],[-107.51571466488755,25.37239919690926],[-107.51563937231626,25.372333286656893],[-107.51559639958731,25.372163746465223],[-107.51559071202077,25.37189058159289],[-107.51562673327761,25.37172415516456],[-107.5156993174792,25.371655740096298],[-107.51577172114287,25.371582800224378],[-107.51584430538414,25.371514385116416],[-107.51591679936632,25.371445981019445],[-107.51598938364731,25.371377478432095],[-107.51617608062045,25.371342949185916],[-107.51647183489528,25.371337939016378],[-107.51665835164962,25.37129888433466],[-107.51673093613353,25.371230468942755],[-107.51676126995356,25.370790878133477],[-107.51674438773783,25.369975820463107],[-107.51669581751881,25.369537649929004],[-107.51662052466901,25.36947173913561],[-107.51654514156141,25.369405839274055],[-107.51646984875437,25.3693399282826],[-107.51642823007762,25.369237550033947],[-107.5164255217041,25.369103223720085],[-107.51646280698213,25.36899951133603],[-107.51653530113337,25.368931107205025],[-107.51664805982143,25.368897830759817],[-107.51679593718073,25.3688952391231],[-107.51690851542101,25.368857525115605],[-107.51698109997336,25.36878910981118],[-107.51701206577722,25.368618316378708],[-107.51700646845964,25.36834959842527],[-107.51704239962942,25.368178722770303],[-107.5171149842184,25.36811030746821],[-107.51718747854785,25.36804190317697],[-107.51726006317651,25.367973400395062],[-107.51733255754561,25.367904996063885],[-107.51740505193452,25.367832044843674],[-107.51748251171442,25.36776355840684],[-107.51755500614429,25.367695154014402],[-107.51755365195176,25.367627903405133],[-107.51747835885851,25.367561992430346],[-107.51739810041691,25.36749616341428],[-107.51732271708836,25.367430263267963],[-107.51724742406064,25.36736435199179],[-107.51717204077491,25.36729845164727],[-107.51709665751059,25.367228091760804],[-107.51702136454703,25.367162180185343],[-107.5170199200779,25.367095027789784],[-107.51709250466072,25.367026525132367],[-107.51716499898404,25.366958120925567],[-107.51723758360654,25.366889705668264],[-107.51731007796951,25.366821213981435],[-107.51738266263172,25.366752798684136],[-107.51746012240507,25.366684312352756],[-107.51753261682884,25.366611361160658],[-107.5176051112724,25.36654295683271],[-107.51767769601531,25.366474454014018],[-107.51775019049852,25.366406049646137],[-107.51782277528112,25.36633763422751],[-107.51785726208777,25.366099605716283],[-107.51784877580509,25.36569203474978],[-107.51780453880401,25.365459864560506],[-107.51772915536002,25.365389416874056],[-107.51765377193742,25.36532351598354],[-107.51757847881575,25.36525760396362],[-107.51750318571543,25.36519169184472],[-107.51742780235703,25.36512579065698],[-107.51734754393074,25.365059960349605],[-107.51727225089596,25.364994047929354],[-107.51719686760318,25.364928146440036],[-107.51712157461117,25.364862233821764],[-107.51704628164052,25.364796321104517],[-107.51697080813263,25.36472597086861],[-107.51692936993588,25.364628115670765],[-107.51692657127795,25.364493798718026],[-107.51688991788966,25.364391336536873],[-107.51681462498476,25.364325423383246],[-107.51670051203773,25.364291534336733],[-107.51655263473161,25.364294123265186],[-107.51643861217643,25.36426468238282],[-107.51636331939962,25.36419876876799],[-107.51628784608604,25.36412841761326],[-107.51621255335203,25.364062503798145],[-107.51613726063941,25.363996589884056],[-107.51606187766915,25.363930686899796],[-107.5160203493354,25.363828294758743],[-107.51601755068705,25.36369397697691],[-107.51597611263922,25.363596120615448],[-107.51590063943583,25.36352576880629],[-107.51571764409046,25.363497494890208],[-107.5154170156028,25.363502652693377],[-107.51522896498332,25.363470011360487],[-107.51515358227125,25.3634041073136],[-107.51507828985926,25.363338192139707],[-107.51500299746864,25.363272276866866],[-107.51492761482079,25.363206372522793],[-107.51485232247298,25.36314045705194],[-107.51480799569306,25.36290374486971],[-107.51479950950794,25.362496252251283],[-107.51483399592152,25.36225821955439],[-107.51490657990612,25.36218980543127],[-107.51501933790172,25.362156532561272],[-107.51516712407424,25.362153957743914],[-107.51527482657194,25.362116318026178],[-107.51535228572978,25.36204774547758],[-107.5153846958037,25.361944190063458],[-107.51538189716206,25.361809871144697],[-107.51541918229339,25.36170615740806],[-107.51549176643816,25.361637743123808],[-107.5157523111812,25.361601894737536],[-107.51619594200832,25.361594309786824],[-107.51645639716399,25.361554011500324],[-107.51652898159263,25.36148559687143],[-107.51660147576195,25.361417105809153],[-107.51667893530723,25.361348620257125],[-107.51730908489591,25.361301982730794],[-107.5185018592463,25.361281567613858],[-107.51913210344398,25.361239456865974],[-107.51920468860455,25.36117095390157],[-107.51927718350485,25.361102549388338],[-107.51934967842497,25.361029597925842],[-107.51942713877244,25.360961111355618],[-107.5194996337335,25.36089270678126],[-107.51952789142605,25.360587582967515],[-107.51951660640472,25.360045690292374],[-107.51954973922875,25.359740494829556],[-107.51962223422329,25.359672002859096],[-107.51969481951787,25.35960358727996],[-107.51976731455204,25.35953518271088],[-107.51983989988628,25.35946667965063],[-107.51991239496004,25.359398275041723],[-107.51998498033394,25.359329859382772],[-107.5200624408668,25.359261285281338],[-107.52013493600134,25.359192880610987],[-107.52020743115568,25.359119928979982],[-107.52068979979126,25.359080318130747],[-107.52158186357987,25.359065058787053],[-107.52206910988781,25.359020824733523],[-107.52214160557014,25.35895241939419],[-107.52216977326277,25.358647307507148],[-107.52215857841021,25.35810540628809],[-107.52219162128281,25.357800222681362],[-107.52226420727968,25.357731718915307],[-107.52233670301524,25.357663313601424],[-107.52240928905175,25.35759489723635],[-107.52248178482691,25.35752640444182],[-107.52255428062186,25.35745799906824],[-107.52262686671783,25.357389582643375],[-107.52269936255234,25.35732108978917],[-107.5227767335956,25.357248066380468],[-107.52284931975232,25.357179649894483],[-107.52292181564756,25.357111244420057],[-107.52299440184393,25.35704274045342],[-107.52306689777876,25.356974334939196],[-107.52313939373336,25.356905929405084],[-107.52321197998917,25.356837425378682],[-107.52328447598336,25.35676901980478],[-107.5233570622788,25.356700603179288],[-107.52343452379505,25.356632028024194],[-107.52350692956844,25.356559086502372],[-107.52357951592464,25.356490669815773],[-107.5236520120191,25.356422264141063],[-107.52372450813334,25.356353771005736],[-107.52379709454898,25.356285354259374],[-107.52386959070279,25.356216948524985],[-107.52394217715808,25.356148444298064],[-107.52401467335145,25.356080038523896],[-107.52409213505939,25.35601146317316],[-107.52416454101196,25.355938608914908],[-107.52419704244346,25.355839414475433],[-107.52419424370892,25.355705097767697],[-107.52423153007788,25.355601471202878],[-107.52430402635021,25.355532977928252],[-107.52437661292413,25.355464561042467],[-107.52444910923603,25.35539606772808],[-107.5245216055677,25.355323202357674],[-107.52459410191913,25.355254709003876],[-107.52466659829034,25.35518630307093],[-107.52474406018831,25.355117727551473],[-107.52481664688239,25.355049310544874],[-107.52488914331428,25.35498090455059],[-107.52496173004799,25.35491240006347],[-107.52503422651948,25.354843994029412],[-107.52510672301072,25.35477558797549],[-107.52517921952175,25.354702634987056],[-107.52536583267405,25.35466802647548],[-107.52566150690153,25.354663023578034],[-107.52584812039237,25.35462395493945],[-107.52592061710554,25.354555548623125],[-107.5259931138385,25.354487054846476],[-107.52607057612295,25.354418566323098],[-107.52614316317921,25.35435006147211],[-107.52621565997285,25.354281655074608],[-107.52628815678624,25.35421324865724],[-107.52636074390189,25.354144743746563],[-107.52647332619634,25.35410702684432],[-107.52662120902603,25.35410443148673],[-107.52673036069116,25.354138397501057],[-107.52681062195242,25.354204224703988],[-107.52688591769085,25.354270133997385],[-107.5269613037333,25.354336032158304],[-107.52781944216554,25.354352697254786],[-107.5294557361014,25.35432452291818],[-107.53031261860504,25.354278455834322],[-107.53038520681869,25.35421003698106],[-107.53045770476827,25.354141541704788],[-107.5305302027376,25.35407313384771],[-107.53060270072663,25.35400017914166],[-107.53067519873545,25.35393177124519],[-107.53071257629688,25.35383259330502],[-107.53070968720982,25.35369374349243],[-107.53074209915708,25.35359464786159],[-107.5308195628242,25.35352607016154],[-107.5308921511761,25.353457651189036],[-107.53096455897968,25.35338470743749],[-107.53103705708702,25.353316299461653],[-107.53110964549822,25.353247792990775],[-107.53122232008613,25.353214520952445],[-107.53137020555513,25.353212007713772],[-107.53147782433636,25.35317428205349],[-107.53155528821755,25.35310579154902],[-107.53162787677002,25.35303728491602],[-107.53170037505798,25.352968876738526],[-107.53177287336568,25.352900381102266],[-107.53184537169311,25.35283197288508],[-107.53191787004029,25.35275901782488],[-107.53199036840721,25.352690609568327],[-107.53206286679385,25.35262211385303],[-107.53213545548469,25.352553694520168],[-107.5322129195572,25.35248520382033],[-107.53228541800443,25.352416708043815],[-107.5323579164714,25.352348299686337],[-107.53243050524266,25.352279792833396],[-107.53250300374913,25.352211384436213],[-107.53257550227532,25.35214297601918],[-107.53268808719885,25.35210516737607],[-107.53283597348185,25.352102652965094],[-107.53294855851547,25.352064844127813],[-107.53302114744771,25.35199642453201],[-107.53309364611495,25.351927928514712],[-107.53316614480191,25.351859519916314],[-107.5334267068709,25.3518236442525],[-107.53387515230365,25.35181595043553],[-107.5341307493839,25.35177569645501],[-107.53420821403665,25.351707117623665],[-107.53428071302693,25.351638708660378],[-107.53435321203693,25.351570299677267],[-107.53442571106667,25.351501803235927],[-107.53449821011613,25.35142893485531],[-107.5345707091853,25.35136043837464],[-107.53464320827422,25.351292029312525],[-107.53475597464224,25.351258656577578],[-107.53490377178773,25.351256151145954],[-107.53501635769514,25.351218340935773],[-107.53508894719074,25.351149920693366],[-107.53516144642063,25.351081511469403],[-107.53523394567026,25.351013014787355],[-107.53530644493961,25.350944605523736],[-107.53537903451422,25.350876097763628],[-107.5354120790286,25.350570920299155],[-107.53540079333334,25.350029045409133],[-107.53535501855823,25.349725196860184],[-107.53527963013904,25.34965930385847],[-107.5352042417412,25.349588951387037],[-107.53512894365014,25.349523047147123],[-107.53508452320351,25.3492863599057],[-107.53507612665649,25.348883331638277],[-107.53503667191768,25.34864656133173],[-107.53496137387395,25.348580656480728],[-107.53488607585149,25.348514751530793],[-107.53481068756497,25.348448857519173],[-107.53480933328457,25.348381694982233],[-107.53488174215302,25.348308750258514],[-107.53495424132655,25.348240341310678],[-107.53502683080522,25.348171833866648],[-107.53509933001823,25.348103424879167],[-107.53517182925096,25.348035015871876],[-107.53524432850338,25.347966519405713],[-107.53531691806108,25.347898099321366],[-107.535389417353,25.34782960281557],[-107.53546191666463,25.34776119372902],[-107.53553929141873,25.347688166400584],[-107.53561179077113,25.347619757273083],[-107.53568429014324,25.34755126068675],[-107.53575687982077,25.347482840482012],[-107.53582937923234,25.347414343856048],[-107.53590187866364,25.347345934649297],[-107.53597437811466,25.34727752542274],[-107.53604696787117,25.347209017699644],[-107.53615955426149,25.347171295315658],[-107.53630735218528,25.34716870302834],[-107.53642002897148,25.347135428795198],[-107.53649252856341,25.34706247258541],[-107.53656502817508,25.346994063177647],[-107.53663752780645,25.346925566311228],[-107.53671002745752,25.346857156863877],[-107.53678261741435,25.34678864891973],[-107.53685999255178,25.346720168004975],[-107.53693258254944,25.34665174745833],[-107.53700508228076,25.34658325049123],[-107.53707758203178,25.34651484094316],[-107.53714999151637,25.346441895595056],[-107.5372224913068,25.346373486007742],[-107.53729508140314,25.346304977923484],[-107.53736758123303,25.346236568296558],[-107.5374020705737,25.34599854022888],[-107.5373936739537,25.34559551160309],[-107.53734925312972,25.345358823776735],[-107.53727395443276,25.345292919355416],[-107.53719847518475,25.345222490076534],[-107.53712317653039,25.345156672894138],[-107.53704787789728,25.345090768173687],[-107.53697257928546,25.34502486335431],[-107.53689719040881,25.344958969473645],[-107.53682189183954,25.344893064456333],[-107.53674162756067,25.344827241765515],[-107.53666632903534,25.344761336546004],[-107.53659103053126,25.344695431227564],[-107.53651555147657,25.344625001029975],[-107.53647194337216,25.34418675099331],[-107.53645496961919,25.34337616084496],[-107.53648033996315,25.34293673431024],[-107.53655283957148,25.342868237766226],[-107.53662542948551,25.34279981760564],[-107.53669783884732,25.342726872621075],[-107.5367308835252,25.34242168983749],[-107.5367196880601,25.341884339924626],[-107.53667391305851,25.341580484475923],[-107.53659843398034,25.341510052779018],[-107.53641551467625,25.341481871732825],[-107.53611486278571,25.34148705591711],[-107.53592688781201,25.34145442051594],[-107.5358515895168,25.341388512920396],[-107.53577620095716,25.34132261626162],[-107.5357009027045,25.341256795908862],[-107.53562560447314,25.341190888016552],[-107.53555030626302,25.341124980025338],[-107.53550308689272,25.34075396901398],[-107.5354890023403,25.34007767318038],[-107.53552069258429,25.339705323034472],[-107.53559310164601,25.33963237858865],[-107.53566560101305,25.339563970028205],[-107.5357381003998,25.339495474006853],[-107.5357367461147,25.339428309849882],[-107.53566135758753,25.33936241212689],[-107.53558605936733,25.33929650326992],[-107.5355107611684,25.339230594314063],[-107.53550931659883,25.339163441075037],[-107.5355819062287,25.339095021542544],[-107.53569449242259,25.339057214689383],[-107.53584229008854,25.339054714984293],[-107.53595000096206,25.339016979184784],[-107.53602737585783,25.33894849929807],[-107.53609996562878,25.33887999216292],[-107.53617246513367,25.338811583484315],[-107.5362449646583,25.338743087344785],[-107.53631746420261,25.33867467862668],[-107.53638996376667,25.338606269888803],[-107.53646255363634,25.338537762654738],[-107.53664899412604,25.3384987105856],[-107.5369446808843,25.338493610809614],[-107.53713130228343,25.338459082946247],[-107.53720371178261,25.33838613805342],[-107.53727621158764,25.338317641593143],[-107.53735367715454,25.338249150228258],[-107.53746147892493,25.338215949422857],[-107.53760927757041,25.338213360586025],[-107.53772186462044,25.33817563984538],[-107.53779436456635,25.33810714322373],[-107.53783165284011,25.338003514863566],[-107.53782885396224,25.337869110642114],[-107.53786117648913,25.337765564582373],[-107.5379336764729,25.337697067943058],[-107.53801114223079,25.33762857638377],[-107.53808364225533,25.3375600797033],[-107.53811605509958,25.337456522582304],[-107.53811316593224,25.337322129322803],[-107.53815054453706,25.337222949308913],[-107.53822295431299,25.337150004159724],[-107.53829554468165,25.337081583846654],[-107.53836804478351,25.33701317454996],[-107.53840542342404,25.33691390706513],[-107.53840253425358,25.33677514168824],[-107.53843494713657,25.33667595650944],[-107.53850744727633,25.33660754719483],[-107.53857985714914,25.3365346019667],[-107.53865732309468,25.336466110267285],[-107.53868540224835,25.336161006606105],[-107.5386742067012,25.335623563032044],[-107.53870725162398,25.335318376374225],[-107.53877966155102,25.335245431157794],[-107.53885225207121,25.33517701079433],[-107.53892475232436,25.335108514005817],[-107.53899725259724,25.335040104638807],[-107.5390697528898,25.334971607810854],[-107.5391422532021,25.33490319840439],[-107.53921475353407,25.334834788978203],[-107.53921339923131,25.334767537349776],[-107.53913810000807,25.334701629378237],[-107.53906262023251,25.334631283873296],[-107.53898732105185,25.334565375701654],[-107.53895075491062,25.3344674513699],[-107.53894786573424,25.334328685243964],[-107.53898027868351,25.33422949969878],[-107.53905286925827,25.334161079341495],[-107.53912536956597,25.334092670000214],[-107.53919777960651,25.33401972472132],[-107.53927524573152,25.33395114557607],[-107.53934774609964,25.333882736174296],[-107.53942024648747,25.333814239311398],[-107.539492746895,25.333745829870182],[-107.53951947183225,25.333373560387546],[-107.53950538706769,25.33269734745518],[-107.53953698750205,25.33232491820621],[-107.53960948794129,25.332256508834497],[-107.53972207583558,25.33221870097495],[-107.53986996602069,25.332216189154707],[-107.539982644312,25.33218282958895],[-107.54005505458522,25.332109884146544],[-107.54012755516524,25.332041474613845],[-107.54020005576496,25.331973065061444],[-107.54027255638438,25.331904568047715],[-107.54034505702349,25.331836158455904],[-107.5404175576823,25.331767661402772],[-107.5404900583608,25.331699251771546],[-107.54060264662662,25.331661443391308],[-107.54075053729976,25.331658930806032],[-107.54086321596289,25.331625570711477],[-107.54093571676246,25.33155716093863],[-107.54100812729426,25.33148421522565],[-107.54108062813322,25.33141580541376],[-107.54115312899184,25.331347308140696],[-107.54122562987017,25.331278898289398],[-107.54130309658386,25.331210318621917],[-107.5413755975029,25.33114190872953],[-107.54163598701842,25.331101510063682],[-107.54207948042566,25.331093903548645],[-107.54233996091563,25.33105803940612],[-107.54241246211627,25.330989629171174],[-107.54248496333662,25.330921131475407],[-107.54255737428866,25.33084818530004],[-107.54263484138878,25.330779692604676],[-107.5427073426695,25.330711194848515],[-107.54273406792865,25.330338926173386],[-107.54271998299444,25.329662715656003],[-107.54275158380939,25.329290374583927],[-107.54282408512181,25.3292218768973],[-107.54289658645392,25.329153466632437],[-107.54296908780572,25.329084968906443],[-107.54304149888904,25.32901202268424],[-107.54311400028018,25.328943612360685],[-107.54318650169101,25.328875202017446],[-107.54326396897363,25.328806621822913],[-107.54333647042517,25.328738211438612],[-107.54340897189638,25.328669713593225],[-107.54374330957062,25.32862814315629],[-107.54433948443118,25.328617782580128],[-107.54467391355884,25.328580658207706],[-107.54474641539308,25.328512247359125],[-107.544818917247,25.32844374904988],[-107.54489132883182,25.328370802268815],[-107.54496383072508,25.328302391361568],[-107.545036332638,25.328233980434646],[-107.54510883457061,25.32816548204707],[-107.54518133652289,25.328097071080787],[-107.54525383849482,25.32802857265388],[-107.54533130637701,25.327960079189012],[-107.54536227547837,25.327789280827865],[-107.54535658727582,25.32752057046228],[-107.54539252227183,25.327349689487107],[-107.54546502430107,25.327281278484318],[-107.54553752634999,25.327212780020783],[-107.54561002841858,25.327144368978654],[-107.54568244021782,25.32707142201995],[-107.54575494232573,25.32700301093884],[-107.54582744445332,25.326934512397017],[-107.54589994660058,25.32686610127658],[-107.54597732438094,25.326797531269996],[-107.54604982656885,25.32672912010857],[-107.54612232877645,25.326660621486447],[-107.5461948310037,25.326592210285686],[-107.54626733325064,25.32652371162425],[-107.54633974522797,25.32645085193156],[-107.54641224751421,25.326382353231157],[-107.54648474982012,25.326313941952108],[-107.5465572521457,25.326245443212404],[-107.54663472040572,25.326176949414922],[-107.54670722277199,25.32610845063422],[-107.5467797251579,25.32604003927483],[-107.5468522275635,25.325971540454812],[-107.54692472998876,25.325903129056105],[-107.5469971421442,25.32583018174744],[-107.54706964460877,25.32576177030977],[-107.547142147093,25.325693271411513],[-107.54721464959688,25.32562485993452],[-107.54732733098692,25.325591496610627],[-107.54747513509378,25.325588990247123],[-107.54758772630393,25.325551178281103],[-107.54766022892866,25.325482766662688],[-107.54773273157308,25.325414267583803],[-107.54780523423713,25.325345855926074],[-107.54787909126756,25.325344520622224],[-107.54795935889467,25.32541034293611],[-107.548034660605,25.325476247665872],[-107.54810996233654,25.325542152296773],[-107.54821912279797,25.325576110880263],[-107.54837189334488,25.325573433453314],[-107.54847951898353,25.325535790763645],[-107.54855202185009,25.325467291401754],[-107.5486245247363,25.325398879460717],[-107.54870199359536,25.325330297511382],[-107.54895742429309,25.325290059195545],[-107.54940580552817,25.325282276629153],[-107.54966629315955,25.325246402786114],[-107.54973870605743,25.32517345463216],[-107.54981120926534,25.325105042308248],[-107.54988371249291,25.3250365425245],[-107.55007034293371,25.325002004521696],[-107.55037082995473,25.324996826550453],[-107.55055384910798,25.32502498677241],[-107.55062915154878,25.325090889397586],[-107.55070942000123,25.32515670929642],[-107.55078481277656,25.325227060109167],[-107.55089388403886,25.3252564802405],[-107.55104656582259,25.325253898095383],[-107.55115437311916,25.325220603389205],[-107.5512267864198,25.32514774219633],[-107.55129929003098,25.325079241927238],[-107.55137666937367,25.32501075746765],[-107.55144917302546,25.324942257157627],[-107.5515216766969,25.324873844267636],[-107.55159418038797,25.32480534391833],[-107.55166668409869,25.324736930989047],[-107.5517792770732,25.3246991159679],[-107.55192708364011,25.324696517214857],[-107.55203976701536,25.32466323781433],[-107.55211227084678,25.324594824743667],[-107.55218468440661,25.324521875839654],[-107.55225718827731,25.324453375290545],[-107.55232960187635,25.324384973203443],[-107.55240210578629,25.324316472615095],[-107.55247460971587,25.32424805944662],[-107.55254711366509,25.324179558819008],[-107.55261961763394,25.32411114561125],[-107.55269212162246,25.324042644944377],[-107.55272516827876,25.323737461765507],[-107.55271379156055,25.323195590638207],[-107.55274683821955,25.32289040680782],[-107.5528193422425,25.322821906187944],[-107.5529269696702,25.322784260980985],[-107.55307974290527,25.322781579222607],[-107.55318746072922,25.322748382212318],[-107.55325996487151,25.322679881452906],[-107.55333237874181,25.32260701973362],[-107.55340975867225,25.322538447288665],[-107.55348226287474,25.32246994646909],[-107.55355476709686,25.322401533069538],[-107.55358564685868,25.32223074685884],[-107.55358004877294,25.32196202976221],[-107.55361589458207,25.32179124814447],[-107.55368839884038,25.32172274731007],[-107.55376090311832,25.32165433389582],[-107.55383340741588,25.321585833022198],[-107.55390591173308,25.321517419568696],[-107.55397841606992,25.321448918655843],[-107.55409091972486,25.321411113898858],[-107.55423872756806,25.32140860160944],[-107.55435132162431,25.321370785616274],[-107.55442382608175,25.32130237200225],[-107.5544963305588,25.321233870928975],[-107.55456883505549,25.321165457275715],[-107.55482932771179,25.321129576619317],[-107.5552776284916,25.32112179040099],[-107.55553803154483,25.321081459978867],[-107.5556105363235,25.321012958542582],[-107.5556830411218,25.320944544526004],[-107.55575554593972,25.32087604305051],[-107.55586814063358,25.32083822602419],[-107.55601594945752,25.32083571188128],[-107.55612854426083,25.32080235405938],[-107.55620095890673,25.320729404088574],[-107.5562734638648,25.320660989891877],[-107.5563459688425,25.3205924882364],[-107.55641847383983,25.32052407400048],[-107.55649097885677,25.320455659744947],[-107.55656348389333,25.32038715803067],[-107.55663589865678,25.320318754779816],[-107.5568224435116,25.320279586841814],[-107.55712293811037,25.32027439747568],[-107.55730605217171,25.320307086164018],[-107.55738135651134,25.32037298513213],[-107.55746153669479,25.320438812229977],[-107.55753693137117,25.320504699951492],[-107.55761223577568,25.320570511179916],[-107.55768754020134,25.32063640974828],[-107.55776284464815,25.320702308217765],[-107.55783823940928,25.320772742351224],[-107.55791354389844,25.32083855318212],[-107.55798884840875,25.320904451352746],[-107.55803191826412,25.321073972394565],[-107.55803751644288,25.321342685391595],[-107.55800167004213,25.321513553017766],[-107.55792916461647,25.321581967866987],[-107.55785674950359,25.321650459089785],[-107.55778424411713,25.32171887389981],[-107.55778559851395,25.321786035766838],[-107.55786090298832,25.32185193358628],[-107.55797503355097,25.321885801069282],[-107.558122843537,25.321883196316087],[-107.55823679362463,25.321912626242252],[-107.55831218851905,25.32198297189982],[-107.5583875834347,25.32204885811152],[-107.55846288807817,25.322114755269958],[-107.55853819274282,25.322180652329518],[-107.55861349742861,25.322246549290206],[-107.55868880213556,25.322312446152022],[-107.55876410686366,25.322378342914966],[-107.55887823781084,25.32241220913223],[-107.55902604829484,25.32240960297593],[-107.55913999876637,25.322439031660632],[-107.55921530362122,25.32250484052494],[-107.55929078908443,25.32257526139257],[-107.55936609398161,25.322641157494484],[-107.55944139889993,25.322707053497524],[-107.55952166999323,25.322772866456685],[-107.55959697495524,25.322838674820147],[-107.55967227993841,25.32290457052224],[-107.55974758494271,25.32297046612546],[-107.55982288996817,25.3230363616298],[-107.55989819501477,25.323102257035263],[-107.55997368067024,25.323172676984765],[-107.56004898575918,25.32323848475287],[-107.56012429086928,25.32330437985936],[-107.560165735777,25.32340222264654],[-107.56016871547651,25.32354105796143],[-107.56021016039112,25.32363890060861],[-107.56028555584042,25.32370478432875],[-107.56046858176782,25.323737476057836],[-107.56076917074739,25.323732262597087],[-107.56095707289099,25.32376479409177],[-107.56103246855025,25.32383067708924],[-107.56110777393646,25.323896571035885],[-107.5611830793438,25.32396246488364],[-107.56137098177734,25.323990536221636],[-107.56166660557444,25.323985403279167],[-107.56185315392923,25.323950772743594],[-107.5619256604158,25.32388235638063],[-107.56199816692195,25.323813852561642],[-107.56207067344769,25.323745436159452],[-107.56233099280429,25.323705100745073],[-107.56277939642275,25.3236972712031],[-107.56304134177489,25.323728520530533],[-107.5631166477249,25.32379441275104],[-107.56319195369602,25.323860304872664],[-107.56326725968827,25.323926196895396],[-107.56334256570166,25.323992088819235],[-107.56341787173618,25.32405798064419],[-107.56346094246324,25.324227494032883],[-107.56346654075533,25.3244961985059],[-107.56350464526257,25.324665707257463],[-107.56357995134255,25.324731598608828],[-107.56366022367409,25.32479740670754],[-107.56373552979773,25.32486329785678],[-107.56377507906537,25.32510004204296],[-107.56378365710363,25.32550757788426],[-107.56382808231673,25.325744249323733],[-107.56390338848746,25.32581013986028],[-107.56397869467929,25.325876030297916],[-107.56405400089227,25.325941920636655],[-107.56409698142616,25.326111355717472],[-107.56410267002676,25.3263800468801],[-107.56414077462429,25.32654964120536],[-107.56421608088272,25.326615531070455],[-107.56429138716229,25.326681420836632],[-107.56437165970657,25.326747227283846],[-107.56440831961665,25.326849585717728],[-107.56441111877255,25.326983980094163],[-107.56445274493312,25.32708625516374],[-107.56452805127907,25.327152144489794],[-107.56460335764612,25.327218033716935],[-107.56467875432975,25.327283911793344],[-107.56475406073909,25.327349800822603],[-107.56482945746504,25.327420137860013],[-107.56490476391662,25.32748602668919],[-107.56498016068488,25.327551904367333],[-107.56506034313949,25.327617720785877],[-107.56513573995144,25.327683598261697],[-107.56531876918658,25.327716278749065],[-107.56561936359824,25.327711048638772],[-107.56580726913731,25.327739109486053],[-107.5658825758631,25.327804997294095],[-107.56595788261001,25.327870885003236],[-107.56603318937803,25.327936772613462],[-107.56610849616717,25.32800266012477],[-107.56618398356932,25.32807298455775],[-107.56625929040072,25.328138871868898],[-107.56633459725326,25.328204759081125],[-107.56652250329269,25.328232905760462],[-107.56682309905149,25.32822758462467],[-107.56700612943645,25.328260261879016],[-107.56708143649833,25.32832614837125],[-107.5671617098765,25.328391951398423],[-107.567237016982,25.328457837688465],[-107.56734618523356,25.32849177478465],[-107.56749896668244,25.328489158877492],[-107.56760804474399,25.328518560208686],[-107.5676833519746,25.328584446041905],[-107.56775874952277,25.328654779813608],[-107.56783902310329,25.32872058204646],[-107.5679481013029,25.32875007034381],[-107.56809591678146,25.328747536935175],[-107.56820860695045,25.328714155603336],[-107.56828102485645,25.328645747775038],[-107.56835344278193,25.328572793411556],[-107.56842595102364,25.328504287056575],[-107.56850478005582,25.328502942255316],[-107.5685800875377,25.328568827303165],[-107.56865557563424,25.3286391492185],[-107.56873088315838,25.32870503406616],[-107.56880474595434,25.328703772445095],[-107.56887725431781,25.328635353359562],[-107.56894967240395,25.328562398804415],[-107.56902218080651,25.32849389224719],[-107.56920873427086,25.32845933588147],[-107.56950933303442,25.328454007794644],[-107.56969227495173,25.328482232413396],[-107.5697675827663,25.328548116421217],[-107.56984794724396,25.328618364849483],[-107.56992325510213,25.328684248652834],[-107.56999865327862,25.32875012130119],[-107.57007396117902,25.328816004906617],[-107.57014926910048,25.32888188841312],[-107.57022457704306,25.3289477718207],[-107.57100881028836,25.3289699536397],[-107.57249682804789,25.328943979433518],[-107.5732809776197,25.328961610814982],[-107.57335628643908,25.32902749141367],[-107.57339583712243,25.329264219986968],[-107.57340441546775,25.32967173469391],[-107.57344884227112,25.329908390053003],[-107.57352424143588,25.32997425897966],[-107.57359955032331,25.330040138866273],[-107.57367485923182,25.330106018653954],[-107.573716486827,25.330208372795667],[-107.57371928607982,25.330342673279546],[-107.5737559472648,25.33044511095368],[-107.5738313465156,25.33051097934493],[-107.57390665548897,25.33057685869653],[-107.57398693090467,25.330642654259293],[-107.5740235921261,25.330745004179292],[-107.57402639138213,25.33087939170314],[-107.57406801903167,25.330981657788918],[-107.57414332807127,25.33104753670018],[-107.57421863713195,25.331113415512494],[-107.57429403651237,25.331179370596253],[-107.57433557390462,25.3312816474018],[-107.57433846346258,25.331416023472197],[-107.57437503443319,25.3315139249172],[-107.57445043385744,25.331584251172334],[-107.57452583330277,25.331650118389366],[-107.57460114247047,25.331715996567596],[-107.57464403439195,25.331881056585434],[-107.57464981351453,25.332154179328082],[-107.57469288604138,25.332323675807523],[-107.5747681952558,25.332389553507372],[-107.5748435044913,25.33245543110827],[-107.57491881374787,25.33252130861022],[-107.57499421332442,25.332587174952366],[-107.57506952262315,25.332653052256337],[-107.57540534456061,25.332682996482575],[-107.57600158981235,25.332672557663525],[-107.57633732261296,25.332698051311528],[-107.57641263228734,25.33276392737302],[-107.57645426030587,25.332866278226067],[-107.57645705958716,25.333000663543025],[-107.57649372114496,25.333103010662565],[-107.57656912116252,25.33316887532475],[-107.57664443090174,25.333234750950048],[-107.57671974066201,25.33330062647639],[-107.576761368728,25.33340297684819],[-107.57676425831198,25.33353726328296],[-107.57680579608532,25.333639624572697],[-107.57688119619027,25.33370548869498],[-107.57699027805607,25.333739424031513],[-107.57714306498212,25.33373670541744],[-107.57725214695401,25.333766181605498],[-107.5773274568842,25.33383205633334],[-107.57740285713516,25.333897919899254],[-107.57748304329348,25.333963721595236],[-107.57755853388775,25.334034120174124],[-107.57763384390361,25.334099994499386],[-107.57770915394052,25.334165868725677],[-107.57778455429832,25.334231731789654],[-107.57785986437736,25.33429760581794],[-107.57793517447745,25.334363479747267],[-107.5780104845986,25.334429353577622],[-107.57808588504072,25.33449521624537],[-107.57819993389332,25.334529065973324],[-107.57834775500368,25.33452651673792],[-107.5784618039671,25.33455581990952],[-107.57853720453555,25.334626228368702],[-107.57861251482495,25.33469210153746],[-107.57868791543557,25.334757963543105],[-107.57894969568339,25.334784727174334],[-107.57939812701272,25.33477690432034],[-107.57965999825089,25.334808114041895],[-107.57973539915459,25.334873975063132],[-107.57981070977884,25.334939847050258],[-107.57988602042414,25.335005806365803],[-107.58007402622762,25.33503828506151],[-107.58036967058537,25.335033093814925],[-107.5805575864254,25.33506121137564],[-107.58063298758016,25.335127071477793],[-107.58070838875601,25.335197390260806],[-107.58078369965209,25.335263261228338],[-107.5808591008701,25.335329208457974],[-107.5809393783577,25.335394995161],[-107.58101468931832,25.335460865827127],[-107.58109000029998,25.33552673639428],[-107.58116531130266,25.335592606862452],[-107.58124071262738,25.335658466165377],[-107.58131602367216,25.33572433643552],[-107.58139133473797,25.335790206606674],[-107.58146682642698,25.335860600730435],[-107.58154213753491,25.335926470701256],[-107.58159369946866,25.33649900247614],[-107.58161672625486,25.33758262661443],[-107.58158945531612,25.338156598729483],[-107.58151703382993,25.338225011785887],[-107.58144461236319,25.33829797097411],[-107.58137210061486,25.338366482484858],[-107.58133968254188,25.33846557508991],[-107.581342662476,25.33860439199993],[-107.58137923439745,25.338702285500037],[-107.581454635782,25.338768143085],[-107.5815299468865,25.33883401163831],[-107.5816053483132,25.338904415165302],[-107.58164833165091,25.339069364915524],[-107.58165411092372,25.339342561232723],[-107.58161826137402,25.339513413512893],[-107.58154583988008,25.339581914104468],[-107.58147332810454,25.33965033831852],[-107.58140081634846,25.339718849938528],[-107.5813699333898,25.339889617998555],[-107.58137562235561,25.34015827886773],[-107.5814137293995,25.34032784724798],[-107.58148913079368,25.34039370400315],[-107.58156444190784,25.340459571727195],[-107.58163975304304,25.340525526777565],[-107.58172003076307,25.340591310106287],[-107.58179543224291,25.340657166460684],[-107.58187074344261,25.340723033784247],[-107.58194614496459,25.34079334862348],[-107.58198280726911,25.340891317107552],[-107.58198560660784,25.341025608640372],[-107.5820272354872,25.34112795145255],[-107.58210254675163,25.34119381833965],[-107.58217794833843,25.341259674059042],[-107.58225325964496,25.341325540748066],[-107.58232875157523,25.341395931293555],[-107.58240893919896,25.341461724608926],[-107.58251802330196,25.34149119144002],[-107.58266584678013,25.341488545553158],[-107.58277998787186,25.34152237543799],[-107.58285529934648,25.341588241465217],[-107.58293070114371,25.341654183748663],[-107.58300601266042,25.341720049577752],[-107.5830862907871,25.34178583103159],[-107.58316160234725,25.341851696658306],[-107.58323700423007,25.34191755111635],[-107.58331240613398,25.341987951542915],[-107.58350032402456,25.342015971079512],[-107.58379597213846,25.34201076355001],[-107.58398407096968,25.342043306170567],[-107.58405938278042,25.34210917087635],[-107.5841346946122,25.342175035483123],[-107.58421009676698,25.342240976344424],[-107.58428540864082,25.34230684075305],[-107.58436072053568,25.34237270506265],[-107.58443612275363,25.342438558202566],[-107.58451640130583,25.342504337965295],[-107.58459180356729,25.342574736939653],[-107.5846672058498,25.342640589775545],[-107.58474251785121,25.342706453583265],[-107.58481782987364,25.34277231729197],[-107.58489323221929,25.342838169830518],[-107.58496854428378,25.34290403334111],[-107.58504385636928,25.342969984176214],[-107.5851192587781,25.34303583641736],[-107.5851995375335,25.343101615242503],[-107.58527493998581,25.343171925874437],[-107.5853503424592,25.343237865234958],[-107.58542565465122,25.343303728144576],[-107.58550096686426,25.343369590955177],[-107.58557636940077,25.343435442594938],[-107.58565168165588,25.34350130520741],[-107.58572699393197,25.343567167720863],[-107.58580239653162,25.34363310648636],[-107.58588267549021,25.34369888437389],[-107.58595798783077,25.3437647465858],[-107.58603348079754,25.343835045125488],[-107.58610879318016,25.343900907137016],[-107.5861841055838,25.34396685647239],[-107.58625950831113,25.344032707213326],[-107.5863348207568,25.344098568927652],[-107.58641022352622,25.344164419470317],[-107.58648553601392,25.344230280986515],[-107.58652996497337,25.344466993981943],[-107.58653863403948,25.344874456679115],[-107.58658315331046,25.34511107053717],[-107.58665846584641,25.34517701885726],[-107.58673386870622,25.345242868582666],[-107.58680918128421,25.34530872928217],[-107.5868845841861,25.345374578809288],[-107.58695989680614,25.345440439310657],[-107.58729573355329,25.345470418403476],[-107.5878920050963,25.345459891665612],[-107.58822775269921,25.345485420569332],[-107.58830315599717,25.345551268753137],[-107.58837855931617,25.34562157534439],[-107.58845396265622,25.345687510749283],[-107.58856792558855,25.345716808289485],[-107.58871575237987,25.345714240022758],[-107.58882989602972,25.345748061038538],[-107.58890520919219,25.34581391963473],[-107.58898061267924,25.345879767056868],[-107.58905592588371,25.34594571287629],[-107.58913132941285,25.346011560100077],[-107.58920664265935,25.346077418299913],[-107.5892497175112,25.346246890506308],[-107.58925549694678,25.346520072301793],[-107.58929351479948,25.346685181381343],[-107.5893737947958,25.346750954476782],[-107.58944928871739,25.346821248418983],[-107.58952460205252,25.34688710593919],[-107.58956117508255,25.346985077622165],[-107.58956415510742,25.347123886220132],[-107.58960569485168,25.347221685703094],[-107.58968100823041,25.347287542887912],[-107.58975641193398,25.347353476318418],[-107.58983181565857,25.347423780686047],[-107.58990721940421,25.34748962649515],[-107.58998253286697,25.34755557070196],[-107.59006281306802,25.34762134271455],[-107.5901382168781,25.347687188221812],[-107.59021353040524,25.34775304470635],[-107.59028884395337,25.347818901091834],[-107.59036424782653,25.347884833722077],[-107.59043956141666,25.347950689909347],[-107.59048263646504,25.34812015958521],[-107.59048841592698,25.34839333841999],[-107.59052652425726,25.348558346606268],[-107.5906018378926,25.348624289738723],[-107.59067724185309,25.348694592700134],[-107.59075752226049,25.34876036348728],[-107.59083292626441,25.34882629523851],[-107.59090823998513,25.348892150547805],[-107.5909836440311,25.34895799468064],[-107.5910589577938,25.34902384979174],[-107.59113436188183,25.34908969372624],[-107.59120967568654,25.349155636058953],[-107.59128507981659,25.349221479795062],[-107.59136048396766,25.34929178183737],[-107.59144076457798,25.349357639106163],[-107.59151607846805,25.349423493616055],[-107.59159148268358,25.349489336948874],[-107.59166679661564,25.349555191260574],[-107.59170499541653,25.34972473229849],[-107.59171068460012,25.34999346110082],[-107.59175375985106,25.35016292809115],[-107.59182907382832,25.350228781927765],[-107.59190447813114,25.35029462458683],[-107.5919797921504,25.35036056564447],[-107.59205519649524,25.350426408105132],[-107.5921355676165,25.350496624027862],[-107.59221088170011,25.350562564781423],[-107.59228628610941,25.350628406937915],[-107.59236160023501,25.350694260074135],[-107.5924369143816,25.350760113111292],[-107.59251231885392,25.350826042389198],[-107.59258763304247,25.350891895228095],[-107.59266303755683,25.350957736888677],[-107.59273835178737,25.351023589529362],[-107.59285249713598,25.351057403283704],[-107.59300032627063,25.35105482674461],[-107.59311447172983,25.35108864019752],[-107.59318978608607,25.3511545797928],[-107.59326519076832,25.351220420790625],[-107.59334050516655,25.35128627276905],[-107.59352843003343,25.351314355315424],[-107.59382408912242,25.351309112690956],[-107.59401219493581,25.351341630577352],[-107.59408750954204,25.351407481834922],[-107.59416291447454,25.35147332191294],[-107.5942431959168,25.35153917546928],[-107.5944262449187,25.351571788463247],[-107.59472687179188,25.351566458404744],[-107.59491479762184,25.35159453839351],[-107.59499020278494,25.351660377646535],[-107.59506560796902,25.351730762526472],[-107.59514101317414,25.351796601578805],[-107.59525497892521,25.35182597616226],[-107.59540289967846,25.351823297743667],[-107.59551207933393,25.351857193148913],[-107.5955923611765,25.35192304525862],[-107.59566767622258,25.351988894831308],[-107.59574308159544,25.35205473322315],[-107.59581839668347,25.352120582597593],[-107.59589371179244,25.352186519290374],[-107.5959691172283,25.352252357384618],[-107.59604452268516,25.35232274108032],[-107.59611992816303,25.352388578973862],[-107.59619524335592,25.352454427850397],[-107.59627552540114,25.35252019160432],[-107.59635093094337,25.352586116613093],[-107.59683461058562,25.352613388750033],[-107.59772665682273,25.352597621241575],[-107.59820889401603,25.35255329602613],[-107.59828131997577,25.3524847888248],[-107.59831852633668,25.352381091991596],[-107.59831572682879,25.352246814095732],[-107.59835293319442,25.352143117225005],[-107.5984253591927,25.35207461000454],[-107.59849787551713,25.35200609168072],[-107.59857039186096,25.35193766075376],[-107.5986428179174,25.351869153474333],[-107.59871533430002,25.351800722508013],[-107.5987878507021,25.351732204105442],[-107.59886027681668,25.35166378418359],[-107.59893270295063,25.351590818582277],[-107.59901009598549,25.3515222260877],[-107.59911783218405,25.351488984530366],[-107.59926566474081,25.351486400065056],[-107.59937827762224,25.351448538620943],[-107.59945079420179,25.351380020018322],[-107.59952322049362,25.351311599896658],[-107.59959573711197,25.351243081254683],[-107.59967313033627,25.35117457595577],[-107.59974564699475,25.351106057272755],[-107.59981816367264,25.351037625986443],[-107.5998905900627,25.35096911834845],[-107.60000320320393,25.350931256574125],[-107.60015103624383,25.350928671338686],[-107.60025868258876,25.350890894527268],[-107.60033607600245,25.350822389007952],[-107.60040859283836,25.35075387012493],[-107.60048101938627,25.350685449723194],[-107.60058884647724,25.350652108794616],[-107.60074155644244,25.350649448911913],[-107.600849203022,25.350611759156198],[-107.60092171999523,25.350543240113847],[-107.60099911359829,25.350474646957554],[-107.60107163061164,25.350406215290306],[-107.60114405733675,25.350337707272338],[-107.60121648408122,25.350264741013],[-107.60128900115274,25.350196309287085],[-107.60136142793594,25.35012780121055],[-107.60147413199618,25.350094473088536],[-107.60162196583855,25.3500918865229],[-107.60173457969928,25.3500540236549],[-107.60180700660156,25.349985515437318],[-107.60187952383109,25.349917083530634],[-107.60195195077208,25.349848575273793],[-107.6020645647699,25.349810712221867],[-107.60221239893431,25.349808125092814],[-107.60232013640606,25.34977488160692],[-107.60239753040842,25.349706287988433],[-107.60246995748784,25.34963332136233],[-107.60254247489472,25.349564889255568],[-107.60272905152507,25.349530184664438],[-107.60302472065919,25.34952500891447],[-107.60321120731307,25.349485856549087],[-107.60328372491821,25.34941733678489],[-107.60335615223435,25.349348915502993],[-107.60342866987824,25.34928039569948],[-107.60350109723309,25.349211974378317],[-107.60357361491575,25.349143454535497],[-107.60361082200329,25.349039757614616],[-107.60360793213223,25.348905404871143],[-107.60364026256647,25.348801782082933],[-107.60371765694566,25.348733275466714],[-107.6037900843777,25.348664766671703],[-107.60386260213764,25.348596334186276],[-107.6038934876652,25.348425491263672],[-107.60388770791708,25.34815687292811],[-107.60392347011052,25.347985955674297],[-107.60399598790612,25.347917523193416],[-107.60447814594676,25.34787310557271],[-107.60537500372416,25.347857234560575],[-107.60585725452513,25.347817346224858],[-107.60592968252845,25.347744378595547],[-107.60600211055112,25.347675956536463],[-107.60607462890238,25.34760743595489],[-107.60633517133306,25.347571513929445],[-107.60678355776562,25.347563578406255],[-107.60703904353858,25.347523205862487],[-107.60711643888736,25.347454610653656],[-107.60718895753641,25.347386089709],[-107.60726138589513,25.34731766724802],[-107.60736903506253,25.347279886172917],[-107.60752183915531,25.347277208584853],[-107.60763102369276,25.347311093726223],[-107.60770634208413,25.347376934911594],[-107.60778662753872,25.347442778011228],[-107.60786203628314,25.34750860790506],[-107.60793590978004,25.347507317004666],[-107.60800842864799,25.347438795777173],[-107.60808094753533,25.34737027453003],[-107.60815337613207,25.347301851766897],[-107.60822589505813,25.347233330480485],[-107.60829832369352,25.347164907678124],[-107.6083708426583,25.347096386352447],[-107.60844814807669,25.347023343624436],[-107.60852057677138,25.346954920761945],[-107.6085930957955,25.346886399376046],[-107.60862389155135,25.34671565619045],[-107.60861811170247,25.346446954168155],[-107.60858000082708,25.346277416394813],[-107.60850468219333,25.3462114880271],[-107.6084292732704,25.34614565806393],[-107.60834898762577,25.346079902311384],[-107.60831087678815,25.3459103640321],[-107.60830509694595,25.3456416609937],[-107.60833589266912,25.345470917195424],[-107.60841328838764,25.34540232168205],[-107.6084858073831,25.345333800446976],[-107.60855832639795,25.34526536660723],[-107.60858767718781,25.345027403221415],[-107.60857891710558,25.344619900838943],[-107.60861323495509,25.344381851697744],[-107.60868575400397,25.344313417884994],[-107.60875818276203,25.344244907726015],[-107.60883070184963,25.34417638645888],[-107.60886790965802,25.344072776587875],[-107.60886501973097,25.343938424632245],[-107.60882338672286,25.34383610313807],[-107.6087480680216,25.34377026119934],[-107.60867265903107,25.343704342834553],[-107.60859734037163,25.343638500697562],[-107.60855570740455,25.343536178862383],[-107.60855281748083,25.343401913927273],[-107.60851606126616,25.343299517682876],[-107.60844074265015,25.34323367520809],[-107.60836542405502,25.343167745218672],[-107.60828513842928,25.343101987885166],[-107.60824838225084,25.34299959131624],[-107.60824549233038,25.342865238573445],[-107.60820394972727,25.342767450641624],[-107.60812854088786,25.342697160511918],[-107.60805313206941,25.3426312410695],[-107.60797781358181,25.342565397856156],[-107.60793627101967,25.342467609592557],[-107.60793329079263,25.342328721915447],[-107.60789671528163,25.34223084820449],[-107.60782130652755,25.342165015742985],[-107.60774589779444,25.342094637546914],[-107.60767048908227,25.342028804884745],[-107.60762750161022,25.34186379568745],[-107.60762172178256,25.34159063028794],[-107.60757864400844,25.341421173605273],[-107.60750323534273,25.341355340463473],[-107.60742791700773,25.341289496135772],[-107.60735250838388,25.3412235753792],[-107.60731439768615,25.34105403291239],[-107.60730861786517,25.3407853247221],[-107.60726554014074,25.340615867172694],[-107.60719022187168,25.340550022270914],[-107.60711481331387,25.34048418835629],[-107.60703949508664,25.340418343256314],[-107.60698476746701,25.339707019352225],[-107.60695577808882,25.338354650596788],[-107.60697998105856,25.33764193775247],[-107.60705240936153,25.337573428663887],[-107.60712492799347,25.337504995888],[-107.60719735633512,25.337436486760318],[-107.60726987500578,25.337368053945248],[-107.6073423033861,25.33729954477847],[-107.60745491962183,25.337261681487483],[-107.60760275672392,25.33725909485145],[-107.6077153730677,25.337225689652204],[-107.60778771125705,25.337152820562405],[-107.60786023008542,25.33708430015005],[-107.60793265862326,25.33701579080379],[-107.60804536541386,25.336982461750075],[-107.6081932028375,25.33697987454836],[-107.60830572911618,25.336942021770465],[-107.60837824808293,25.33687350119751],[-107.60841048877549,25.336769887855358],[-107.60840759885332,25.336635620014004],[-107.60844480660371,25.3365319214101],[-107.60851732560761,25.336463400820264],[-107.60858975432075,25.33639489129681],[-107.60866227336335,25.336326458085107],[-107.6086965912234,25.33608840412275],[-107.60868792144782,25.335685425205774],[-107.60864339854218,25.33544874406319]]]},"id":"00000000000000000000","properties":{"SqM":361827731.25,"SqMi":139.7025,"basin_id":5,"id":2,"layer":"pt_02"}}]}