{"type":"FeatureCollection","features":[{"type":"Feature","geometry":{"type":"Polygon","coordinates":[[[-107.36930627057612,25.099856645800966],[-107.36923120077701,25.099790628183737],[-107.36915613099993,25.099724610469494],[-107.36908106124487,25.099658680216898],[-107.36900111919822,25.099592722380045],[-107.36892586903265,25.09952226055601],[-107.36885079934518,25.099456242447218],[-107.36877572967973,25.099390224241418],[-107.36873945804639,25.09929222598495],[-107.36873675120827,25.099153420123738],[-107.36869551704471,25.099055492632463],[-107.36862044742485,25.09898947410073],[-107.36854528759915,25.098919000801782],[-107.36847021802336,25.09885298207383],[-107.36839514846963,25.098786963248852],[-107.36831511640955,25.098721015194997],[-107.36824004690133,25.09865499617169],[-107.36816497741515,25.098589064610604],[-107.36812464562097,25.098285001007387],[-107.36811417920563,25.0977430399156],[-107.3681427813934,25.09743796116346],[-107.36821523426825,25.097369541116173],[-107.36828777739139,25.097301197769752],[-107.36836519283655,25.097232794402565],[-107.36836383941946,25.097165536169992],[-107.36828389759697,25.09709966400807],[-107.36820873787016,25.097029189488328],[-107.36813366839317,25.09696316957],[-107.3680585989382,25.096897149554664],[-107.36798352950528,25.096831129442325],[-107.36790836986675,25.096765120072483],[-107.36783330047793,25.09669909976606],[-107.36775823111113,25.09663307936263],[-107.36768316176638,25.096567146422103],[-107.36726928826256,25.096537886463455],[-107.36652662745912,25.096549696858627],[-107.36611771831309,25.09652491517948],[-107.36604255922303,25.09645443844507],[-107.36596749038203,25.096388416358103],[-107.36589242156307,25.096322394174134],[-107.36533599267537,25.096299918702435],[-107.36429324441274,25.0963165009255],[-107.36373672878096,25.096289563136803],[-107.36366166061732,25.096223538953303],[-107.36358659247574,25.09615751467282],[-107.36350656192121,25.096091648478872],[-107.3634314938252,25.096025624000134],[-107.36335642575125,25.095959599424408],[-107.36328126747337,25.09588911994854],[-107.36320619944355,25.095823095176627],[-107.36313113143582,25.095757070307734],[-107.36305606345016,25.09569113290352],[-107.36298099548654,25.09562510784069],[-107.36290592754499,25.09555908268086],[-107.3628258972037,25.09549312800709],[-107.36275082930773,25.095427102648976],[-107.36271446830355,25.095324643850955],[-107.36271185175505,25.095190287877134],[-107.36267052833767,25.09508789951974],[-107.36259546048737,25.09502187383366],[-107.36252039265912,25.094955848050585],[-107.36244532485296,25.094889909732608],[-107.36240400147867,25.094787521045102],[-107.36240138493336,25.094653077133785],[-107.36236502397892,25.09455061776188],[-107.36228995621843,25.094484591553865],[-107.36221488847998,25.094418652811136],[-107.36213485835523,25.09435269694253],[-107.36209849743875,25.09425023725708],[-107.36209588089658,25.094115880535202],[-107.36205455757884,25.094013491245],[-107.3619794899096,25.0939474645108],[-107.36190442226243,25.09388143767963],[-107.3618293546373,25.093815410751482],[-107.36175428703426,25.09374938372634],[-107.36167921945328,25.09368344416687],[-107.36141783647392,25.093651697701933],[-107.36097022889358,25.093658860726244],[-107.36070893686515,25.09363165505328],[-107.36063386959152,25.093565626960473],[-107.36055880233997,25.093499598770688],[-107.36048364488545,25.093429115599204],[-107.36040857767807,25.093363174776425],[-107.36033351049278,25.093297146293573],[-107.36029227768523,25.093199210233607],[-107.36028957093662,25.093060397241356],[-107.36025330050788,25.092962390617082],[-107.36017823336822,25.092896361808517],[-107.36010307602577,25.092825878003687],[-107.36002304656299,25.09275991941606],[-107.35994797949107,25.092693977873537],[-107.35987291244122,25.092627948670632],[-107.35979784541344,25.092561919370752],[-107.35972277840776,25.092495889973907],[-107.35968145547413,25.09239349821607],[-107.35967892918147,25.09225912864381],[-107.35964247839004,25.092156677190257],[-107.35956741143005,25.09209064746553],[-107.35949234449212,25.092024617643833],[-107.3594172775763,25.09195867528899],[-107.35933733855317,25.091892704814217],[-107.35926227168292,25.091826674697423],[-107.35918720483477,25.09176064448368],[-107.35911213800868,25.091694701736955],[-107.35903698098016,25.09162412883153],[-107.35896191419829,25.091558185888772],[-107.35888684743847,25.091492155285017],[-107.35881178070073,25.09142612458431],[-107.35873671398511,25.091360093786637],[-107.3586566849508,25.091294220789905],[-107.35858161828078,25.09122818979404],[-107.35850655163286,25.091162158701227],[-107.3584701912332,25.091059695132607],[-107.35846757472821,25.09092533522491],[-107.35842625199786,25.090822941843328],[-107.35835118539563,25.090756910422666],[-107.3582761188155,25.090690878905047],[-107.35820105225746,25.090624934855025],[-107.35815972957026,25.090522541143475],[-107.35815711306846,25.090388180860717],[-107.3581207527186,25.090285629153925],[-107.35804568620627,25.09021968477623],[-107.35796565738872,25.09015372302088],[-107.35789059092201,25.090087690880296],[-107.3578155244774,25.090021658642762],[-107.35774045805488,25.08995571387315],[-107.35762668555034,25.089921647810286],[-107.35747916933333,25.089924031064292],[-107.35737035926097,25.089894360265326],[-107.35729520274556,25.089823872493007],[-107.35725397042897,25.08972593274827],[-107.35725135393646,25.089591571670447],[-107.3572100314031,25.08948917679975],[-107.35713496515875,25.08942314368331],[-107.35687358683371,25.08939146973856],[-107.35643094952172,25.089398538601436],[-107.35616966214168,25.0893713180333],[-107.35609459620355,25.08930528395065],[-107.35601953028753,25.08923924977105],[-107.35594437417018,25.08916876047401],[-107.35586443623534,25.089102873013807],[-107.35578937038706,25.089036838536984],[-107.35575301037474,25.088938838029446],[-107.35575039389762,25.088800009983952],[-107.35570916183082,25.088702068687873],[-107.35563409602825,25.08863603388547],[-107.35555894002451,25.088565543951002],[-107.35548387426617,25.088499596518524],[-107.35540880852993,25.088433561423145],[-107.35533374281579,25.08836752623084],[-107.35525867712376,25.088301490941596],[-107.35517864918074,25.088235613255577],[-107.35510358353439,25.08816957776818],[-107.35502851791011,25.088103542183838],[-107.35484094416917,25.08807071090881],[-107.35454582482056,25.088075391672334],[-107.35435960477763,25.088114201661433],[-107.35428715583451,25.088182528667907],[-107.35421461668918,25.088250866482838],[-107.35414216778727,25.088319281018354],[-107.35406971890595,25.088387607968695],[-107.3539971798225,25.088455945727397],[-107.3539247309824,25.0885243602068],[-107.35384731991573,25.08859275718734],[-107.35373977451016,25.088630269135155],[-107.35359217031935,25.08863265777842],[-107.35347975300397,25.088670316360346],[-107.35340730431096,25.088738643116294],[-107.35333476541607,25.088806980680232],[-107.35326231676426,25.088875307398727],[-107.35314980937198,25.08890851072608],[-107.35300220552288,25.08891081124179],[-107.35288852535508,25.088881282182783],[-107.3528134603832,25.088815244997],[-107.35277213856916,25.08871284651924],[-107.35276952212266,25.08857848264436],[-107.35273316254113,25.08847601399022],[-107.352658097615,25.088409976476708],[-107.352583032711,25.08834402643326],[-107.35250796782911,25.088277988725917],[-107.35242794074982,25.088212020942837],[-107.35235287591364,25.08814607060445],[-107.35227781109955,25.08808003260204],[-107.35220274630761,25.088009528574965],[-107.35212768153777,25.087943490376574],[-107.35205261679005,25.087877452081255],[-107.35157001955916,25.0878537440243],[-107.35067483975462,25.087867976260423],[-107.35019341801227,25.087906995600623],[-107.35012088003253,25.087975332002532],[-107.3500484322948,25.088043657561528],[-107.34997598457768,25.088116536634264],[-107.34990353688117,25.088184862156222],[-107.34983099898402,25.088253198483525],[-107.34979617358302,25.088491270503514],[-107.34980393260977,25.088894377676922],[-107.34976910721248,25.08913236180216],[-107.34969656935364,25.0892006981649],[-107.34958911592159,25.08923828393948],[-107.34943664219578,25.0892406394095],[-107.3493290084313,25.089273780689307],[-107.34925656091889,25.089346572052126],[-107.34918411342709,25.089414897435226],[-107.34910670380111,25.089483380276903],[-107.34892526944361,25.08951758174334],[-107.34862528502384,25.089522396396003],[-107.3484426781396,25.08949386403564],[-107.34836274255856,25.089427969872443],[-107.34828767892068,25.0893619289854],[-107.34821252508426,25.089291432844796],[-107.34810371896906,25.089261752319917],[-107.34795124613298,25.08926419350829],[-107.34784234990892,25.089230057540483],[-107.34776728642453,25.08916410367288],[-107.34768726083513,25.089098131984162],[-107.34761219739647,25.089032090350017],[-107.3474295912391,25.08899917753531],[-107.34712951836197,25.089003911162525],[-107.34694204065862,25.08897552252897],[-107.3468669774398,25.0889094801848],[-107.34679191424311,25.088843437743705],[-107.34671685106858,25.08877748277455],[-107.3466030834869,25.088743404253055],[-107.34645548343295,25.08874578429505],[-107.34634171596814,25.088711705476186],[-107.34626665292643,25.08864566248196],[-107.34619158990687,25.088579706959884],[-107.34611652690947,25.088513663771852],[-107.3460414639342,25.0884476204869],[-107.3459664009811,25.08838157710502],[-107.34589133805012,25.08831562119548],[-107.3458162751413,25.088249577619795],[-107.34574121225465,25.088183533947195],[-107.34566118730253,25.088113093882356],[-107.3456248287362,25.088015173707813],[-107.3456223025829,25.087880794908806],[-107.34558098193608,25.087778390731707],[-107.34550591911885,25.08771234663033],[-107.34543085632379,25.08764630243203],[-107.34535579355087,25.087580345706435],[-107.34528064058046,25.08750984608258],[-107.34520557785186,25.087443801591387],[-107.34513051514543,25.08737775700329],[-107.34505545246114,25.087311799888052],[-107.34501160575918,25.0870750156025],[-107.34500393709808,25.08667188778735],[-107.34496009040501,25.086435102902968],[-107.34488502777103,25.08636905762294],[-107.34480987493973,25.08629855699025],[-107.34473481235008,25.086232599084358],[-107.34469845391618,25.08613458993375],[-107.34469583755266,25.085995754648387],[-107.34465460727579,25.08589780421365],[-107.34457954473196,25.085831758412212],[-107.3436492943001,25.08581064654876],[-107.34186395558656,25.085838816871114],[-107.34093867708833,25.085822080522824],[-107.34085865364798,25.085756188508856],[-107.34078359222512,25.085685673167585],[-107.34070853082447,25.085619623879484],[-107.34063346944598,25.085553574494483],[-107.34055840808966,25.08548761258432],[-107.34048334675553,25.08542156300556],[-107.34040828544357,25.085355513329915],[-107.34033448720416,25.08535665488129],[-107.34026204225405,25.085425064473696],[-107.34022848121317,25.08573024767809],[-107.34023876604782,25.086272221957692],[-107.34028387497658,25.08657620407382],[-107.34035893625177,25.086642165709467],[-107.34043399754914,25.08670821481977],[-107.3405090588687,25.086774263833174],[-107.3405467699727,25.086943921836323],[-107.34055182217845,25.087212685541324],[-107.34052069698393,25.087383415939343],[-107.3404481617628,25.087451749012878],[-107.34037562656236,25.087520082067616],[-107.34030318160052,25.08758840428645],[-107.34026835750419,25.087826482597464],[-107.34027611624025,25.088234071989998],[-107.34024129214762,25.088472062400463],[-107.34016875700627,25.088540395472123],[-107.3400963121034,25.08860880527881],[-107.34002377700344,25.088677138312928],[-107.33995124192421,25.08874547132824],[-107.33987879708339,25.088813793507548],[-107.33980635226324,25.08888666936801],[-107.33973381724608,25.08895500232739],[-107.33966137246728,25.089023324450835],[-107.33958883749152,25.089091744943822],[-107.3395114307865,25.089160136541107],[-107.33943889585358,25.089228469423677],[-107.3393664511589,25.089296791470446],[-107.33929391626735,25.08936521188666],[-107.33918150526992,25.089402771876305],[-107.33903390952541,25.08940514327639],[-107.33892628016433,25.089438189078308],[-107.3388489638786,25.089511123351844],[-107.3387765193522,25.08957944522273],[-107.33870398462916,25.089647777891518],[-107.33863018688494,25.08964891960663],[-107.33855512612067,25.089582957880896],[-107.33848006537856,25.089516908486885],[-107.33840491444145,25.089446403666745],[-107.33832994396091,25.089380343260444],[-107.33825488328539,25.089314381145154],[-107.33820968449987,25.089010409539902],[-107.33819939974741,25.08846843515962],[-107.3381542911889,25.088164451783513],[-107.3380792305653,25.08809848893975],[-107.33800416996387,25.0880324384272],[-107.33792910938463,25.087966387817744],[-107.3378540488276,25.0879003371114],[-107.33777898829275,25.087834373880227],[-107.33744383244941,25.087803794410082],[-107.33684867254439,25.087813139538326],[-107.33651369836241,25.08778708948891],[-107.3364386382239,25.08772103745966],[-107.33636348789112,25.08765052994482],[-107.33628842779703,25.087584565292236],[-107.33621336772515,25.087518512970153],[-107.33613343599032,25.087452606651013],[-107.33605837596427,25.08738655413094],[-107.33598331596042,25.08732050151397],[-107.33590951900713,25.08732164092748],[-107.3358369851033,25.087390060002896],[-107.33576454143646,25.08745838067279],[-107.33569200757407,25.087526712137795],[-107.33543200452127,25.087566634694767],[-107.3349844426384,25.08757369172853],[-107.33472435009477,25.087609157492267],[-107.33465181652976,25.087677488616915],[-107.33457946341714,25.08775035190202],[-107.33450692989354,25.08781868298951],[-107.33443313336967,25.087819821645734],[-107.33435807384663,25.087753855385362],[-107.33428292413005,25.0876833460296],[-107.33420786465146,25.087617292000047],[-107.33413280519507,25.087551237873605],[-107.3340528741157,25.087485329667878],[-107.33397781470516,25.08741927534346],[-107.33390275531687,25.08735330849566],[-107.33382769595076,25.0872872539775],[-107.33375263660687,25.087221199362453],[-107.33367757728519,25.08715523222415],[-107.33360251798572,25.087084711158028],[-107.33352745870849,25.087018656250248],[-107.33345239945345,25.086952601245574],[-107.33337237837308,25.086886702935647],[-107.33329731916396,25.086820647732935],[-107.33318842922095,25.086786582948058],[-107.33303596533625,25.086788916429352],[-107.33292716572072,25.08675930681972],[-107.33285210664336,25.086693251167365],[-107.33277704758821,25.08662719541813],[-107.33269711693613,25.086561285518812],[-107.33244063534114,25.086529494198533],[-107.33199307873684,25.086536538464344],[-107.33173307947584,25.086576452743632],[-107.33166063698116,25.08664477195361],[-107.3315881042924,25.086713101955535],[-107.3315155716244,25.08678151951311],[-107.33132927823762,25.086815753540876],[-107.33102922438287,25.086820532522],[-107.33084798336608,25.086859152269945],[-107.33077545090987,25.086927569588845],[-107.3307029184744,25.08699589931429],[-107.33062551448035,25.08706428731976],[-107.3305529820878,25.08713261700594],[-107.33048063014475,25.08720547893709],[-107.33040809779366,25.087273808586108],[-107.33033556546333,25.08734213821632],[-107.33026312336806,25.08741054459246],[-107.33019059107922,25.0874788741851],[-107.33011805881114,25.08754720375892],[-107.33004552656382,25.087615533313933],[-107.32963306746257,25.08765786193567],[-107.32889042625915,25.087669515804354],[-107.32848148737138,25.08764013295209],[-107.32840642961061,25.08757407382807],[-107.32833137187207,25.08750810218252],[-107.32825631415577,25.087442042864797],[-107.32818251945157,25.08744317762104],[-107.3281100779719,25.0875114957013],[-107.32803754629946,25.087579912146687],[-107.32796014311967,25.08764829920048],[-107.32770501951977,25.087688148195276],[-107.32725747127951,25.087695176987943],[-107.32699612368077,25.08766343282417],[-107.32692106636019,25.087597372412148],[-107.32684600906185,25.087531399479087],[-107.32677095178578,25.08746533887337],[-107.32669589453195,25.087399278170768],[-107.32661596579813,25.0873333630901],[-107.32654090859023,25.087267302189552],[-107.32646576119164,25.087196785621526],[-107.32639070402827,25.087130812101137],[-107.32631564688717,25.08706475090783],[-107.32624058976829,25.086998689617655],[-107.3261655326717,25.086932715806807],[-107.32609047559733,25.086866654322936],[-107.32601541854521,25.08680068031847],[-107.32594045172813,25.086734607834174],[-107.32586043302005,25.08666870254307],[-107.32578528582346,25.086598185077136],[-107.32571022886182,25.086532123102568],[-107.32563526213512,25.086466050224725],[-107.32556020521797,25.086400075633037],[-107.32548514832308,25.086334013367985],[-107.32541009145046,25.086268038582677],[-107.32533503460007,25.086201976123938],[-107.32525997777195,25.086135913568324],[-107.32518004949148,25.086069996554475],[-107.32510499270933,25.086003933800942],[-107.32502984573699,25.08593341533813],[-107.32495478899936,25.085867439965547],[-107.324879732284,25.08580137691928],[-107.3248046755909,25.08573531377614],[-107.32472961892005,25.085669338113135],[-107.32465456227146,25.085603274776318],[-107.32457959585741,25.085537288114338],[-107.32449957757956,25.08547129341273],[-107.3244245209992,25.085405317358298],[-107.3243493742289,25.08533479799766],[-107.32408811984459,25.085307500251414],[-107.32364544944382,25.08531445371601],[-107.32338536854037,25.085349894559975],[-107.3233130186453,25.085422666486018],[-107.3232404883473,25.08549099354855],[-107.32316308663431,25.085559466141323],[-107.32309055637928,25.08562779316459],[-107.32301802614508,25.085696120169047],[-107.32294549593165,25.08576444715469],[-107.3228730559507,25.085832850894835],[-107.32268676892181,25.085871626166362],[-107.32239168694038,25.085876226421004],[-107.32220540026601,25.085910447002576],[-107.3221328702856,25.085978861308234],[-107.32206043053735,25.08605164368106],[-107.3219879005985,25.08611997037172],[-107.32191546089177,25.086188373817674],[-107.3218429309945,25.086256700470727],[-107.32176543949788,25.08632509583815],[-107.32169299985489,25.086393411648285],[-107.32158546806942,25.086430986462545],[-107.32143301117006,25.08643339276298],[-107.32132538928401,25.086466424145794],[-107.32125285955598,25.08653475062209],[-107.32121542195574,25.086638372236635],[-107.32121794786593,25.08677276457618],[-107.32125926454356,25.086875187088527],[-107.3213343201848,25.086941165215272],[-107.32140937584832,25.08700723082302],[-107.32148443153413,25.087073296333905],[-107.32148569449058,25.08714040477644],[-107.32141316471655,25.08720881894229],[-107.32134063496332,25.087277145511607],[-107.32126819544202,25.087349927723235],[-107.32119575594145,25.087418331029475],[-107.32111826464313,25.087486726271305],[-107.32101064289104,25.087519757748748],[-107.3208631479406,25.087522095236984],[-107.32075065490778,25.087559650912876],[-107.32067812534459,25.087627977286967],[-107.32060568601305,25.087696380416855],[-107.32053315649145,25.08776470675333],[-107.32012062268036,25.08780701542678],[-107.31937791918018,25.087818622408076],[-107.31897034881959,25.087856304674784],[-107.3188978197672,25.087924718047628],[-107.31882538094585,25.087997499519496],[-107.31875285193506,25.088065825276704],[-107.31868032294508,25.088134238593494],[-107.31860779397593,25.088202564313036],[-107.31853535523771,25.088270879211787],[-107.31845786475495,25.088339273529584],[-107.31838533584963,25.088407599190976],[-107.31831289717518,25.0884760016101],[-107.31824036831148,25.088544327233855],[-107.31816792967858,25.088617108538696],[-107.3180553476353,25.088650294321624],[-107.31790785440931,25.08865254127614],[-107.31779536269177,25.088690182567014],[-107.31772283397662,25.08875850803311],[-107.3176503954921,25.088826822678843],[-107.31757786681855,25.088895148107294],[-107.31750533816584,25.088963561095493],[-107.31743280953395,25.08903188648626],[-107.31739537249952,25.08913550805843],[-107.31739789837154,25.089269901472125],[-107.31736542287595,25.089373454401446],[-107.31729289428422,25.08944177977948],[-107.31722045592298,25.08951009433724],[-107.31714792737287,25.089578419677604],[-107.3170704373156,25.089646901181464],[-107.31699799901814,25.089715215681128],[-107.31673792495319,25.089755113549828],[-107.31629526742235,25.089762047690964],[-107.31603519408095,25.089797477670537],[-107.31596275608038,25.089870258355496],[-107.3158902278914,25.08993858329903],[-107.31581769972325,25.090006995802625],[-107.31563141789431,25.090041209641168],[-107.31533138265627,25.090045953538798],[-107.31515006267621,25.09008456471586],[-107.31507257323192,25.09015304551216],[-107.31500013550746,25.090221359377075],[-107.31492760759497,25.090289684023254],[-107.31466753566211,25.09032957825259],[-107.31422488176044,25.09033650581553],[-107.3139648105515,25.090371932127596],[-107.31389228293642,25.090440256434672],[-107.31381975534218,25.090508580722886],[-107.31374244672301,25.09058150601096],[-107.31366991917184,25.090649830260222],[-107.3135973916415,25.09071815449063],[-107.31352486413199,25.09078647870218],[-107.31345233664334,25.090854890474358],[-107.31333984691048,25.09089244138722],[-107.31319235643856,25.090894771448717],[-107.31308473806297,25.090927797944158],[-107.31300724925264,25.09099619046233],[-107.31297477432175,25.09109974365867],[-107.31297730014954,25.091234138673073],[-107.31293986377567,25.091337760300107],[-107.31286733645513,25.091406084340658],[-107.3127948993635,25.09147448514298],[-107.3127223720846,25.09154280914584],[-107.31264984482654,25.09161113312983],[-107.31257731758934,25.09167945709496],[-107.31201721677924,25.091724085462936],[-107.3109793782522,25.09174024381593],[-107.31042288927858,25.091713055336935],[-107.3103429656915,25.091647039917138],[-107.31026791331678,25.091581054407392],[-107.31019286096438,25.09151498122045],[-107.31011780863432,25.091448995517105],[-107.3100427563266,25.091382922136493],[-107.3099677040412,25.09131693623956],[-107.30989265177814,25.091250862665277],[-107.30981750933041,25.09118033317887],[-107.30974254731903,25.091114336192703],[-107.30966253374064,25.09104833065324],[-107.3095874815684,25.090982344265914],[-107.3095124294185,25.090916270201017],[-107.30943737729095,25.090850196039266],[-107.30936241539257,25.090784198565263],[-107.30928736330965,25.090718124209918],[-107.30921231124908,25.09065213733868],[-107.30913716900409,25.090581606954615],[-107.30906211698823,25.090515532306572],[-107.30898219383243,25.09044960263531],[-107.30879961552192,25.090421094266144],[-107.30849949820096,25.09042574494871],[-107.30831692024002,25.090392769130737],[-107.30823690711402,25.09032676193203],[-107.30816185536615,25.090260773957883],[-107.30808680364062,25.090194698305513],[-107.30797792455449,25.090160521638673],[-107.30782547587168,25.090162913023615],[-107.30771794999225,25.09020039104309],[-107.30764542417332,25.090268800793915],[-107.30756793703411,25.090337191172868],[-107.30749541125833,25.090405513302695],[-107.30742297570957,25.09047382461884],[-107.30735044997552,25.090542146710956],[-107.30731788556689,25.090645711493906],[-107.30732041133804,25.09078010970732],[-107.30728297580387,25.090883731886578],[-107.30721054031616,25.090952130752534],[-107.30713801464323,25.091020452812916],[-107.30706548899117,25.091088774854423],[-107.30699296335999,25.091157096877048],[-107.30691547642138,25.09122548709938],[-107.30673416249047,25.091264175144797],[-107.30643413783463,25.091268810889133],[-107.30624650984896,25.09123591133855],[-107.30617154889951,25.091169911260437],[-107.3060964977667,25.091103834297893],[-107.30602144665625,25.091037757238503],[-107.30590769735959,25.091008190512856],[-107.30576012102901,25.09101052241633],[-107.30565124294812,25.090976343764645],[-107.30557132087395,25.090910411201982],[-107.30549626991994,25.090844333592045],[-107.30542121898827,25.090778255885258],[-107.30531234105385,25.090744164346923],[-107.30515989398366,25.090746552725243],[-107.30505227903637,25.090784039722884],[-107.30497984418997,25.09085235024211],[-107.30490235787047,25.090920739666334],[-107.30482983286196,25.090989148521697],[-107.30456977134266,25.091029023147282],[-107.30412713516677,25.09103591511177],[-107.30386698416817,25.091071244866423],[-107.3037944594578,25.091139653382815],[-107.30372202497314,25.091207963505248],[-107.30364950030452,25.091276284401257],[-107.30357697565677,25.091349071994767],[-107.30349957997365,25.091417537726386],[-107.30346963200007,25.091655404402804],[-107.30347711899314,25.09205861466653],[-107.30344220976234,25.092296549098315],[-107.30336968517432,25.092364957573647],[-107.30329716060717,25.09243327844761],[-107.30322463606092,25.09250159930268],[-107.30315220174018,25.092574376054607],[-107.30307967723567,25.092642696872304],[-107.30300715275207,25.092711105253635],[-107.30293462828935,25.092779426033548],[-107.30285723280367,25.09284780408547],[-107.30278470838414,25.092916124825948],[-107.30237707462874,25.092958325935324],[-107.30163433316545,25.09296984975544],[-107.30122670127302,25.0930074929234],[-107.30115417732328,25.093075900705948],[-107.30108165339443,25.09314422088656],[-107.30100921969034,25.093216996993785],[-107.30067528524945,25.09325352965758],[-107.30008012172341,25.093262805405107],[-107.29974501587138,25.09323659101535],[-107.29966996665425,25.09316613023546],[-107.29959491745952,25.093100048533213],[-107.29951986828716,25.093034054317744],[-107.2993323356575,25.093005600556012],[-107.29903231982209,25.093010220003773],[-107.29884965852207,25.09297715391992],[-107.2987696484043,25.092911226912666],[-107.29873329657791,25.09280872268094],[-107.29873077089289,25.092674408252346],[-107.29868954810894,25.09257196101095],[-107.29861449920672,25.092505878170847],[-107.29850571441945,25.09247623648983],[-107.29835318126878,25.092478628118535],[-107.29824430639168,25.092444442570102],[-107.29816925762232,25.092378359280534],[-107.2980893379238,25.09231242056805],[-107.2980142892007,25.092246424664932],[-107.29775297188642,25.09221461858275],[-107.29731025749813,25.092221410911176],[-107.29704894091554,25.092194157593756],[-107.29697389250293,25.09212807314105],[-107.29689884411275,25.09206207617625],[-107.29682379574496,25.09199152470652],[-107.29674378627178,25.091925507777493],[-107.29666873795027,25.09185951051595],[-107.29663247662988,25.091761460421704],[-107.29662986076369,25.091622600836843],[-107.29658872852642,25.091524695218],[-107.29651368025121,25.091458697631637],[-107.29643854179619,25.09138815631327],[-107.29636349356583,25.091322070946106],[-107.29628844535786,25.091256073067242],[-107.29621348737443,25.091189976719345],[-107.29613843921125,25.091123978647037],[-107.29605842995618,25.091057960664703],[-107.29602081569287,25.090888339265216],[-107.29601585457944,25.090619520011654],[-107.29597327920989,25.09044996605604],[-107.29589823111843,25.090383879838857],[-107.29582327325137,25.09031787032379],[-107.29574822520469,25.09025178391308],[-107.29567317718043,25.09018578499114],[-107.29559803897666,25.09011524230526],[-107.2954842943916,25.090085664102205],[-107.295336724174,25.09008789525452],[-107.2952242425321,25.09012105234466],[-107.2951518105151,25.09019382634788],[-107.29512303615796,25.09049891241177],[-107.29513304855146,25.091036454425836],[-107.29509940330284,25.09134168441288],[-107.29502688112011,25.09141000238812],[-107.29495444915999,25.091482776419866],[-107.29488192701909,25.09155109435771],[-107.2948094048991,25.091619412276653],[-107.29473679259846,25.091687828548466],[-107.2946593996353,25.091756203371297],[-107.29458687757953,25.091824521231853],[-107.2945143555447,25.0918928390735],[-107.29444183353083,25.091961156896236],[-107.29436931153788,25.092029474700073],[-107.29429678956585,25.09210234693575],[-107.29422426761477,25.092170664702156],[-107.29415174568462,25.092238982449647],[-107.29407922377538,25.09230730017824],[-107.29400183101475,25.092375674814665],[-107.29392930914881,25.092444080089415],[-107.29385669710251,25.092512408545513],[-107.29367052171571,25.092551136569636],[-107.29337538349768,25.092555684624166],[-107.29318902806548,25.092589879110204],[-107.29311650643419,25.092658284126756],[-107.29304407502481,25.092731057631795],[-107.29297155343538,25.09279937502509],[-107.29289903186687,25.092867692399476],[-107.2928265103193,25.092936009754947],[-107.29275389859178,25.093004337876753],[-107.29267650623947,25.093072799666647],[-107.29249520257044,25.093111381916163],[-107.29219510469545,25.09311608297974],[-107.29200875013903,25.09315027614198],[-107.29193622884854,25.093218593218413],[-107.29186370757901,25.09328699786204],[-107.29179127653096,25.093359771007997],[-107.29138357039875,25.093397393695884],[-107.29064086141607,25.09340893916306],[-107.29023324735205,25.093451014335177],[-107.29016072657444,25.093519418419564],[-107.29008820581778,25.093587734898414],[-107.29001568508208,25.093656051358334],[-107.28993820337392,25.09372443537131],[-107.28986568268155,25.0937927517917],[-107.28983438333447,25.09396352137648],[-107.28983943452567,25.094232246259],[-107.28987704786329,25.09440195909423],[-107.28995200395582,25.094467971872028],[-107.29003201126577,25.094533993765072],[-107.29010714780445,25.09460445168258],[-107.29014972217966,25.095042898734935],[-107.29016478557264,25.095853634472654],[-107.29013853738547,25.096293213741298],[-107.29006601663522,25.096361530445694],[-107.28998853491153,25.09642991475587],[-107.2899161044045,25.096502687520765],[-107.28988859344528,25.09687506385544],[-107.28990122142618,25.09755138052176],[-107.28986874947657,25.09792373594436],[-107.28979622880426,25.097992140279377],[-107.28968374964379,25.09802967484439],[-107.28953618283447,25.098031990963193],[-107.28942731177833,25.097997799153404],[-107.2893473948608,25.097931855211144],[-107.28927234874922,25.097865766739766],[-107.2891973026601,25.097799765757422],[-107.28912225659339,25.097733677092396],[-107.2890471203496,25.097663132230103],[-107.28897207432782,25.097597130955222],[-107.28889702832848,25.097531041997534],[-107.28882207255107,25.097465029745226],[-107.28874702659658,25.097398940593976],[-107.28866701969629,25.097333006519737],[-107.28859197378819,25.097266917170554],[-107.28851692790253,25.097200915310793],[-107.28844197223867,25.097134814984475],[-107.28836683619858,25.097064269224642],[-107.28829179038024,25.096998267072426],[-107.28821674458439,25.096932177237022],[-107.28814169881096,25.096866174891268],[-107.28806665305999,25.09680008486224],[-107.28798673657582,25.09673413908854],[-107.28791295365932,25.096735251986416],[-107.28784043355226,25.096803567970632],[-107.28776782326707,25.096871894718834],[-107.28769530320197,25.096940210665135],[-107.28736147665525,25.09698125643428],[-107.28676625447149,25.096990398562546],[-107.28643116638062,25.096959771565288],[-107.28635612114142,25.09689368008561],[-107.28628107592466,25.096827676096208],[-107.28620603073038,25.096761584422918],[-107.2860922002021,25.096727543582684],[-107.28594463550543,25.096729767029906],[-107.28583089529421,25.09670018206234],[-107.28575594043303,25.096634079153905],[-107.28568089539591,25.096568074517535],[-107.28560576018292,25.096497526020435],[-107.28553071519073,25.096431521188347],[-107.28545567022103,25.096365428672023],[-107.28538062527376,25.09629933605887],[-107.28530558034898,25.096233330936464],[-107.28452284147488,25.09620951851074],[-107.28303728594081,25.096232383242118],[-107.28225455415088,25.09621311050388],[-107.28217951016212,25.096147102610008],[-107.28210446619585,25.09608100703073],[-107.28202951244909,25.09601498816473],[-107.28162055942911,25.095985378190704],[-107.28087778916505,25.0959967944473],[-107.28046387721957,25.09596733522719],[-107.28038883376729,25.09590132565309],[-107.28031388053394,25.095835217615566],[-107.28023883712663,25.095769207848033],[-107.28016379374179,25.095703110394343],[-107.28008875037945,25.095637100433315],[-107.28004744046122,25.095534651636846],[-107.28004500516059,25.095400317522806],[-107.28000865604638,25.095297801392867],[-107.27993361273053,25.09523170351526],[-107.27985856943718,25.0951656931305],[-107.27977865557018,25.095099739055048],[-107.27970361232326,25.095033640882864],[-107.27962856909885,25.094967630203662],[-107.27929340035664,25.094936902982504],[-107.27869819733726,25.094946088604836],[-107.27836312003639,25.09491981498726],[-107.27828807721382,25.094853803083467],[-107.27821312460938,25.094787692717116],[-107.27813799163611,25.094717224287866],[-107.27802425496922,25.09468754245137],[-107.2778766950248,25.094689842558168],[-107.27776909177054,25.094722843222115],[-107.27769170404379,25.094795766606797],[-107.27761909669952,25.094864089725156],[-107.27754657957176,25.094932402049373],[-107.27736023590448,25.094966575621434],[-107.27706511688571,25.094971174355635],[-107.27687760103963,25.094942684808636],[-107.27680255866251,25.09487658402744],[-107.27672751630787,25.094810570740243],[-107.27665247397573,25.09474000263296],[-107.27657743166613,25.0946739015593],[-107.27650238937902,25.094607887979755],[-107.2764273471144,25.094541874303495],[-107.27634743434295,25.09447582919634],[-107.27627239212484,25.094409815322383],[-107.27619734992922,25.094343713760626],[-107.27612230775611,25.09427769969319],[-107.27604726560551,25.094211597937882],[-107.27597222347742,25.09414111652532],[-107.27589718137185,25.094075014574347],[-107.27582213928879,25.094009000117868],[-107.27574709722825,25.093942897973346],[-107.27566718467408,25.093876939541904],[-107.27559214266002,25.093810837199605],[-107.27551710066847,25.09374482235197],[-107.27544205869943,25.093678807407628],[-107.27525445387532,25.093645770146598],[-107.27495933734065,25.093650362300245],[-107.27477182307304,25.09362186820288],[-107.2746967813276,25.093551297777008],[-107.27462173960471,25.093485282024865],[-107.27454669790431,25.093419178584156],[-107.27383777141328,25.093398738232075],[-107.27249983597802,25.093419251542322],[-107.27179704843884,25.093461308597572],[-107.27172444280596,25.09352962959318],[-107.27168827528737,25.09370046243876],[-107.27169332611261,25.093973674107538],[-107.27166193884324,25.094139994294522],[-107.27158446281302,25.09420837136184],[-107.27151203762838,25.09428113803234],[-107.27143943207831,25.094349458999645],[-107.27136691674251,25.094417769177348],[-107.27129440142777,25.09448616692876],[-107.27118184038387,25.094519229309117],[-107.27103428447685,25.094521433424795],[-107.27092181374316,25.094559039662126],[-107.27084920836458,25.09462736045145],[-107.27077669320008,25.094695670451486],[-107.27070417805662,25.094763980432553],[-107.27063157274128,25.094832301164846],[-107.27055914783283,25.094905155164863],[-107.27052532549797,25.095205870794405],[-107.27053533690862,25.09574783759816],[-107.27050656537823,25.096052942270575],[-107.27043396012031,25.09612126304366],[-107.27036153526916,25.09619402947822],[-107.27028405964217,25.09626249385259],[-107.27025140985079,25.09636151827919],[-107.27025402544166,25.09650039050376],[-107.27021650524429,25.09659955853904],[-107.27014390007068,25.09666787925902],[-107.26988387451023,25.09670768942139],[-107.26944120935043,25.09671447534383],[-107.26917983163546,25.09668261955756],[-107.26910479156906,25.09661660046617],[-107.26902975152521,25.096550493685157],[-107.26895471150392,25.096484474400317],[-107.26839326494463,25.096457175749446],[-107.2673553362198,25.096473100105403],[-107.2667939834485,25.096450250334417],[-107.26671894409914,25.096384229049857],[-107.2666826871139,25.096281693352562],[-107.26668016175194,25.0961473631835],[-107.26663894424071,25.09604489402194],[-107.26656390493797,25.09597887241059],[-107.26648886565778,25.095912763108593],[-107.26641382640015,25.0958467413038],[-107.26633878716508,25.095780719402303],[-107.26626383814391,25.09571459904265],[-107.26618383843136,25.095648643585584],[-107.26610870907415,25.09557807726134],[-107.26607001701305,25.09534566652825],[-107.26606253113712,25.094938108118246],[-107.26601878837262,25.094701306881795],[-107.26594374925631,25.09463519650009],[-107.2658687101626,25.094569173616087],[-107.26579367109142,25.09450306304087],[-107.26571872223397,25.094437029196826],[-107.26564368320788,25.094370918428172],[-107.26556855401329,25.094300438597074],[-107.26548864471467,25.094234383449294],[-107.26545238790817,25.094136400908546],[-107.2654497723676,25.093997525089378],[-107.26540864525062,25.093899598231467],[-107.2653336063178,25.093833574532947],[-107.26525856740753,25.09376746314287],[-107.26518352851983,25.093696971910003],[-107.2651084896547,25.09363086032431],[-107.26503345081214,25.093564836236855],[-107.26469839183252,25.093538521452206],[-107.26410322357293,25.093547632482576],[-107.26376924812803,25.093584079337724],[-107.26369673502002,25.093652474435558],[-107.2636241317427,25.093720792683897],[-107.26355170886725,25.09379355675098],[-107.26347793315773,25.093794653997897],[-107.26339793433844,25.09372422768118],[-107.26332289601041,25.093658114548685],[-107.26324785770495,25.09359208891502],[-107.26306035223027,25.093563575307087],[-107.26276525010447,25.093568050174994],[-107.26257891746285,25.09360228961201],[-107.26250631451093,25.09367060747475],[-107.26247375592695,25.093774177351523],[-107.26247628124632,25.09390851068338],[-107.26243876221815,25.094012146978162],[-107.26236624949699,25.09408045406333],[-107.26229373679693,25.09414876112952],[-107.26222113392805,25.094217078940794],[-107.26214862127017,25.09428538596898],[-107.2620711481926,25.094353847019597],[-107.26188977650673,25.094392399311385],[-107.26158971533506,25.094397026281566],[-107.2614034737615,25.094435721198153],[-107.26133096134144,25.094504027966185],[-107.26125835875293,25.09457234547873],[-107.26118584637507,25.094640652208753],[-107.26111324382882,25.094708969683236],[-107.26104073149318,25.09477727637526],[-107.26096821917865,25.094845583048283],[-107.26089561669578,25.09491390046568],[-107.26082184177213,25.094914996411767],[-107.26074193399435,25.09484902482509],[-107.26066689646564,25.094782997500133],[-107.26059185895953,25.0947168824823],[-107.26040426529308,25.0946839087073],[-107.2601091663112,25.094688378372574],[-107.25992166319712,25.094659860419636],[-107.25984662591536,25.094593832289227],[-107.2597715886562,25.094527804062132],[-107.25969655141965,25.094461688141795],[-107.25962151420569,25.094391192294466],[-107.25954647701431,25.094325076178542],[-107.25947143984556,25.09425904756254],[-107.25939640269937,25.09419293125313],[-107.25931649537864,25.09412695801061],[-107.25924145827913,25.09406092910031],[-107.25920511219218,25.093958398005345],[-107.25920267709473,25.09382405218894],[-107.25916137063054,25.093721587280818],[-107.25908642376649,25.093655547282086],[-107.25901138673625,25.093589430351408],[-107.25893634972863,25.093523400921026],[-107.25886131274359,25.093457371393978],[-107.25878627578115,25.09339125417312],[-107.25871132902995,25.093325213691365],[-107.25863133174035,25.093259250158994],[-107.25859507593096,25.09315670753816],[-107.25859255065089,25.093022371847315],[-107.25855133447642,25.092919895373544],[-107.25847629760734,25.092853865225546],[-107.25840126076088,25.09278774738346],[-107.258326223937,25.09272171704208],[-107.25825127732418,25.092655675843254],[-107.25817615035707,25.092585100997603],[-107.258101113601,25.092519070364066],[-107.25802607686755,25.092452952036243],[-107.25797620270504,25.09188023218945],[-107.25795636126884,25.090796210130264],[-107.25798513135184,25.090222251201514],[-107.25805773298671,25.090153935170925],[-107.25813015426593,25.090081173134603],[-107.25820275594306,25.090012857066387],[-107.25823531396912,25.089913753532024],[-107.25823278869272,25.089774861283942],[-107.25827030708776,25.089675779111413],[-107.25834290880574,25.089607463029473],[-107.25841542035637,25.089539157688414],[-107.25848793192813,25.089466297222074],[-107.25852418772189,25.08930000263267],[-107.25851922735178,25.08902676225681],[-107.25847674855,25.088857159056413],[-107.25840171170339,25.088791039328072],[-107.25832667487938,25.088725007101427],[-107.25825163807798,25.088658974778134],[-107.2582104219599,25.088556496110204],[-107.25820798687218,25.08842214766973],[-107.2581717311244,25.088324070218988],[-107.25809660418128,25.088253580800572],[-107.25802283008632,25.088254673197067],[-107.2579504088383,25.088327435069257],[-107.25787293706578,25.08839589391185],[-107.25780033548477,25.08846420973155],[-107.25772656147755,25.08846530200678],[-107.25765152485693,25.088399269037115],[-107.2575765784471,25.08833313761308],[-107.25750145168347,25.088262647668973],[-107.25742641513067,25.088196526808357],[-107.25735137860045,25.088130493449917],[-107.25730772755242,25.087893664763893],[-107.25730033212767,25.08749054023116],[-107.25726155124546,25.087253655589844],[-107.25718155442146,25.08718768775471],[-107.25710778059752,25.087188779299726],[-107.25703526942755,25.08725708399857],[-107.25696266809072,25.08732539943664],[-107.25689015696302,25.087393704097536],[-107.25677769260645,25.087431296885384],[-107.25663014521972,25.087433567175484],[-107.25651632816324,25.087399402067437],[-107.25644129190725,25.087333367538626],[-107.25636634586165,25.08726732215542],[-107.25629130965085,25.087201199833906],[-107.25528725156855,25.087180626497855],[-107.25335418285668,25.08721004690727],[-107.25235139923178,25.087261131038208],[-107.25227879926116,25.08732944487867],[-107.25220628949798,25.087397747945246],[-107.2521336895697,25.087466061747687],[-107.25202122736239,25.08750356320855],[-107.25187368279543,25.0875058277676],[-107.2517611305196,25.087538872144037],[-107.25168853072124,25.08760718580646],[-107.25165606373753,25.08771074729551],[-107.25165849876116,25.087845099495414],[-107.25162098136268,25.087948737601995],[-107.25154847179127,25.08801704049646],[-107.25147587205498,25.08808535412652],[-107.25140336252586,25.088153656983025],[-107.25136593535183,25.088257284310494],[-107.25136837037262,25.088391724053682],[-107.25133581324476,25.08849520860486],[-107.25126330375647,25.08856359904881],[-107.25119070410344,25.088631912627495],[-107.25111819465747,25.088700215432638],[-107.25104072501156,25.088768584109545],[-107.2509681254235,25.0888368976295],[-107.2506343479628,25.088877750605217],[-107.25003912312481,25.088886793100794],[-107.24970399413087,25.08885605957363],[-107.24962895992932,25.088790019785556],[-107.24955392575043,25.08872389229949],[-107.24947898177945,25.08865784156479],[-107.24940394764582,25.08859180148685],[-107.24932891353484,25.088525673710798],[-107.2492538794465,25.088459633439566],[-107.24917884538083,25.088389037790105],[-107.24891757910528,25.0883616711736],[-107.24846999102223,25.08836843262622],[-107.24820863530701,25.088336607435167],[-107.24813360155686,25.08827047849507],[-107.24805856782937,25.088204437060256],[-107.24798353412454,25.088138395528812],[-107.24764840790212,25.08810756743435],[-107.24705328039882,25.088116582836516],[-107.24671941801081,25.088157523120547],[-107.24664690986916,25.088225824363345],[-107.24657431156444,25.088294136338337],[-107.24650180346514,25.088362437543143],[-107.24609417126096,25.088404461871633],[-107.24535141660184,25.088415738232836],[-107.24493756361566,25.08838614063485],[-107.24486253085351,25.088320096465264],[-107.24478758829757,25.0882539538461],[-107.24471255558072,25.088187909483302],[-107.24463752288655,25.08812186502389],[-107.24456249021503,25.088055732864667],[-107.24448754774966,25.087989677462378],[-107.24441251512347,25.08792363271314],[-107.24422493365721,25.087890626284857],[-107.2439248937892,25.08789511471703],[-107.24374227276662,25.0878620418714],[-107.24366724036567,25.087795996411597],[-107.24358733809824,25.087730005673304],[-107.2435123057441,25.087663872412413],[-107.24340354494412,25.087634172440726],[-107.24325104542837,25.087636492168087],[-107.2431421945599,25.087602334873917],[-107.2430671623403,25.0875362011642],[-107.24299213014339,25.087470154961633],[-107.24291222809327,25.087404163447506],[-107.24257710871397,25.08737340728735],[-107.2419868632219,25.087382341478015],[-107.24165300764615,25.08742318009081],[-107.24158050098404,25.087491479546685],[-107.24158167335528,25.087558707549103],[-107.24165670512576,25.08762475494076],[-107.24173173691894,25.087690802235798],[-107.2418066785523,25.08775694778605],[-107.24185041706117,25.088267022530264],[-107.24186764191936,25.089212230889206],[-107.24191625029525,25.089717780586167],[-107.24199137234943,25.089788371307844],[-107.24206631406122,25.08985442803926],[-107.24214134597824,25.089920473925645],[-107.24218751947691,25.090291665614625],[-107.24219978431395,25.090968078463085],[-107.24224099777811,25.091339334346905],[-107.2423209897948,25.091405313796837],[-107.24239593160613,25.091471457081898],[-107.2424709636228,25.09153750191809],[-107.24250730726403,25.091639958014074],[-107.242509742198,25.09177440115584],[-107.24255095571364,25.09187680227132],[-107.24262598777716,25.09194284678104],[-107.24270101986339,25.092008978796972],[-107.24277596178946,25.09207503386306],[-107.24281726553215,25.092177423900296],[-107.24281970046917,25.092311866668584],[-107.24285595397859,25.09241433294276],[-107.24293098613433,25.09248046453542],[-107.24300601831274,25.092546508428757],[-107.24308592039309,25.092612497337935],[-107.24316095261833,25.092678541033777],[-107.24323598486626,25.09274467223546],[-107.24331101713688,25.092810715737986],[-107.24338604943016,25.092881314468297],[-107.24342726309129,25.09297924673007],[-107.24342969803428,25.093113601260338],[-107.2433921818782,25.093217239269464],[-107.24331967470802,25.093285539801133],[-107.24324707737598,25.093353851064183],[-107.24317448006519,25.093422162308173],[-107.24313705413066,25.093525789542102],[-107.2431394890708,25.09366014401442],[-107.243180702691,25.093762631431655],[-107.2432557349449,25.093828674502237],[-107.2433307672215,25.09389471747617],[-107.24340579952074,25.093960847955586],[-107.2434532358178,25.09440362796546],[-107.24346802584384,25.09521445993873],[-107.24351041189891,25.095652934407003],[-107.24358544425247,25.095718976297963],[-107.24366047662872,25.095785018092265],[-107.24373550902763,25.095851147391457],[-107.24377672274679,25.09595354579418],[-107.2437791576932,25.096087898983818],[-107.2438203714196,25.09619038485052],[-107.24389540386683,25.096256426217323],[-107.24397043633675,25.096322555088825],[-107.24404546882934,25.09638859626228],[-107.24412050134461,25.09645463733909],[-107.2441954436992,25.09652077667252],[-107.24427056644318,25.09659127446413],[-107.24434559902646,25.096657402849956],[-107.24438798523137,25.09682247065038],[-107.24439294531965,25.097095720151742],[-107.24443046162696,25.09726548550884],[-107.2445104543492,25.097331460051844],[-107.24458548700498,25.097397500277822],[-107.24466042949992,25.097463551159827],[-107.24469677346167,25.097566090811643],[-107.24469920841712,25.097700442885795],[-107.24474042229623,25.097802927360163],[-107.24481545502151,25.097868967162896],[-107.24489048776944,25.0979350944696],[-107.24496552054006,25.098001134078967],[-107.24500673446336,25.09810353062382],[-107.24500916942186,25.09823796992489],[-107.245045423251,25.09833596453206],[-107.24512054625211,25.09840654828697],[-107.24520044901293,25.098472532392936],[-107.24527548187719,25.098538571478063],[-107.24531173574522,25.098636653381604],[-107.24531426089045,25.09877546157418],[-107.24535538468785,25.098873400659393],[-107.24543041759894,25.098939527020264],[-107.24550554071651,25.099010022539147],[-107.24558057367294,25.099076148704373],[-107.24565551646815,25.09914219792667],[-107.2457305494699,25.09920823629845],[-107.24580558249431,25.099274362173578],[-107.24588548547551,25.099340345228484],[-107.24596051854672,25.099406383305993],[-107.2460355516406,25.09947250888671],[-107.24611058475715,25.099538546770834],[-107.24618561789636,25.09960458455828],[-107.24622683202213,25.099707067095647],[-107.24622926699257,25.099841417524352],[-107.24626561118392,25.099943955074107],[-107.24634064436995,25.100009992534822],[-107.24641558739448,25.100076128253217],[-107.24649062062583,25.10014216552062],[-107.2465706140116,25.100208136769517],[-107.24664564728975,25.100278729012057],[-107.24672068059057,25.10034476598298],[-107.24679571391407,25.100410890456615],[-107.24687074726022,25.10047692723414],[-107.24694578062902,25.100542963914993],[-107.24702081402049,25.10060908809843],[-107.2470957572502,25.10067513534128],[-107.24713706171138,25.10077760597953],[-107.24713949669075,25.10091195550811],[-107.24717584101525,25.10101449197032],[-107.24725078429174,25.10108053888666],[-107.24733077792226,25.101146508980328],[-107.24740581143,25.101212632542413],[-107.24744332819235,25.101382304855598],[-107.24744819815712,25.101651090662006],[-107.24749067507602,25.101820696672178],[-107.24756570863204,25.10188673217731],[-107.2476407422107,25.101952855184496],[-107.24771577581204,25.10201889049622],[-107.24775699019163,25.102121283237686],[-107.24775942517708,25.10225571951259],[-107.24779576959226,25.102358167372245],[-107.24787080324039,25.102424289955742],[-107.2479458369112,25.10249032484398],[-107.24802574058072,25.102556391965493],[-107.24806208503485,25.10265883951242],[-107.24806452002328,25.10279327541572],[-107.24810573446072,25.10289566755651],[-107.24818076820243,25.102961702017026],[-107.24825580196683,25.1030278239791],[-107.24833083575386,25.103093858246186],[-107.24840586956356,25.10315998001476],[-107.2484809033959,25.103226014088417],[-107.2485559372509,25.103296603166175],[-107.24863097112855,25.103362637044288],[-107.24867462065434,25.103594996284667],[-107.24868210600768,25.10400257254302],[-107.24864702405243,25.104240643509584],[-107.2485745153483,25.104308946746425],[-107.24850191648041,25.104377260721755],[-107.24842940781862,25.104445563920425],[-107.24835680899311,25.10451387785753],[-107.24828430037365,25.104586648509052],[-107.24821179177536,25.10465495165085],[-107.24813919301343,25.104723265530993],[-107.24806668445744,25.10479156863462],[-107.24798912557772,25.104859948543425],[-107.24791661706553,25.1049282516072],[-107.24784401838984,25.104996565409177],[-107.24777150992,25.105064868434766],[-107.24769891128669,25.105133182198514],[-107.24762640285918,25.105205952680304],[-107.24755389445284,25.10527425564901],[-107.2474812958831,25.10534256935578],[-107.24740869733459,25.105410883043408],[-107.24729614708018,25.105443929818446],[-107.24714860531748,25.105446198603],[-107.24703488278391,25.105416577206352],[-107.24695984938819,25.105350455307043],[-107.24688481601515,25.105284420909104],[-107.24680978266476,25.105218386414464],[-107.24673601191685,25.105219476672083],[-107.2466634135861,25.105287790094934],[-107.24658594532862,25.10535615876099],[-107.24651334704171,25.105424472143913],[-107.2464408389602,25.105492774751237],[-107.2463682407157,25.105561088095907],[-107.24629573267654,25.10562939066505],[-107.24622313447448,25.10569770397146],[-107.2461505362936,25.10576601725875],[-107.24607811850201,25.10583877652697],[-107.24600552036352,25.105907089776395],[-107.24592805231121,25.10597545825399],[-107.24585545421658,25.106043771463472],[-107.24578285614318,25.10611208465381],[-107.24575029974696,25.106215654514592],[-107.24575282489666,25.106349991906484],[-107.24571530838958,25.106453627734506],[-107.245642800541,25.106521930154685],[-107.24553016090283,25.106555074231228],[-107.245382620189,25.106557253890408],[-107.24527007085256,25.106594854529632],[-107.24519756313398,25.10666315680967],[-107.24512496525288,25.106731469826528],[-107.245052367393,25.10679978282424],[-107.244979859738,25.10686808504695],[-107.24490726192052,25.106936398006393],[-107.24483466412428,25.107004710946686],[-107.24476224671639,25.107077469875687],[-107.24468964896253,25.10714578277811],[-107.24461218132068,25.107214150878622],[-107.2445395836107,25.107282463741075],[-107.24446707610542,25.107350765828745],[-107.24439447843787,25.107419078652917],[-107.24432188079155,25.10748739145794],[-107.24424937334983,25.107555693488262],[-107.24417677574594,25.107624006255005],[-107.24410417816328,25.10769231900259],[-107.24403167078513,25.107765088498667],[-107.24395420334855,25.107833456410546],[-107.2438816960142,25.107901758344006],[-107.24380909851781,25.107970071013735],[-107.24373650104268,25.108038383664304],[-107.2436639937719,25.108106685540413],[-107.24359139633918,25.10817499815269],[-107.24351879892771,25.108243310745813],[-107.24344629172052,25.108311612564545],[-107.24341626075659,25.1088228273403],[-107.24343348572344,25.109768061205017],[-107.24348218458908,25.1102780308378],[-107.24355721693411,25.11034415344446],[-107.24363224930183,25.11041018835634],[-107.24370719150903,25.110476321525514],[-107.24374849540666,25.11057870266311],[-107.2437509303528,25.110713137771324],[-107.24378727418144,25.11081558477749],[-107.24386230661868,25.11088170686347],[-107.24393724889534,25.110947752011302],[-107.24401228137789,25.11101387390379],[-107.24405358532628,25.111116254577603],[-107.24405602027542,25.1112506017161],[-107.24409714386448,25.111348623886247],[-107.2441722665787,25.111419114569696],[-107.24424729913228,25.111485236033985],[-107.24432233170855,25.111551269804025],[-107.24439736430747,25.111617391074745],[-107.24447239692908,25.111683424651286],[-107.24454742957337,25.111749545728447],[-107.24462237205682,25.11181558986864],[-107.24469740474642,25.111881623155053],[-107.24477739755464,25.111947677874],[-107.24485243029109,25.112013710962618],[-107.24492755323382,25.112084288247356],[-107.24496371686742,25.112182287916305],[-107.24496624200911,25.112316710994648],[-107.24500745593254,25.112419101144894],[-107.2450824887385,25.112485221406736],[-107.24519630056196,25.11251929789664],[-107.2453438411651,25.11251711515379],[-107.2454575629245,25.112546734666118],[-107.24553259586645,25.11261276687768],[-107.24560771901491,25.112683343265164],[-107.24568275200221,25.112749375281044],[-107.24579647391683,25.112779081912418],[-107.24594410506046,25.11277679994148],[-107.24605295715722,25.11281102908549],[-107.24613295040204,25.112876994511584],[-107.246207983548,25.1129431135738],[-107.24628292653253,25.113009155701462],[-107.24639186896191,25.113043373618105],[-107.24654437040644,25.113041035375453],[-107.24665322276623,25.11307070875709],[-107.24672816588506,25.1131368380323],[-107.24680815934732,25.113202802681133],[-107.24688328288154,25.11327337764514],[-107.24695831625414,25.113339408268338],[-107.24703334964939,25.11340552639089],[-107.2471083830673,25.113471556820574],[-107.24718332632344,25.11353768550902],[-107.24725835978664,25.113603715745263],[-107.2473333932725,25.11366983348069],[-107.2473795677366,25.114040986751167],[-107.24739192301459,25.114717416005202],[-107.24743331770954,25.115093079970276],[-107.24750835124823,25.115159196848122],[-107.24758825477709,25.115225170549973],[-107.24766328836257,25.115291287229976],[-107.24769963276368,25.115393729568876],[-107.24770206774855,25.11552816069504],[-107.24774319194125,25.115626090808284],[-107.24781822557352,25.115692207163214],[-107.24789334941313,25.115762692421523],[-107.24796838309072,25.11582880858065],[-107.24801076991382,25.11599394837602],[-107.24801582025918,25.116267168004892],[-107.24805333711363,25.11643683034709],[-107.24812837083954,25.11650294604739],[-107.24820340458811,25.11656897405594],[-107.24828330834045,25.116635034025087],[-107.2483583421358,25.116701061835865],[-107.2484333759538,25.116767177144673],[-107.24850840979444,25.116833204761903],[-107.24858344365774,25.116899319877074],[-107.24865856772867,25.116969803866937],[-107.2487336016373,25.117035918786293],[-107.24880863556858,25.117101946014227],[-107.24888366952251,25.11716806073994],[-107.24896357349355,25.117234032198464],[-107.24903860749426,25.117300146726315],[-107.24914755113176,25.117334272005905],[-107.24930005426741,25.11733201543762],[-107.24940890783424,25.11736168388312],[-107.24948394196937,25.11742779796153],[-107.24952515664218,25.117530182521236],[-107.24952759164495,25.117664611841086],[-107.24956393631867,25.117767051872782],[-107.24964393069371,25.117833099247107],[-107.24971896489976,25.117899125302962],[-107.24979390894309,25.117965249618813],[-107.24986894319441,25.11803127548117],[-107.24994397746838,25.118097388840727],[-107.25001910195047,25.118167871036025],[-107.25009413626977,25.118233984199737],[-107.2501691706117,25.11830000967277],[-107.25024420497627,25.118366122642822],[-107.25035792897825,25.1183957339611],[-107.2505055628316,25.118393530923246],[-107.25061937713882,25.118427598464038],[-107.25069441163924,25.118493710980392],[-107.2507356265127,25.118596094177608],[-107.25073815171304,25.118730511673043],[-107.25077440637799,25.118832961174046],[-107.2508494409252,25.118899073363046],[-107.25092447549504,25.118965097861782],[-107.25100447030779,25.11903114340239],[-107.2510408151974,25.119133669419842],[-107.251043250215,25.11926800971291],[-107.25108446514626,25.11937047990148],[-107.25115949978704,25.11943650397189],[-107.25123453445043,25.119502615538686],[-107.2513095691365,25.119568639415498],[-107.25135078411189,25.119666554433657],[-107.25135330931849,25.119805438428163],[-107.25131579196602,25.119904604507667],[-107.25124319229766,25.119972920706328],[-107.25113064030714,25.120010442694657],[-107.2509830962685,25.12001272421948],[-107.25087054439568,25.12005024601508],[-107.25079803504306,25.12011855130939],[-107.25076791300478,25.12035645817926],[-107.25077530823539,25.12075964231842],[-107.2507403161705,25.120997604559435],[-107.25066771667015,25.121065920651],[-107.250595117191,25.12113423672335],[-107.25052260791868,25.12120254201223],[-107.2504500986675,25.1212754021176],[-107.25037749925187,25.121343718132724],[-107.25030002983674,25.121412089835108],[-107.25022743046492,25.12148040581012],[-107.25015492129982,25.12154871100182],[-107.25008232197038,25.12161702693843],[-107.25000972266216,25.121685342855802],[-107.24993721356054,25.121753647989955],[-107.24986461429468,25.121821963868918],[-107.2497921052354,25.121894736210674],[-107.2497195060119,25.121963052051584],[-107.24964203680177,25.122031423564696],[-107.2495694376221,25.12209973936549],[-107.24949692864891,25.12216804438323],[-107.24938933763686,25.122205499249468],[-107.24923683444642,25.122207846319927],[-107.2491291533618,25.12224084451411],[-107.24905655433191,25.122309160156707],[-107.24897908532839,25.122377531451235],[-107.24890648634232,25.122445847053704],[-107.24879889558584,25.122483301561587],[-107.24864639275765,25.12248564805021],[-107.24853880211374,25.12252310237524],[-107.2484662032563,25.122591417839086],[-107.24839360442004,25.12265973328372],[-107.24831613562313,25.122728104360085],[-107.24824353683071,25.122796419764583],[-107.24817102824431,25.12286472438674],[-107.24809842949429,25.12293303975279],[-107.24802583076546,25.123001355099618],[-107.24791337041624,25.12303886475625],[-107.2477657381024,25.12304115481748],[-107.24765318768628,25.123074207777062],[-107.24758067927212,25.123146979488062],[-107.24750808069457,25.12321529467535],[-107.24743548213821,25.123283609843405],[-107.24736297378759,25.12335191422953],[-107.24729037527362,25.123420229359137],[-107.24721777678089,25.123488544469506],[-107.24714517830937,25.12355685956063],[-107.24703271835871,25.123594456293844],[-107.24688508656813,25.123596657999787],[-107.2467725365509,25.123629710434038],[-107.24669993820949,25.123698025384456],[-107.24662733988927,25.123766340315637],[-107.24655483177449,25.12383911174158],[-107.24648232368087,25.123907415872434],[-107.24640972542426,25.123975730746306],[-107.24633712718885,25.124044045600932],[-107.2462596590331,25.124112416030144],[-107.24618706084156,25.12418073084463],[-107.24611446267124,25.12424904563986],[-107.24604195470616,25.124317349653797],[-107.24596935657824,25.124385664410568],[-107.2458968486555,25.12445843566567],[-107.24582425057001,25.124526750384344],[-107.24578673405216,25.124625916172235],[-107.24578925920221,25.12476480121594],[-107.24575661262124,25.124863823791994],[-107.24568401457672,25.1249321384958],[-107.24560654662467,25.12500050876427],[-107.24553403880786,25.125073367537592],[-107.24546144082841,25.125141682182385],[-107.24538893305395,25.125209986046052],[-107.2453163351169,25.125278300652365],[-107.24524373720108,25.12534661523943],[-107.24517113930649,25.12541492980724],[-107.24509863161677,25.125483233594043],[-107.2450260337646,25.125551460529643],[-107.24494856601778,25.125619918202307],[-107.24487605839307,25.12569268921103],[-107.24480346060597,25.125761003681323],[-107.24473086284007,25.125829318132357],[-107.24465826509541,25.125897632564136],[-107.24458575755546,25.125965936215113],[-107.24451315985321,25.126034250608406],[-107.2444405621722,25.126102564982435],[-107.2443679645124,25.126170879337202],[-107.24433053839795,25.126274413919575],[-107.2443329733498,25.126408842575316],[-107.24429545705723,25.12651247547954],[-107.24422294962324,25.126580779056614],[-107.24415035202706,25.126649093375924],[-107.24407775445212,25.126717407675983],[-107.24400515689841,25.12678572195677],[-107.24393264954918,25.126854025456932],[-107.24386014222112,25.12692679622068],[-107.24378754473105,25.126995110444092],[-107.24374993833771,25.127094286783034],[-107.24375255365025,25.127233073589974],[-107.24371990733704,25.127332183585867],[-107.24364234981459,25.127400564104754],[-107.2435697523882,25.12746887829227],[-107.24349733534923,25.127541638219096],[-107.2434646890696,25.127640748193254],[-107.24346712401295,25.12777508917939],[-107.2434296078512,25.127878721947035],[-107.24335701048705,25.1279470361007],[-107.2432845033271,25.128015339473823],[-107.24321190600537,25.128083653588963],[-107.24313930870487,25.128151967684836],[-107.24306680160852,25.128224738279993],[-107.24299420435047,25.12829305233771],[-107.24291673723762,25.12836142191375],[-107.24288409103433,25.128460531819808],[-107.24288661615488,25.128599329309612],[-107.24284910008087,25.128698494722258],[-107.24277650288647,25.128766808744036],[-107.24270399589614,25.12883957926349],[-107.24263139874418,25.128907893247113],[-107.24259388270873,25.129007058633402],[-107.24259640782634,25.12914594365457],[-107.24256376166518,25.129244965876726],[-107.24249116455424,25.129313279845327],[-107.24241856746454,25.129381593794648],[-107.24234606057875,25.129454364239947],[-107.24230854458645,25.129553529568526],[-107.24231097951849,25.129687870418294],[-107.24235219300111,25.12979034232033],[-107.24242722500456,25.129856369082393],[-107.2425022570307,25.129922483341147],[-107.2425772890795,25.129988597503],[-107.2426160676713,25.130225465109117],[-107.24262355284205,25.130633019541733],[-107.2425934317949,25.130871013441606],[-107.24252083467528,25.130939327552454],[-107.24244832775962,25.13100763088239],[-107.24237573068244,25.131075944954674],[-107.24233821468566,25.131179489715123],[-107.24234064961797,25.13131391750404],[-107.24230322380916,25.131417539062575],[-107.24223062677444,25.131485853118484],[-107.24215802976096,25.131554167155095],[-107.24208543276869,25.13162248117241],[-107.24201283579767,25.131690795170424],[-107.24194032903044,25.131759098387665],[-107.24186773210187,25.131827412347125],[-107.24179513519454,25.131895726287272],[-107.2417226284909,25.1319684967016],[-107.24164516177497,25.132036866157573],[-107.24157256493275,25.132105180038568],[-107.24149996811178,25.13217349390025],[-107.24146741227722,25.132277059846224],[-107.24146984720099,25.132411400073426],[-107.24143233134116,25.13251056504504],[-107.24135982474354,25.132583335383465],[-107.24128722798481,25.13265164921113],[-107.24121463124732,25.13271996301949],[-107.24117837797766,25.132890716130703],[-107.24118324781955,25.13315948394904],[-107.241151954578,25.1333302581914],[-107.24107935788008,25.13339857200846],[-107.241001891365,25.133466941360645],[-107.24092929471101,25.133535255137417],[-107.24093046707915,25.133602474330736],[-107.24100549865271,25.133668500528067],[-107.24108549027115,25.133734547897575],[-107.24116061207383,25.133805030376344],[-107.24123564371699,25.133871143869612],[-107.24131067538282,25.133937257265984],[-107.24138570707136,25.13400328297262],[-107.24146073878258,25.13406939617524],[-107.24153577051649,25.1341354216882],[-107.24161080227309,25.13420153469706],[-107.24168583405238,25.13426756001634],[-107.24176582589013,25.13433360646842],[-107.24180334180038,25.134503263478603],[-107.24180839201951,25.13477647505808],[-107.24185077779117,25.13494169651195],[-107.24192589982555,25.135012177720935],[-107.24200093170012,25.135078289973166],[-107.24207596359736,25.135144314536177],[-107.24215099551729,25.135210426594654],[-107.24222602745992,25.13527653855621],[-107.24230105942523,25.135342562828665],[-107.2423760914132,25.13540867459646],[-107.24245608347346,25.135474632262692],[-107.24253111550833,25.1355407438324],[-107.24260623774863,25.135611311735413],[-107.24268126982888,25.135677335517123],[-107.24275630193182,25.135743446793963],[-107.24283133405743,25.135809470381975],[-107.24290636620573,25.13587558146503],[-107.2429813983767,25.13594160485935],[-107.24302270215358,25.136044062697383],[-107.2430251370926,25.13617848820984],[-107.24298762099767,25.136282032135696],[-107.24291502376276,25.13635034681978],[-107.24284251673193,25.136418650720966],[-107.24276991953947,25.13648696536644],[-107.24269732236823,25.13655527999258],[-107.24262472521822,25.13662359459941],[-107.24251217713199,25.136661202715768],[-107.24236454802896,25.136663406181974],[-107.24225200006072,25.136696459328125],[-107.24217940304098,25.136764773793953],[-107.24210680604247,25.13683308824046],[-107.24203429924776,25.136905859091048],[-107.24184789195117,25.136940018906383],[-107.24155263462326,25.136944511946705],[-107.24136505531828,25.136916007479396],[-107.2412899334537,25.136845439105958],[-107.24121490179412,25.136779414662918],[-107.24113987015726,25.136713302530808],[-107.24106114107227,25.136714464464017],[-107.24098854440093,25.136782778523738],[-107.24091594775084,25.136851092564136],[-107.24084344130411,25.136923863029445],[-107.24073089402582,25.13695691503394],[-107.24058326598256,25.13695920409079],[-107.24047567883228,25.1369966567489],[-107.24039812232373,25.13706503698935],[-107.2403255258464,25.137133350850462],[-107.24025292939032,25.137201664692252],[-107.24014534238333,25.137239117175902],[-107.23999284486993,25.137241461260768],[-107.23988516779394,25.137274457104887],[-107.23981257146676,25.137342770807344],[-107.23973501516552,25.13741115082812],[-107.23966241888228,25.13747946449022],[-107.2395548321314,25.137516916615013],[-107.23940233498108,25.137519172524957],[-107.23929474834303,25.13755671205937],[-107.23922215218865,25.13762502558252],[-107.23914955605552,25.137693251493683],[-107.23907199996164,25.13776171888792],[-107.23889055486926,25.137795808721663],[-107.23859034108902,25.137800361819238],[-107.2384088963491,25.137838918249756],[-107.23833143066808,25.13790728702115],[-107.23825883479573,25.13797560024285],[-107.23818623894462,25.138043913445212],[-107.23807865283419,25.138081364633585],[-107.23792606641062,25.138083717366552],[-107.23781839023205,25.138116711889776],[-107.23774588469092,25.138189481435226],[-107.23766841921706,25.138257849987735],[-107.23759582353885,25.138326163010756],[-107.23741428934588,25.13836026190929],[-107.237114167534,25.138364801233777],[-107.23692776393534,25.13840342222802],[-107.2368552586547,25.138471724249246],[-107.23678266321464,25.13854003701114],[-107.23671006779583,25.138608349753696],[-107.23663747239829,25.138676662476893],[-107.236564877022,25.138744975180753],[-107.23649237184753,25.1388177443617],[-107.23641977651376,25.138886057027243],[-107.23630714106281,25.138919116872753],[-107.2361595156534,25.138921314047398],[-107.23604697050112,25.1389589177901],[-107.23597437529781,25.139027230314547],[-107.2359018702961,25.139095532060136],[-107.2358292751353,25.1391638445459],[-107.23571673013302,25.13920136051184],[-107.23556910507531,25.13920355712521],[-107.23545647001103,25.139236616388928],[-107.23538387498071,25.13930492873358],[-107.23531127997168,25.139373241058873],[-107.23523877516399,25.1394460098752],[-107.23516618019747,25.13951432216217],[-107.2350935852522,25.1395826344298],[-107.23501612060737,25.139651002105566],[-107.23494352570609,25.13971931433282],[-107.23487093082606,25.139787626540706],[-107.23479833596731,25.139855938729237],[-107.23472574112984,25.13992425089841],[-107.23465314631365,25.13999256304824],[-107.2345805515187,25.1400608751787],[-107.23450804692489,25.140133643804102],[-107.23443545217248,25.14020195589623],[-107.23436285744134,25.140270267969],[-107.234285393025,25.140338635433178],[-107.23421279833785,25.14040694746557],[-107.23414020367196,25.140475259478592],[-107.23406760902735,25.140543571472246],[-107.23399501440403,25.14061188344655],[-107.23392241980197,25.140680195401483],[-107.23388490508427,25.140783739387864],[-107.23388733993357,25.14091816788905],[-107.23385478509871,25.141021733270858],[-107.23378219053775,25.141090045210724],[-107.23370842366405,25.141091137508244],[-107.23362843442611,25.141025087019337],[-107.23355340508546,25.14095905786744],[-107.23347837576755,25.14089294102498],[-107.23340451880492,25.140894043841538],[-107.23333192437595,25.140962355616963],[-107.23325932996825,25.141030667373027],[-107.23318673558181,25.14109897910973],[-107.23311414121669,25.141167290827052],[-107.23304154687283,25.14123560252502],[-107.23296408286974,25.141303969578992],[-107.23289157874912,25.141376737763164],[-107.2327838145792,25.14140974021713],[-107.23263132159546,25.141412077447434],[-107.23252373789701,25.14144952548689],[-107.23245114372624,25.141517837005356],[-107.23237854957675,25.14158614850445],[-107.23230099560207,25.141654526097113],[-107.2322284014966,25.14172283755577],[-107.23215580741241,25.14179114899505],[-107.23208321334951,25.141859372821],[-107.2320106193079,25.141927684221525],[-107.23189807604075,25.141965285647306],[-107.23175045325907,25.141967479150875],[-107.2316379101102,25.14200499278965],[-107.23156531619915,25.142073304049372],[-107.23149272230943,25.142141615289727],[-107.23142012844094,25.14220992651069],[-107.23134753459378,25.14227823771229],[-107.2312749407679,25.1423465488945],[-107.2312023469633,25.14241486005734],[-107.23112975318,25.14248317120079],[-107.2309434442634,25.142521775527896],[-107.23064324011344,25.1425263143082],[-107.23046171101588,25.142560406128883],[-107.23038920762814,25.142633173584773],[-107.230311744455,25.14270153976174],[-107.2302391509329,25.14276985062319],[-107.22968356320382,25.142809580024892],[-107.22864525505437,25.142825244004044],[-107.2280848914975,25.142869565807583],[-107.2280122986288,25.14293778832478],[-107.22797974456665,25.14304135408359],[-107.22798217935787,25.143175784830923],[-107.22794466554048,25.143279328922464],[-107.22787207271293,25.143347639019513],[-107.22775944115062,25.14338069344201],[-107.22761182083796,25.143382970293153],[-107.22749927957145,25.143420481112177],[-107.22742668687462,25.14348879106798],[-107.2273540941991,25.143557101004397],[-107.2272815015449,25.143625410921416],[-107.2271689604287,25.14366292155681],[-107.22702134046851,25.143665110251366],[-107.22690870929362,25.143698251687027],[-107.22683611677016,25.14376647386756],[-107.22676352426801,25.143834783623923],[-107.22669102196414,25.14390754996397],[-107.22661842950457,25.143975859681927],[-107.22654583706633,25.144044169380486],[-107.2264732446494,25.144112479059647],[-107.22640065225376,25.14418078871941],[-107.22632805987946,25.144249098359772],[-107.22625050780125,25.144317473896],[-107.22622038874489,25.144555383176932],[-107.22622778324342,25.144963045268966],[-107.22626655927591,25.145199920503423],[-107.22634645595738,25.145265898824857],[-107.2264552994465,25.14529566424418],[-107.22660291906878,25.145293475333652],[-107.22671681258224,25.145327543514934],[-107.22679183985016,25.14539366415952],[-107.22683305075101,25.14549605275297],[-107.22683548553093,25.14563048314074],[-107.22687173670137,25.145728470231617],[-107.22694685419339,25.145799047124324],[-107.22702684127178,25.145865013773864],[-107.22710186863378,25.14593113389254],[-107.22717689601853,25.14599725391428],[-107.22725192342605,25.146063286244576],[-107.22732695085634,25.146129406072518],[-107.22740197830939,25.1461954382091],[-107.22747700578518,25.14626155784323],[-107.22755212346104,25.14632757903024],[-107.22766592723433,25.146361743993715],[-107.22781354757927,25.14635955301971],[-107.22792744165028,25.146393619335175],[-107.22800246928549,25.146459738416223],[-107.22804611517991,25.146696554969136],[-107.22805341955554,25.14709975502142],[-107.22809219587431,25.147336626259513],[-107.22816722355947,25.147402657155094],[-107.22824225126742,25.14746877554767],[-107.22831736917568,25.147534795492746],[-107.22835858033073,25.14763726960105],[-107.22836101512567,25.147771610739756],[-107.22840222628797,25.147874084709446],[-107.22847725406719,25.147940202672906],[-107.22855237204682,25.148006222188755],[-107.22862739987157,25.14807233995832],[-107.22866365130467,25.148174879683594],[-107.22866617628031,25.14830920969097],[-107.22870738749346,25.148411683195274],[-107.22878241536523,25.1484777130435],[-107.22885744325976,25.148543830388235],[-107.22893247117702,25.14860986004272],[-107.22900749911707,25.148675977193612],[-107.22908748686184,25.148741940540745],[-107.22916251484888,25.148808057493508],[-107.22923763303658,25.148878630842162],[-107.22931266106916,25.148944660005743],[-107.22938777930244,25.14901076590754],[-107.22946280738054,25.149076882470318],[-107.2295378354814,25.149142911343166],[-107.229612863605,25.149209027712104],[-107.22968789175134,25.149275056391197],[-107.22976787971609,25.149341106413683],[-107.22984290790944,25.149407134894716],[-107.22988042201465,25.14957688142445],[-107.22988538181264,25.149850104562244],[-107.22992776554496,25.150015240542302],[-107.23000297414318,25.150085801861],[-107.23007800240782,25.1501519173758],[-107.23015303069519,25.15021794520115],[-107.23022805900533,25.1502840605221],[-107.2303030873382,25.1503501757461],[-107.23037811569382,25.150416203280766],[-107.2304531440722,25.150482318310917],[-107.23053313228428,25.1505482794454],[-107.23060816070965,25.150614394277383],[-107.23068327933619,25.15068496545595],[-107.23075839798554,25.15075098174016],[-107.23079582205104,25.150916270109533],[-107.23080078186736,25.15118949118329],[-107.23084325593497,25.15135908184809],[-107.23091828445433,25.151425196024007],[-107.23103208977594,25.15145479988956],[-107.2311797121292,25.151452601996745],[-107.231293517571,25.15148676034601],[-107.23136863640556,25.151552775715952],[-107.23144366508417,25.15161888934086],[-107.23151869378555,25.15168500286881],[-107.23159372250964,25.15175102870816],[-107.23166875125648,25.151817142042226],[-107.2317438702049,25.15188771168832],[-107.23181889899723,25.151953737234763],[-107.23189888765066,25.152019783986095],[-107.23197391648999,25.152085809334444],[-107.232049035531,25.152151911416453],[-107.23212406441584,25.15221802416228],[-107.2321990933234,25.152284049219844],[-107.23227412225371,25.15235016177179],[-107.23234915120675,25.15241618663555],[-107.23242418018252,25.152482298993622],[-107.23249929936013,25.15255286764159],[-107.23257928823338,25.15261882588371],[-107.2326543172789,25.15268493794443],[-107.23272943652631,25.15275103914666],[-107.23291700929647,25.1527795453998],[-107.23321225633885,25.15277505578988],[-107.23339991965412,25.152808105178636],[-107.23347494894827,25.152874216432416],[-107.23355006844463,25.15294022923638],[-107.23362509778427,25.153006340296194],[-107.23370012714663,25.153072451259032],[-107.23377524671129,25.153143018481458],[-107.23385027611913,25.153209041657647],[-107.23393026542874,25.153275085931213],[-107.23400529488354,25.153341108909277],[-107.23408032436107,25.15340721938087],[-107.2341240615069,25.153912826226733],[-107.23414128582831,25.154862524888628],[-107.23418989268941,25.155368073555582],[-107.23426501240262,25.15543417213918],[-107.23434004195882,25.155500193799384],[-107.23441516171752,25.15557075926573],[-107.23446250611498,25.156009188009836],[-107.23447729560482,25.15681990304024],[-107.2344459130299,25.15725949357947],[-107.2343733182957,25.157327807018746],[-107.23430072358276,25.157396120438552],[-107.23422821907084,25.15746889013053],[-107.23415562440044,25.15753720351181],[-107.23408302975132,25.15760551687363],[-107.23401043512347,25.15767383021599],[-107.23393288063771,25.157742210018778],[-107.23390032579687,25.157845772475756],[-107.23390276064632,25.15798010663853],[-107.2338652459316,25.158083735541254],[-107.23379265136758,25.158152048846908],[-107.23372005682484,25.1582203621331],[-107.23364746230337,25.15828867539982],[-107.23357486780317,25.158356988647082],[-107.23350227332426,25.15842521428555],[-107.23342967886663,25.158493527493874],[-107.23335708443028,25.158561840682733],[-107.23327953014912,25.15863022032186],[-107.23320702593612,25.158702989763512],[-107.23313443156505,25.15877130289266],[-107.23306183721525,25.15883961600234],[-107.23298924288672,25.158907929092546],[-107.23291664857946,25.158976242163288],[-107.23284396411428,25.159044565978117],[-107.23277136984963,25.15911287900989],[-107.23273511781488,25.159283625779555],[-107.23273998749087,25.15955246932749],[-107.23270869531527,25.159723149485973],[-107.23263114123716,25.159791528989988],[-107.23255854703491,25.15985984200797],[-107.23248604303302,25.159932611296444],[-107.23241344887329,25.160000924275863],[-107.23234085473486,25.160069237235792],[-107.2322681704387,25.160137560939745],[-107.23219557634286,25.160205873860697],[-107.23215815206574,25.16030949179416],[-107.23216058689805,25.160443825905954],[-107.23212794211122,25.160542931822274],[-107.23205534805649,25.160615711779318],[-107.23197788436195,25.160684080356486],[-107.23190529035122,25.160752393221173],[-107.23187390810224,25.160923084020652],[-107.2318787777613,25.16119192718358],[-107.23184252585723,25.161362673527993],[-107.23176993188619,25.161430986399928],[-107.23169733793644,25.16149929925239],[-107.23162474400799,25.161567612085364],[-107.2315872296384,25.161671240617025],[-107.23158966446509,25.161805574492256],[-107.2315571099323,25.161909136529435],[-107.23148451604496,25.16197744934672],[-107.23141183200019,25.162045772908],[-107.231334368507,25.162114141377984],[-107.23130172382913,25.162217714156224],[-107.23130424883169,25.16235203720287],[-107.23126673451065,25.162455665638554],[-107.23119414070848,25.162523978399463],[-107.23112154692758,25.162592291140882],[-107.2310488629894,25.16266061462622],[-107.23101261120688,25.162831448328213],[-107.231017480849,25.16310020330319],[-107.23098618889112,25.163270882808973],[-107.23091359517122,25.163339195538057],[-107.23084091129411,25.163407519011148],[-107.23076831761679,25.163475831701206],[-107.23073576319203,25.16384820392284],[-107.23074802746235,25.16452458972367],[-107.23071547304026,25.1648969609722],[-107.23064287939975,25.16496974075671],[-107.23053520638707,25.165002738142892],[-107.23038749423988,25.165004953530456],[-107.23027495171071,25.165042473459575],[-107.2302023581994,25.165110786084487],[-107.23012976470942,25.165179098689897],[-107.23005717124072,25.16524741127579],[-107.22994462886176,25.16528493102091],[-107.22979691706706,25.16528714584604],[-107.2296842846284,25.165320209129458],[-107.22961169129039,25.165388521573703],[-107.22957417722593,25.165492149674492],[-107.22957661203283,25.165626570691614],[-107.22961791357568,25.16572902494967],[-107.22969294172356,25.165795045776164],[-107.22976796989418,25.165861154094426],[-107.2298430882657,25.16592725155208],[-107.22991811648185,25.16599327208762],[-107.22999314472077,25.1660593801148],[-107.23007313278418,25.166125421566758],[-107.23014825124832,25.166195898055825],[-107.23022336973527,25.166261995021536],[-107.23029839806672,25.1663281026541],[-107.23055982508684,25.166355494056155],[-107.23100278174437,25.166348866009187],[-107.23126429968714,25.166380712013925],[-107.23133932833414,25.166446818680356],[-107.23141444718259,25.16651291448488],[-107.23149443570533,25.166578866824448],[-107.23182972045956,25.1666097008559],[-107.23242039266157,25.16660076159222],[-107.23275567866975,25.166627038358428],[-107.23283566762582,25.16669307700251],[-107.23291078692826,25.16676363833945],[-107.23298581607422,25.166829743384785],[-107.23354258354782,25.166852698931898],[-107.23458605249,25.16683689871184],[-107.23514291374065,25.166864390447248],[-107.23521794356273,25.166930405907262],[-107.23529297340754,25.166996508856894],[-107.23536809345521,25.16706260094164],[-107.2356296160077,25.16709443616823],[-107.23607745147481,25.167087732407268],[-107.23633888459544,25.16711510985394],[-107.2364140049602,25.167181200967356],[-107.23645647999042,25.167624131726757],[-107.23647135977978,25.168434889398764],[-107.23644484670116,25.168874407774783],[-107.23637225138128,25.16894272281708],[-107.2362996560827,25.16901103783985],[-107.23622210088037,25.169079419628186],[-107.23622336340672,25.1691466222815],[-107.23630344366298,25.169217025021133],[-107.23637847383645,25.169283125933624],[-107.23645350403264,25.16934922674908],[-107.23652862443211,25.16941531669807],[-107.23660365467377,25.16948132973385],[-107.23667868493814,25.16954743025812],[-107.23675380540587,25.169613519915725],[-107.23682883571567,25.169679620245827],[-107.23690386604821,25.16974563289354],[-107.23698394652433,25.16981612227991],[-107.23705897690381,25.169882222312403],[-107.2371340974868,25.16994831147785],[-107.23720912791174,25.170014323730992],[-107.23728415835937,25.1700804234723],[-107.2373592790106,25.170146512346342],[-107.2374343095037,25.17021261189347],[-107.23750934001951,25.170278623758538],[-107.23758446073897,25.170344712341162],[-107.23766445125398,25.17041521155896],[-107.23770070400998,25.170513268541974],[-107.23770322907775,25.17064758489332],[-107.2377444417948,25.170750041699037],[-107.23781947240447,25.17081614062213],[-107.23789459321792,25.17088214109263],[-107.23796962387301,25.170948239821588],[-107.23801092681545,25.17105068552536],[-107.23801336170528,25.17118509985371],[-107.23804970469342,25.17128761231921],[-107.23812473539549,25.171353623134983],[-107.23819976612023,25.171419721438262],[-107.23827488704889,25.171485808873193],[-107.23835487778668,25.17155175247961],[-107.23842999876233,25.17162230651795],[-107.23853884756335,25.171652046498206],[-107.23869143436404,25.171649761334372],[-107.23880037346122,25.17168395705835],[-107.23887540439043,25.171750054613742],[-107.23895052552376,25.171816053716082],[-107.2390305164795,25.171882084125226],[-107.23910554747833,25.171948181385098],[-107.23918057849988,25.1720142785479],[-107.23925569972569,25.17208027725751],[-107.23933073079264,25.172146374226156],[-107.23940576188231,25.17221247109773],[-107.23948097335794,25.172283013103122],[-107.23955600449307,25.172349109778292],[-107.23963103565087,25.172415118772637],[-107.23970615701312,25.17248120448111],[-107.23978605803082,25.172547244642306],[-107.23986117944001,25.172613330152185],[-107.23993621069013,25.172679338754094],[-107.24049308395905,25.172706792370214],[-107.24153658215796,25.172690996997876],[-107.24209336883638,25.1727138994889],[-107.24216840076157,25.172779993675206],[-107.24220970440317,25.17288243547417],[-107.24221213933421,25.173016759260832],[-107.24224848293753,25.17311926802752],[-107.2423236050923,25.173185351110458],[-107.2423986370871,25.173251444870925],[-107.24247862915463,25.173317383831762],[-107.24251497279697,25.17341989228354],[-107.24251740773101,25.17355430327694],[-107.24255871143069,25.17365674446937],[-107.24263374349658,25.17372283779974],[-107.24270877558513,25.17378884345065],[-107.24278389787922,25.173854925811696],[-107.24285893001318,25.17392101885079],[-107.24293396216981,25.173987111792805],[-107.24312172302658,25.174020116891388],[-107.24341707240421,25.174015568111923],[-107.24360339069618,25.173976927527008],[-107.24367607831556,25.17390859883361],[-107.24374867577306,25.173840280896503],[-107.2438261431455,25.17377190653218],[-107.24389874064687,25.173703588554346],[-107.24397133816946,25.17363535813898],[-107.24404393571328,25.173567040122077],[-107.24411662346165,25.1734987113096],[-107.24445066271785,25.173457745447163],[-107.24504623490395,25.17344876066414],[-107.2453816281674,25.17347953524703],[-107.2454566610864,25.17354553861244],[-107.24553169402807,25.17361162946233],[-107.24560681717627,25.17367770943799],[-107.24568058758881,25.17367660087074],[-107.24575318563232,25.17360828226449],[-107.24582578369706,25.173539963638717],[-107.24590334190147,25.173471577730417],[-107.24597594001008,25.173403259063896],[-107.24604844795589,25.173330484504675],[-107.24612104610694,25.173262165799486],[-107.24619364427917,25.173193847074767],[-107.24638014502267,25.17315964818553],[-107.2466754982757,25.17315518000924],[-107.24686190919662,25.173116524598615],[-107.24693450758538,25.17304820563133],[-107.24700710599535,25.17297988664451],[-107.24707970442654,25.172911567638174],[-107.24715230287892,25.172843248612317],[-107.24722977131302,25.17277487304068],[-107.24730227962478,25.172702098114836],[-107.2473748781422,25.172633779029134],[-107.24744747668083,25.172565459923916],[-107.2475200752407,25.172497140799177],[-107.24759267382176,25.17242882165493],[-107.24766527242403,25.17236050249116],[-107.24785168408751,25.172321846168945],[-107.24814703908977,25.1723173753398],[-107.2483335412995,25.172283174215263],[-107.24840614011819,25.172214854808946],[-107.24847873895811,25.172146535383124],[-107.2485512476343,25.17207376009229],[-107.24862871650448,25.17200538405944],[-107.2487013154094,25.17193706457379],[-107.2487339623773,25.171837962254873],[-107.2487314371973,25.17169909803475],[-107.24876904434481,25.171600015916024],[-107.24884164329073,25.17153169641418],[-107.24891424225783,25.171463376892824],[-107.24898675106107,25.171390513924255],[-107.24905935007057,25.171322281945162],[-107.24913194910127,25.171253962365665],[-107.24920454815317,25.17118564276667],[-107.24928201722697,25.17111726656981],[-107.2493546163227,25.171048946930135],[-107.24942721543965,25.170980627270946],[-107.24949981457777,25.170912307592264],[-107.24957241373713,25.170843987894063],[-107.24964492273233,25.170771212333015],[-107.24971752193404,25.1707028925962],[-107.24979138375232,25.170701771574755],[-107.24986641800288,25.170767859989656],[-107.24994650266069,25.170838336765467],[-107.25002153695807,25.170904337399023],[-107.2501304810263,25.170934055173802],[-107.25028298476492,25.170931766619358],[-107.2503919289477,25.170965950721737],[-107.25046705356513,25.171032027705962],[-107.25054208801961,25.17109811537281],[-107.25062208270934,25.171164047949148],[-107.2507310270407,25.171198231581535],[-107.25087866111558,25.171195998764706],[-107.25099247559353,25.17122565887237],[-107.25106751020654,25.171291745987592],[-107.25114263502806,25.171357734645195],[-107.25121775987229,25.171428277373096],[-107.25129775477936,25.171494296747994],[-107.25137278948448,25.171560383468325],[-107.25140904424194,25.17165843073216],[-107.2514116596351,25.171797282717783],[-107.25145278444144,25.171895185595766],[-107.25152790937932,25.171961261208754],[-107.25164172415441,25.17199538680558],[-107.25178944895599,25.17199314165675],[-107.25189830361258,25.172022867869096],[-107.25197838892471,25.17209334211138],[-107.25205342383515,25.17215934037153],[-107.25212845876823,25.17222542611431],[-107.25223731357318,25.172255151865798],[-107.25238990879002,25.172252849123144],[-107.25249885389572,25.172287030367944],[-107.25257397914955,25.172353104878756],[-107.2526539744928,25.172419034975043],[-107.25272900960701,25.17248512006899],[-107.25283795486122,25.172519300843778],[-107.25298559018663,25.172517064729067],[-107.25309940562862,25.172546721922984],[-107.25317444087717,25.172612806566622],[-107.25321574634819,25.172715152800123],[-107.2532182715737,25.172849547604937],[-107.25325461678675,25.17295204883251],[-107.25332965208212,25.173018133147295],[-107.25359119355295,25.173050008315627],[-107.25403906141347,25.173043140634906],[-107.25430051344286,25.173070558419077],[-107.25437563924065,25.173136630979673],[-107.25445067487402,25.17320271422628],[-107.25452580071712,25.17327325309974],[-107.2546009265829,25.173339325366527],[-107.2546759622842,25.173405320741065],[-107.25475595830316,25.173471335971744],[-107.2548310842384,25.173537407942664],[-107.25490612000908,25.173603490600033],[-107.2549811558024,25.1736695731603],[-107.25505628180561,25.17373555726133],[-107.25513131764416,25.173801639627353],[-107.25539286100829,25.173833509813146],[-107.25584082229823,25.173826710954188],[-107.25610101359266,25.173786839791855],[-107.25617361467826,25.17371860518232],[-107.25624621578505,25.173650282975366],[-107.25631881691301,25.173581960748898],[-107.2564314614379,25.17354887316284],[-107.25657909889476,25.17354663210242],[-107.25668795564627,25.173576265089828],[-107.25676795231172,25.17364227839415],[-107.25684298866615,25.173708359307867],[-107.25691811523114,25.17377442933929],[-107.25710579646075,25.173807421840802],[-107.25740116244971,25.173802926827147],[-107.25758884404331,25.17383583091483],[-107.25766388064507,25.173901911018458],[-107.25773900745767,25.173967980239144],[-107.25781404410466,25.17403406014847],[-107.25788908077425,25.174100139960686],[-107.25796420765478,25.174166208889737],[-107.25800542373213,25.174268649274836],[-107.25800794900624,25.17440295333418],[-107.25804429491855,25.17450545057315],[-107.2581193316575,25.17457152995933],[-107.25819932878268,25.174637541460406],[-107.25827445575678,25.17470360986161],[-107.25834949256506,25.174769688952054],[-107.25842461958446,25.174835757158796],[-107.25853843751294,25.17486978623794],[-107.25868607621871,25.1748675418792],[-107.2587950240797,25.17489724885418],[-107.25887502142186,25.17496325957536],[-107.25895014859972,25.175033793639162],[-107.25902518561152,25.175099871981313],[-107.25921286842865,25.17512839345811],[-107.25950814672697,25.175123815056484],[-107.25969592009685,25.175156791316663],[-107.2597709573332,25.175222868947987],[-107.25984599459217,25.17528894648218],[-107.25992112206278,25.175355013131444],[-107.25999489671983,25.175353895391993],[-107.26006749894032,25.17528557174645],[-107.26014010118197,25.175217248081406],[-107.26021766384858,25.175148856516703],[-107.26047289930561,25.175109130872578],[-107.2609208697309,25.1751022235252],[-107.26118241917366,25.175134079022182],[-107.26125745685755,25.175200155364315],[-107.2613325847536,25.175266220820543],[-107.2614076224827,25.175332296968357],[-107.26148266023436,25.17539837301904],[-107.26156265843922,25.175464381031507],[-107.26163778642724,25.17553035851892],[-107.26171291443791,25.17560097741537],[-107.26178795228145,25.175666965495413],[-107.26186308033738,25.1757330302646],[-107.26193811822613,25.1757991057259],[-107.26201324632729,25.175865170300614],[-107.26212697570476,25.175894826997045],[-107.26227470672613,25.175892566910914],[-107.26238852641282,25.175926678866333],[-107.26246365464968,25.17599274298594],[-107.26253869271918,25.17605873022296],[-107.26261382100128,25.17612479414812],[-107.26268885911597,25.176190868766025],[-107.26276398744332,25.17626139882535],[-107.2628391157933,25.176327462456612],[-107.26291415397577,25.17639353678084],[-107.26299415263989,25.176459542989672],[-107.26306928105922,25.176525606324926],[-107.26314431931092,25.176591680353376],[-107.26321935758523,25.17665775428468],[-107.26340713375039,25.17669072305003],[-107.26370241701652,25.176686132702798],[-107.26389010335487,25.17671464511879],[-107.26396514185353,25.176780718339177],[-107.26404027056532,25.176851246970568],[-107.26411539929974,25.176917309203212],[-107.26419043786618,25.17698338212991],[-107.26426556664582,25.177049444168045],[-107.26434556574337,25.177115448814543],[-107.26442060437904,25.177181433871148],[-107.26452955474602,25.177215687712167],[-107.26468215749233,25.177213279081396],[-107.2647910177827,25.177242989571567],[-107.26486605655235,25.177309061752023],[-107.26494118553545,25.17737512304334],[-107.26502127504052,25.177445582392743],[-107.26509631387943,25.17751165427518],[-107.26517144293186,25.177577715268253],[-107.26524648181592,25.177643786956327],[-107.26532161091356,25.177709847754894],[-107.26539664984277,25.1777759192486],[-107.26547168879456,25.17784199064516],[-107.2655129963041,25.1779443255012],[-107.26551552165424,25.178078711675237],[-107.265551868661,25.178181202120808],[-107.26562690765947,25.178247273188294],[-107.26574072887568,25.17827691403546],[-107.26588837184602,25.1782746590162],[-107.2660010206952,25.178241562121926],[-107.26607362466417,25.1781732361905],[-107.26614622865428,25.17810491023957],[-107.26621883266549,25.178036584269112],[-107.26629134650646,25.177963802825687],[-107.26636395055989,25.177895476816587],[-107.26644142497065,25.17782709339626],[-107.26651402906772,25.177758767346475],[-107.26658663318594,25.177690441277203],[-107.26665923732526,25.177622115188413],[-107.26668557324189,25.177182584921997],[-107.26667042107033,25.176367423702914],[-107.26670171752092,25.17592782382278],[-107.26677432169372,25.175859497833347],[-107.26684692588762,25.17579117182442],[-107.26691943991108,25.175722856588862],[-107.26699204414722,25.17565453054097],[-107.26706960894454,25.17558613630483],[-107.26717720759282,25.175548652053163],[-107.26732485141285,25.17554639680106],[-107.26743750091032,25.17551329965304],[-107.26751001510533,25.17544051797885],[-107.2675826195132,25.17537219175083],[-107.2676552239422,25.175303865503313],[-107.2677326987537,25.175235481840264],[-107.26780530322633,25.1751671555521],[-107.2678779077201,25.175098829244448],[-107.26795051223496,25.1750305029173],[-107.26802302657896,25.174962187364084],[-107.26809563113602,25.174893860997983],[-107.26816814552215,25.174821079150583],[-107.26824075012142,25.17475275274589],[-107.26842717718291,25.174718532428567],[-107.26872742696159,25.17471395140484],[-107.26891015650193,25.17474252524462],[-107.26898528670219,25.174808496647127],[-107.2690652873124,25.17487896432209],[-107.26914041755931,25.174945023097067],[-107.2692154576364,25.175011092569015],[-107.26929058792848,25.17507715114948],[-107.2693656280507,25.175143220427074],[-107.26944075838796,25.175209278813032],[-107.26951579855529,25.175275347896275],[-107.26959083874516,25.175341416882357],[-107.26966596915015,25.175407474976588],[-107.269746060171,25.175477930917364],[-107.26982110043005,25.175543999605438],[-107.26989623090431,25.175610057401414],[-107.26997127120846,25.1756760383223],[-107.27004631153517,25.175742106718904],[-107.27016013476604,25.175771744190875],[-107.27030778034963,25.175769485183423],[-107.27042169389249,25.175803577773493],[-107.27049673435448,25.17586964571527],[-107.27057186503193,25.17593570276437],[-107.27064690553902,25.176001770511775],[-107.27083459709839,25.176034738090774],[-107.27112997934304,25.176030207166903],[-107.27131758107211,25.17605863094738],[-107.27139280218957,25.176129142575125],[-107.27146784294322,25.176195209512155],[-107.2715428837194,25.176261276352037],[-107.27161801471141,25.17632733229837],[-107.27169305553267,25.17639339894387],[-107.27176818656983,25.17645945469568],[-107.27184818807119,25.17652545276489],[-107.27225739570017,25.176555019838673],[-107.27300068153777,25.17654354127502],[-107.27340853814455,25.17650145764897],[-107.27348114426663,25.17643312931604],[-107.27355366021578,25.176364811761392],[-107.27362626637999,25.176296483389514],[-107.27388647622242,25.176256661912262],[-107.274334380523,25.176249801457704],[-107.27459468129668,25.176214433928255],[-107.27466728776317,25.17614610521156],[-107.27473989425073,25.17607777647538],[-107.27481241056493,25.17600499239129],[-107.2754418783101,25.175963868060276],[-107.2766329918355,25.17594560157384],[-107.2772685974433,25.175967134638416],[-107.27734373015555,25.176037739365956],[-107.27741886289036,25.176103702769982],[-107.27749390545232,25.176169764447454],[-107.27768151195569,25.176198265083755],[-107.27797690228809,25.176193717301715],[-107.27816459934915,25.176226672380146],[-107.27823964213474,25.176292733346536],[-107.27828095175465,25.176395147118704],[-107.27828347723381,25.17652952710712],[-107.27831982609754,25.176632009388722],[-107.27839495912538,25.176698059224638],[-107.27847000198001,25.17676411976461],[-107.27854513505292,25.176830169405953],[-107.27862513872198,25.17689616108526],[-107.27870018164562,25.176962221329333],[-107.27877522459175,25.177028281476236],[-107.27885035775628,25.177094330724223],[-107.27892540074745,25.177160390676708],[-107.27900062415299,25.17723089496816],[-107.27907566718919,25.17729695472402],[-107.27915080044389,25.177363003580663],[-107.27922584352511,25.1774290631421],[-107.2793058474117,25.17749496633181],[-107.27938098073548,25.177561014892362],[-107.2794560238857,25.177627074157936],[-107.27953115725454,25.17769312252392],[-107.27960620044976,25.177759181595064],[-107.27972011822781,25.177793263121877],[-107.2798677694551,25.177790991351632],[-107.27997672655587,25.17782514131922],[-107.28005673068242,25.177891131194077],[-107.28009298960725,25.17798915644699],[-107.28009560530103,25.178127990041137],[-107.28013682503085,25.178225946414898],[-107.2802118684076,25.178292004701888],[-107.28028700200325,25.178358052088523],[-107.28036213562143,25.17842856537913],[-107.28043726926217,25.178494612568976],[-107.28051231272894,25.178560670464886],[-107.28058618366353,25.17855952850471],[-107.28065870167177,25.17849120835363],[-107.2807362707088,25.178422808598395],[-107.28080869856392,25.178350033215633],[-107.28114287717045,25.17831350846456],[-107.28173844678831,25.178304343406104],[-107.28207253643818,25.178263361087605],[-107.28214514507383,25.178195029647213],[-107.28217635326406,25.17802429889224],[-107.2821713924243,25.177755533397672],[-107.28220756145818,25.17758464609406],[-107.28228017013298,25.177516314661002],[-107.2823527788288,25.177447983208477],[-107.28242529734848,25.177379662540844],[-107.28246281937686,25.177276040680905],[-107.28246029385555,25.177141663217764],[-107.28249285504306,25.17703811015084],[-107.28256537360329,25.176969789467588],[-107.28282568293643,25.176934404614627],[-107.28327360323276,25.176927510000734],[-107.28353508587011,25.17695485709058],[-107.28361013026486,25.177020913010693],[-107.28368526487971,25.177086958028454],[-107.28376039951706,25.17715746890876],[-107.28383553417694,25.17722351372973],[-107.28391057866166,25.177289569258765],[-107.28398571336658,25.17735561388514],[-107.28406075789624,25.177421669219733],[-107.28414076332702,25.177487655554042],[-107.28421589810092,25.17755369988426],[-107.28429094269953,25.177619754922905],[-107.28436607751846,25.177685799058537],[-107.28444121235991,25.177756309037363],[-107.28451634722387,25.177822352976193],[-107.28459139191241,25.177888407623737],[-107.28466643662343,25.177954462174103],[-107.28500179295023,25.177980660500488],[-107.28559737173917,25.17797138966968],[-107.28593146653306,25.177934951111265],[-107.28600407628662,25.177866618374907],[-107.28607668606122,25.17779828561907],[-107.28615416657678,25.177729807093925],[-107.28622668619629,25.177657019193273],[-107.28629920583676,25.17758869718493],[-107.28632301826059,25.177014820017128],[-107.28630281377961,25.17593088254376],[-107.28633140672862,25.17535695544165],[-107.28640401659797,25.17528862277228],[-107.28647662648838,25.17522029008346],[-107.28654905600246,25.17514742548265],[-107.28658414328392,25.1749138825975],[-107.28657647639682,25.174506298673727],[-107.2866065125559,25.17426836925964],[-107.28667912250492,25.174200036582327],[-107.28675660320663,25.1741316457446],[-107.2868292131991,25.174063313026725],[-107.28682795041644,25.173996124826374],[-107.28675281485977,25.173925615134497],[-107.28667280859548,25.173859629426566],[-107.28659767308528,25.173793585484297],[-107.2865600602393,25.17362391935437],[-107.28655500911412,25.173355165833854],[-107.28651252554754,25.17318555749908],[-107.28643739008535,25.17311951309471],[-107.28636234484429,25.173053457787212],[-107.28628720942712,25.172987413188277],[-107.28628594664718,25.172920224629298],[-107.28635855650339,25.172851892168705],[-107.28643116638062,25.172783559688664],[-107.28650359588158,25.172710782830258],[-107.28653994593789,25.17254442717875],[-107.28653480461448,25.172271217607683],[-107.2865661035499,25.172100475546372],[-107.28663862328854,25.1720321538606],[-107.28671619417645,25.171963752444594],[-107.28678871395846,25.17189534315019],[-107.28686132396022,25.171827010598815],[-107.28693384378423,25.171758688833798],[-107.287006453828,25.17169035624358],[-107.28707906389279,25.17162202363393],[-107.28715158377975,25.171553701810744],[-107.28722410368766,25.171480913994046],[-107.28729671381546,25.171412581326514],[-107.28737419470794,25.171344190525044],[-107.28744671468021,25.171275868623002],[-107.28751932487246,25.171207535895547],[-107.28759193508571,25.171139203148662],[-107.28766445512095,25.17107088118845],[-107.28773706537622,25.171002548402743],[-107.28780967565248,25.170934215597594],[-107.28806981003224,25.170894381133024],[-107.28851773969686,25.17088738977636],[-107.28877922780268,25.170919197385803],[-107.28885436396627,25.170985240789516],[-107.28892940995284,25.1710512949029],[-107.2890045461614,25.171117338112058],[-107.28926603477453,25.17114914435508],[-107.2897090055856,25.17114230473095],[-107.28997049493273,25.171169643400383],[-107.29004554125306,25.171235696449187],[-107.29012554859285,25.171301592801324],[-107.2902006851595,25.171367634843527],[-107.29030964675114,25.171401864985878],[-107.29046217501885,25.17139943807175],[-107.29057104652388,25.17142912525047],[-107.29064627342402,25.171499709515967],[-107.29068749488846,25.171597573690327],[-107.29068993029249,25.17173195978177],[-107.29072637115544,25.171834424749555],[-107.29080637871222,25.17190040774849],[-107.29098912436596,25.171933413779033],[-107.29128940120037,25.17192878004816],[-107.29147701802898,25.17195726107598],[-107.29155206479967,25.172023312430845],[-107.29162729199378,25.172093807961385],[-107.29170233880939,25.172159859119613],[-107.29177747584797,25.172225899371288],[-107.29185252270847,25.172291950335097],[-107.29192765979198,25.172357990392197],[-107.29200270669735,25.17242404116157],[-107.29207658101676,25.172422893910376],[-107.29215406338487,25.172354501181196],[-107.29222658473824,25.17228617756601],[-107.29229919631331,25.17221784312172],[-107.29255933534587,25.172177998515735],[-107.29300240216863,25.172171046769723],[-107.2932626321306,25.172135655845086],[-107.29333524400519,25.17206732105807],[-107.29340767549853,25.171994542010346],[-107.29348028741504,25.1719262071849],[-107.29355777021617,25.171857813967343],[-107.29363038217608,25.171789479101395],[-107.29370290395572,25.171721155026606],[-107.29377551595758,25.171652820121846],[-107.2940356565191,25.171612973046635],[-107.29447863574423,25.171606027662612],[-107.29474022025938,25.171637810012026],[-107.29481526800505,25.171703858663648],[-107.29489527686434,25.17176983798178],[-107.294970414858,25.17183587562321],[-107.29515316354137,25.17186887486174],[-107.29545344535362,25.171864230894514],[-107.29563980246529,25.171825518752],[-107.2957123248249,25.1717571939879],[-107.29578493740742,25.171688858392404],[-107.2958574598089,25.171620533589564],[-107.2965655465448,25.171573660127276],[-107.29789946108956,25.171552984974365],[-107.29860764377928,25.171510642573764],[-107.29868016699496,25.17144231682088],[-107.29875278043458,25.171373892670292],[-107.29882521348902,25.171301111913905],[-107.29889782697053,25.171232775289226],[-107.29897531144162,25.171164380067292],[-107.29904783476331,25.17109605421631],[-107.29912044830908,25.171027717531786],[-107.29922815092365,25.170994665559636],[-107.29938068460493,25.1709923152303],[-107.2994882971276,25.170954808111805],[-107.29956091080052,25.170886471287783],[-107.29963839547585,25.17081807584622],[-107.29971091898871,25.170749662232126],[-107.29978479557366,25.170748510752304],[-107.29985984482505,25.170814555413312],[-107.29993498430228,25.170880589162397],[-107.30001003359847,25.170946633628958],[-107.30008517312055,25.171012667183444],[-107.30016022246154,25.17107871145554],[-107.30023536202849,25.171144744815425],[-107.30031537261245,25.17121071944537],[-107.30039042202209,25.17127676342151],[-107.30046556165777,25.17134734979931],[-107.3005407013159,25.171413382763493],[-107.30061575079274,25.171479426445735],[-107.30069089049573,25.171545459215316],[-107.30076594001738,25.171611502703087],[-107.3008410797652,25.171677535278054],[-107.30091612933164,25.171743578571373],[-107.30099614013206,25.171809552280706],[-107.30107127994862,25.171875584559476],[-107.3011464197876,25.171946082471944],[-107.30122155964902,25.172012114553887],[-107.30129660932894,25.17207815735457],[-107.3013717492352,25.172144189241894],[-107.30141297245862,25.172246598743307],[-107.30141549817056,25.172380968045587],[-107.3014518503845,25.17247897039068],[-107.30152699033711,25.17254946766743],[-107.30160213031213,25.172615499127932],[-107.30167718010554,25.172681541307597],[-107.3017571911479,25.172747513854564],[-107.30183233119166,25.172813545018844],[-107.3023153748658,25.172841870141195],[-107.3032062343137,25.172828029531313],[-107.3036879275517,25.172784710164017],[-107.30376541349756,25.17271631295767],[-107.30383793819958,25.17264789778516],[-107.30391055312735,25.172579559337503],[-107.30417070417097,25.172539691095334],[-107.304613701244,25.172532794711042],[-107.30487520609246,25.172564563623915],[-107.30495034706671,25.172630592144163],[-107.30502539785807,25.172696631385953],[-107.30510540996437,25.17276260085768],[-107.30528825621474,25.172795571885427],[-107.30558845991706,25.1727909125942],[-107.30577608741268,25.172819369101855],[-107.30585122865564,25.172885396711212],[-107.30588758150992,25.172987861482223],[-107.30589010726673,25.17312222810123],[-107.30593142143545,25.173224623027007],[-107.30600656272473,25.173290737868147],[-107.3064895241994,25.173314502511865],[-107.30738039841044,25.173300629652182],[-107.30786832386494,25.17332887200483],[-107.30794346573174,25.173394897537904],[-107.30801851741458,25.17346093379488],[-107.30809356911978,25.173526969954644],[-107.30820749981591,25.17356102308316],[-107.3083551677861,25.17355871898294],[-107.30846404703516,25.173588386875643],[-107.3085441504398,25.173658807515388],[-107.30861920230149,25.173724843120556],[-107.3086943443921,25.17379095536703],[-107.30876939629849,25.17385699077764],[-107.30884453843387,25.173923015269036],[-107.30891959038497,25.173989050485133],[-107.30899473256514,25.17405507478186],[-107.30906978456093,25.174121109803433],[-107.30914492678585,25.1741871339055],[-107.30918624148808,25.174289525959296],[-107.30918876727796,25.17442389029929],[-107.30923008198737,25.174526282213495],[-107.30930513405323,25.174592316804112],[-107.30938027634828,25.174658340474878],[-107.30945532845884,25.174724374870962],[-107.30953047079865,25.174790485906907],[-107.30960561316084,25.174860974834843],[-107.30971945433326,25.174890570900626],[-107.30986712318895,25.174888264218755],[-107.30998096447942,25.17492232553559],[-107.31005610697585,25.174988348456598],[-107.31013115928756,25.175054382103475],[-107.31020630182874,25.1751204048298],[-107.31032005306513,25.175150010948222],[-107.31046772227248,25.17514770339049],[-107.31057542973907,25.17511464140002],[-107.31065291780256,25.1750462413309],[-107.31072553469389,25.17497790035984],[-107.31079806139876,25.17490957019305],[-107.31087185102787,25.174908421624316],[-107.31094699378971,25.174974443771394],[-107.3110220463665,25.175040476644977],[-107.31109718917308,25.175106498597376],[-107.31117097888968,25.1751053497918],[-107.31124359593015,25.175037008638743],[-107.31132108419888,25.1749686083217],[-107.31139361107498,25.174900277952272],[-107.31165386004956,25.174860294260473],[-107.31209678006546,25.174853377488056],[-107.31235711997326,25.1748179346619],[-107.31242955693924,25.17474514927288],[-107.31250208413397,25.17467681854267],[-107.31257470155755,25.174608476968285],[-107.31265219023507,25.174540076184257],[-107.31272471749378,25.174471745394317],[-107.3127546665669,25.174233756439513],[-107.31274699888218,25.17382621405608],[-107.31278199960961,25.17359260943007],[-107.31285443669755,25.173519823984694],[-107.31292705422253,25.173451482382053],[-107.31299958156025,25.17338315158478],[-107.31299831864622,25.17331597023202],[-107.31292326548157,25.173249938265347],[-107.31284812213116,25.173183917026034],[-107.31277306901119,25.173117884864826],[-107.31269792570548,25.17305186343084],[-107.31262287263017,25.172985831075106],[-107.31254276793018,25.172915326343393],[-107.31246762469307,25.172849304610864],[-107.31243136109804,25.172751299044204],[-107.31242865485981,25.172612491888355],[-107.31246131013634,25.172513396468954],[-107.31253383734023,25.172445065905332],[-107.31261132600518,25.172376665349482],[-107.31268385325217,25.172303781656403],[-107.31271389252846,25.172070333699498],[-107.31270613463694,25.171662799463682],[-107.31274104515067,25.171424738926312],[-107.31281366264301,25.17135639752984],[-107.31300003260097,25.171317661389878],[-107.31329528403097,25.171313054664274],[-107.31348174455289,25.171278772581022],[-107.31355427205,25.171210441767304],[-107.31362688977632,25.171142100109762],[-107.31369932710675,25.171069226994216],[-107.31377185466638,25.171000896122916],[-107.31384447245529,25.170932554407702],[-107.3138819991718,25.170833399697436],[-107.31387938312648,25.170694581729954],[-107.31391690984816,25.170595426988015],[-107.3139894374703,25.170527096080182],[-107.31409705623162,25.170489578138632],[-107.31424959891322,25.17048712183952],[-107.31435730799407,25.170454145974425],[-107.31442974553408,25.170381272668322],[-107.31450236351226,25.170312930777637],[-107.31457985278156,25.170244529678957],[-107.31465238059415,25.170176198572808],[-107.31472490842759,25.170107867447342],[-107.31479752649065,25.17003952547758],[-107.3148700543658,25.16997119431347],[-107.31494258226176,25.169902863130048],[-107.31501520038742,25.169834433542995],[-107.31504361618141,25.16925602161672],[-107.31502313876764,25.1681721277647],[-107.31504677349206,25.167598227145042],[-107.31511930143878,25.167529896090787],[-107.31530567309895,25.167491159019082],[-107.31560588872458,25.167486480940617],[-107.31578738945021,25.167452267939094],[-107.3158600078188,25.167383925818836],[-107.31593731708635,25.167310993041696],[-107.31600993549807,25.167242650881494],[-107.31641786192066,25.167204907360784],[-107.31716100776904,25.167193304390587],[-107.31756884584071,25.167151014962293],[-107.31764137451165,25.16708268308303],[-107.31771399341326,25.167014340358385],[-107.31778652212586,25.166946008440526],[-107.3178590508593,25.166877676503375],[-107.31793654115845,25.166809274460434],[-107.31800906993494,25.166740942483028],[-107.31808168894221,25.16667251210107],[-107.31818921923728,25.1666350030821],[-107.31834185460046,25.166632620588462],[-107.31844938500622,25.166595111386535],[-107.31852200414004,25.166526768424742],[-107.31859949464248,25.166458366163084],[-107.31867202360925,25.166390033987533],[-107.31874455259684,25.166321614233816],[-107.31881708160526,25.166253282019717],[-107.31888970084472,25.166184938959663],[-107.31896222989478,25.166116606706975],[-107.31907472213176,25.16607902707674],[-107.31922239645951,25.166076713914773],[-107.31933497902268,25.166043588761717],[-107.31940750820053,25.16597079087177],[-107.31948003739919,25.165902370900795],[-107.31955256661863,25.1658340384693],[-107.31973903175972,25.165799750876428],[-107.32003429106706,25.165795133895227],[-107.32022066635275,25.165756390985393],[-107.3202931957847,25.16568805831287],[-107.32036572523745,25.165619725621074],[-107.32043834492184,25.165551382082437],[-107.3205508378157,25.16551371390843],[-107.32069851300577,25.16551139926454],[-107.32081109622631,25.165478273107478],[-107.32088362582765,25.165409940255774],[-107.3209560652388,25.165337152734324],[-107.32102868509274,25.165268809016577],[-107.3211412684603,25.16523568267381],[-107.32128894399519,25.165233367466126],[-107.32140143726748,25.165195698722115],[-107.32147396703813,25.165127365691657],[-107.3215464968296,25.165059032641924],[-107.32161911685307,25.164990688744698],[-107.32169164668616,25.164922355656415],[-107.32176417654006,25.16485402254886],[-107.32183670641474,25.164785689422036],[-107.32190923631022,25.16471280324758],[-107.32209561297786,25.164678523830855],[-107.32239583666932,25.164673832134284],[-107.32257725205943,25.164635156828357],[-107.32265474380476,25.164566753204106],[-107.32272727393483,25.164498419796498],[-107.32279980408569,25.164429998811613],[-107.32290742659909,25.164392476105732],[-107.3230599745989,25.164390099796233],[-107.32316768743476,25.16435703153141],[-107.32324021771188,25.164288697965628],[-107.3233177096603,25.164220294122366],[-107.32339023998043,25.164151960516396],[-107.32346277032136,25.164079073881496],[-107.32353530068308,25.164010740237373],[-107.32360783106559,25.163942406573987],[-107.32368036146889,25.163874072891353],[-107.32386682965341,25.1638397806506],[-107.32416209377963,25.1638351558068],[-107.32434847210695,25.16379640829664],[-107.32442100272253,25.163728074373076],[-107.3244520357286,25.16328848671945],[-107.32443660943731,25.162473248696603],[-107.32438888717377,25.162034970699285],[-107.32431383062624,25.16196894332262],[-107.32423868388881,25.161902926677886],[-107.32416362738584,25.161836811548547],[-107.32412231023385,25.16173442484806],[-107.32411969408251,25.16160007427391],[-107.32415713211259,25.161496464279818],[-107.32422966267333,25.161428130606467],[-107.32430228346705,25.161359786084876],[-107.3243748140694,25.161291364814737],[-107.32444734469256,25.161223031083644],[-107.32451987533649,25.161154697333316],[-107.3245924060012,25.161086363563744],[-107.32466989836372,25.16101795952143],[-107.32470111182494,25.160847239034723],[-107.32469596972268,25.160573973884212],[-107.32473214486535,25.16040764847547],[-107.3248046755909,25.160334761658266],[-107.32491229895703,25.160301791724056],[-107.3250648481655,25.1602993276916],[-107.32517247164228,25.16026180453894],[-107.32524500249401,25.16019347061871],[-107.32528253090307,25.160094315144956],[-107.32527991473975,25.159955499067422],[-107.32531735294145,25.159856266833188],[-107.32538997404727,25.159787922066958],[-107.32546241474873,25.159715133466275],[-107.32553494568354,25.159646799491217],[-107.32560747663916,25.15957846549694],[-107.32568000761555,25.15951013148342],[-107.3257525386127,25.159441709892405],[-107.32582515984336,25.159373365011003],[-107.32585871897811,25.159068223451296],[-107.32584843472667,25.158526245615278],[-107.32580332836561,25.158222228353583],[-107.32572818118597,25.158156211226363],[-107.32565312424127,25.158090183172888],[-107.3255779771062,25.158024165851078],[-107.32553413376999,25.157787416306487],[-107.32552637548494,25.157379798101896],[-107.3254874036381,25.157142988559546],[-107.32541234676481,25.157076959812297],[-107.32533728991376,25.15701093096786],[-107.32526214287246,25.156944912854527],[-107.32522082554112,25.156842524747617],[-107.32521829959094,25.15670816199388],[-107.32525573778354,25.15660446377626],[-107.32532826865913,25.156536130122777],[-107.32540079955551,25.156467796450077],[-107.32547333047268,25.156399462758174],[-107.32550075510348,25.15602710902376],[-107.32548794491372,25.155350762411548],[-107.32552024102718,25.154978435894947],[-107.32559277197856,25.154910102282766],[-107.32566530295074,25.15484168109192],[-107.325737743731,25.154768892736733],[-107.3257727462574,25.154535373210877],[-107.32576498796504,25.15412775148807],[-107.32579493858336,25.15388984708537],[-107.32587243131402,25.153821443299954],[-107.32594496236632,25.153753022101725],[-107.3260174934394,25.153684688443953],[-107.32609002453324,25.15361635476699],[-107.32616255564788,25.153548021070833],[-107.32679179100323,25.15350226548251],[-107.32798269649129,25.153483562238424],[-107.32861689812346,25.15343772733464],[-107.3286894299618,25.153369392791525],[-107.3287619618209,25.153301058229214],[-107.32883449370078,25.153232723647722],[-107.32902087546745,25.153198441467367],[-107.32931614560404,25.15319372838852],[-107.32950252772503,25.153154980061004],[-107.32957505981692,25.153086645238915],[-107.32964759192957,25.153018310397638],[-107.329720124063,25.152949975537187],[-107.33005409691535,25.152908831059452],[-107.33064951152026,25.152899427849853],[-107.33098357581194,25.152862823194848],[-107.33105601811313,25.152790033255556],[-107.3310922843788,25.152623696504776],[-107.33108705193217,25.152350442514088],[-107.33111826618425,25.152179721333678],[-107.33119079873858,25.152111386039987],[-107.3312682931199,25.152042892813693],[-107.33134082571716,25.151974557479985],[-107.33137077699473,25.151736655537828],[-107.33136310874562,25.151333494190357],[-107.33139793161992,25.151095532386883],[-107.33147046425425,25.151027197085963],[-107.3315429066946,25.150954319555886],[-107.33161543937042,25.150885984217027],[-107.33165296872328,25.15078682785699],[-107.33165035249417,25.150648011493445],[-107.33168292003772,25.150548925446483],[-107.33175545275361,25.150480502534347],[-107.33182798549024,25.150412167161573],[-107.33190538985149,25.15034377225124],[-107.33193786721289,25.150240231529523],[-107.33193534119575,25.150105869756],[-107.33197278038105,25.150002171092734],[-107.33204531317986,25.149933835684806],[-107.33215284940735,25.149896321274625],[-107.33230540297608,25.149893941693268],[-107.33241311974402,25.14986087091965],[-107.33248565266881,25.14979253537315],[-107.33255818561435,25.149724112249054],[-107.33263549998337,25.149651262480013],[-107.33270812318695,25.149582916043542],[-107.33278065619612,25.149514580419137],[-107.33285318922604,25.14944615721716],[-107.33292572227671,25.149377821554452],[-107.33299825534813,25.14930948587259],[-107.3330707884403,25.149241150171562],[-107.33310813757794,25.14913754986211],[-107.33310561154913,25.149003100720417],[-107.33313808906426,25.148899559918753],[-107.33321062219643,25.14883122420347],[-107.33328811719512,25.148762818092816],[-107.3333606503702,25.14869448233755],[-107.33343318356602,25.148626059004695],[-107.33350571678257,25.14855772321114],[-107.33487798780163,25.14850030453671],[-107.33755497964101,25.14845797900901],[-107.33893349755509,25.148472089753724],[-107.33900855843122,25.14853811076285],[-107.33908370954697,25.148604120839344],[-107.33915877046749,25.14867014165403],[-107.33934642286587,25.148703026859092],[-107.33964170502155,25.148698381228954],[-107.33982926755904,25.148726723508474],[-107.33990441891763,25.148792820332066],[-107.3399794800807,25.14885884033824],[-107.34005950324412,25.148924702034765],[-107.34024228454398,25.14895773290105],[-107.34054243951071,25.148952937410655],[-107.34072873966093,25.148914186765325],[-107.34080127496217,25.148845848462557],[-107.34087381028412,25.148777422584757],[-107.34094634562679,25.148709084243727],[-107.34120653476262,25.14867362798104],[-107.34164941625876,25.14866665794678],[-107.34191086917271,25.148693825926433],[-107.34198593092854,25.14875984422282],[-107.34206099270656,25.148825862422026],[-107.34214101652556,25.14889180978318],[-107.34221625878648,25.148962358989195],[-107.34229132063253,25.14902837689023],[-107.34236638250073,25.149094394694085],[-107.34244153460973,25.14916040156275],[-107.34251659652229,25.14922641917216],[-107.34259174867572,25.149292425846237],[-107.34266681063264,25.14935844326121],[-107.34274187261174,25.14942446057899],[-107.34282189664512,25.149490407019602],[-107.34289713910759,25.149560867768148],[-107.34293340706509,25.149658862504204],[-107.34293602341049,25.149793207733254],[-107.3429773436275,25.149895673568626],[-107.3430524056983,25.1499616903585],[-107.34312755801012,25.150027696212423],[-107.34320262012528,25.15009371280784],[-107.34327786270046,25.15016417292037],[-107.34335292485999,25.15023018931914],[-107.34342798704168,25.15029620562071],[-107.34350801129105,25.150362151000664],[-107.34358316373756,25.150428156264333],[-107.34365822598724,25.150494172269944],[-107.34373337847816,25.150560177339017],[-107.34380844077218,25.150626193150174],[-107.34388350308838,25.150692208864132],[-107.34395865564588,25.150758301195697],[-107.3440338082256,25.150828771146188],[-107.34410887060834,25.15089478656625],[-107.3441514540853,25.15105987567252],[-107.34415668680117,25.151333116479627],[-107.34419927028615,25.151502670519005],[-107.344274422937,25.15156867463294],[-107.34434822232043,25.15156751220453],[-107.34442075865459,25.151499172452297],[-107.34449329500946,25.151430832680933],[-107.34456574116562,25.15135795092185],[-107.34497353311464,25.151320159530073],[-107.34571667246958,25.151308349513727],[-107.34612563912312,25.151333276945508],[-107.34620088256315,25.151403733836755],[-107.34628090768506,25.151469676126258],[-107.34635597073097,25.15153568927295],[-107.34643112401908,25.15160169148085],[-107.3465061871093,25.151667704433066],[-107.34658125022169,25.151733804841328],[-107.34665640357635,25.151799806757275],[-107.34673146673305,25.151865819417758],[-107.34680662013207,25.151931821139076],[-107.34688177355329,25.152002287970042],[-107.34696179888937,25.152068229338813],[-107.34703686213616,25.152134241603886],[-107.34711201562538,25.1522002429295],[-107.3471870789165,25.15226625500008],[-107.34726223245009,25.15233225613105],[-107.34733603270037,25.152331091672252],[-107.34740856988653,25.152262750839917],[-107.34744339496086,25.15202479951354],[-107.34743554578566,25.15161713324619],[-107.34746558918171,25.15138369610799],[-107.34753803618436,25.151310900946466],[-107.34765054109735,25.151277768703007],[-107.34779823206505,25.1512753414617],[-107.34791073709307,25.151237743821007],[-107.34798327444304,25.151169402882047],[-107.34802071599371,25.151070258513325],[-107.34801809959602,25.15093136375927],[-107.3480505790176,25.15083229037871],[-107.34812311640742,25.15076394942519],[-107.34819556359726,25.15069115409383],[-107.34827306316686,25.150622654525165],[-107.34834560062009,25.15055431351298],[-107.34841813809399,25.150485972481654],[-107.3484905853678,25.150417642273887],[-107.34856312288302,25.150349301204333],[-107.34863566041892,25.15028087256274],[-107.3487081979755,25.15021253145494],[-107.34896830483147,25.150172603784625],[-107.34941616200406,25.150165444295606],[-107.34967762290137,25.150197145729443],[-107.34975277717032,25.15026314566427],[-107.3498278412402,25.150329156345336],[-107.34990290533221,25.15039516692919],[-107.35001676461017,25.150429198247238],[-107.35016445695071,25.150426856152805],[-107.35027200084696,25.150389328018367],[-107.35034950104867,25.15032091524074],[-107.35042194887207,25.15025258438991],[-107.35049448693755,25.150184155123675],[-107.35056702502372,25.150115813390656],[-107.35063956313053,25.150047471638512],[-107.35071201103644,25.149974675543913],[-107.35078454918454,25.14990624620162],[-107.35085708735332,25.149837904392513],[-107.35092962554275,25.14976956256428],[-107.35100703572293,25.14970116044227],[-107.35107957395506,25.149632731021885],[-107.35148728611935,25.149590466711444],[-107.35223035426938,25.149578632509957],[-107.35263815849771,25.14954081886333],[-107.35271069719433,25.1494724764528],[-107.35278323591157,25.14940404647141],[-107.35285568442717,25.14933124972906],[-107.35318968768817,25.149294601631397],[-107.35378515650044,25.14928509303273],[-107.35411907075687,25.149243988270154],[-107.354191609875,25.149175557828254],[-107.35426414901379,25.149107214918576],[-107.35433659795036,25.14903888283618],[-107.35444910586655,25.149001280751733],[-107.35459671055364,25.14899894490681],[-107.35470930880761,25.14896570934402],[-107.35478184809371,25.148897366275232],[-107.35485438740045,25.148829023187332],[-107.35492692672786,25.14876068008034],[-107.3549993758528,25.148687795139157],[-107.35507678726933,25.148619391576016],[-107.35510800446727,25.14845314357934],[-107.3551027715263,25.148179912387498],[-107.35513886077649,25.148009051165907],[-107.35521140018481,25.147940708029193],[-107.35531903643448,25.1479076311386],[-107.35547160390392,25.147905223578412],[-107.35557915004014,25.14786769223522],[-107.35565168957373,25.147799261408974],[-107.35572919141167,25.147730846839732],[-107.35580164076458,25.14766251437178],[-107.3558741803615,25.14759417103779],[-107.35594671997902,25.147525827684696],[-107.35601916939376,25.14745294249944],[-107.35609170905254,25.147384599108552],[-107.35616415850845,25.147316266545708],[-107.35623669820848,25.147247835565533],[-107.35630923792914,25.147179492117395],[-107.35638664974334,25.147111088207037],[-107.35645918950665,25.147042744719062],[-107.35653172929061,25.14697431366089],[-107.35660426909517,25.14690597013474],[-107.3566767186967,25.14683317233117],[-107.35674916831881,25.146764752063508],[-107.35682170818525,25.146696408480523],[-107.35689424807231,25.146628064878435],[-107.35696678797999,25.14655972125726],[-107.35704419999378,25.14649122960782],[-107.3571167399441,25.14642288594682],[-107.35718927991508,25.14635454226674],[-107.35726172968279,25.14628620941514],[-107.35733417947107,25.146213323891143],[-107.35740671950389,25.146144980154222],[-107.35747925955731,25.146076636398224],[-107.35755179963135,25.146008292623137],[-107.35762424950202,25.145939872125698],[-107.35770175193939,25.145871456991618],[-107.35777420185266,25.145803124005415],[-107.35784674201057,25.145734780152377],[-107.35791928218913,25.145666348729286],[-107.35799182238831,25.145598004838085],[-107.35806427238394,25.145525206677046],[-107.35813672240016,25.14545687359602],[-107.35820926266116,25.14538844209707],[-107.35828180294278,25.14532009812998],[-107.35835921535563,25.14525169365572],[-107.3584317556799,25.14518334964882],[-107.35850429602478,25.14511491807193],[-107.35857674616595,25.14504658487499],[-107.35864928655205,25.1449782408109],[-107.35872173673438,25.144905354929662],[-107.3587942771617,25.14483701082781],[-107.35886681760965,25.144768666706895],[-107.35893926785376,25.144700333415155],[-107.35901180834291,25.144631901705253],[-107.35908922097722,25.14456349702242],[-107.35916176150903,25.144495152823588],[-107.35923430206144,25.14442680860567],[-107.35930684263447,25.14435837681786],[-107.35937920277885,25.144285589166678],[-107.35945174339308,25.144217244891983],[-107.35952428402791,25.144148900598214],[-107.35959682468338,25.14408046873458],[-107.3596692751347,25.14401213525124],[-107.35974677819323,25.143943719532],[-107.35981922868713,25.143875298458166],[-107.35989176942643,25.143806954067447],[-107.35996431018633,25.143738609657653],[-107.36003676074198,25.14366581098882],[-107.3601092113182,25.143597389839286],[-107.36018175213991,25.14352904537273],[-107.36025429298222,25.143460700887108],[-107.36032683384515,25.143392356382417],[-107.36040424687833,25.143323863773265],[-107.36047678778388,25.143255519228802],[-107.36054923848498,25.143187185514208],[-107.36062177943172,25.14311884093165],[-107.36069423017399,25.143045954542952],[-107.36076677116193,25.142977609922678],[-107.36083922194535,25.142909276132382],[-107.36091176297448,25.142840843923338],[-107.36098430402426,25.14277249924592],[-107.36106171725679,25.142704093999768],[-107.36113425834917,25.14263574928258],[-107.36120670923687,25.142567327844883],[-107.36127925037042,25.142498983089602],[-107.36135170129926,25.142426184082485],[-107.36142424247402,25.14235775173887],[-107.36149669344398,25.14228941777615],[-107.36156923465994,25.142221072945077],[-107.36164177589649,25.14215272809495],[-107.36171918932837,25.142084235110545],[-107.36179173060754,25.14201589022067],[-107.36186418168178,25.141947556161206],[-107.36193672300213,25.14187921123325],[-107.36200926434309,25.141810778735678],[-107.36208171547905,25.14173797954084],[-107.36215416663558,25.141669645405717],[-107.36222670803829,25.141601212851448],[-107.36229924946163,25.14153286782867],[-107.3623766630928,25.14146446220724],[-107.36244920455874,25.141396117144712],[-107.36252165581952,25.141327695362367],[-107.36259419732662,25.141259350261784],[-107.36266673885432,25.141191005142147],[-107.36273919017681,25.141118118227794],[-107.36281164151984,25.14104978392033],[-107.36288418310932,25.14098143874398],[-107.36295672471937,25.1409130935486],[-107.36302917612412,25.14084467163366],[-107.3631066802025,25.140776254954012],[-107.36317913164977,25.14070792054985],[-107.3632516733436,25.140639575276673],[-107.36332421505803,25.14057114243402],[-107.36339657634096,25.140498353751287],[-107.36346911809653,25.140430008421408],[-107.36354165987271,25.140361575522082],[-107.36361411144334,25.14029324100433],[-107.36368665326069,25.140224895617372],[-107.36376406731237,25.140156402049787],[-107.36383660917231,25.1400880566231],[-107.36390915105282,25.140019711177384],[-107.3639816027277,25.139951376562962],[-107.36405405442311,25.139878489310867],[-107.36412659636537,25.139810143808468],[-107.3641990481019,25.13974180913746],[-107.36427159008532,25.139673376046677],[-107.36434413208936,25.139605030487214],[-107.36442154634025,25.139536624282528],[-107.36449408838685,25.13946827868334],[-107.36456654022759,25.13939985636539],[-107.36463908231535,25.13933151072817],[-107.36471153419718,25.13925871085755],[-107.36478398609958,25.13919028848304],[-107.36485652824906,25.13912194278916],[-107.36492907041917,25.13905359707624],[-107.36500152238321,25.138985262195057],[-107.3650790270599,25.138916757401912],[-107.36515147906648,25.138848422481086],[-107.3652240213203,25.138780076690438],[-107.36529647336798,25.13871174173164],[-107.36536892543619,25.138638854141988],[-107.36544146775172,25.138570508294684],[-107.36551401008785,25.138502162428363],[-107.36558646221772,25.1384337398438],[-107.365659004595,25.138365393939466],[-107.36573641924421,25.138296987359986],[-107.36580896166404,25.13822855386576],[-107.36588141387755,25.13816021875382],[-107.36595395633853,25.13809187277177],[-107.36602640859313,25.138018985013385],[-107.36609886086825,25.137950649844903],[-107.36617140339095,25.137882303806222],[-107.36624394593422,25.137813957748516],[-107.36631639827101,25.13774553497295],[-107.36639381311932,25.137677128206164],[-107.3664663557257,25.13760878208977],[-107.36653889835269,25.13754034840427],[-107.36661135077306,25.137472013101274],[-107.36668389344119,25.13740366692787],[-107.36675634590266,25.137330778982232],[-107.36682879838467,25.13726244362271],[-107.36690134111448,25.13719409739269],[-107.3669737936376,25.137125761995225],[-107.36705129891229,25.137057256639494],[-107.36712375147788,25.136988921202416],[-107.36719629429139,25.13692057489472],[-107.36726883712548,25.136852228568017],[-107.36734128975272,25.136783805523987],[-107.36741374240047,25.136711004959775],[-107.36748619506876,25.136642669428237],[-107.36755873798509,25.136574235475937],[-107.36763128092201,25.13650588905465],[-107.36770373365194,25.13643755346621],[-107.36778114892029,25.136369058754262],[-107.36785369192029,25.136300712274327],[-107.36792623494088,25.13623236577537],[-107.3679986877544,25.136164030109406],[-107.3680711405884,25.13609114182661],[-107.36814368367067,25.136022795271074],[-107.36821613654577,25.135954459548614],[-107.36828867966916,25.13588602540515],[-107.36836113258533,25.135817689644767],[-107.36843863828052,25.135749271443473],[-107.36851109123917,25.13568084809358],[-107.36858363444624,25.135612501422425],[-107.36865608744596,25.135544165584534],[-107.36872854046621,25.135471277133238],[-107.36880108373494,25.135402930405515],[-107.36887353679626,25.135334594511136],[-107.36894608010611,25.13526624774544],[-107.3690185332085,25.135197824263294],[-107.3690960391029,25.135129405874594],[-107.36916849224775,25.135061069902722],[-107.36924103564125,25.134992635509576],[-107.36931348882717,25.134924299499797],[-107.36938594203363,25.134851498429875],[-107.36945848548879,25.134783063980183],[-107.36953093873632,25.13471472791394],[-107.36960348223258,25.134646380976115],[-107.36967593552117,25.134578044871965],[-107.36971401185289,25.134510166534362],[-107.36971274865697,25.134442992666298],[-107.36967268730355,25.134407800966063],[-107.36959888059229,25.134408974002362],[-107.36949060672676,25.13441070310567],[-107.36933812111052,25.13441310964318],[-107.36922921575857,25.13438357158399],[-107.36915414598208,25.134317570301494],[-107.36907898599955,25.13424702716973],[-107.36899895372551,25.134181097254068],[-107.3689238840166,25.134115095673494],[-107.36884872410172,25.134049104847676],[-107.36881227200209,25.13394667773618],[-107.36880974561915,25.133812241731608],[-107.36884222768754,25.133713167913218],[-107.36891477098852,25.1336448212928],[-107.36898722408203,25.13357193289065],[-107.36906463973888,25.133503525531395],[-107.36909062541918,25.13306404938827],[-107.36907492573702,25.13225338159356],[-107.36903206741421,25.131814916916294],[-107.36895194492685,25.131744531517413],[-107.36887678500372,25.131678539587245],[-107.36880171533066,25.131612536708644],[-107.36876535346568,25.13151456275574],[-107.36876273685525,25.131375671525053],[-107.36872141245958,25.131277856494982],[-107.36864634283211,25.13121176573864],[-107.36857118299878,25.131141308184503],[-107.36849602318756,25.13107531563333],[-107.36845478906281,25.13097740187872],[-107.36845208222772,25.13083860865973],[-107.36841581064029,25.130740535744323],[-107.36834065087469,25.130674542866135],[-107.36826061883168,25.13060861050621],[-107.36818545911171,25.130538152312496],[-107.36814909733435,25.130440177492538],[-107.36814657095796,25.130305827305882],[-107.36810515643413,25.130203381990928],[-107.36803008698753,25.130137377734563],[-107.36795501756298,25.130071373381053],[-107.36787985793282,25.130005379780357],[-107.36783853367979,25.12990301083532],[-107.36783591707885,25.129768671121287],[-107.36779955535118,25.129666143056564],[-107.36772439576671,25.129600149126684],[-107.3676493264319,25.129534144249845],[-107.36756929460522,25.129468210692128],[-107.36749422531594,25.12940220561668],[-107.3674191560487,25.12933620044408],[-107.3673439063486,25.129265751725782],[-107.36726883712548,25.129199746356612],[-107.3672276031986,25.129101830902002],[-107.3672248963765,25.12896294868956],[-107.36718853473572,25.128864972559935],[-107.36711346555823,25.12879896686404],[-107.36703839640276,25.128732961071005],[-107.36696323704203,25.128662500868266],[-107.36691938657286,25.12843024422835],[-107.36691144657102,25.128022679835265],[-107.36687246838373,25.127785809365722],[-107.36679243680022,25.12771987423131],[-107.36671736773903,25.127653867643847],[-107.36664229869986,25.127587860959242],[-107.36660584691475,25.127485429525603],[-107.36660323032642,25.127351000648385],[-107.36656190627973,25.127248629570563],[-107.3664868372862,25.12718262255708],[-107.36641167808763,25.127116626294477],[-107.36633660913823,25.127050619086646],[-107.36626154021087,25.12698461178168],[-107.36618647130558,25.126918604379572],[-107.36610634970982,25.1268482138361],[-107.36603128085008,25.12678220623322],[-107.36595612178544,25.12671620938077],[-107.36588105296983,25.126650201583544],[-107.36580598417626,25.126584193689183],[-107.36573082517786,25.126518196545035],[-107.36565575642841,25.126452188456337],[-107.36558068770103,25.126386180270504],[-107.36550561899567,25.126320171987544],[-107.36542549761333,25.126249780504185],[-107.36535042895356,25.12618377202045],[-107.36527527008913,25.12611777428648],[-107.36520020147348,25.12605176560841],[-107.3651251328799,25.125985756833213],[-107.36504997408173,25.125919758807566],[-107.36497490553226,25.12585374983803],[-107.36489983700486,25.125787740771372],[-107.36482476849949,25.125721731607587],[-107.36478335451379,25.12561928178236],[-107.36478082817065,25.12548492790143],[-107.3647395044186,25.125382554644702],[-107.36466434573383,25.125316555994065],[-107.36458927729765,25.12525054640002],[-107.36451420888352,25.12518453670885],[-107.36447649423187,25.12501492563914],[-107.36447126109883,25.12474615115856],[-107.364428674227,25.1245766001226],[-107.36435360586006,25.124510589970377],[-107.36427844728881,25.124444590566704],[-107.36420328873966,25.12437403824841],[-107.36416070191251,25.124208951969553],[-107.36415546878592,25.12393579880249],[-107.36411775418722,25.123766099050147],[-107.36403772346631,25.12370015940366],[-107.36396265521424,25.12363414849244],[-107.3638875869842,25.123568137484096],[-107.363851135592,25.123465702403102],[-107.36384860925808,25.123331347178908],[-107.3638072856568,25.123233437553335],[-107.36373212724625,25.123162971776733],[-107.36365705908396,25.123096960342558],[-107.36358199094373,25.12303094881127],[-107.36350683259948,25.122964948027523],[-107.36343176450339,25.122898936301933],[-107.36335173399738,25.122832995598166],[-107.36327666594686,25.122766983674044],[-107.36320159791842,25.122700971652808],[-107.36312652991204,25.12263495953446],[-107.36305128147585,25.12256450370158],[-107.36297621351363,25.122498491386743],[-107.36293498027936,25.12240056992705],[-107.36293227350274,25.122261682616074],[-107.36289600269859,25.122163689934034],[-107.36282084455618,25.122097688136638],[-107.36274577666168,25.122031675398155],[-107.3626656561448,25.121961279160786],[-107.36259058829592,25.121895266221586],[-107.3625155204691,25.121829253185286],[-107.36244045266436,25.12176324005187],[-107.36236529465599,25.121697237664804],[-107.3622902268954,25.121631224337115],[-107.36221515915689,25.12156521091232],[-107.36214009144042,25.121499197390424],[-107.36206502374603,25.121433183771423],[-107.36198986584816,25.121367180898407],[-107.36190983579392,25.121296772774812],[-107.36183467794172,25.12123076970093],[-107.3617596103371,25.121164755686944],[-107.36168454275456,25.121098741575853],[-107.36160947519409,25.121032727367663],[-107.36153431743028,25.120966723905017],[-107.36145924991398,25.120900709502553],[-107.36141792669926,25.1207983317441],[-107.36141531016405,25.120663985014417],[-107.36137894935004,25.120561536122],[-107.36130388187941,25.12049552139097],[-107.3612238520402,25.120429577549555],[-107.36114878461515,25.120363562620025],[-107.36107362698696,25.120297558435496],[-107.36099855960609,25.120231543311696],[-107.36092349224731,25.120165528090805],[-107.36084833468544,25.12009505823982],[-107.36080710179475,25.119997134205544],[-107.3608044852658,25.119862786834418],[-107.36076803431365,25.11976034801496],[-107.36069296702264,25.119694332368358],[-107.3606178997537,25.119628316624663],[-107.36053787012952,25.119562371726225],[-107.36046271268118,25.119491901236334],[-107.36038764547995,25.11942588519485],[-107.36020006779839,25.119397466178192],[-107.35990485202464,25.119402205799275],[-107.35971727469787,25.11936932055649],[-107.35964220771586,25.119303303804095],[-107.35956705053125,25.11923729779531],[-107.35949198359344,25.11917128084866],[-107.35915679915855,25.11914080716886],[-107.35856149825159,25.119150252510014],[-107.35822631503893,25.119124241537836],[-107.35815124849555,25.119058223363588],[-107.35807618197424,25.11899220509226],[-107.35800102525087,25.118921732124882],[-107.35792595877376,25.118855713657194],[-107.35785080209466,25.118789705931775],[-107.3577708635623,25.118723747244005],[-107.35769579715291,25.118657728480766],[-107.35762064054161,25.118591720459552],[-107.35754557417643,25.118525789059944],[-107.35750786055418,25.11835607955191],[-107.35750271778795,25.118087369092606],[-107.35746013207851,25.117917806773566],[-107.35738497553665,25.1178517981942],[-107.35730990924083,25.117785778678964],[-107.35723484296709,25.117719759066652],[-107.3571896408105,25.11741575841596],[-107.35717926506712,25.116873792929347],[-107.35713893500767,25.116569818966536],[-107.3570589966984,25.116503858531594],[-107.35698375005093,25.116433394279422],[-107.35690868387319,25.116367373739333],[-107.35683361771753,25.116301353102173],[-107.35675855158397,25.116235332367957],[-107.3566834854725,25.11616931153666],[-107.35660841938314,25.1161032906083],[-107.35653326309222,25.116037280420418],[-107.35645819704706,25.115971346856718],[-107.35637816872759,25.115905396340604],[-107.35630301250453,25.115834920350334],[-107.35626674264252,25.11573692050386],[-107.35626412616013,25.115602481471175],[-107.35622280378672,25.11550009751602],[-107.35614773783294,25.1154340758666],[-107.35607267190127,25.115368054120115],[-107.35599751576827,25.115302130672703],[-107.35595619343808,25.115199658827628],[-107.35595366718229,25.115065296140465],[-107.35591721692313,25.114962851886215],[-107.35584215105932,25.1148968297142],[-107.3557670852176,25.114830807445124],[-107.35568705711502,25.114764943292204],[-107.35564681751487,25.114460866552783],[-107.35563644183425,25.11391889307052],[-107.35559123996097,25.113614973583402],[-107.35551608396986,25.11354896132222],[-107.35544101822414,25.113482938127852],[-107.35536595250052,25.113416914836442],[-107.35536459915234,25.11334527827499],[-107.35543713862491,25.113276937939176],[-107.35554964702678,25.11324372455346],[-107.35569725235105,25.113241407345043],[-107.35580967064432,25.113203739049446],[-107.35588221024351,25.113135398574286],[-107.3559546596399,25.113067068916425],[-107.35602719928035,25.112998728403493],[-107.35609973894141,25.11293030031192],[-107.3561721883996,25.11286197059748],[-107.35624472810191,25.11279363002788],[-107.35631708737776,25.11272075800655],[-107.35639449919435,25.112652357593205],[-107.35646703895989,25.112584016965698],[-107.35653957874608,25.1125155887596],[-107.35661202832922,25.112447258930786],[-107.35668456815665,25.11237891824663],[-107.35675701778098,25.11231058838011],[-107.35682955764963,25.11224216009852],[-107.35690209753892,25.11217381935771],[-107.35697445700129,25.11210103472885],[-107.3570518690174,25.1120325465697],[-107.35705060588408,25.111965364907785],[-107.35697057737872,25.111899412957513],[-107.35689551120484,25.111833390253523],[-107.35682044505306,25.111767455012263],[-107.35678273153803,25.111597740576826],[-107.35677758878643,25.111329024056957],[-107.35673500319807,25.111159456658754],[-107.35665993709353,25.111093433397368],[-107.35658478078744,25.11102742087494],[-107.35650971472712,25.110961397419395],[-107.35646839231391,25.11085901156326],[-107.35646586605307,25.110724647455424],[-107.35642941572071,25.11062220169069],[-107.35635434970612,25.110556177906844],[-107.35627432141922,25.110490224623355],[-107.35619925545028,25.11042420064112],[-107.35616289537953,25.110321743726566],[-107.35616027889822,25.110187390080906],[-107.35611895654164,25.11008500362103],[-107.35604389061842,25.11001897931052],[-107.35596882471732,25.10995295490297],[-107.35589366861491,25.109886941233533],[-107.35585108317417,25.10971737202131],[-107.35584594044134,25.10944865303472],[-107.35580822707043,25.10927893621152],[-107.3557331612387,25.10921299880734],[-107.35565809542906,25.109146973745382],[-107.35557806736068,25.10908101912882],[-107.35550291137345,25.109010539096428],[-107.35542784563161,25.108944513736862],[-107.35535277991187,25.108878488280272],[-107.35527771421422,25.108812462726643],[-107.3552026485387,25.108746437075986],[-107.35512758288526,25.108680498889424],[-107.35505242703081,25.10861448387891],[-107.35497736142162,25.10854845793713],[-107.35493351301108,25.108311704003718],[-107.35492566360506,25.107904085381353],[-107.3549604897072,25.107666027006122],[-107.3550329388417,25.107597698120145],[-107.355140575016,25.107564634196763],[-107.35529305215546,25.107562260990836],[-107.35540059821636,25.10752465452509],[-107.35547313769916,25.1074563146677],[-107.35550922700179,25.107285439392644],[-107.35550408427585,25.10701671814216],[-107.35553521130282,25.10684600078644],[-107.35561262288206,25.106777513712895],[-107.35579397177857,25.106738837940966],[-107.35609405486274,25.10673406277606],[-107.35628036639605,25.106699693912283],[-107.35635290612913,25.106631353825744],[-107.35638529638975,25.106527819579846],[-107.35638277012971,25.10639345373841],[-107.35642012269126,25.10628976137075],[-107.35649266246409,25.106221421271396],[-107.35656511203392,25.10615309198764],[-107.356637651848,25.106084751850585],[-107.35671010145902,25.106016334967943],[-107.35678255109062,25.105943540004226],[-107.35685509096653,25.105875112249812],[-107.35693250294642,25.10580671233637],[-107.35696498350443,25.105707632814372],[-107.35696236701487,25.105568812173203],[-107.3569998098851,25.105469662085017],[-107.3570723498228,25.105401234296853],[-107.3571447995573,25.10533290488574],[-107.35721724931237,25.105260022269828],[-107.35725207572749,25.105026517083267],[-107.35724431647397,25.104618975072423],[-107.35727418057893,25.10438098689174],[-107.35734663037077,25.104312657498284],[-107.3574191704071,25.104244317251574],[-107.3574916202401,25.10417590025906],[-107.35752906318801,25.104072284382564],[-107.35752644669269,25.103937929031613],[-107.35756379942171,25.103834236395496],[-107.35763633951981,25.103765896115565],[-107.3577087894145,25.103697566651288],[-107.35778132955382,25.103629226333698],[-107.35785377948967,25.103560809270338],[-107.35792631967023,25.1034924689151],[-107.35799876964727,25.103419673741044],[-107.35807121964487,25.10335125662171],[-107.35814375988726,25.103282916210386],[-107.35821620992604,25.10321458661493],[-107.358293622319,25.103146098897657],[-107.3583661626246,25.103077758428196],[-107.35843861272654,25.10300942877469],[-107.35851115307337,25.10294100070618],[-107.35899250030026,25.102897556120947],[-107.3598828371701,25.10288335901534],[-107.36037050273278,25.102911475978885],[-107.36044556992896,25.102977499873244],[-107.3605206371472,25.103043436109864],[-107.36059570438755,25.103109459810227],[-107.36067077164996,25.103175483413573],[-107.36074592915955,25.103241496083402],[-107.36082099646615,25.103307519492635],[-107.36089606379478,25.10337354280485],[-107.36115744624,25.103405192295668],[-107.36160505414855,25.10339809962272],[-107.36186508393688,25.10335811068314],[-107.36193762525748,25.103289681422652],[-107.36201007637312,25.10322135054089],[-107.36208252750933,25.103153019640356],[-107.36234264800956,25.103117484687576],[-107.36279034822137,25.103110377298098],[-107.36305028899062,25.103070397076927],[-107.36312283064787,25.103001967438725],[-107.36319528209972,25.10293363617967],[-107.36326782379814,25.102865294063694],[-107.36345405034211,25.102826462737717],[-107.36374917999292,25.10282174385753],[-107.36393676028143,25.102854635754817],[-107.3640118285259,25.102920656554247],[-107.36408689679243,25.10298667725666],[-107.36416205530733,25.10305259946371],[-107.364237123618,25.10311861997204],[-107.36431219195073,25.103184640383343],[-107.36439213253121,25.10325060074386],[-107.3644672911359,25.103316610117734],[-107.36457619445947,25.103350721673266],[-107.36472867723575,25.103348251497973],[-107.36483758067072,25.10338236276706],[-107.36491264917984,25.10344838252763],[-107.36498771771102,25.10351440219116],[-107.36506774872947,25.103580350931022],[-107.36514281730621,25.10364637039619],[-107.365217885905,25.10371230220536],[-107.36525424726545,25.10381484323059],[-107.36525686383999,25.103949194483576],[-107.3652981876757,25.104051576976275],[-107.36537325632013,25.10411759601621],[-107.3654483249866,25.10418361495912],[-107.36552339367512,25.104249633804997],[-107.36559855261252,25.104315554154883],[-107.36567362134517,25.104381572806663],[-107.36575356235151,25.104447531330816],[-107.3658286311297,25.104513549784283],[-107.36590388038378,25.10458401194428],[-107.3659789492061,25.104650030201416],[-107.36609263520494,25.104679624821188],[-107.36624024662493,25.104677212030218],[-107.36634788752465,25.10464414045534],[-107.3664253023825,25.104575737063705],[-107.36649766454353,25.104502862359617],[-107.36657011695223,25.104434529830055],[-107.36664265960864,25.10436609888236],[-107.36671511205843,25.104297766315234],[-107.36674759386078,25.10419422216256],[-107.36674497727098,25.10405987180504],[-107.36678242157564,25.103960634631505],[-107.36685487406503,25.103887836574177],[-107.36692732657497,25.103819503975593],[-107.36699986933273,25.103751072958808],[-107.36703731367471,25.103651923319187],[-107.36703460685463,25.10351311826805],[-107.36706717892491,25.103414028662762],[-107.36714459400055,25.103345537566806],[-107.36721695636517,25.103272750278336],[-107.36728949920513,25.103204319209627],[-107.36732071789632,25.103038059774885],[-107.36731548470505,25.102764893236838],[-107.36735148545408,25.10259403139503],[-107.3674240283322,25.102525687896733],[-107.3674964810034,25.10245726766212],[-107.36756902392267,25.102388924126217],[-107.36764147663494,25.10232059141258],[-107.36771392936775,25.102252258680185],[-107.3677913446392,25.102183767458857],[-107.3678638876421,25.10211542384611],[-107.36793625021028,25.102042548856577],[-107.36800879325428,25.10197420520665],[-107.36812130719534,25.10194107306088],[-107.36826882955873,25.101938670177937],[-107.36837638108464,25.101901143289034],[-107.36845379655661,25.1018326518527],[-107.36852624951955,25.10176431888646],[-107.36859879273091,25.101695975059908],[-107.36867124573493,25.101627554497803],[-107.3687437889874,25.10155921063366],[-107.36881624203251,25.101490877592358],[-107.36888869509811,25.101422544532305],[-107.36900120942624,25.101384858833537],[-107.36914873229712,25.101382542751463],[-107.3692611565115,25.10134486770259],[-107.36933369993127,25.101276523662253],[-107.36936094883308,25.100904191466196],[-107.36934786575073,25.10022788670779],[-107.36930627057612,25.099856645800966]]]},"id":"00000000000000000000","properties":{"SqM":103085564.06,"SqMi":39.8016,"basin_id":6,"id":4,"layer":"pt_04"}}]}