{"type":"FeatureCollection","features":[{"type":"Feature","geometry":{"type":"Polygon","coordinates":[[[-107.46456363599303,25.370420305971486],[-107.46448826777376,25.37035444800263],[-107.46441298983748,25.37028849148385],[-107.46433771192284,25.370222534866173],[-107.46425746966116,25.370156658068332],[-107.46418219179124,25.370090701248536],[-107.46410673342056,25.37002030600176],[-107.46403145559398,25.369954348981864],[-107.46399499008385,25.369856377975275],[-107.46399219198798,25.369722034584328],[-107.46395067185932,25.369619694014624],[-107.46387539407759,25.369553824117425],[-107.4637613040516,25.36951988049365],[-107.46361336618845,25.369522330977354],[-107.46349936653765,25.369492923849936],[-107.46342408888569,25.36942696603455],[-107.46334872099446,25.369356558775692],[-107.46327335312492,25.369290611753144],[-107.46319807553796,25.369224653638774],[-107.46312279797266,25.369158695425522],[-107.46307857015661,25.36892199873088],[-107.46307035642018,25.36851894373134],[-107.4631050165845,25.368280947547436],[-107.46317758631841,25.368212463289687],[-107.46325006581152,25.36813961710644],[-107.46332263558567,25.368071220266742],[-107.46335720552244,25.36783314750911],[-107.46334908203819,25.367430080592182],[-107.46330485418392,25.367193382642107],[-107.46322948632701,25.367127434517354],[-107.46315420875267,25.367061562759783],[-107.46307893119997,25.366995603445098],[-107.46303741121616,25.36689326091014],[-107.46303470339136,25.36675890476086],[-107.46299805749844,25.366656493272494],[-107.46292277999065,25.366590533620958],[-107.46284253816266,25.3665246536625],[-107.46276726069961,25.366458693808877],[-107.46273061484413,25.36635628199693],[-107.46272790702251,25.366221925456035],[-107.46268638709437,25.36611958229547],[-107.46261110967622,25.36605362210501],[-107.46253583227971,25.365987661815684],[-107.46246046464425,25.365921799877537],[-107.46238518729108,25.365855839390452],[-107.46230990995956,25.365789878804502],[-107.4621958206159,25.365755931440578],[-107.46204788363755,25.36575846534805],[-107.46193388466857,25.365728967103532],[-107.46185851720645,25.365658556633978],[-107.46178324002643,25.36559259548611],[-107.4617078726077,25.36552664522994],[-107.46144602740908,25.36549966853367],[-107.46099743421004,25.36550723678209],[-107.46073549946237,25.36547572153115],[-107.46066022260547,25.365409846761487],[-107.46058485551023,25.36534389542316],[-107.46050957869667,25.365277932996193],[-107.46043430190477,25.365211970470355],[-107.46035902513452,25.36514600784567],[-107.46031615168394,25.364976483231636],[-107.46031055557091,25.364703327850556],[-107.46027273668115,25.36453817270377],[-107.46019736969755,25.364467760136456],[-107.46012200273567,25.364401807926214],[-107.46004185202638,25.364336000734323],[-107.4600038526559,25.364166406605335],[-107.45999843706912,25.363897688680023],[-107.45995556367762,25.363728162849394],[-107.45988019678542,25.3636622100621],[-107.45980492017466,25.363596246187193],[-107.45972964358555,25.363530282213436],[-107.45968812413321,25.363427935560512],[-107.45968541634305,25.363293576145843],[-107.45964877091923,25.36319116073939],[-107.45957349437508,25.36312519642889],[-107.45949821785257,25.36305931948011],[-107.45942294135173,25.36299335497196],[-107.45937456222116,25.362555119202668],[-107.45935822524065,25.36174450910552],[-107.45930975586249,25.361301821768997],[-107.45923447941591,25.361235856231687],[-107.45915920299099,25.36116989059554],[-107.45908392658775,25.361103924860554],[-107.45904728124822,25.361001508039777],[-107.4590445734647,25.36086714725903],[-107.45900305412111,25.360764798841394],[-107.45892777776282,25.360698920231126],[-107.45885250142618,25.360632954060655],[-107.45877713485187,25.360566998778296],[-107.45872749221,25.360061566323456],[-107.45870826697123,25.359112147514505],[-107.45866349834559,25.358606643892482],[-107.4585833480833,25.358540744941756],[-107.45847413436456,25.358506721130503],[-107.45832628975022,25.35850923541739],[-107.4582122924032,25.35847972937303],[-107.45813701627256,25.358413848944128],[-107.45806155964539,25.358343442347355],[-107.45798628355816,25.35827747425624],[-107.4577244420854,25.358250481130902],[-107.45727594552893,25.358257924745597],[-107.45701392425022,25.358226491343],[-107.45693864846469,25.35816052226968],[-107.45686337270081,25.35809464056033],[-107.45678809695863,25.358028671289407],[-107.4566740100238,25.35799471372905],[-107.456526076169,25.35799723650667],[-107.4564120796071,25.357967728272556],[-107.45633680399492,25.357901846004],[-107.4562615284044,25.35783587617367],[-107.45618625283556,25.357769906244517],[-107.45611088703,25.357699486580184],[-107.45603552124615,25.35763352743519],[-107.45599129462862,25.357396811377267],[-107.45598317137316,25.35699380683544],[-107.4559439089753,25.35675701081662],[-107.4558636692886,25.356691119396963],[-107.45578839383438,25.356625148554997],[-107.45571311840185,25.35655926507781],[-107.45571167426907,25.35648754573829],[-107.45578424195143,25.35641915230729],[-107.45585680965398,25.35635075885621],[-107.45593425132891,25.356282297054452],[-107.45593289745328,25.35621511484038],[-107.4558527480283,25.356149212151056],[-107.45577738231891,25.356083252017005],[-107.45570210688956,25.35601736826442],[-107.45565733877879,25.355507391713314],[-107.45563820402411,25.354562397371787],[-107.45566239324252,25.354051286957944],[-107.45573496091122,25.353982806251963],[-107.45580752860006,25.353914412990193],[-107.45588506051874,25.353845940442152],[-107.4559106938939,25.353406461939777],[-107.4558942668715,25.35259582837028],[-107.455850852603,25.352153029468045],[-107.45577061294489,25.35208722308242],[-107.45569533751748,25.352021249900424],[-107.45562006211176,25.35195527661964],[-107.45558341725784,25.351852853228767],[-107.45558070951022,25.351718486738402],[-107.45561320248353,25.35161937142401],[-107.45568577013857,25.351546517660235],[-107.45575833781375,25.351478124588105],[-107.45583577945949,25.35140957579472],[-107.45590834717635,25.35134118268082],[-107.45598091491335,25.351272789546876],[-107.45605348267051,25.351204396392873],[-107.4561260504478,25.351136003218826],[-107.45616341744548,25.351032271443707],[-107.45616070969184,25.35089790492216],[-107.45619311247883,25.350794339795634],[-107.4562656802949,25.350725946602786],[-107.45633824813115,25.350657553389887],[-107.45641081598752,25.350589160156947],[-107.45648834808522,25.350520600210682],[-107.45656091598327,25.350452206935955],[-107.4566334839015,25.350383813641187],[-107.4567059615812,25.350310883133048],[-107.45677852953972,25.350242489798546],[-107.45685109751837,25.350174096443993],[-107.45703775256095,25.350139577171966],[-107.45733353067465,25.350134637450523],[-107.45752009580283,25.350095667797575],[-107.45759266398737,25.35002727419897],[-107.45759131010314,25.349960091120302],[-107.45751594389239,25.349894216949938],[-107.45744066796227,25.349828244233333],[-107.45736539205383,25.349762271417944],[-107.4573238729769,25.349659916520782],[-107.45732116521125,25.349525550050036],[-107.45728461037763,25.349423115768186],[-107.45720933451413,25.349357230081463],[-107.4571340586723,25.349291256830995],[-107.45705381862018,25.349225450174252],[-107.45697854282314,25.34915947672193],[-107.45690326704778,25.34909350317083],[-107.45682781077674,25.349023090758756],[-107.4567525350448,25.348957117007764],[-107.45671110632388,25.34885929849137],[-107.45670830830593,25.348720481604154],[-107.45667184381665,25.34862249628223],[-107.45659656812963,25.348556522197224],[-107.45626071607799,25.348526274859914],[-107.45566437892474,25.348536289371783],[-107.45532852807123,25.348510500041318],[-107.45525316251307,25.348440074935464],[-107.45517788723475,25.34837409950891],[-107.45510261197812,25.348308211449577],[-107.45502733674319,25.348242235825534],[-107.45494709733798,25.34817642668969],[-107.45487182214785,25.348110450863796],[-107.45479654697942,25.34804447493914],[-107.4546874251011,25.348010430700228],[-107.45453461844487,25.348013013558464],[-107.45442558693384,25.347983506297844],[-107.45435031189399,25.347917529917137],[-107.45426998243896,25.347847182718446],[-107.45419470744396,25.3477812061336],[-107.45411943247065,25.347715316916464],[-107.45404406726132,25.34764935111363],[-107.45400751288618,25.34754691369178],[-107.4540048051549,25.347412544546884],[-107.4539633768697,25.347314723340325],[-107.4538880117054,25.347244296402643],[-107.45381273682048,25.34717831918525],[-107.45373746195727,25.3471123418691],[-107.45369603371448,25.347014520332355],[-107.4536932357288,25.346875700966585],[-107.45365677166038,25.346777712781762],[-107.45357653267621,25.346711901635462],[-107.45350116762354,25.346641474045715],[-107.45342589285015,25.34657549619153],[-107.45335061809845,25.346509518238594],[-107.45327534336845,25.34644362765399],[-107.45320006866014,25.346377649503573],[-107.45312470371613,25.34631168223283],[-107.45308192170967,25.346142213965017],[-107.45307650626633,25.345873473442623],[-107.45303850790863,25.345703860321898],[-107.45296323326859,25.34563788160003],[-107.45288299449754,25.345572069233707],[-107.45280771990234,25.345506090310028],[-107.45273244532885,25.345440111287594],[-107.45265708051981,25.3453696822971],[-107.45258180598975,25.345303790542538],[-107.45250653148139,25.34523781122163],[-107.45243125699474,25.34517191926968],[-107.45235598252978,25.345105939751313],[-107.45228070808653,25.34503996013419],[-107.45220046952524,25.344974146833643],[-107.45216256155211,25.344804521291422],[-107.45215714612783,25.344535778657452],[-107.45211427402288,25.344366231715988],[-107.45203899964932,25.344300338991296],[-107.45196372529747,25.34423435869982],[-107.45188836071036,25.344163928409838],[-107.45181308640194,25.34409803538682],[-107.45173781211524,25.344032054796887],[-107.45166244759335,25.34396608508486],[-107.45158717335009,25.343900191765705],[-107.45150702525882,25.343834278800447],[-107.45143175106038,25.343768385279663],[-107.45132254033146,25.343734346272708],[-107.45116982590122,25.343736823945267],[-107.45106070553858,25.343707322038085],[-107.45098543146885,25.343641340592832],[-107.45091006716422,25.343570909123386],[-107.45083479313796,25.343505014947095],[-107.45072079906039,25.343475580461],[-107.45057295883441,25.34347798934537],[-107.45046022846199,25.343511203528468],[-107.45038766225922,25.343579681684037],[-107.45031518633307,25.343652522285765],[-107.45024262017064,25.343720912932827],[-107.45017005402839,25.34378939102871],[-107.45009252380667,25.34385786047541],[-107.45001995770617,25.34392625106071],[-107.44994739162586,25.343994641625994],[-107.44961299222547,25.34403609244688],[-107.44901667025589,25.34404597646982],[-107.44868082795466,25.34401570074522],[-107.44860555457157,25.34394980482025],[-107.4485302812102,25.343883821327253],[-107.44845500787055,25.343817925204934],[-107.44834092457707,25.343783950910886],[-107.44819308569976,25.343786444521072],[-107.4480790927765,25.343756919899675],[-107.44800381956708,25.343691023317266],[-107.44796717578234,25.343588590857497],[-107.44796446811372,25.343454216798058],[-107.44792304078736,25.343351840996974],[-107.44784776762299,25.34328585660888],[-107.44777249448033,25.34321995959186],[-107.44769713110388,25.343153985979917],[-107.44762185800471,25.343088088765484],[-107.44754649467178,25.343017653989264],[-107.44747122161611,25.342951669105258],[-107.44739107478932,25.342885839329426],[-107.44731580177852,25.34281985424373],[-107.44724052878942,25.342753869059308],[-107.44716516556672,25.342687982219353],[-107.44708989262114,25.342621996837433],[-107.44701461969726,25.342556098827025],[-107.44693934679512,25.342490113247695],[-107.44686398365947,25.34241967755596],[-107.44678871080082,25.342353691776914],[-107.44670856418385,25.342287861067746],[-107.44663329137008,25.342221875087024],[-107.4465579283229,25.342155987450518],[-107.44648265555263,25.34209000127231],[-107.44640738280408,25.342024102465952],[-107.44633211007726,25.341958116090336],[-107.4462568373722,25.341892129615996],[-107.44618156468887,25.341826230513636],[-107.44610620177227,25.341755793805483],[-107.44603092913243,25.341689807032754],[-107.44595078274845,25.34162397528738],[-107.4458755101535,25.34155798831298],[-107.44580014732541,25.3414920996825],[-107.44572487477394,25.341426112510625],[-107.44564960224423,25.341360125240026],[-107.44557432973625,25.341294225341763],[-107.44549905725002,25.341228237873768],[-107.44542369453077,25.34115780025017],[-107.44530970281842,25.341128358761427],[-107.44516186566003,25.34113084716861],[-107.44504778380758,25.341096867851025],[-107.44497251147344,25.341030879821833],[-107.44489723916102,25.34096497916529],[-107.44482196687035,25.340898990938705],[-107.44456004834973,25.340867498649512],[-107.44411157441631,25.34087495120346],[-107.44384974686402,25.34084799480893],[-107.44377447487597,25.340782005600886],[-107.44373656812762,25.34061236912623],[-107.44373115287831,25.34034370137014],[-107.4437622905634,25.340172932826665],[-107.44383485492222,25.340104544656754],[-107.44390741930124,25.34003606899488],[-107.44398476717525,25.339963163140983],[-107.44401734895871,25.339864033513507],[-107.44401464133112,25.339729655766885],[-107.44397808836143,25.339627207756212],[-107.44389785235458,25.33956138403967],[-107.44382258035263,25.33949539424428],[-107.44374730837242,25.33942949182235],[-107.44367194615984,25.33935905171652],[-107.44359667422316,25.339293061622794],[-107.44352140230824,25.339227158902652],[-107.44344613041504,25.339161168611557],[-107.44337085854363,25.339095265694134],[-107.44329558669395,25.339029275205665],[-107.44321535089732,25.338963450555358],[-107.44314007909257,25.338897459865183],[-107.44306480730958,25.338831469076304],[-107.44298944529444,25.33876111552778],[-107.44287545464711,25.338731582709357],[-107.44272761887002,25.338734066790497],[-107.44261850204076,25.338700005103078],[-107.4425382664527,25.338634179660527],[-107.44246299484365,25.33856818821185],[-107.44238772325633,25.33850228413735],[-107.44227860656949,25.338468221974562],[-107.44212580718326,25.338470783587162],[-107.4420167808597,25.338441171290356],[-107.44194150940136,25.33837526676022],[-107.4418662379648,25.338309274658382],[-107.441786092862,25.33824343735515],[-107.4416768861738,25.338209385397846],[-107.44152905107713,25.33821186771793],[-107.44141497081571,25.33817788288402],[-107.44133969953134,25.338111977694393],[-107.44126442826874,25.338045984932783],[-107.4411891570279,25.337980079545886],[-107.44110901213352,25.337914153977632],[-107.44103374093763,25.337848248389207],[-107.44095846976349,25.337782255228632],[-107.44088319861112,25.337716261969366],[-107.4408079274805,25.337650356085028],[-107.44073265637165,25.33758436262842],[-107.44065729503149,25.337513918880674],[-107.44058202396619,25.33744801269817],[-107.44046803437278,25.337418564095803],[-107.44032019996256,25.337420957017837],[-107.44020612023088,25.337387057920093],[-107.44013084929605,25.337321063803746],[-107.44005557838298,25.3372551570627],[-107.4399803074917,25.337189162749013],[-107.43990503662218,25.33712325581071],[-107.43982976577442,25.337057261299684],[-107.4397495310458,25.336991432448755],[-107.43967416999028,25.33692098751786],[-107.4395988992093,25.33685499270422],[-107.43952362845009,25.336789085266176],[-107.43948716636353,25.336691083014696],[-107.43948436853037,25.336552251273666],[-107.43944303280519,25.33645440366262],[-107.43936776209107,25.336388408416816],[-107.43929240114608,25.336317962838972],[-107.43921713047553,25.336252054868062],[-107.43917570454023,25.336154130418358],[-107.43917290671041,25.33601529827223],[-107.439136444673,25.335917382918336],[-107.43905621015814,25.335851465373977],[-107.43898093955592,25.33578555696672],[-107.43890557872295,25.33571511073749],[-107.4388303081643,25.335649114655908],[-107.4387550376274,25.335583205950517],[-107.43867976711229,25.335517209671625],[-107.43860449661895,25.335451300768998],[-107.43856171699575,25.33528172300818],[-107.43855630185406,25.335013045222457],[-107.43851839586549,25.334843399887006],[-107.43844312541883,25.33477749051268],[-107.43836298137008,25.334711560784864],[-107.43828771096838,25.334645651209048],[-107.4382510685505,25.334543207866822],[-107.43824845123513,25.33440881382538],[-107.43828085179616,25.334305243284863],[-107.43835341462717,25.334236857415974],[-107.43843094135579,25.334168393350122],[-107.43850350422863,25.33410000743956],[-107.43857606712173,25.334031534033677],[-107.43864863003506,25.333963148083146],[-107.43872119296863,25.33389476211262],[-107.43879366567,25.333821838370035],[-107.43886622864402,25.333753452359893],[-107.43893888189075,25.33368505536539],[-107.43905151702644,25.333651864790863],[-107.43919944096858,25.333649377097466],[-107.43931198596441,25.333611648577367],[-107.43938463933563,25.333543251439846],[-107.43941252740524,25.332969349726604],[-107.43939077651574,25.331885546653524],[-107.4393397837736,25.33130845327386],[-107.43926451308936,25.331242455420195],[-107.43918924242686,25.33117654494374],[-107.43911397178613,25.331110546892806],[-107.43906848450301,25.330806670042094],[-107.43905756394615,25.330264770070535],[-107.43901695030894,25.329960825048694],[-107.43893680608342,25.32989489340572],[-107.43886153551573,25.329828981981873],[-107.4387862649698,25.329762982983063],[-107.4387849111832,25.329695878075356],[-107.43885747415479,25.329627404888534],[-107.43893003714659,25.329559019158165],[-107.43900747379449,25.32948610496241],[-107.43908003682813,25.32941763171439],[-107.43915259988202,25.329349245922796],[-107.43922516295612,25.329280860111236],[-107.43929772605047,25.32921247427972],[-107.43933509063679,25.329108824772558],[-107.43933238305789,25.328974440013166],[-107.43936487400654,25.328870857621215],[-107.43943743713984,25.32880247177134],[-107.43951000029338,25.328734085901505],[-107.43958256346716,25.328665612535303],[-107.43961722051249,25.32842766560265],[-107.43960909776709,25.328024598233455],[-107.43964375481598,25.32778656346508],[-107.43971631802704,25.327718177597777],[-107.43978879100555,25.327645253889628],[-107.43986144450984,25.32757685701967],[-107.43986009071767,25.327509664469883],[-107.43978481988292,25.327443665218166],[-107.43967083063862,25.327414210492453],[-107.43952299668122,25.327416684303095],[-107.43940891729896,25.327382778929667],[-107.4393336465947,25.32731677921799],[-107.43925837591222,25.327250866884572],[-107.4391831052515,25.32718486697565],[-107.4391079248651,25.32711894348262],[-107.43903256399538,25.3270484930105],[-107.4390312102075,25.326981300127276],[-107.43910377324777,25.3269129145282],[-107.43917633630826,25.326844528909174],[-107.43924889938899,25.326776055793168],[-107.4392849101791,25.32660521297519],[-107.43927949502236,25.32633652873613],[-107.4392367152882,25.326167032959155],[-107.43916144463374,25.326101032501477],[-107.43908617400106,25.326035119422436],[-107.43901090339016,25.325969118767517],[-107.43900954960239,25.325901925653714],[-107.4390821126366,25.325833540140053],[-107.4391545854385,25.32576070422484],[-107.43922714851315,25.325692231194335],[-107.43929971160807,25.325623845621212],[-107.4393722747232,25.325555460028152],[-107.43944483785856,25.325487074415157],[-107.43951740101416,25.325418688782214],[-107.43959492808956,25.325350137593322],[-107.43966749128701,25.325281751918812],[-107.4397400545047,25.32521336622438],[-107.43981252748982,25.325140442654316],[-107.43981117369788,25.325073337061372],[-107.43973590287727,25.325007336575965],[-107.43966063207843,25.32494142346927],[-107.43958545155408,25.32487541182454],[-107.43958409776333,25.324808218637955],[-107.43965666095775,25.324739833006376],[-107.43972922417241,25.324671447354863],[-107.4398017874073,25.324603061683415],[-107.43983283436971,25.324432296293082],[-107.43982732894878,25.32415907296683],[-107.43986343007174,25.323992767237524],[-107.43993590309123,25.32391984369862],[-107.44000846638373,25.32385145801072],[-107.44008111994937,25.323783061340823],[-107.44015368328238,25.323714588135505],[-107.44023112029437,25.32364613529715],[-107.44033879207547,25.32360856371502],[-107.44048662649624,25.323606091040574],[-107.44059935255483,25.323572804119866],[-107.4406719160323,25.323504418229625],[-107.4407092808159,25.323400767873533],[-107.44070657322271,25.323266381478206],[-107.44066505679724,25.32316408927826],[-107.44058987598277,25.323098077650943],[-107.44051460493696,25.323032164364903],[-107.44043933391293,25.32296616350267],[-107.44036406291067,25.322900250019494],[-107.44028879193017,25.322834248960053],[-107.44017471221225,25.322800341937356],[-107.44002687796863,25.322802813778054],[-107.43991297887118,25.322773345902483],[-107.4398376177683,25.322702893971652],[-107.43976234694006,25.322636892351497],[-107.43968707613358,25.322570978110708],[-107.43961180534887,25.322504976293352],[-107.43953653458593,25.322439061855448],[-107.43948698585817,25.321933594791858],[-107.43946794254272,25.32098414304837],[-107.43941839382802,25.320478760806132],[-107.43934312312102,25.320412757729972],[-107.4392678524358,25.320346842033903],[-107.43919258177233,25.320280838760542],[-107.43915602947959,25.32017846609971],[-107.43915341215512,25.320044066566766],[-107.4391118959774,25.31994168423049],[-107.43903662535907,25.319875768100673],[-107.43896135476248,25.319809764393362],[-107.43888608418769,25.319743848066437],[-107.43881081363466,25.319677931641003],[-107.43873057922022,25.31960754411944],[-107.43865530871217,25.319541627490388],[-107.43858003822592,25.319475623283637],[-107.43854357627157,25.31937770031377],[-107.43854077844856,25.319238860595675],[-107.43849944287328,25.31914091695409],[-107.43842417243211,25.31907499989357],[-107.43834881176042,25.319004544766063],[-107.43827354136282,25.318938627506192],[-107.438198270987,25.318872622668348],[-107.43812300063296,25.3188067052114],[-107.43804285668283,25.31874085456744],[-107.43796758637374,25.318674849429595],[-107.43793103425311,25.31857238771215],[-107.43792832668882,25.31843808529131],[-107.43788690095872,25.31833569033775],[-107.43781163069477,25.318269772344323],[-107.4377363604526,25.318203766772577],[-107.43766109023223,25.31813784858207],[-107.43761560320311,25.317833955311812],[-107.43760477295928,25.3172920194547],[-107.43763807596055,25.3169868692954],[-107.43771063861224,25.316918397418668],[-107.4377832012842,25.316850013002185],[-107.4378557639764,25.316781628565817],[-107.43792832668882,25.316713244109565],[-107.43800088942149,25.316644859633413],[-107.43807832579286,25.316576320784613],[-107.43815079831514,25.316503485739993],[-107.43822336110986,25.31643510120287],[-107.43829592392483,25.316366629165767],[-107.43836848676003,25.316298244588868],[-107.43844104961546,25.31622985999208],[-107.43851361249114,25.31616147537542],[-107.43858617538704,25.31609300325879],[-107.4386587383032,25.31602461860234],[-107.4387362651228,25.315956156079608],[-107.43880873782835,25.31588323337785],[-107.43888130080659,25.315814848660416],[-107.43895386380503,25.315746463923112],[-107.43902642682372,25.31567807916591],[-107.43906108379502,25.31544003681059],[-107.43905305131949,25.315036941383894],[-107.43908274440442,25.31479906399035],[-107.43915530745905,25.314730591777867],[-107.43922778028131,25.314657756492583],[-107.43930034337639,25.31458937172094],[-107.43937787038713,25.314520821603455],[-107.43945043352406,25.314452436790376],[-107.43978481988292,25.31441559601342],[-107.44038103047284,25.31440566064562],[-107.44071532777413,25.31436427946808],[-107.44078789128393,25.314295894208072],[-107.44086045481394,25.3142275089282],[-107.44093301836422,25.314159123628446],[-107.44100558193468,25.314090650829044],[-107.44107805527214,25.31401781498064],[-107.44111415656857,25.313851418517025],[-107.44110865112054,25.3135782751361],[-107.44106596133896,25.313413223102852],[-107.44099059990229,25.313342767510754],[-107.44091532874063,25.31327676233759],[-107.44084005760074,25.313210844545903],[-107.44079872166026,25.31311298730711],[-107.440795923813,25.312974146157796],[-107.44083337886755,25.312874944564278],[-107.44090594241025,25.31280655937268],[-107.44097841571998,25.312733636152732],[-107.44105097930311,25.31266525092177],[-107.44112354290647,25.31259686567095],[-107.44119610653006,25.312528480400267],[-107.44138266011782,25.312494017498388],[-107.44167833022888,25.312489081879608],[-107.44186479390868,25.312450167798662],[-107.44193735773882,25.312381782284724],[-107.44197472270403,25.312278130161367],[-107.44197201509768,25.312143739828162],[-107.44200441612224,25.31204016557498],[-107.44208194393832,25.311971702134297],[-107.44226362446385,25.31193730526832],[-107.44256416927765,25.311932301149263],[-107.44275072384552,25.31189337519614],[-107.4428231976687,25.311825000379685],[-107.44289576176591,25.31175661458313],[-107.44296832588334,25.31168814128697],[-107.44304089002098,25.311619755450725],[-107.44311345417883,25.311551369594618],[-107.44314946550348,25.311380522418997],[-107.44314396001242,25.31110729170588],[-107.44317518788128,25.31094104934241],[-107.44324766182257,25.31086812549672],[-107.44332022603803,25.31079973962486],[-107.44339766399175,25.310731286753853],[-107.44343015544771,25.31063216293227],[-107.44342735757218,25.310493322186044],[-107.44339089493891,25.310395398608424],[-107.44331074936694,25.310329548562436],[-107.44323538728065,25.310259093443086],[-107.44316011547012,25.310193088744935],[-107.44308493393528,25.310127160468404],[-107.44300966216821,25.310061243053376],[-107.44293439042293,25.309995238059653],[-107.44285911869937,25.30992932044761],[-107.44281769218453,25.30982692516173],[-107.44281498456944,25.30969262174719],[-107.4428522594067,25.309588892727145],[-107.44292482351202,25.30952050708458],[-107.44299738763752,25.30945212142218],[-107.44306995178326,25.309383735739942],[-107.44314251594922,25.30931535003786],[-107.44321508013539,25.309246876835626],[-107.44328899815177,25.30924568652752],[-107.44336914371706,25.309311537142097],[-107.44344441558799,25.309377542085954],[-107.44351968748067,25.30944345945107],[-107.44370759654511,25.309476190405654],[-107.44400326929555,25.309471252480265],[-107.44419108845447,25.309499532077574],[-107.44426636056289,25.30956544872502],[-107.44434172294741,25.30963590326468],[-107.44441699509936,25.309701819712846],[-107.44453089616678,25.309731377160013],[-107.44467873296722,25.30972890713616],[-107.44479272440358,25.30976282731198],[-107.4448679966858,25.309828830780297],[-107.44494326898976,25.309894746670476],[-107.44501854131548,25.309960662462153],[-107.44509381366292,25.310026665634823],[-107.44516899577746,25.310092592190873],[-107.44524426816837,25.31015859516649],[-107.44531954058101,25.31022451056418],[-107.44543362255243,25.31025841881749],[-107.4455813696102,25.310255958354684],[-107.44569400761884,25.310218308739785],[-107.4457665725156,25.310149922077517],[-107.44583913743254,25.310081447916193],[-107.4459117023697,25.310013061214246],[-107.44598417707212,25.309944685454408],[-107.44605674204965,25.30987629871282],[-107.44609139995649,25.309638257375113],[-107.44608327700917,25.30923071561326],[-107.44611793491953,25.308997135365903],[-107.4461904096793,25.30892429816055],[-107.44626297471423,25.308855823943887],[-107.44633553976938,25.30878743718679],[-107.44640810484474,25.308719050409874],[-107.44648066994027,25.30865066361312],[-107.44666713705703,25.308611657601727],[-107.44696281316516,25.30860680088014],[-107.44714937088209,25.30857233217168],[-107.44722193618395,25.308503945131815],[-107.44729450150602,25.30843547059297],[-107.44736706684827,25.308367083513456],[-107.44744441574899,25.30829417884259],[-107.44751698113298,25.308225704242986],[-107.44753990602217,25.307651943002792],[-107.44751815445402,25.306568090415208],[-107.4474721241706,25.30599535296771],[-107.44739694139182,25.305929426444212],[-107.44731661407707,25.30585905080391],[-107.44724134108775,25.305793135038574],[-107.44720487792088,25.305695212015422],[-107.44720217026018,25.305560821775376],[-107.44723466219047,25.30545723600048],[-107.44730713726068,25.30538886012222],[-107.44738466665447,25.30532030778122],[-107.44745723202182,25.30525192090025],[-107.44748557223295,25.30494684805125],[-107.4474746513232,25.304404923068915],[-107.4474340363736,25.304100963015955],[-107.44735885360578,25.304034948055985],[-107.44727852630278,25.30396465887474],[-107.4472033435798,25.30389864371134],[-107.44716688041825,25.303800719839792],[-107.4471640825026,25.303661878252985],[-107.44712265530342,25.30356403220983],[-107.44704738237007,25.30349802767456],[-107.44697210945849,25.303432110521307],[-107.44689683656861,25.303361644277242],[-107.44685540941188,25.303263797905185],[-107.44685270175482,25.30312949395128],[-107.44681614838706,25.303027031469203],[-107.44674087554223,25.30296102640186],[-107.44666569297429,25.302895097756572],[-107.44658545614,25.30282925789505],[-107.44654890280972,25.302726795091683],[-107.44654619515583,25.302592490750577],[-107.44650476805482,25.302490094765986],[-107.4464294952999,25.302424176643342],[-107.4463542225667,25.30235817094117],[-107.44627894985526,25.302292252621548],[-107.44623752279671,25.30218985629931],[-107.44623481514606,25.302055551568454],[-107.44619826186494,25.30195308817344],[-107.44612298919851,25.301887169519016],[-107.44604771655384,25.301821163284803],[-107.44597253418581,25.301755233474054],[-107.44589229756487,25.301689392396227],[-107.44581711524168,25.301623374903002],[-107.44574184268532,25.30155745575199],[-107.44566647989589,25.301486998422128],[-107.44562866312712,25.301321876029455],[-107.44562315758368,25.301048727049793],[-107.44565429549483,25.3008779437222],[-107.4457267701257,25.30080956872077],[-107.44579933503157,25.30074109525903],[-107.44587189995764,25.300672709259192],[-107.4459065578399,25.300434662455018],[-107.44589843489834,25.300031657899122],[-107.44593309278413,25.29979361073954],[-107.44600565774743,25.29972522476404],[-107.44607813247599,25.29965230067028],[-107.44615069747968,25.299583914655596],[-107.44618183545387,25.299417592539694],[-107.44617632989873,25.29914444256685],[-107.44613842280101,25.29897478105168],[-107.44606315015187,25.298908860893835],[-107.4459879677794,25.298842929679086],[-107.4459126951737,25.29877692184227],[-107.4458672067031,25.298473020277182],[-107.44585628586114,25.29793116846422],[-107.44581079740038,25.297627265893826],[-107.44573552484584,25.29756134479103],[-107.44566025231308,25.297495336107215],[-107.445584979802,25.297429414807496],[-107.44554716304508,25.29725974064013],[-107.44554174775814,25.296991038822597],[-107.44549887674049,25.29682154053114],[-107.44542369453077,25.296755607803735],[-107.44534842208805,25.29668959845246],[-107.44527314966706,25.2966236764856],[-107.44523172276837,25.29652127677707],[-107.44522901512816,25.296386969163372],[-107.44519246198811,25.296284502527936],[-107.44511718961218,25.296218580226398],[-107.44503704350917,25.2961527246019],[-107.44496177117811,25.29608671461605],[-107.44492386425705,25.295917137407994],[-107.44491835872849,25.29564389563455],[-107.44487566832248,25.29547883554674],[-107.44480039603806,25.29541291257379],[-107.44472503352085,25.2953424513192],[-107.44464985153442,25.29527651719072],[-107.44460427302978,25.294972620828815],[-107.44459344249519,25.294430749486665],[-107.44462674639048,25.294125500078415],[-107.44469931099005,25.29405711497087],[-107.44477178535531,25.293988740799637],[-107.44484434999528,25.293920355652624],[-107.44491691465544,25.293851883002077],[-107.44498947933583,25.29378349781557],[-107.44510202683404,25.293745777418128],[-107.4452498639585,25.29374331566408],[-107.4453625018239,25.293710133267236],[-107.44543506662833,25.29364174793877],[-107.445507631453,25.293573275106905],[-107.44558019629785,25.29350488973897],[-107.44565258065326,25.293432064598502],[-107.44572514553847,25.293363591707827],[-107.4458026744618,25.293295128571263],[-107.4458751491339,25.29322675407966],[-107.44613562489641,25.29319102133612],[-107.44657904802494,25.29318364363238],[-107.44683943423554,25.293143546286224],[-107.4469119091959,25.293075083968464],[-107.44693573658452,25.292295163611175],[-107.44690586209383,25.290808242883493],[-107.44692472544253,25.290028395125223],[-107.44699720042661,25.28996002049306],[-107.44707472972823,25.289891557186948],[-107.44714720475399,25.28982309502967],[-107.44721967979989,25.289750258648784],[-107.44729224512132,25.289681872980104],[-107.44736481046294,25.28961339980765],[-107.44743728556932,25.2895450250561],[-107.44747474157866,25.28944582032505],[-107.4474719436597,25.28930697278707],[-107.4475044356236,25.289207933209127],[-107.44757700102429,25.289139459999433],[-107.44764947618965,25.28906662352094],[-107.44772691542968,25.288998171005055],[-107.44775940742538,25.288899043918235],[-107.44775669975891,25.28876018534966],[-107.44779406555855,25.288660991477673],[-107.44786663103984,25.288592605693903],[-107.44805309914777,25.288553697258507],[-107.4483486865717,25.288548783134075],[-107.44853524528011,25.288514324772503],[-107.44860772071179,25.28844140053756],[-107.44868019616358,25.28837302544892],[-107.44875276189141,25.288304639383526],[-107.44882532763943,25.288236165814496],[-107.44889789340765,25.288167779709692],[-107.44897036894007,25.28809940454238],[-107.44904789882831,25.288030853170387],[-107.44912037440241,25.287962477962076],[-107.4491929402527,25.287894091776813],[-107.44922534217494,25.2877905139403],[-107.44922263449328,25.287656117398075],[-107.44918608079335,25.28755373713526],[-107.44911089752047,25.287487715663666],[-107.44903562401328,25.287421792534836],[-107.44895547670575,25.287355936078217],[-107.44891756920399,25.287186269553363],[-107.4489120635911,25.28691311232661],[-107.44886937253118,25.28674805045397],[-107.44879409909365,25.28668212675252],[-107.44871873542199,25.2866116647207],[-107.44864355228381,25.28654572986369],[-107.44859391156821,25.28604032141134],[-107.44857495784292,25.285095337722552],[-107.44853019095439,25.284585310722335],[-107.44845500787055,25.284519374714524],[-107.44837973455263,25.284453449564108],[-107.44830446125644,25.28438743683019],[-107.44822431417357,25.284321578167745],[-107.44814913117793,25.28425564176246],[-107.44807385794827,25.284189716214254],[-107.44799849448474,25.284119252287937],[-107.44796203121199,25.28402132038824],[-107.44795941379904,25.283886910657934],[-107.44799181556805,25.283783331923782],[-107.44806429084869,25.28371495739316],[-107.44813685640518,25.28364657188771],[-107.44820942198183,25.28357818636258],[-107.44828677113242,25.283505195862695],[-107.44835933675078,25.283436810296905],[-107.44843190238937,25.283368337226097],[-107.4485043777923,25.283299962576315],[-107.44857694347122,25.28323157695152],[-107.44864950917032,25.283163103821735],[-107.44872198463374,25.283094729113035],[-107.4487945503732,25.283026343429242],[-107.44886711613285,25.282957957725767],[-107.44894446547848,25.282884967035862],[-107.44901703127982,25.282816581291744],[-107.44908959710136,25.28274810804267],[-107.44916207268705,25.282679733214838],[-107.44923463854894,25.282611347411727],[-107.44930720443101,25.28254296158895],[-107.44937968007716,25.282474499216956],[-107.44945224599958,25.28240611335487],[-107.44952481194217,25.282337727473102],[-107.44960216148282,25.282264736593216],[-107.44967472746713,25.282196350670812],[-107.44974720321537,25.28212797568461],[-107.44981976924002,25.282059502237683],[-107.44992753523923,25.282026386746185],[-107.4500802489425,25.282023858949223],[-107.45018783453651,25.28198621595478],[-107.4502604006837,25.281917829853043],[-107.45033784069886,25.281849289522448],[-107.45041040688777,25.281780903379723],[-107.45048297309685,25.28171251721733],[-107.45055535881309,25.28163960372397],[-107.45062792506249,25.281571217522647],[-107.45070049133207,25.28150283130165],[-107.45077296736524,25.28143436853232],[-107.45084553367515,25.281365982272032],[-107.45091810000524,25.281297595992083],[-107.45099554021557,25.281229055468277],[-107.45106810658737,25.281160669147347],[-107.45114058272263,25.28109229376328],[-107.45121314913476,25.28102390740305],[-107.45128562531029,25.280950982759318],[-107.45161993659718,25.28091407349998],[-107.4522159937444,25.28090417745236],[-107.45255021596562,25.28086272754479],[-107.45262269251238,25.28079435167734],[-107.45269525933652,25.280725964832758],[-107.45276782618085,25.280657490483943],[-107.45295429779118,25.280618579932057],[-107.45324980050935,25.280613673684318],[-107.4534363627214,25.280579213227092],[-107.45350892977167,25.280510826120523],[-107.45350757590863,25.28044362751496],[-107.45343230113338,25.280377704835725],[-107.45335693612233,25.280307243823074],[-107.45328175164798,25.28024130998701],[-107.45323617163504,25.2799374107145],[-107.45322525048459,25.279395456661405],[-107.45318472489731,25.279091555169423],[-107.45310945021514,25.279025544063607],[-107.45303417555465,25.27895962034427],[-107.45295899117323,25.27889368556943],[-107.45291341121663,25.278589784340436],[-107.4529024900797,25.278047914837998],[-107.45285700039028,25.277744001650976],[-107.45278172580258,25.277678077086385],[-107.45270654149384,25.277612053981475],[-107.45263126694952,25.27754612922018],[-107.4525560826841,25.277480193404116],[-107.45248080818315,25.277414268446165],[-107.45240562396107,25.27734824494802],[-107.45233034950351,25.277282319793365],[-107.45225498481054,25.277211943727973],[-107.45217483651425,25.27714599759985],[-107.45209965238027,25.2770800611876],[-107.45202437801093,25.27701413563301],[-107.4519824084979,25.27664295347699],[-107.45196886994674,25.275966667904626],[-107.45199585679272,25.275594375762207],[-107.4520683331856,25.275526000480223],[-107.45214089985565,25.275457614223207],[-107.45221825017168,25.27538462294236],[-107.45225074272668,25.27528549402941],[-107.45224803501361,25.275151181465663],[-107.4522114808899,25.27504871025545],[-107.45213133260695,25.274982850481845],[-107.45205614848551,25.27491691298106],[-107.45198087412872,25.274850986337228],[-107.45193610665585,25.27434094995927],[-107.45191715268777,25.2733959451555],[-107.45186751134938,25.272886060277536],[-107.45179223704699,25.272820132481094],[-107.45171696276631,25.272754204586306],[-107.4516417787642,25.272688265638937],[-107.45159493544132,25.2723171439255],[-107.45158130665338,25.27164085932794],[-107.45161325758781,25.271268484844125],[-107.45168573387444,25.271200110019358],[-107.45175830043812,25.2711317242212],[-107.45183077676505,25.271058800012494],[-107.45185992976398,25.27055203405566],[-107.45184097580145,25.269607105531],[-107.45179133447753,25.269097214007065],[-107.45171606019711,25.26903119681588],[-107.45164087619527,25.26896525606124],[-107.45156560195824,25.268899326161403],[-107.45152146635454,25.26866260260678],[-107.45151325298126,25.268255029503035],[-107.45147408151225,25.268022777245292],[-107.4513988073233,25.26795229734666],[-107.45131856903309,25.267886444199203],[-107.45124338514576,25.267820502539312],[-107.4512069214195,25.267722565811766],[-107.4512041234605,25.267583711136773],[-107.45116278587643,25.267485840771542],[-107.45108751177729,25.267419909732393],[-107.45101223769984,25.267349429185657],[-107.45093696364411,25.26728349794766],[-107.4508617798667,25.26721755565937],[-107.45078650585437,25.26715162422481],[-107.45071132212031,25.2670855942513],[-107.45063117429802,25.26701972908115],[-107.45059462040075,25.26691734060986],[-107.45059191270487,25.266782936236684],[-107.45055039470473,25.26668062503575],[-107.4504752110387,25.266614682114763],[-107.45039993713787,25.26654875004704],[-107.4503247535152,25.26648271944055],[-107.45024947965777,25.266416787176237],[-107.45017429607844,25.266350843862394],[-107.45009902226442,25.266284911401524],[-107.45002383872846,25.266218967891284],[-107.44997681518336,25.265843394882275],[-107.44996327673624,25.265167081598626],[-107.44999522747256,25.264794786355093],[-107.45006770330983,25.264726325083437],[-107.45014026942361,25.264657940331276],[-107.45021283555758,25.264589555559525],[-107.45024252991423,25.26435156801769],[-107.45023431658122,25.263944074960182],[-107.45026906529964,25.263710460746903],[-107.45034145095654,25.263637635923207],[-107.45041401714646,25.26356916367086],[-107.45048658335655,25.26350077888877],[-107.4505590593303,25.263432405037683],[-107.4506364994341,25.263363866333496],[-107.45070906570606,25.263295481491102],[-107.45078154174159,25.263227107579798],[-107.45085410805389,25.26315863520852],[-107.45092667438637,25.263090250307474],[-107.45099906022567,25.26301742531016],[-107.45107162659846,25.262948952880635],[-107.45114410273469,25.262880578872117],[-107.4512166691478,25.26281219389326],[-107.45129410944672,25.262743654996893],[-107.45136658564475,25.262675280928164],[-107.4513977242416,25.26250448493976],[-107.45139230883319,25.262235760883378],[-107.45142823104445,25.262064996774928],[-107.45150079753655,25.26199652427156],[-107.45157336404884,25.261928139238513],[-107.45164584032439,25.261859765136748],[-107.45167499330267,25.26134852407393],[-107.45165603935357,25.26040348088486],[-107.45168022820314,25.25989240260892],[-107.45175270450837,25.259824028626078],[-107.45182527109068,25.259755556183123],[-107.45190271157018,25.2596871048349],[-107.45193375997401,25.259516318855894],[-107.45192834455446,25.25924759293669],[-107.45189043662084,25.25907799850083],[-107.45181028843646,25.259012130383983],[-107.45173510440749,25.258946184854583],[-107.45165992040017,25.25888023922706],[-107.45158464615764,25.25881430445124],[-107.45150946219367,25.25874835862737],[-107.45143409773772,25.258677885085906],[-107.45135891381709,25.25861193906341],[-107.45128363966138,25.25854600389233],[-107.45120845578411,25.258480057673495],[-107.45112830780914,25.25841418862732],[-107.45105303371992,25.258348253157205],[-107.45097784990908,25.258282219148565],[-107.45090266611992,25.258216272532767],[-107.45082739209579,25.258150336767926],[-107.45075211809336,25.258079938857097],[-107.45071069032431,25.257982074845934],[-107.45070798262722,25.257847666882615],[-107.45067151897575,25.257745263442494],[-107.4505962450183,25.257679327245672],[-107.45052106133905,25.257613380001878],[-107.4504409135752,25.25754750988615],[-107.45039479251955,25.25697032398264],[-107.45037304071334,25.255886490780195],[-107.45032213607854,25.255313906435518],[-107.45024695247828,25.255247870312584],[-107.45017167864331,25.25518193253121],[-107.4500964950864,25.255115983703956],[-107.45002122129482,25.255050045726122],[-107.44994594752495,25.25497964554756],[-107.4498707640331,25.254913696423653],[-107.44979549030664,25.25484775814895],[-107.44975270884589,25.254678224994173],[-107.44974729347162,25.25440949277308],[-107.44970451201877,25.25423995927782],[-107.44962923834028,25.254174020530165],[-107.44955405493968,25.254107983244783],[-107.44947887156076,25.254042033353812],[-107.44940359794737,25.253976094311493],[-107.4493284146118,25.253910144224232],[-107.44925314104184,25.253844204985466],[-107.44917786749357,25.253773803516886],[-107.4491364399745,25.253675936436466],[-107.44913382254977,25.253541514920038],[-107.44909726886227,25.253439119419227],[-107.449021995359,25.253373179748632],[-107.44894184805567,25.253307306118174],[-107.44886666485318,25.25324135530066],[-107.44882875736435,25.253071754010065],[-107.44882334200923,25.25279846983848],[-107.44878056070793,25.252633483985317],[-107.44870537755192,25.25256753269959],[-107.44851746488465,25.252534763521098],[-107.44822205778084,25.252539703233825],[-107.44803414546179,25.252506933214935],[-107.44795896252094,25.252440981211024],[-107.44788368934618,25.25237504005419],[-107.44780850644875,25.25230908785401],[-107.44773332357296,25.252243135555727],[-107.44765805046335,25.252177194104306],[-107.44761662318567,25.25207486302996],[-107.44761391552069,25.251940450987007],[-107.44757248825003,25.251838119770728],[-107.44749721518683,25.25177217798144],[-107.4474220324008,25.25170622514927],[-107.44734675938105,25.25164028316357],[-107.44731029619945,25.2515377871333],[-107.44730758853763,25.25140346220016],[-107.44726607106026,25.25130114145402],[-107.44719088834088,25.251235188190403],[-107.44711570564318,25.251169147334544],[-107.44704043271186,25.25110320481887],[-107.44699629787375,25.250866547472654],[-107.4469882651535,25.250463472738346],[-107.44694900410867,25.25022666127457],[-107.44686885744242,25.250160784151934],[-107.44679358458238,25.250090378709377],[-107.44671831174406,25.25002434789292],[-107.44664312918263,25.249958393529216],[-107.44656785638776,25.249892450010897],[-107.44649267386971,25.249826495450954],[-107.44641749137335,25.24976054079292],[-107.44637597403774,25.249658218629634],[-107.44637335664072,25.249523881484084],[-107.44633680334017,25.249421394779866],[-107.44626153063375,25.24935545073169],[-107.44618138417886,25.24928957253774],[-107.44610620177227,25.24922361734592],[-107.44603101938739,25.249157662056014],[-107.44595574676926,25.249091717610806],[-107.44588056442778,25.249025762124674],[-107.44580538210798,25.24895980654045],[-107.44576386486982,25.24885748355472],[-107.44576124747896,25.248723058258605],[-107.44572469426426,25.248620658267022],[-107.4456494217346,25.248554713291984],[-107.44557423948147,25.248488757276412],[-107.4454940932379,25.248422878013663],[-107.44541891102958,25.2483569217976],[-107.44534363858823,25.248290976425558],[-107.44526836616862,25.248220481187882],[-107.44519318402541,25.248154524675254],[-107.44515175713944,25.248056652199207],[-107.44514904950006,25.24791786240695],[-107.44511258662587,25.24781991296933],[-107.445037314273,25.2477539670675],[-107.44496213219645,25.247688010125817],[-107.44488685988702,25.24761751424543],[-107.4448428156681,25.247385302468192],[-107.44483460250514,25.246977779587297],[-107.44486926024948,25.246739701271174],[-107.44494173466201,25.246671330618355],[-107.4450142993493,25.246602949004796],[-107.44508686405679,25.246534479875727],[-107.44511926546878,25.246430893950077],[-107.44511655782975,25.246296565756893],[-107.44515383299633,25.24619291393866],[-107.44522639774266,25.246124532289727],[-107.44529887225451,25.246056074066598],[-107.44537143704125,25.245987692378755],[-107.44544391159344,25.24591932161285],[-107.44552144043311,25.24585077558675],[-107.4455938247722,25.24577795342332],[-107.44566638964106,25.245709571656338],[-107.44566503581869,25.24564236381959],[-107.44558976330626,25.245576417350083],[-107.44551458107034,25.24551045984103],[-107.44543443484513,25.245444579026156],[-107.445359252654,25.24537862131664],[-107.44528398022989,25.245312674450183],[-107.4450223320087,25.24528113260787],[-107.44457909203756,25.245288489563066],[-107.4443175347785,25.245261484955915],[-107.44424226265532,25.24519553711538],[-107.44416699055385,25.24512503934839],[-107.44409180872842,25.245059080369053],[-107.4440116629408,25.24499319801698],[-107.44393639090598,25.244927249777238],[-107.44386120914709,25.244861290499315],[-107.4437860274099,25.244795331123353],[-107.44371075544025,25.24472938258913],[-107.44363557374648,25.244663423016977],[-107.4435603920744,25.244597463346764],[-107.44348502991589,25.24452706310656],[-107.44322347375524,25.244500055175624],[-107.44277536313808,25.244507469952374],[-107.44251362718259,25.24447593239234],[-107.44243844583436,25.24440997164427],[-107.44236317425414,25.244344021736875],[-107.44228799294935,25.244278060792617],[-107.44221281166625,25.244212099750325],[-107.44213754015126,25.244146149548474],[-107.44209205233979,25.243842270729687],[-107.44208122190966,25.24330030949436],[-107.44204069805424,25.242996353076247],[-107.44196055289777,25.242930467798754],[-107.44188537170919,25.242864505816662],[-107.44181010028885,25.242798554674383],[-107.44173482889026,25.2427281410291],[-107.44165964776687,25.242662178750585],[-107.44154574795502,25.242632670468208],[-107.44139800318615,25.242635088068276],[-107.44128401323546,25.242601215515297],[-107.44120883224224,25.242535252778765],[-107.44113365127073,25.24246928994419],[-107.4410583800677,25.242403337948776],[-107.44098319913965,25.242337374918044],[-107.44090801823329,25.242271411789275],[-107.44083283734865,25.242205448562476],[-107.44075747597947,25.242134957183424],[-107.44064357656232,25.242105535164733],[-107.44049592255847,25.242107940430632],[-107.44038193300277,25.24207397912129],[-107.4403066620171,25.242008026272714],[-107.44026532616132,25.24191013658116],[-107.4402625283198,25.24177135242699],[-107.44022615638265,25.24167338609065],[-107.44015088544204,25.241607432911113],[-107.4400756145232,25.241536929685434],[-107.44000043387896,25.241470965371175],[-107.43992525325646,25.24140500095888],[-107.43984510875121,25.241339112933918],[-107.43976983792079,25.24127315925716],[-107.4396946573649,25.24120728204558],[-107.43965810500163,25.241104786992135],[-107.43965548767211,25.24097044275398],[-107.4396139714143,25.240868111534688],[-107.43953879090343,25.240802146490964],[-107.43942489201959,25.24077263497964],[-107.4392771484545,25.240775048946226],[-107.43916324968517,25.240741162167247],[-107.43908797905195,25.24067520760088],[-107.43901279869304,25.24060924200116],[-107.43893761835585,25.240543276303402],[-107.43886234778793,25.240477321442654],[-107.4387871674942,25.24041135554878],[-107.43874438784098,25.240241801693315],[-107.43873897269549,25.239968583354106],[-107.43870115693271,25.239803415242374],[-107.43862597668556,25.239737448880955],[-107.43855061595544,25.239667041790923],[-107.4384705621259,25.239601140692827],[-107.43839529169307,25.23953518496518],[-107.43832011153431,25.239469218205038],[-107.43824493139726,25.23940325134687],[-107.43816975128196,25.239337284390686],[-107.4381282352612,25.2392349513202],[-107.43812561794708,25.239100605499807],[-107.43816289211284,25.23899695189847],[-107.43823545491095,25.238928573194144],[-107.43830792747701,25.238860117904213],[-107.43838049031555,25.238791739161023],[-107.43845296292201,25.23872337133258],[-107.43853048968029,25.2386548286697],[-107.43860296232853,25.238586460800768],[-107.43867552524937,25.23851808197817],[-107.4387479076856,25.238445174992137],[-107.43882047064685,25.238376796131064],[-107.43889294337586,25.23830842818491],[-107.43896550637756,25.238239961784757],[-107.43896415259003,25.238172838122523],[-107.4388889722669,25.238106871204423],[-107.43881370171304,25.23804091512254],[-107.43873852143336,25.237974948008333],[-107.43873716764703,25.23790773673084],[-107.43880964035283,25.237834906330082],[-107.43888211307883,25.23776645092925],[-107.43895467607751,25.23769807207519],[-107.4390271488439,25.237629704135944],[-107.43909971188305,25.237561237742685],[-107.43917714858144,25.23749279337947],[-107.4392497116624,25.23742441444603],[-107.43932218451096,25.237355958927193],[-107.43939474763236,25.237287579954916],[-107.43950729271266,25.237249882124267],[-107.43965494615567,25.23724748078914],[-107.43976270795116,25.23721429981123],[-107.43984005459406,25.2371413161522],[-107.439912527607,25.237072947954616],[-107.43998509089302,25.237004568802927],[-107.44005756394635,25.236936113066367],[-107.4401301272728,25.236867733875844],[-107.44020260036652,25.23679936560071],[-107.44027516373339,25.236730898871176],[-107.44034763686751,25.236662530557272],[-107.44042020027481,25.236594151289083],[-107.44045621122699,25.236423275435065],[-107.44045070579287,25.236150066756665],[-107.44040801611918,25.23598505083301],[-107.44033274512597,25.23591463254421],[-107.44025756440749,25.235848665738935],[-107.44018229345778,25.23578270977013],[-107.4401395135752,25.235613154250366],[-107.4401341886536,25.235344385217324],[-107.44009628243518,25.235174763913456],[-107.44002110178499,25.23510879654271],[-107.43994592115652,25.235042916574674],[-107.43987065029694,25.234976959941974],[-107.43982922425761,25.234874527685232],[-107.43982651667358,25.23474019194738],[-107.43979005454457,25.234637770693396],[-107.43970991008096,25.234571879145996],[-107.43963472954238,25.234505911144122],[-107.4395594587728,25.23443995397787],[-107.4395216428908,25.234270320601265],[-107.43951622772913,25.234001648248185],[-107.43947344795603,25.233832090875964],[-107.43939826748577,25.233766122308733],[-107.43932308703722,25.233700153643497],[-107.43924790661039,25.233634184880273],[-107.4391726359527,25.23356822695212],[-107.43909736531678,25.233497806354524],[-107.43901722106649,25.23343191359721],[-107.43894204072804,25.233365944435366],[-107.43890431518822,25.233200848917257],[-107.43889880978693,25.232927635880642],[-107.43885603011535,25.232758077174044],[-107.43878084982346,25.23269210754496],[-107.43870566955327,25.232626137817892],[-107.43863039905244,25.232560178925194],[-107.438587619425,25.232390707206314],[-107.43858229453514,25.23212193388881],[-107.43854438854278,25.23195230900661],[-107.43846920834093,25.231886338714265],[-107.43839402816081,25.231820368323945],[-107.43831388412717,25.23175456157944],[-107.43827606842619,25.231584925269026],[-107.43827056303819,25.231311710212342],[-107.43822787372214,25.231146601487065],[-107.43815269361176,25.23108071802959],[-107.43807742327091,25.23101020777955],[-107.438002243204,25.23094423662155],[-107.43795946367983,25.230779225825852],[-107.4379540485507,25.230505998827258],[-107.43791623290201,25.23033636136526],[-107.43784096262958,25.230270400671216],[-107.437765782631,25.230204516450723],[-107.43769060265417,25.2301385446296],[-107.43761045883724,25.230072648891603],[-107.43753527890527,25.2300066768702],[-107.43719972216303,25.22997635226073],[-107.43660397012164,25.229986201240582],[-107.43626850483255,25.22996041313228],[-107.43619332528853,25.22989443987634],[-107.43611805551471,25.229823927278233],[-107.43604287601418,25.229758041327464],[-107.43596760628392,25.229692078704957],[-107.4358924268269,25.229626105054823],[-107.43585100142109,25.229523754899805],[-107.43584829387845,25.229389327346272],[-107.43581192255847,25.229291440214634],[-107.43573665289507,25.22922547716345],[-107.43566138325347,25.22915496382329],[-107.43558133031321,25.22908914229843],[-107.43550606071658,25.229023178946544],[-107.435430881393,25.22895720456758],[-107.43535570209116,25.22889123009064],[-107.43528052281107,25.228825255515734],[-107.43527916904272,25.228758128954553],[-107.43535164078496,25.2286896754583],[-107.43542420279867,25.228621298517734],[-107.43549667458134,25.228548382284835],[-107.43553268485198,25.228382051950113],[-107.43552726977337,25.22810882031994],[-107.43548449065632,25.22793934252644],[-107.43540931133899,25.227873367605365],[-107.4353341320434,25.227807392586328],[-107.43525886251831,25.227741428397795],[-107.43522240102959,25.22763900087165],[-107.43521969349351,25.227504659720175],[-107.43517835844607,25.227406759883447],[-107.43510308896612,25.227336332643738],[-107.43498919202466,25.227306809356417],[-107.43484145097925,25.227309210352757],[-107.43472755415245,25.227275311550077],[-107.434652375054,25.227209335642804],[-107.43461446963447,25.2270397037949],[-107.43460914482597,25.226771009368196],[-107.43456636586002,25.226601442259593],[-107.4344911868082,25.226535465885373],[-107.43441591752722,25.226469500340656],[-107.43434073851893,25.226403523770436],[-107.43429795959715,25.226234043652962],[-107.43429263479513,25.22596526072893],[-107.43425472942805,25.225795627732666],[-107.4341795504664,25.22572973820058],[-107.43409949798249,25.225663826092443],[-107.43402422881493,25.225597859782113],[-107.43398099869138,25.225155067115264],[-107.43396484380362,25.22434436061139],[-107.43399056527342,25.223904944018646],[-107.43406303665638,25.223836491338712],[-107.43414047185503,25.223768050225434],[-107.43421303353065,25.223699674084322],[-107.43421158951702,25.223628006836424],[-107.43413641056782,25.223562028715595],[-107.43405626784642,25.22349612640806],[-107.43398108894213,25.223430148087026],[-107.43394462763267,25.22332771777072],[-107.43394192010989,25.223193374187524],[-107.43390058526565,25.22309547150757],[-107.43382531615572,25.223025040983416],[-107.43375004706756,25.222959073157934],[-107.43367486825188,25.222893094308542],[-107.4336320894397,25.22272361119886],[-107.43362676465134,25.222454824719946],[-107.43366277466292,25.222284028810694],[-107.43373524595448,25.22221557636881],[-107.43380780751696,25.22214720048806],[-107.43388027884896,25.222078835513646],[-107.43391764265691,25.221975167870887],[-107.43391493513441,25.221840823726794],[-107.43387351004374,25.221738468535264],[-107.43379833119235,25.221672489205744],[-107.4337231523627,25.221606509778297],[-107.4336479735548,25.221540530252906],[-107.43364661979494,25.22147340178054],[-107.43371918133268,25.22140493848214],[-107.43379165263997,25.22133657359612],[-107.4338642142182,25.221268197765344],[-107.43393668556593,25.221199745334403],[-107.43400915693387,25.22112691756989],[-107.43408659211647,25.221058389234436],[-107.43415906352621,25.220990024250572],[-107.43419155382855,25.22089088422071],[-107.4341888463032,25.220752076964082],[-107.43415238496458,25.220654108438147],[-107.4340772060325,25.22058812883093],[-107.43388939417359,25.22055538530269],[-107.43358903988265,25.22056032927447],[-107.43340763616716,25.220599177218137],[-107.43333020118688,25.220667617743697],[-107.43325763975776,25.220736080851673],[-107.4331851685994,25.220804445508843],[-107.43307740952957,25.220837616223186],[-107.43292479604902,25.22084007614691],[-107.4328158638324,25.220810558837552],[-107.43274068528702,25.220744578130482],[-107.43266054299608,25.220678673126308],[-107.43258536449561,25.220612692219053],[-107.43240251747727,25.22057987040301],[-107.43210216490513,25.22058481071415],[-107.43191435447385,25.220552063847364],[-107.43183917618936,25.2204860822229],[-107.43176399792658,25.22042018800773],[-107.4316888196856,25.22035420618745],[-107.43142718513658,25.220327156033793],[-107.43097918509278,25.220334475083774],[-107.43072242473917,25.220302895610764],[-107.43064724679968,25.220236912818056],[-107.43056719540425,25.220171082217732],[-107.43049192726014,25.22010511014765],[-107.43041674938739,25.220039127056886],[-107.43034148128689,25.21996869189212],[-107.43026630345769,25.2199027086033],[-107.43019112565024,25.219836725216567],[-107.43011594786459,25.219770741731914],[-107.43004077010069,25.219704845657333],[-107.42999402091394,25.2193336937113],[-107.42998057375561,25.218657395175313],[-107.42993869804553,25.21828626458039],[-107.4298585566192,25.21822035576587],[-107.42978328868051,25.218149919199195],[-107.42970811101294,25.218083934542776],[-107.42963293336715,25.218018037297004],[-107.4295577557431,25.21795205244481],[-107.42948257814085,25.21788606749471],[-107.42940740056035,25.217820082446703],[-107.4294060468226,25.217752952081852],[-107.42947851692645,25.217684501441727],[-107.42955107729978,25.21761612736979],[-107.42962345719485,25.217543224669722],[-107.42969601760866,25.217474850559515],[-107.42976848779347,25.217406487351266],[-107.42984104824782,25.21733811320239],[-107.4299184821879,25.21726958682305],[-107.4299482644787,25.217031634543815],[-107.42994023228479,25.216628578619275],[-107.42990106406184,25.216391793986155],[-107.42982092264712,25.216325884188176],[-107.42974565471937,25.216255446649328],[-107.42967047706269,25.216189461046742],[-107.42959529942777,25.216123475346254],[-107.42952012181465,25.216057577056965],[-107.42944494422328,25.215991591160723],[-107.42936976665368,25.215925605166586],[-107.42929458910585,25.21585961907455],[-107.42921932133069,25.215793643805036],[-107.42913927037552,25.215727809669108],[-107.42906400264539,25.21565737122254],[-107.42898882518612,25.215591384732413],[-107.42891364774862,25.215525398144383],[-107.42883847033289,25.21545941145846],[-107.42876320268998,25.215393523104133],[-107.42868802531783,25.215327536222393],[-107.42861284796744,25.215261549242758],[-107.42853767063885,25.21519556216524],[-107.42845761989393,25.215129727103605],[-107.42838235236145,25.215059200239626],[-107.42830717509962,25.214993300371724],[-107.42823190761078,25.21492732381564],[-107.42815673039253,25.21486133624215],[-107.42808155319605,25.21479534857076],[-107.42800637602134,25.21472944831143],[-107.42793119886842,25.214663460444307],[-107.42785602173728,25.214597472479298],[-107.42777597120262,25.214531548981945],[-107.42770061361927,25.214461119638933],[-107.42762543655492,25.21439521888387],[-107.42755025951236,25.2143292305208],[-107.42747508249158,25.214263242059836],[-107.42739990549258,25.214197253501002],[-107.42732472851536,25.214131264844273],[-107.42724955155992,25.214065363600024],[-107.42717437462628,25.213999374747573],[-107.42709423405351,25.213933461242533],[-107.42701896691652,25.213863020072928],[-107.42694379004968,25.213797030920272],[-107.42686861320462,25.213731129180317],[-107.42679343638135,25.213665139831928],[-107.42671825957986,25.21359915038567],[-107.42664308280015,25.213533160841525],[-107.42656790604224,25.213467258710253],[-107.4264927293061,25.213401268970383],[-107.42641258894392,25.213335354538714],[-107.4263374122528,25.213269364598762],[-107.42626214533537,25.213198922421483],[-107.42618696868786,25.21313301979452],[-107.42611179206212,25.21306702955875],[-107.42603661545817,25.213001039225105],[-107.42596143887602,25.212935048793582],[-107.42588626231566,25.21286914577531],[-107.42581108577707,25.21280315514808],[-107.42573590926028,25.21273716442297],[-107.42565576913192,25.212671336473747],[-107.4255805024123,25.2126008058777],[-107.42550532596235,25.212534902363753],[-107.4254301495342,25.212468911240638],[-107.42535497312781,25.212402920019642],[-107.42527979674324,25.212336928700783],[-107.42520462038046,25.21227102479555],[-107.42512944403947,25.212205033280977],[-107.42505426772026,25.212139041668543],[-107.42497421805018,25.212073201876912],[-107.42489895152836,25.21200275788476],[-107.42482377527598,25.211936765972276],[-107.4247485990454,25.21187077396191],[-107.42467333258908,25.21180479276962],[-107.42459815640211,25.211738888075306],[-107.42452298023694,25.21167289577131],[-107.42444780409356,25.21160690336944],[-107.42437262797198,25.211540910869708],[-107.42429257851235,25.21147507015262],[-107.42421731218839,25.21140462525302],[-107.42414213613365,25.211338632453245],[-107.4240669601007,25.211272639555613],[-107.42399178408955,25.211206646560115],[-107.4239166081002,25.211140740978983],[-107.42384143213265,25.211074747787794],[-107.42376625618691,25.211008754498746],[-107.42369108026294,25.210942848624196],[-107.42361094076658,25.210876930384277],[-107.42353567464052,25.21080648457727],[-107.42346049878344,25.210740490890263],[-107.42338532294816,25.210674497105394],[-107.42331014713469,25.210608590735234],[-107.42323497134302,25.210542596754678],[-107.42315979557313,25.210476602676266],[-107.42308461982506,25.21041060849999],[-107.4230094440988,25.2103447017386],[-107.42292930481317,25.21027878257224],[-107.42285403888505,25.210208335857875],[-107.42277886322566,25.21014234128366],[-107.42270368758808,25.210076434124502],[-107.4226285119723,25.21001043935461],[-107.42255333637834,25.209944444486858],[-107.42247816080618,25.209878449521256],[-107.42240298525581,25.209812541970884],[-107.42232780972728,25.20974654680961],[-107.42224776089911,25.209680615803293],[-107.42217249516892,25.209610168181673],[-107.42209731970723,25.209544260233624],[-107.42202214426737,25.2094782646745],[-107.42194696884928,25.20941226901752],[-107.42187179345305,25.209346360776074],[-107.42179661807859,25.209280364923433],[-107.42172144272595,25.209214368972944],[-107.42164626739513,25.2091483729246],[-107.42157109208611,25.20908246429196],[-107.4214909532453,25.209016543170765],[-107.42141568773495,25.20894609454183],[-107.42134051249283,25.208880098095584],[-107.42126533727253,25.2088141890652],[-107.42119016207404,25.208748192423297],[-107.42111498689736,25.20868219568354],[-107.42103981174252,25.208616286359785],[-107.42096463660945,25.208550289424384],[-107.42088946149823,25.208484292391123],[-107.42080932286828,25.208418457857587],[-107.42073405755593,25.208348008321458],[-107.42065888251163,25.208282010988157],[-107.42058370748913,25.208216013557013],[-107.42050853248844,25.20815001602802],[-107.42043335750957,25.208084105915376],[-107.42035818255253,25.20801810819074],[-107.42028300761729,25.207952110368264],[-107.42020783270387,25.207886199962253],[-107.42012778453075,25.207820266077036],[-107.42005251941646,25.207749815633772],[-107.41997734456994,25.2076838174135],[-107.41990216974524,25.207617906609855],[-107.41982699494237,25.207551908193945],[-107.41975182016131,25.207485909680187],[-107.41967664540208,25.20741991106859],[-107.41960147066466,25.207353999873806],[-107.41952629594907,25.207288001066573],[-107.41944615774086,25.207222164681383],[-107.41937089282467,25.207151713330994],[-107.41929571817603,25.207085714223748],[-107.41922063379482,25.207019704108088],[-107.41914545918978,25.206953704805237],[-107.41907028460658,25.2068877929195],[-107.41899511004519,25.20682179342102],[-107.41891993550563,25.206755793824705],[-107.4188447609879,25.206689881645637],[-107.41876462299061,25.206623956819612],[-107.41868935827252,25.20655350456217],[-107.41861418382172,25.206487504568017],[-107.41853900939276,25.206421591991273],[-107.41846383498562,25.206355591801497],[-107.41838866060031,25.206289591513883],[-107.41831348623683,25.20622367864382],[-107.41823831189517,25.206157678160586],[-107.41816313757535,25.206091677579526],[-107.4180830900343,25.206025828433383],[-107.41800782551434,25.205955375268974],[-107.41793265126145,25.20588937438799],[-107.41785747703038,25.20582337340919],[-107.41778230282115,25.20575745984821],[-107.41770712863375,25.205691458673794],[-107.41763195446816,25.205625457401542],[-107.41755678032443,25.205559543547256],[-107.41748160620253,25.2054935420794],[-107.41740146862723,25.205427615401188],[-107.41732629455043,25.205361701249274],[-107.41725112049546,25.205291236169188],[-107.41717594646234,25.205225234303587],[-107.41710077245104,25.205159232340172],[-107.41702559846156,25.20509331779503],[-107.41695042449395,25.205027315636002],[-107.41687525054815,25.20496131337915],[-107.4168000766242,25.20489539854071],[-107.41672490272207,25.20482939608826],[-107.41664476538108,25.204763555898232],[-107.41656950127935,25.204693100819885],[-107.41649432744421,25.204627098067473],[-107.41641915363091,25.204561095217233],[-107.41634397983945,25.204495179785653],[-107.41626880606982,25.204429176739826],[-107.41619363232203,25.204363173596175],[-107.41611854884066,25.2042972469638],[-107.41604337513651,25.20423124362463],[-107.41596323800658,25.204165314992355],[-107.4158879741031,25.204094859007117],[-107.41581280046594,25.20402894288473],[-107.41573762685064,25.203962939147786],[-107.41566245325718,25.20389693531303],[-107.41558727968557,25.203831018897358],[-107.41551210613578,25.203765014867013],[-107.41543693260786,25.203699010738855],[-107.41536175910177,25.20363309402991],[-107.41528171242722,25.20356715356498],[-107.41520644872199,25.20349669667293],[-107.41513127528287,25.20343077966425],[-107.41505610186562,25.203364775040633],[-107.41498092847019,25.20329877031921],[-107.41490575509661,25.203232853017266],[-107.41483058174488,25.203166848100267],[-107.41475540841499,25.203100843085455],[-107.41468023510696,25.203034925490243],[-107.41460018864329,25.202968984100128],[-107.41452492513636,25.202898526301308],[-107.4144497518953,25.202832608406364],[-107.41437457867612,25.202766602896123],[-107.41429940547874,25.20270059728808],[-107.41422423230324,25.202634679099887],[-107.41414905914958,25.202568673296266],[-107.41407388601777,25.202502667394842],[-107.41399871290781,25.202436748913406],[-107.41391866665508,25.20237080659814],[-107.41384340334649,25.20230034789258],[-107.41376823030352,25.202234429111424],[-107.41369305728242,25.20216842271459],[-107.41361788428316,25.202102416219955],[-107.41354271130575,25.202036497145556],[-107.41346753835019,25.20197049045536],[-107.4133923654165,25.20190448366736],[-107.41331719250466,25.201838564299727],[-107.41323714646289,25.201772621059348],[-107.41316188335264,25.201702161447095],[-107.41308671050781,25.20163624177977],[-107.41301153768482,25.201570234496373],[-107.41293636488369,25.20150422711518],[-107.41286119210443,25.201438307154614],[-107.41278601934702,25.201372299577876],[-107.41271084661146,25.201306291903332],[-107.41263567389777,25.201240371649543],[-107.41256059144924,25.20117435287544],[-107.41248045539842,25.201108507030593],[-107.41240519250846,25.201038046411714],[-107.41233001988364,25.2009720382418],[-107.41225484728068,25.200906117492867],[-107.41217967469957,25.2008401091274],[-107.41210450214032,25.200774100664148],[-107.41202941984608,25.200708168718517],[-107.41195424733053,25.20064216005979],[-107.41187907483685,25.200576151303277],[-107.41179893899731,25.2005103045331],[-107.41172367630575,25.200439843007608],[-107.41164850387914,25.20037383395121],[-107.41157333147436,25.20030791231618],[-107.41149824933441,25.20024189216129],[-107.41142307697335,25.20017588281164],[-107.41134790463414,25.200109960883477],[-107.4112727323168,25.200043951338287],[-107.41119756002134,25.19997802921467],[-107.4111174243931,25.199912093999863],[-107.41104225214279,25.199841620665286],[-107.41096707991437,25.199775698242014],[-107.41089190770779,25.199709688201498],[-107.41081673552311,25.199643678063204],[-107.41074156336028,25.199577755346734],[-107.41066639121931,25.19951174501291],[-107.41059121910021,25.199445734581307],[-107.41051604700299,25.19937981157165],[-107.41043600182866,25.199313864529294],[-107.41036073953404,25.19924340119077],[-107.41028556750388,25.199177477881463],[-107.41021039549557,25.199111466954548],[-107.41013522350913,25.199045543449813],[-107.41006005154456,25.198979532327375],[-107.40998487960188,25.198913521107155],[-107.40990970768104,25.198847597309243],[-107.4098345357821,25.198781585893503],[-107.40975584445393,25.198782864928447],[-107.40968328962673,25.198851230757334],[-107.40965080239727,25.198950377124902],[-107.40965350966623,25.199089207082352],[-107.40961605911471,25.19918834034489],[-107.40954359456902,25.199256782777297],[-107.40947113004367,25.199329601195775],[-107.40939857529641,25.199398054491315],[-107.40932611081172,25.199466409346297],[-107.40925355610521,25.199534775083198],[-107.40918109166121,25.1996031298997],[-107.40910357367947,25.199671657557037],[-107.40903110927755,25.199740012333375],[-107.40895855465388,25.19980837799152],[-107.40888609029264,25.199876820249543],[-107.40881362595172,25.19994963849678],[-107.40874107138916,25.20001809161766],[-107.40866860708893,25.20008644629818],[-107.40855598515334,25.200119655108907],[-107.40840825917925,25.200122008610766],[-107.40829446421347,25.200092519357405],[-107.40821929278458,25.200026507120896],[-107.40814412137757,25.19996058230699],[-107.4080688597507,25.19989011723331],[-107.40795506493446,25.1998606274991],[-107.40780733930413,25.199862980122955],[-107.40769345436152,25.199829037448286],[-107.4076182831076,25.199763024557058],[-107.40754311187553,25.199697099088702],[-107.40746794066538,25.19963108600195],[-107.40735405587246,25.19959705531656],[-107.40720633058596,25.199599494580568],[-107.40709740918574,25.19956994032567],[-107.40701736507087,25.199503990236796],[-107.40694219401375,25.199438064116222],[-107.40686702297856,25.19937205037699],[-107.40667923084818,25.199339243570158],[-107.40638387137315,25.199344109086166],[-107.40619752345172,25.199382981964177],[-107.40612496962426,25.199451346627907],[-107.40605250605823,25.19951970037348],[-107.40597995227154,25.19958806499865],[-107.40590739850525,25.19965651712576],[-107.4058349350003,25.19972487081358],[-107.40576238127477,25.19979323538092],[-107.40568495456031,25.19986175085376],[-107.40561240087693,25.19993011538087],[-107.40554002769568,25.200003009196614],[-107.40546747405305,25.200071373685557],[-107.40539492043081,25.2001397381552],[-107.40532245706976,25.200208091706973],[-107.4052499034883,25.20027654365934],[-107.40521254381625,25.200380129740875],[-107.40521525103867,25.200514497988735],[-107.40518276437138,25.200618108159755],[-107.40511021082919,25.200686472575835],[-107.4050327843104,25.20075498788766],[-107.40496032105104,25.20082334136498],[-107.40488776757138,25.20089170572154],[-107.40481521411213,25.20096007005879],[-107.40470268409815,25.20099772873198],[-107.40455505056964,25.201000154649627],[-107.40444739365499,25.201033286165302],[-107.40436987709461,25.201101724635386],[-107.40429741402141,25.201170165435986],[-107.40422495096858,25.201242982286406],[-107.40411729419166,25.201276113625443],[-107.40396469778098,25.20127861324404],[-107.40385577774882,25.20124896900998],[-107.40378051737238,25.201178500728542],[-107.40373783373937,25.20101342589947],[-107.40373250956577,25.20074021365537],[-107.40369469891235,25.20057061155183],[-107.40361456561267,25.200504757255104],[-107.40353948578691,25.200438730207647],[-107.40346431574288,25.200372713959876],[-107.40342515152692,25.200135970462657],[-107.40341721039631,25.19973284041193],[-107.40337317322187,25.199496072101073],[-107.40329800322628,25.19943014277625],[-107.4032241868534,25.199431354462956],[-107.40315163386198,25.199499718116833],[-107.40307917113098,25.199568070854642],[-107.40300661818037,25.199636434469955],[-107.4029291922929,25.199704948877827],[-107.40285663938447,25.199773312452894],[-107.40278417673636,25.19984166511201],[-107.40271162386874,25.19991011617074],[-107.40245146244776,25.1999501080855],[-107.40200838550177,25.199957309584672],[-107.4017480443112,25.19999294579294],[-107.40167567221413,25.20006583836824],[-107.40159815648676,25.200134275684494],[-107.40152569419227,25.200202627943995],[-107.4013441324679,25.20023697854259],[-107.40104390617931,25.200241807759777],[-107.40085620852699,25.200213532124387],[-107.40078103926513,25.200147513411046],[-107.40070587002519,25.200081582122795],[-107.40063061056803,25.200011110441196],[-107.40051681903242,25.19998161288895],[-107.40036909766107,25.199983956509634],[-107.40025512576288,25.199950016780754],[-107.40018004691531,25.199883986517882],[-107.40010487785062,25.19981805457528],[-107.40002970880786,25.19975203501183],[-107.39984192165518,25.19971921697622],[-107.39954657000953,25.199724066251147],[-107.3993588734476,25.199695700177077],[-107.39928370462242,25.19962976742293],[-107.39920853581918,25.199563747047616],[-107.39913336703788,25.199497814098066],[-107.39901948592475,25.199463774358904],[-107.39887176541167,25.199466203387242],[-107.39875788441418,25.199432163349215],[-107.39868271576434,25.199366229940747],[-107.39864634966668,25.199268217276803],[-107.39864364251324,25.199129381279484],[-107.3986023133072,25.199031442484745],[-107.39852714470274,25.198965508747197],[-107.3984519761202,25.198899487388072],[-107.39837671732126,25.198829013102483],[-107.39830154878261,25.198763079069632],[-107.3982263802659,25.19869705741505],[-107.39814633890428,25.1986311862639],[-107.39807117043286,25.19856516440961],[-107.39799600198337,25.198499229981735],[-107.39792083355582,25.198433207931973],[-107.39784701872273,25.19843441606399],[-107.3977744672448,25.19850277780512],[-107.39770200602544,25.198571216158534],[-107.39762945458837,25.198639577861083],[-107.3974431129935,25.19867843805464],[-107.39714280101195,25.19868326672307],[-107.39696124237567,25.198717610375102],[-107.39688878138507,25.198785960944555],[-107.39681126709766,25.198854483830935],[-107.39673889638705,25.19892728721685],[-107.39666499165494,25.198928505659094],[-107.39658973337811,25.19885802978623],[-107.39651465559866,25.1987920833063],[-107.39643948760344,25.19872606009603],[-107.39632560768128,25.19869656832368],[-107.39617797895066,25.198698982746844],[-107.39606400890662,25.198664950286197],[-107.39598884104294,25.198598926618992],[-107.3959136732012,25.198532990378897],[-107.39583850538142,25.198466966516236],[-107.39576342782101,25.198401019189536],[-107.39568826004509,25.19833499513149],[-107.39561300205372,25.198264518090195],[-107.39553783432171,25.19819858135951],[-107.39504983114037,25.19817511779478],[-107.39415883067697,25.198189521997293],[-107.39367705644284,25.198228669913313],[-107.39360450613998,25.198297117741784],[-107.39353204609421,25.198369930946527],[-107.39345958606884,25.198438280321458],[-107.39319925351842,25.198473897831008],[-107.39275131972235,25.198481125873727],[-107.39249107812483,25.198521194922986],[-107.39241852815637,25.198589554844542],[-107.39234606844461,25.198657991383918],[-107.39227351851703,25.198726351266874],[-107.39216099398078,25.198763999296197],[-107.39201327740287,25.198766419571832],[-107.3918993994392,25.198732371768024],[-107.3918242327919,25.198666432001414],[-107.39174906616657,25.198600404610897],[-107.39167389956322,25.19853446464893],[-107.3915987329818,25.19846843706298],[-107.39152365665834,25.198402486017432],[-107.39144839988494,25.198332005277244],[-107.39136827039499,25.19826605108138],[-107.39111172986483,25.198238888005818],[-107.39066370946827,25.198246118819693],[-107.390403469983,25.19828171959948],[-107.3903309206034,25.198350078790018],[-107.39025846147979,25.19842289094018],[-107.39018591214109,25.19849133761926],[-107.3900732982828,25.198524443413373],[-107.3899256731394,25.198526850122867],[-107.38981314963044,25.19856449623015],[-107.38974060041741,25.198632942768707],[-107.38966805122486,25.198701301761037],[-107.38959550205279,25.198769660734047],[-107.38952168960768,25.198770863888623],[-107.3894465236554,25.198704834525973],[-107.3893713577251,25.198638892592616],[-107.3892913191176,25.198572925753886],[-107.3892161532327,25.198506983620938],[-107.38914098736974,25.198440953863184],[-107.3891045323853,25.198338481332357],[-107.38910191556731,25.19820418018241],[-107.38906049765852,25.19810178110843],[-107.3889853318411,25.198035838546637],[-107.3887976429812,25.198002989587504],[-107.38850221377457,25.19800773338098],[-107.38831587878985,25.1980465804123],[-107.38824332999941,25.198115026399677],[-107.38817078122946,25.198183384840206],[-107.38809832271474,25.198251732375663],[-107.38791189778819,25.198290589873785],[-107.38761159693242,25.19829548200369],[-107.38743013525728,25.198329713877495],[-107.3873575867169,25.19839807205769],[-107.38728025577042,25.198471033414112],[-107.38720770727237,25.198539391554394],[-107.38679966746967,25.198577410289264],[-107.386056408663,25.198589342444752],[-107.38564846092292,25.19863181057223],[-107.3855759128857,25.198700168168624],[-107.38550345510284,25.198768514861626],[-107.38543090710658,25.198836872419395],[-107.38535835913082,25.198905317486158],[-107.38528581117556,25.198973675005284],[-107.38520839061904,25.199042095068666],[-107.38513593293985,25.199114993136863],[-107.38506212177585,25.199116193671422],[-107.38498686689454,25.199045707493532],[-107.38491170226891,25.198979674280274],[-107.38483653766528,25.198913728497764],[-107.38464885183633,25.198885337213273],[-107.38435351763421,25.198890148523454],[-107.38416574192496,25.198857303331927],[-107.3840905775397,25.198791356835834],[-107.38401541317644,25.198725322713294],[-107.3839402488352,25.198659376021883],[-107.38375247342822,25.198626529944857],[-107.3834522676688,25.198631401266148],[-107.38326945543666,25.198602944966993],[-107.38318941873041,25.198537060034944],[-107.38311416439802,25.19846657189324],[-107.38303900032066,25.198400624286467],[-107.38277750529868,25.198373428524743],[-107.38233446223599,25.198380555433396],[-107.38207414095608,25.198416150328434],[-107.38200159392895,25.19848450668838],[-107.3819291371549,25.198557403684173],[-107.38185171761073,25.19862582242654],[-107.38177917064648,25.19869417872722],[-107.38170662370273,25.198762535008573],[-107.3816340767795,25.198830978800157],[-107.38156162010922,25.198899324161513],[-107.381489073227,25.198967680384886],[-107.38141652636527,25.199036036588918],[-107.38141778961891,25.19910328203682],[-107.38149304345384,25.19917368385459],[-107.38156820707842,25.19923971997681],[-107.38164337072497,25.19930566847185],[-107.3816846972051,25.199403619343986],[-107.38168740418001,25.199542464640476],[-107.38164986746378,25.199641610647095],[-107.38157732055659,25.19970996695935],[-107.38150495413478,25.199782853016977],[-107.38143240726858,25.199851209290973],[-107.38139757756149,25.200089200500905],[-107.38140542778004,25.20049228898199],[-107.38137565109028,25.2007302831756],[-107.38130310426062,25.200798639480436],[-107.38119058452936,25.200836279495878],[-107.38104287425936,25.20083868755743],[-107.38093026440998,25.200871874267257],[-107.38085771770628,25.200940230431314],[-107.38078526125527,25.201013039689364],[-107.38071271459258,25.201081483344428],[-107.38060010488812,25.201114582339088],[-107.38045239495813,25.201116989836457],[-107.38033987559997,25.20115462928111],[-107.38026732906324,25.201222985266067],[-107.38019487277899,25.201291417880007],[-107.38012232628327,25.201359773826297],[-107.3797881976008,25.20140102886515],[-107.3791925779856,25.201410618418965],[-107.37885709704196,25.201380172274497],[-107.37878193421187,25.20131413479975],[-107.37874060819944,25.201211718660527],[-107.37873799148707,25.20107741310033],[-107.37870153797982,25.200974934483593],[-107.37862637519532,25.20090889667758],[-107.37855121243288,25.20084294630395],[-107.37847108696727,25.20077706903673],[-107.37839601448167,25.200711020053664],[-107.37832085178674,25.200645069382826],[-107.37821185238356,25.20061094552158],[-107.37805918111196,25.200613423010097],[-107.37795162551896,25.200650987218683],[-107.37787907965787,25.20071934234887],[-107.37780166133622,25.200787759757258],[-107.3777291155176,25.20085620237745],[-107.37765656971949,25.20092455744792],[-107.3775840239419,25.200992912499032],[-107.37751156841588,25.20106572070176],[-107.37743902267934,25.201134163244944],[-107.37710489749365,25.201170859404865],[-107.37650919388184,25.201180446127026],[-107.37617516013893,25.201221680612175],[-107.37610261478069,25.2012900351812],[-107.37603006944299,25.201358389730864],[-107.37595752412581,25.201426744261155],[-107.37588497882918,25.201495186302928],[-107.3758124335531,25.20156354079451],[-107.37573501585574,25.201631957496662],[-107.37566256085249,25.201704765143266],[-107.37555482580457,25.201737885565056],[-107.37540224634608,25.20174034947912],[-107.37529333841442,25.20171076389015],[-107.3752180863992,25.201640270240798],[-107.37517676096141,25.201542403241923],[-107.37517414428544,25.201408008371363],[-107.37513769128509,25.20130552741953],[-107.37505765711684,25.201239636369557],[-107.374982495401,25.20117359549109],[-107.37490733370723,25.20110764204616],[-107.37483208180541,25.201037147753272],[-107.37475692015576,25.200971194110824],[-107.3741262128242,25.200949888853682],[-107.37293491106777,25.20096901822843],[-107.37230041859755,25.201010570461648],[-107.37222787433679,25.201079011223726],[-107.37215542032571,25.20115181769953],[-107.37208287610605,25.201220170891098],[-107.37189646281993,25.201254543590686],[-107.37160105307922,25.201259249811276],[-107.37141337693967,25.20123092584465],[-107.37133821629354,25.201164969294723],[-107.37126296544065,25.20109447183284],[-107.37118789506748,25.20102841667824],[-107.37107402634636,25.20099889934174],[-107.370926321908,25.201001295162154],[-107.37081371650461,25.201034473740293],[-107.37074117266522,25.201102826464652],[-107.37066871907501,25.201175632461034],[-107.37059617527672,25.201244072679692],[-107.370523631499,25.201312425346323],[-107.37045108774184,25.20138077799357],[-107.37037854400525,25.20144913062146],[-107.37030112795081,25.20151754523892],[-107.37022858425674,25.2015859853591],[-107.37015604058323,25.201654337927206],[-107.37008349693026,25.201722690475936],[-107.37001104352628,25.20179549630016],[-107.36993849991444,25.20186393634324],[-107.36986595632318,25.20193228883423],[-107.36982842133875,25.20203143529656],[-107.36983112818841,25.20217028607884],[-107.36979855576615,25.202269359632556],[-107.36972601221456,25.20233771210771],[-107.36964859635756,25.20240621409528],[-107.36957614307673,25.20247901982354],[-107.36954357068693,25.20257809335437],[-107.36954618730533,25.202712490776904],[-107.36950874259604,25.202816177970565],[-107.36943619912662,25.202884530389856],[-107.36936365567779,25.20295288278976],[-107.3692911122495,25.203021235170283],[-107.36925908126472,25.20339807187873],[-107.36927216434253,25.204074434173602],[-107.36924491545018,25.20444675458332],[-107.3691723720556,25.204515107040823],[-107.36909982868157,25.20458345947895],[-107.36902232278602,25.204651884787296],[-107.36899245730751,25.20488980814065],[-107.36900039737398,25.205297451609358],[-107.36896556935704,25.205535447507188],[-107.36889302604168,25.20560379995488],[-107.3687852938426,25.20563691640405],[-107.3686327184189,25.20563937404422],[-107.36852507655735,25.20567694357407],[-107.36845253336689,25.205745295882465],[-107.36837999019703,25.20581364817146],[-107.36830248451962,25.20588207332431],[-107.36822994139229,25.205950425572816],[-107.36815739828556,25.206018865334183],[-107.36812888632386,25.20632393762481],[-107.3681393527398,25.206865900600988],[-107.36810587825583,25.207171045146577],[-107.36803333518428,25.20723948496109],[-107.36796079213332,25.20730783722421],[-107.36788824910292,25.20737618946791],[-107.3678561280662,25.20775303445098],[-107.36786921107223,25.208429391724582],[-107.36784196232935,25.20880170954218],[-107.36776941933267,25.208870061862374],[-107.3676919138403,25.20893848707883],[-107.36761937088617,25.209006839358494],[-107.36758824238606,25.209177601529486],[-107.36759338535538,25.20944631645474],[-107.36763119069447,25.209615947713278],[-107.36770635025154,25.209681990989832],[-107.3677863821211,25.20974788457762],[-107.36786154172378,25.209813927654487],[-107.3679367915762,25.209884423857567],[-107.3680119512231,25.209950379205427],[-107.36808711089206,25.2100164219869],[-107.36816227058313,25.210082377139397],[-107.36820359488846,25.21018479701125],[-107.36820621149317,25.210319104563432],[-107.36824257327865,25.21041713317394],[-107.3683177330154,25.210483087997456],[-107.36839298300205,25.210553583461255],[-107.3684730150865,25.21061956351483],[-107.36851073032776,25.21078465244166],[-107.36851605377134,25.2110578949383],[-107.36848483493424,25.21122866685269],[-107.36840741945286,25.2112970816958],[-107.36829968745835,25.211330199570476],[-107.36815198462169,25.21133259778172],[-107.36803947066714,25.211370230773305],[-107.36796683738676,25.211438594237556],[-107.36789429435466,25.211506946806722],[-107.36782175134313,25.211575299356447],[-107.36774433606249,25.211643713979857],[-107.3676717930935,25.211712154020027],[-107.36759934037262,25.211784959714382],[-107.36752670721727,25.211853323060538],[-107.3671925949683,25.211890093176528],[-107.36659682419648,25.21189957866458],[-107.3662627131627,25.211940810482574],[-107.3661901706141,25.21200916250889],[-107.36611762808609,25.212077514515766],[-107.36604508557863,25.212145866503192],[-107.3659725430918,25.212214218471175],[-107.36590000062553,25.212282657951135],[-107.36582745817985,25.21235100988024],[-107.36575004350308,25.21242388792035],[-107.36564231262827,25.21245700410687],[-107.3654946113268,25.21245939970749],[-107.36538209854172,25.212497030956925],[-107.36530955624303,25.212565382725842],[-107.36523701396494,25.212633734475318],[-107.36516447170744,25.212702086205343],[-107.36497806346358,25.212740920249946],[-107.36467769925603,25.212745782833444],[-107.36449490042482,25.212712842881647],[-107.36441477935934,25.212646871093472],[-107.3643396207701,25.212580913884093],[-107.36426446220295,25.212514869045133],[-107.36415546878592,25.212480824274802],[-107.36400289612546,25.21248319250173],[-107.36389525621344,25.212520760623743],[-107.36382271433685,25.21258919941862],[-107.36378518023963,25.21268834473849],[-107.3637878870253,25.212827194442507],[-107.36375531537297,25.212926266900944],[-107.36367781109777,25.21299469097494],[-107.36360535950907,25.213067582991002],[-107.3635328177148,25.213135934197453],[-107.36346027594114,25.21320428538445],[-107.36338773418807,25.213272636551984],[-107.36331519245562,25.213340987700064],[-107.36324265074374,25.21340933882869],[-107.36317001882651,25.21347778834276],[-107.36309747715586,25.213546139432456],[-107.3630200633062,25.2136145524419],[-107.36294752167814,25.213687367625777],[-107.36287498007069,25.213755806187844],[-107.36280243848384,25.213824157198403],[-107.3627298969176,25.213892508189492],[-107.36265735537197,25.21396085916113],[-107.36258481384692,25.21402921011331],[-107.36251227234249,25.21409756104602],[-107.36232586603379,25.214136392210545],[-107.36202550494463,25.21414124980263],[-107.36184397116835,25.214175466729472],[-107.36177142987435,25.214243817420442],[-107.36173398630405,25.214347503443896],[-107.36173660284253,25.214481812788772],[-107.36169915927732,25.214585498777176],[-107.36162661802446,25.214653849450592],[-107.36155407679222,25.214722200104543],[-107.36148153558058,25.2147906382713],[-107.36140899438955,25.214858988886323],[-107.36133645321912,25.21492733948188],[-107.36126391206932,25.215000154204375],[-107.3611913709401,25.215068504761344],[-107.36111882983153,25.215136855298848],[-107.36104132635643,25.21520536610996],[-107.36078589888855,25.215240783432606],[-107.3603379315163,25.215247930926687],[-107.36007763260872,25.215287960434527],[-107.36000509181662,25.215356310608506],[-107.35993255104512,25.21542466076303],[-107.35986001029424,25.21549301089807],[-107.35978611619235,25.21549421147882],[-107.35971095896535,25.21542825157551],[-107.35963092962552,25.21536226587674],[-107.35955577244424,25.21529630577381],[-107.35929412096532,25.215264632328985],[-107.3588510283313,25.2152717125442],[-107.35859073094026,25.21531165154843],[-107.35851819057082,25.215380088749253],[-107.35844565022197,25.215448438397498],[-107.35837310989375,25.215516788026257],[-107.35829560725244,25.215585210290897],[-107.35822315719113,25.215658013198748],[-107.35819058624871,25.215757173326278],[-107.35819311252665,25.215891494872302],[-107.35815575970547,25.21599517006802],[-107.35808321945967,25.216063519640198],[-107.35801058901035,25.21613188006294],[-107.35793804880585,25.21620022959613],[-107.35790322229707,25.216438226245323],[-107.35791116201887,25.216845873653316],[-107.35788120761524,25.217083808159572],[-107.3578086674475,25.217152157722452],[-107.35747456791144,25.21719328505817],[-107.35687881981102,25.21720282222525],[-107.35654327791481,25.217172343787166],[-107.35646812164312,25.217106294311158],[-107.35639305561713,25.217040321401623],[-107.35631293709454,25.216974431863832],[-107.35623778089072,25.216908382090416],[-107.35616253448555,25.216837878878703],[-107.35612617442003,25.21673993234839],[-107.35612355793909,25.216605533373222],[-107.35608223558846,25.21650310755061],[-107.35600707945264,25.216437144881677],[-107.35545004054818,25.21641014829513],[-107.35440624999849,25.216426812159373],[-107.3538492145919,25.216404359756684],[-107.35377414933704,25.216338296679137],[-107.35369890365904,25.216267790979],[-107.35362374822583,25.21620182610546],[-107.35354363057355,25.216135933605145],[-107.35346847518615,25.216069880997363],[-107.35339331982091,25.2160039158265],[-107.35331825470033,25.215937852156635],[-107.35324309937938,25.21587188679051],[-107.35316794408061,25.215805833791933],[-107.35312653198667,25.215703503830124],[-107.35312400575894,25.215569091962553],[-107.35308755590441,25.215466601885705],[-107.35301240065152,25.215400636090674],[-107.35293724542079,25.215334582663004],[-107.35285712798435,25.215268689099076],[-107.3527819727994,25.215202723006726],[-107.35270690785892,25.215136658415652],[-107.35263166249604,25.21506615116581],[-107.35255650737761,25.2150001847783],[-107.35248135228136,25.214934130757896],[-107.35240619720726,25.214868164175044],[-107.35233104215533,25.214802109959223],[-107.3522558871256,25.21473614318105],[-107.352214565402,25.21463371365741],[-107.3522119489612,25.214499399271563],[-107.35217053702264,25.21439698047262],[-107.35209547226229,25.214331002493658],[-107.35202158041044,25.214332198013413],[-107.35194904191003,25.21440054535991],[-107.35187659365226,25.214473346135414],[-107.35180396497118,25.214541704308456],[-107.35169136800098,25.214574871935824],[-107.35154367477497,25.21457725170882],[-107.35143107791983,25.21461488345676],[-107.35135853958758,25.214683230623372],[-107.35128600127598,25.214751577770503],[-107.35121337276331,25.214819935762947],[-107.35114083449308,25.21488828287107],[-107.35106829624348,25.2149566299597],[-107.35099575801455,25.215024977028843],[-107.35092312958466,25.21509342247891],[-107.35085068161868,25.215166222966538],[-107.35077318126444,25.215234642317938],[-107.35070064311958,25.21530298930778],[-107.35062810499537,25.215371336278128],[-107.35055421356917,25.21537253119328],[-107.35047905906367,25.215306563130074],[-107.35040390458038,25.215240507433364],[-107.35032875011925,25.21517453917482],[-107.35021489070178,25.215140455245468],[-107.35006719833198,25.215142833533893],[-107.34995460212961,25.21518046429312],[-107.34988206421791,25.21524881099894],[-107.34980943610563,25.215317168549245],[-107.34973689823529,25.215385515216052],[-107.34966436038562,25.215453861863367],[-107.34959182255662,25.21552229602725],[-107.34951919452712,25.215590653499433],[-107.34944178479925,25.215659061518178],[-107.34936789371733,25.215660255790006],[-107.34929273956199,25.215594199287974],[-107.34921758542883,25.215528230224393],[-107.34914243131786,25.215462173526955],[-107.34902848220993,25.215428186873172],[-107.34888079052838,25.215430563875614],[-107.34876693175843,25.215400942877967],[-107.34869186800137,25.215334962396987],[-107.3486167140456,25.21526890514517],[-107.34854156011204,25.215202935332123],[-107.34827991994017,25.215171236480536],[-107.34783675623504,25.21517828710914],[-107.34757656031496,25.215218280543368],[-107.34750393286049,25.21528663730154],[-107.3474264335251,25.21535505538329],[-107.34735389633386,25.21542340123841],[-107.34728135916328,25.215491747074033],[-107.34720882201337,25.215560092890147],[-107.34713619466386,25.215628537085802],[-107.34706365755535,25.215696882862897],[-107.34699112046752,25.215765228620494],[-107.34691858340035,25.21583803873911],[-107.34684604635387,25.215906384458044],[-107.34676854721886,25.215974802347585],[-107.34669601021515,25.216043235562715],[-107.34662347323213,25.21611158122146],[-107.34659225707416,25.216282272305516],[-107.34659739962015,25.216551004003588],[-107.3465612213602,25.216721854663263],[-107.3464886844156,25.21679020032848],[-107.3464161474917,25.216858545974176],[-107.34634361058846,25.216926979137163],[-107.34630616928456,25.217030578511157],[-107.34630869544466,25.217164993438892],[-107.34627621624541,25.217268520583772],[-107.34620367938207,25.21733686619385],[-107.34609108488893,25.217374494594463],[-107.34594339491217,25.217376869101344],[-107.3458308005342,25.217410032929976],[-107.34575817357806,25.217478389260492],[-107.34572082258013,25.217581977734124],[-107.34572334873441,25.217716392752795],[-107.3456908696099,25.217819919872714],[-107.34561833291349,25.217888265325314],[-107.34554579623774,25.21795661075839],[-107.345473169363,25.218025054570493],[-107.34543572818721,25.21812865384256],[-107.34543834455835,25.21826305793158],[-107.3454009033877,25.218366657168485],[-107.34532836677397,25.218435002564206],[-107.34525583018093,25.218503347940405],[-107.34518320338897,25.218571704158798],[-107.34515334070166,25.218809635214786],[-107.34516109958683,25.21921277026961],[-107.34520007445556,25.2194495912743],[-107.34527522740217,25.219515649514914],[-107.34535047059063,25.219586161153966],[-107.34542562358168,25.219652131660503],[-107.34550564845969,25.219718040723293],[-107.3455808014966,25.21978409856658],[-107.34565595455568,25.21985006877587],[-107.34573110763698,25.219916126423726],[-107.34576755643832,25.220018619659758],[-107.34577008259306,25.220152946134576],[-107.34581149349043,25.220255367008388],[-107.34588664661767,25.220321336788718],[-107.34596179976714,25.22038739400742],[-107.3460369529388,25.220453363592394],[-107.34611210613267,25.220519420615656],[-107.34619213122666,25.220585328615538],[-107.34637500715598,25.220618281573927],[-107.3466753498037,25.22061345543874],[-107.34685813586019,25.2206419541236],[-107.34693825140906,25.220707850514017],[-107.34701340486916,25.220778370938053],[-107.34708855835146,25.220844426947856],[-107.34716371185596,25.220910395324424],[-107.34723886538265,25.22097645113878],[-107.34731401893154,25.221042419319996],[-107.34738917250263,25.2211084749389],[-107.34746432609592,25.221174442924745],[-107.34753947971139,25.22124041081293],[-107.3475808006763,25.22134284074977],[-107.34758341706949,25.221477242391757],[-107.347624828262,25.221579573788212],[-107.34769998192489,25.221645628875887],[-107.34780896830856,25.221679685972532],[-107.34796162150057,25.221677321979236],[-107.34807051777568,25.22170692536888],[-107.34814567157017,25.221772980004047],[-107.34814693465934,25.22184014225874],[-107.34807439726272,25.221908488861683],[-107.34751872901103,25.22195317015483],[-107.34647479052559,25.22196972171937],[-107.34591912576718,25.222014396014032],[-107.34584658900567,25.22208274186853],[-107.34577396204503,25.222151098566737],[-107.34570142532492,25.222219444382116],[-107.34562888862548,25.222287877713608],[-107.345556261727,25.222356234353082],[-107.3454787629849,25.222424652368083],[-107.34540622634897,25.222492998103586],[-107.34533368973374,25.22256134381954],[-107.34526115313918,25.22263415383592],[-107.3451886165653,25.22270249951313],[-107.34511598979253,25.22277094356948],[-107.34504345326006,25.222839289207585],[-107.34497091674827,25.22290763482613],[-107.34489829003769,25.222975991288024],[-107.34482079149608,25.223044409110376],[-107.3447482550478,25.223112754668563],[-107.34467571862021,25.223181100207203],[-107.34464450270129,25.223351876901976],[-107.34464973542731,25.223625058435157],[-107.34461355744439,25.223791442903526],[-107.34454093083585,25.22385979931124],[-107.34446848468674,25.22393259829007],[-107.34439585811964,25.22400095465896],[-107.34432332179257,25.22406938768105],[-107.34425078548621,25.224137733147955],[-107.34417193385323,25.224138998856425],[-107.3440967812327,25.224072941871363],[-107.34402171885355,25.224006961461708],[-107.34394656627738,25.223940904281257],[-107.3438713235043,25.223870393538046],[-107.34379617097261,25.223804423695743],[-107.3437548506225,25.223706456435256],[-107.34375223426869,25.223567676845164],[-107.34371587597529,25.223469637242278],[-107.34364072348954,25.223403667070873],[-107.343565571026,25.223337609265723],[-107.34348536632052,25.22326725761143],[-107.34344774499944,25.22310205445695],[-107.34344251229815,25.222828783650055],[-107.34339992893992,25.22266373989342],[-107.34332468632861,25.222593228029098],[-107.3432495339585,25.222527257093038],[-107.34317438161061,25.222461198522893],[-107.34309931950379,25.222395216530042],[-107.34302416720031,25.222329157764523],[-107.34294901491904,25.222263186437818],[-107.34287386265999,25.22219712747686],[-107.34279374839149,25.222131228097474],[-107.34271859617834,25.222065168936755],[-107.34264335376872,25.221994743703043],[-107.34256829181872,25.221928673483745],[-107.34249313967224,25.221862701564508],[-107.34241798754798,25.221796642010762],[-107.34234283544593,25.221730669896175],[-107.34226768336612,25.221664610147002],[-107.34219253130851,25.221598637837058],[-107.34211737927313,25.22153257789245],[-107.3420034333123,25.221498586916944],[-107.34185574570988,25.221500871202938],[-107.34174189008475,25.221471333463555],[-107.34166664796427,25.22140090706207],[-107.34159149608442,25.22133484656078],[-107.34151634422678,25.22126887349903],[-107.34144119239137,25.221202812802307],[-107.34136116879274,25.221136900750697],[-107.34128601700321,25.2210708398543],[-107.34121086523592,25.221004866397628],[-107.34110188168012,25.220970714573767],[-107.34094923260604,25.220973157048405],[-107.34084024916243,25.220943556891978],[-107.34076518774503,25.220877484586072],[-107.3406849839233,25.220807129048257],[-107.34060983233378,25.22074106739977],[-107.34053468076651,25.22067509319133],[-107.34045952922146,25.220609031347433],[-107.34038437769864,25.220543056943647],[-107.34030931641593,25.220476984045483],[-107.34023416493753,25.220411009446437],[-107.34015901348138,25.220344947211778],[-107.34008386204746,25.22027897241742],[-107.34000365844084,25.220208528396807],[-107.33989476562061,25.220178916032786],[-107.33974707924393,25.220181284548556],[-107.33963313434614,25.220147202756888],[-107.33955798306782,25.220081227406116],[-107.33948283181172,25.220015164419404],[-107.33940768057786,25.2199491888733],[-107.33932765761979,25.219883274329984],[-107.33925250643186,25.219817211045935],[-107.33917735526616,25.21975123520263],[-107.3391022041227,25.219685171723185],[-107.33902696278403,25.219614654537853],[-107.33895181168508,25.219548678399324],[-107.33887666060835,25.21948270216317],[-107.33880150955386,25.219416638290692],[-107.33872644873894,25.219350651001836],[-107.33864633577825,25.21928465885328],[-107.33857118479193,25.21921868222224],[-107.33849603382784,25.219152617954723],[-107.33842088288601,25.219086641128385],[-107.33834573196641,25.21901611218018],[-107.33827058106905,25.21895013515638],[-107.33819543019395,25.218884070495932],[-107.33808157620943,25.218854527511173],[-107.33793389088721,25.21885689307747],[-107.33781994680302,25.21882280862195],[-107.33774479606129,25.218756831044],[-107.3376696453418,25.218690853368408],[-107.33759449464456,25.218624788055923],[-107.33748055071267,25.218590790649586],[-107.3373328657401,25.218593067796604],[-107.33721901214241,25.218563523745768],[-107.33714386157858,25.21849754551605],[-107.33706871103699,25.218431479649194],[-107.33699347030095,25.218361047563082],[-107.33691831980391,25.21829498149862],[-107.33684325954574,25.218228992020393],[-107.33676810909314,25.218162925760627],[-107.33669295866282,25.218096946942858],[-107.33657901513561,25.21806286074275],[-107.33643133068756,25.21806522403552],[-107.33631747749428,25.218035678753782],[-107.33624232719737,25.217969611939676],[-107.33616717692271,25.217903632567793],[-107.33609202667031,25.217837653098293],[-107.33597808341291,25.217803566111584],[-107.33583039931455,25.21780592852707],[-107.33571645617462,25.217771841241355],[-107.33564130605569,25.21770586131315],[-107.33556615595903,25.217639793747107],[-107.33549100588462,25.217573813623616],[-107.3352294693646,25.217546628627126],[-107.33478145675946,25.217553696357154],[-107.33451983075506,25.21752196846494],[-107.33444468099057,25.217455899826373],[-107.33436953124834,25.21738991863076],[-107.33429438152838,25.217323937337547],[-107.33418043907828,25.21728984813807],[-107.33403275602632,25.21729220807535],[-107.33392386576757,25.217262588160715],[-107.3338436641073,25.21719213682497],[-107.33376851454314,25.217126154975457],[-107.33369336500124,25.21706008548734],[-107.33358447488821,25.217030465110195],[-107.33343183033455,25.217032895839484],[-107.3333228501184,25.216998733896528],[-107.33324770070857,25.216932751497264],[-107.33317255132098,25.216866681459177],[-107.33309253032894,25.216800759657026],[-107.33298346004332,25.216766608094844],[-107.33283577768837,25.21676896628103],[-107.33272318912123,25.216806583904525],[-107.33265065612848,25.21687492484403],[-107.3325781231565,25.216943265764012],[-107.33250549999015,25.217011617516683],[-107.33231911566092,25.217050408364244],[-107.33201878998983,25.217055194860095],[-107.33183718740608,25.217089382993073],[-107.33175969285082,25.21715779524837],[-107.3316870699189,25.21722614673712],[-107.33161462743738,25.217299028667163],[-107.33154200454702,25.21736738011712],[-107.3314694718922,25.21743572069585],[-107.33139684904343,25.217504072106635],[-107.33132431643016,25.21757241264624],[-107.33125169362296,25.217640764017847],[-107.33117916105121,25.217709104518338],[-107.33110166669711,25.21777751658096],[-107.33102904395373,25.21784586789212],[-107.33095660166025,25.21791874964829],[-107.33088397895841,25.217987100920656],[-107.3308114464919,25.218055441322033],[-107.33073891404612,25.218123781703877],[-107.33066502840443,25.218124965254944],[-107.33058987978241,25.2180588935236],[-107.33054594536424,25.217822124943254],[-107.3305381869257,25.217414587640285],[-107.3304992143077,25.217177746893924],[-107.3304191039451,25.21711174610306],[-107.33034404561033,25.217045750360356],[-107.33026889708349,25.21697976537084],[-107.33019374857892,25.216913692741528],[-107.33011860009664,25.216847707556752],[-107.33004345163664,25.2167816347321],[-107.32996830319895,25.216715649352068],[-107.32989306456935,25.216645122521825],[-107.32981800639038,25.21657912609413],[-107.32973789624313,25.216513211921175],[-107.32966274789604,25.21644713860173],[-107.32962251241564,25.21614312762426],[-107.32961222801137,25.21560116233774],[-107.32956703076593,25.215297221874255],[-107.32949188246951,25.215231147820603],[-107.32941673419539,25.215165161212184],[-107.32934158594355,25.215099174506154],[-107.329266437714,25.215033100159545],[-107.32919128950672,25.214967113258286],[-107.32911614132178,25.21490112625943],[-107.3290361216103,25.2148351122126],[-107.32899453302163,25.214459475914115],[-107.3289816324413,25.213783091883574],[-107.32893517231473,25.213411979446526],[-107.32886002420574,25.2133459039328],[-107.32878487611902,25.213279915865005],[-107.3287097280546,25.213213927699616],[-107.32863458001249,25.21314785189295],[-107.32855952220635,25.21308185268414],[-107.32848437420877,25.213015864226016],[-107.32840913601986,25.212945334240416],[-107.32836529219345,25.212713012379385],[-107.32835753382167,25.212305465296716],[-107.3283185615391,25.212068617569432],[-107.32823854207957,25.21200268892198],[-107.32816339417722,25.211936612120166],[-107.32808824629717,25.211870622764877],[-107.32805180003444,25.211768113663407],[-107.32804927405604,25.21163377434083],[-107.3280079562699,25.211531325598763],[-107.32793280843596,25.211465335912617],[-107.32785766062433,25.211399346128896],[-107.32778251283499,25.211333268703168],[-107.32774119509237,25.211230907172087],[-107.32773857890365,25.211096578314475],[-107.32770222290463,25.21099405778346],[-107.32762707516142,25.21092806757132],[-107.327546965707,25.210862061023295],[-107.32747190822317,25.21079605976492],[-107.3273967605483,25.210730069255767],[-107.3273216128957,25.210663991104294],[-107.32724646526542,25.21059800039996],[-107.32717131765745,25.21053200959805],[-107.32713000001453,25.21042955970693],[-107.32712747404531,25.21029521935348],[-107.32709102792086,25.210192708893267],[-107.327015880359,25.21012671776054],[-107.32694073281944,25.21006072653025],[-107.32686071379524,25.209994708073193],[-107.32682426770917,25.209892284840944],[-107.326821741743,25.209757856562955],[-107.32678042415714,25.2096554936062],[-107.32670527668746,25.20958950194329],[-107.3266301292401,25.20952342263754],[-107.32655498181501,25.209457430779455],[-107.32647983441225,25.209391438823808],[-107.32640477724472,25.20932534837968],[-107.32632953967362,25.209254902256585],[-107.32625439233777,25.209188822460565],[-107.32617437353046,25.2091228904846],[-107.32609922624066,25.209056898034657],[-107.32602407897318,25.208990905487152],[-107.32594893172799,25.208924825296425],[-107.32591257598592,25.20882239011706],[-107.3259099598161,25.208687971766267],[-107.32586864237902,25.208585607650978],[-107.32579349517998,25.208519527129326],[-107.32571834800324,25.208453534055884],[-107.32564329106147,25.20838753004021],[-107.32560188345526,25.20828508889048],[-107.3255993575013,25.20815074685852],[-107.3255629115968,25.208048234396145],[-107.32548289300809,25.20798230121769],[-107.32540774592354,25.20791630761413],[-107.32533259886132,25.207850313913028],[-107.32529489001976,25.20768062993492],[-107.32528983811798,25.207411857455597],[-107.32524716759438,25.207242331846544],[-107.32517211079232,25.207176239290966],[-107.32509696380005,25.207110245028204],[-107.32502181683009,25.207044250667888],[-107.32497662040392,25.206740294070478],[-107.32496633618831,25.20619830350464],[-107.32499989520922,25.205893109022757],[-107.32507251622394,25.205824760706577],[-107.32514504704703,25.205756423214343],[-107.32521766810342,25.205688074859097],[-107.32525384332065,25.205517212697583],[-107.32524861099463,25.205243995234152],[-107.32527991473975,25.20507774562209],[-107.32535253583484,25.205009397273606],[-107.3254249765256,25.204936605702976],[-107.325502469143,25.204868109502485],[-107.32557509030192,25.204799761094122],[-107.32564762126904,25.204731423509738],[-107.32572015225692,25.204663085905885],[-107.3257927734783,25.204594737438946],[-107.32583021175584,25.204491134342955],[-107.32582759558686,25.204356714205762],[-107.32578627816324,25.204254348052448],[-107.32571113098864,25.204188352926817],[-107.325636074049,25.204122259313312],[-107.325560926919,25.204056263992623],[-107.3255182563497,25.203886648901577],[-107.32551320444345,25.203617961159953],[-107.32547549557499,25.20344827465062],[-107.3253954770139,25.203382339100916],[-107.32532032995532,25.20331634321446],[-107.32524518291905,25.20325025968312],[-107.32517003590507,25.203184263601546],[-107.32509488891343,25.203113714956164],[-107.32501974194408,25.20304771867734],[-107.32494459499705,25.202981722300983],[-107.32489434669078,25.202408984360922],[-107.3248736880543,25.201325086332407],[-107.32482840144219,25.20075227411944],[-107.32475325455198,25.200686276474862],[-107.3246731460069,25.200615797222532],[-107.32459799916278,25.200549799376404],[-107.32455776448711,25.20024576426597],[-107.32454748028852,25.19970376228],[-107.32450228394706,25.199399884730024],[-107.32442713715368,25.19933379860268],[-107.32435208059479,25.199267789085496],[-107.32427693384601,25.199201790311765],[-107.32420178711955,25.199135791440522],[-107.32412664041539,25.199069704922984],[-107.32405158394563,25.19900369501606],[-107.32397643728609,25.198937695852308],[-107.32393512016465,25.19883523831856],[-107.32393250401527,25.198700902444028],[-107.32389118690102,25.19859853231896],[-107.32381613050111,25.198532434431094],[-107.32374098391148,25.198466434835073],[-107.32366583734418,25.198400435141536],[-107.32362939171813,25.198297917064554],[-107.32362686578384,25.19816356997093],[-107.32365934208372,25.19806003657721],[-107.32373196271375,25.197991689333207],[-107.32380449315264,25.1979233529098],[-107.32387711382434,25.197855005626806],[-107.3239546059678,25.197786510701537],[-107.32402713647052,25.197718174218068],[-107.32420864324251,25.197679466652538],[-107.32450895965367,25.197674809029234],[-107.32469542844876,25.197640494888862],[-107.3247679591638,25.19757215816361],[-107.32484039968723,25.197499367263415],[-107.32491302065621,25.197430932109995],[-107.3249855514336,25.197362595326776],[-107.32505817244422,25.197294247683327],[-107.32509561061312,25.197190643365953],[-107.32509299445174,25.19705630745277],[-107.32505176736046,25.196958304040486],[-107.3249765301915,25.19688785061229],[-107.3249014734697,25.19682184040506],[-107.32482632655778,25.19675575339179],[-107.32475117966817,25.196689753830114],[-107.32467603280088,25.19662375417093],[-107.32459601449253,25.19655781449121],[-107.32452095788356,25.196491803792618],[-107.32448324916294,25.196322111780606],[-107.32447810706512,25.19605334015807],[-107.3244355268906,25.19588379543281],[-107.32436038011704,25.195817795110756],[-107.3242852333658,25.19575170714162],[-107.32421008663685,25.19568124159395],[-107.32416362738584,25.19531009774206],[-107.32415081726374,25.194633738699533],[-107.32410922947751,25.19426253340938],[-107.32403417301293,25.19419652118554],[-107.32395902635855,25.19413043215328],[-107.3238838797265,25.19406443057358],[-107.32384256262017,25.19396205830014],[-107.32384003668375,25.193827709584042],[-107.3237987195846,25.193725249620325],[-107.32372357300015,25.193659247706027],[-107.32364842643801,25.193593245694238],[-107.32357327989818,25.19352715603458],[-107.32349822359258,25.19346114298929],[-107.32342307709739,25.19339514068507],[-107.3233479306245,25.193329138283353],[-107.32327287438574,25.193263124945894],[-107.32319763774568,25.19319258055672],[-107.32311761990485,25.19312663781456],[-107.32304247352269,25.193060635016483],[-107.32296741737456,25.192994621282946],[-107.322892271037,25.19292853073922],[-107.3228171247218,25.19286252764871],[-107.32274206864052,25.192796513622984],[-107.32266692236993,25.19273051033758],[-107.32259177612164,25.19266441940377],[-107.3225166298957,25.192593950823824],[-107.32243652205877,25.192528017996985],[-107.32236146609041,25.19246200347779],[-107.32228631993289,25.192395912147465],[-107.32221117379768,25.192329908270708],[-107.32213611789622,25.192263893459323],[-107.32206097180563,25.19219788938768],[-107.32198582573737,25.192131885218554],[-107.32191076990277,25.192065782563724],[-107.32183553366785,25.191995323917602],[-107.3217555162579,25.19192937933115],[-107.3216803702804,25.191863374765692],[-107.32160531453646,25.191797271714655],[-107.32153016860359,25.191731266954275],[-107.32145502269304,25.191665262096407],[-107.32141370598345,25.19156288694667],[-107.32141118007128,25.191428448421544],[-107.32137473477009,25.191326013281145],[-107.32129967911685,25.191259997256765],[-107.3212245332748,25.191193904419467],[-107.3211493874551,25.191127899036406],[-107.32110680784086,25.190958347748648],[-107.32110166581167,25.190689568219188],[-107.32105908620547,25.190520016596494],[-107.32098403064592,25.190453999910023],[-107.32087496557565,25.190419822184705],[-107.32072241889377,25.190422210735804],[-107.32061353435807,25.190392563764654],[-107.32053838871992,25.190326557462374],[-107.32046333331495,25.19026054022729],[-107.32038322612843,25.190194604355483],[-107.32030808055877,25.19012404503497],[-107.32023293501142,25.1900580383364],[-107.3201577894864,25.189992031540363],[-107.3200827341944,25.189926013811895],[-107.32000758871405,25.189859919268493],[-107.31993253346664,25.189793901345283],[-107.31985738803093,25.189727894159482],[-107.31978224261755,25.18966188687623],[-107.3196683969078,25.1896278439652],[-107.31952072231948,25.189630170797116],[-107.31940687672748,25.189600592779225],[-107.31933164123764,25.189530043128034],[-107.31925658619095,25.18946402445501],[-107.31918144095619,25.18939801651882],[-107.31910629574375,25.189332008485177],[-107.31903124076398,25.189265901967072],[-107.31898992445048,25.18916352394538],[-107.31898730835225,25.189029181551824],[-107.31894599204594,25.188926803390164],[-107.31887093711376,25.188860696537695],[-107.31879579199367,25.188794687974713],[-107.3187206468959,25.188728679314266],[-107.31864559203065,25.188662659722826],[-107.31857044697755,25.18859665086754],[-107.3184953019468,25.18853055436145],[-107.31842024714847,25.188464534477898],[-107.31834510216237,25.188398525330282],[-107.31826499564718,25.188328121361508],[-107.31818985070726,25.188262112012534],[-107.31811479599966,25.188196004179513],[-107.31807844138368,25.188098019740334],[-107.31807582529488,25.187959211197807],[-107.31803459934754,25.187861286284598],[-107.31795945447614,25.187795276510265],[-107.31788430962709,25.18772471384306],[-107.31780916480037,25.18765870387165],[-107.31776667595865,25.18749360138126],[-107.31776144378756,25.187220361090812],[-107.31772382628476,25.187050733394244],[-107.31764868150579,25.186984635405654],[-107.31756866542116,25.186918684489996],[-107.31749352068833,25.186852673856254],[-107.31745716616174,25.186750223166893],[-107.31745464028911,25.186615868156586],[-107.3174133242334,25.18651795303711],[-107.31733817954678,25.186447389253672],[-107.3172630348825,25.186381378192404],[-107.3171879804502,25.186315356201924],[-107.3171466644381,25.186217440758426],[-107.31714404835897,25.186078543371128],[-107.31710778409227,25.185980546547906],[-107.31703263949652,25.185914535061364],[-107.31695740471358,25.185844069026995],[-107.3168773888479,25.185778116910928],[-107.31680233453018,25.185712006739656],[-107.3167271900253,25.18564599485693],[-107.31665204554277,25.185579982876767],[-107.31657699129201,25.185513959968063],[-107.31650184685417,25.1854479477931],[-107.31642679264803,25.18538192468975],[-107.31635164825487,25.18531591231998],[-107.31627641367474,25.18524535782743],[-107.31623518802104,25.18514743042675],[-107.31623266216063,25.18501307412382],[-107.31619134630478,25.184910692112897],[-107.31611620198167,25.184844591756274],[-107.31604114789015,25.184778568026776],[-107.31596600361172,25.18471255503039],[-107.31592964930496,25.18461010234902],[-107.31592703323842,25.184475756498724],[-107.31588571743256,25.184373286463863],[-107.31581066340954,25.18430726230724],[-107.31573551919969,25.18424124888342],[-107.31566046522128,25.18417522453215],[-107.31561653339574,25.183938407933827],[-107.31560886562409,25.18353088191622],[-107.31556989530591,25.183293994403392],[-107.3154898798798,25.183228039748673],[-107.31541473576542,25.18316202552755],[-107.31533968188235,25.18309600037956],[-107.31530197453125,25.18292629100983],[-107.31529692282913,25.182657575579398],[-107.31525434420107,25.182488012887433],[-107.31517920015678,25.182421910549984],[-107.31510405613481,25.182355895671083],[-107.3150290023441,25.182289869865784],[-107.31498642376121,25.18212030666514],[-107.31498119164772,25.181847058988808],[-107.31494366476782,25.181681879749473],[-107.31486852081599,25.181615864310295],[-107.3147933768865,25.181545295842955],[-107.31471336170645,25.18147933960802],[-107.31467700758004,25.18138135002805],[-107.31467439152648,25.18124253683842],[-107.31463316613431,25.18114460652389],[-107.31455802227488,25.181078590555725],[-107.31444905018712,25.18104447806233],[-107.314296507385,25.181046853130333],[-107.31418762561869,25.1810171949134],[-107.31411239168331,25.180946636371328],[-107.31403237671911,25.180880679214958],[-107.3139572330385,25.18081466259412],[-107.3138821795887,25.180748635048168],[-107.3138070359528,25.180682618232574],[-107.3137319825477,25.18061659049203],[-107.31365683895649,25.180550573481693],[-107.31358178559603,25.180484545546545],[-107.31350664204955,25.180418440784386],[-107.31343149852545,25.180347958068765],[-107.31335139356881,25.18028201081825],[-107.31327634029915,25.18021598248735],[-107.31320119684362,25.18014996488622],[-107.31319993392859,25.180082784934676],[-107.31327255155296,25.18001444269123],[-107.31334507898997,25.179946111255425],[-107.31342256790401,25.179877622096306],[-107.31349518559244,25.179809279792956],[-107.31356762288507,25.17973649370582],[-107.31364015040685,25.179668162191213],[-107.31371276815788,25.179599819830035],[-107.31374506276693,25.179227415208334],[-107.31373234338132,25.178551072527362],[-107.31375976673833,25.17817881378691],[-107.31383229431532,25.17811048233002],[-107.31390491212163,25.17804205246938],[-107.31397743974033,25.177973720973768],[-107.31397617682141,25.177906540795878],[-107.31390103315752,25.17783605726655],[-107.31382588951602,25.177770039075234],[-107.31375083610529,25.177704009959868],[-107.3137131289915,25.17753429563697],[-107.31370807732118,25.177265574210733],[-107.31366549896106,25.177096006404536],[-107.31359035538966,25.177029987653146],[-107.31351521184062,25.17696396880437],[-107.31344015852227,25.17689785147403],[-107.31336501501796,25.176831832430494],[-107.31328500029066,25.176765872546476],[-107.31320994704076,25.17669984247797],[-107.3131347133968,25.176629368497775],[-107.31305966019158,25.176563338232494],[-107.31298451680057,25.1764973186957],[-107.31290946364003,25.176431288235857],[-107.31283432029372,25.176365268504366],[-107.31275926717784,25.176299237849964],[-107.31268412387625,25.176233130365343],[-107.31260410936483,25.176167169560195],[-107.31252905631743,25.17610113860965],[-107.3124900864747,25.175864328671974],[-107.31248241879801,25.17545670026984],[-107.31243848752553,25.17521995975709],[-107.31236343452737,25.175153928209273],[-107.31228829134365,25.175087907389006],[-107.31221323839019,25.17502187564664],[-107.3121380952512,25.174955854631687],[-107.31206304234239,25.174889735135807],[-107.31187531996032,25.174856836075037],[-107.31157510877173,25.174861513268905],[-107.31139361107498,25.174900277952272],[-107.31132108419888,25.1749686083217],[-107.31124359593015,25.175037008638743],[-107.31117097888968,25.1751053497918],[-107.31109718917308,25.175106498597376],[-107.3110220463665,25.175040476644977],[-107.31094699378971,25.174974443771394],[-107.31087185102787,25.174908421624316],[-107.31079806139876,25.17490957019305],[-107.31072553469389,25.17497790035984],[-107.31065291780256,25.1750462413309],[-107.31057542973907,25.17511464140002],[-107.31046772227248,25.17514770339049],[-107.31032005306513,25.175150010948222],[-107.31020630182874,25.1751204048298],[-107.31013115928756,25.175054382103475],[-107.31005610697585,25.174988348456598],[-107.30998096447942,25.17492232553559],[-107.30986712318895,25.174888264218755],[-107.30971945433326,25.174890570900626],[-107.30960561316084,25.174860974834843],[-107.30953047079865,25.174790485906907],[-107.30945532845884,25.174724374870962],[-107.30938027634828,25.174658340474878],[-107.30930513405323,25.174592316804112],[-107.30923008198737,25.174526282213495],[-107.30918876727796,25.17442389029929],[-107.30918624148808,25.174289525959296],[-107.30914492678585,25.1741871339055],[-107.30906978456093,25.174121109803433],[-107.30899473256514,25.17405507478186],[-107.30891959038497,25.173989050485133],[-107.30884453843387,25.173923015269036],[-107.30876939629849,25.17385699077764],[-107.3086943443921,25.17379095536703],[-107.30861920230149,25.173724843120556],[-107.3085441504398,25.173658807515388],[-107.30846404703516,25.173588386875643],[-107.3083551677861,25.17355871898294],[-107.30820749981591,25.17356102308316],[-107.30809356911978,25.173526969954644],[-107.30801851741458,25.17346093379488],[-107.30794346573174,25.173394897537904],[-107.30786832386494,25.17332887200483],[-107.30738039841044,25.173300629652182],[-107.3064895241994,25.173314502511865],[-107.30600656272473,25.173290737868147],[-107.30593142143545,25.173224623027007],[-107.30589010726673,25.17312222810123],[-107.30588758150992,25.172987861482223],[-107.30585122865564,25.172885396711212],[-107.30577608741268,25.172819369101855],[-107.30558845991706,25.1727909125942],[-107.30528825621474,25.172795571885427],[-107.30510540996437,25.17276260085768],[-107.30502539785807,25.172696631385953],[-107.30495034706671,25.172630592144163],[-107.30487520609246,25.172564563623915],[-107.304613701244,25.172532794711042],[-107.30417070417097,25.172539691095334],[-107.30391055312735,25.172579559337503],[-107.30383793819958,25.17264789778516],[-107.30376541349756,25.17271631295767],[-107.3036879275517,25.172784710164017],[-107.3032062343137,25.172828029531313],[-107.3023153748658,25.172841870141195],[-107.30183233119166,25.172813545018844],[-107.3017571911479,25.172747513854564],[-107.30167718010554,25.172681541307597],[-107.30160213031213,25.172615499127932],[-107.30152699033711,25.17254946766743],[-107.3014518503845,25.17247897039068],[-107.30141549817056,25.172380968045587],[-107.30141297245862,25.172246598743307],[-107.3013717492352,25.172144189241894],[-107.30129660932894,25.17207815735457],[-107.30122155964902,25.172012114553887],[-107.3011464197876,25.171946082471944],[-107.30107127994862,25.171875584559476],[-107.30099614013206,25.171809552280706],[-107.30091612933164,25.171743578571373],[-107.3008410797652,25.171677535278054],[-107.30076594001738,25.171611502703087],[-107.30069089049573,25.171545459215316],[-107.30061575079274,25.171479426445735],[-107.3005407013159,25.171413382763493],[-107.30046556165777,25.17134734979931],[-107.30039042202209,25.17127676342151],[-107.30031537261245,25.17121071944537],[-107.30023536202849,25.171144744815425],[-107.30016022246154,25.17107871145554],[-107.30008517312055,25.171012667183444],[-107.30001003359847,25.170946633628958],[-107.29993498430228,25.170880589162397],[-107.29985984482505,25.170814555413312],[-107.29978479557366,25.170748510752304],[-107.29971091898871,25.170749662232126],[-107.29963839547585,25.17081807584622],[-107.29956091080052,25.170886471287783],[-107.2994882971276,25.170954808111805],[-107.29938068460493,25.1709923152303],[-107.29922815092365,25.170994665559636],[-107.29912044830908,25.171027717531786],[-107.29904783476331,25.17109605421631],[-107.29897531144162,25.171164380067292],[-107.29889782697053,25.171232775289226],[-107.29882521348902,25.171301111913905],[-107.29875278043458,25.171373892670292],[-107.29868016699496,25.17144231682088],[-107.29860764377928,25.171510642573764],[-107.29789946108956,25.171552984974365],[-107.2965655465448,25.171573660127276],[-107.2958574598089,25.171620533589564],[-107.29578493740742,25.171688858392404],[-107.2957123248249,25.1717571939879],[-107.29563980246529,25.171825518752],[-107.29545344535362,25.171864230894514],[-107.29515316354137,25.17186887486174],[-107.294970414858,25.17183587562321],[-107.29489527686434,25.17176983798178],[-107.29481526800505,25.171703858663648],[-107.29474022025938,25.171637810012026],[-107.29447863574423,25.171606027662612],[-107.2940356565191,25.171612973046635],[-107.29377551595758,25.171652820121846],[-107.29370290395572,25.171721155026606],[-107.29363038217608,25.171789479101395],[-107.29355777021617,25.171857813967343],[-107.29348028741504,25.1719262071849],[-107.29340767549853,25.171994542010346],[-107.29333524400519,25.17206732105807],[-107.2932626321306,25.172135655845086],[-107.29300240216863,25.172171046769723],[-107.29255933534587,25.172177998515735],[-107.29229919631331,25.17221784312172],[-107.29222658473824,25.17228617756601],[-107.29215406338487,25.172354501181196],[-107.29207658101676,25.172422893910376],[-107.29200270669735,25.17242404116157],[-107.29192765979198,25.172357990392197],[-107.29185252270847,25.172291950335097],[-107.29177747584797,25.172225899371288],[-107.29170233880939,25.172159859119613],[-107.29162729199378,25.172093807961385],[-107.29155206479967,25.172023312430845],[-107.29147701802898,25.17195726107598],[-107.29128940120037,25.17192878004816],[-107.29098912436596,25.171933413779033],[-107.29080637871222,25.17190040774849],[-107.29072637115544,25.171834424749555],[-107.29068993029249,25.17173195978177],[-107.29068749488846,25.171597573690327],[-107.29064627342402,25.171499709515967],[-107.29057104652388,25.17142912525047],[-107.29046217501885,25.17139943807175],[-107.29030964675114,25.171401864985878],[-107.2902006851595,25.171367634843527],[-107.29012554859285,25.171301592801324],[-107.29004554125306,25.171235696449187],[-107.28997049493273,25.171169643400383],[-107.2897090055856,25.17114230473095],[-107.28926603477453,25.17114914435508],[-107.2890045461614,25.171117338112058],[-107.28892940995284,25.1710512949029],[-107.28885436396627,25.170985240789516],[-107.28877922780268,25.170919197385803],[-107.28851773969686,25.17088738977636],[-107.28806981003224,25.170894381133024],[-107.28780967565248,25.170934215597594],[-107.28773706537622,25.171002548402743],[-107.28766445512095,25.17107088118845],[-107.28759193508571,25.171139203148662],[-107.28751932487246,25.171207535895547],[-107.28744671468021,25.171275868623002],[-107.28737419470794,25.171344190525044],[-107.28729671381546,25.171412581326514],[-107.28722410368766,25.171480913994046],[-107.28715158377975,25.171553701810744],[-107.28707906389279,25.17162202363393],[-107.287006453828,25.17169035624358],[-107.28693384378423,25.171758688833798],[-107.28686132396022,25.171827010598815],[-107.28678871395846,25.17189534315019],[-107.28671619417645,25.171963752444594],[-107.28663862328854,25.1720321538606],[-107.2865661035499,25.172100475546372],[-107.28653480461448,25.172271217607683],[-107.28653994593789,25.17254442717875],[-107.28650359588158,25.172710782830258],[-107.28643116638062,25.172783559688664],[-107.28635855650339,25.172851892168705],[-107.28628594664718,25.172920224629298],[-107.28628720942712,25.172987413188277],[-107.28636234484429,25.173053457787212],[-107.28643739008535,25.17311951309471],[-107.28651252554754,25.17318555749908],[-107.28655500911412,25.173355165833854],[-107.2865600602393,25.17362391935437],[-107.28659767308528,25.173793585484297],[-107.28667280859548,25.173859629426566],[-107.28675281485977,25.173925615134497],[-107.28682795041644,25.173996124826374],[-107.2868292131991,25.174063313026725],[-107.28675660320663,25.1741316457446],[-107.28667912250492,25.174200036582327],[-107.2866065125559,25.17426836925964],[-107.28657647639682,25.174506298673727],[-107.28658414328392,25.1749138825975],[-107.28654905600246,25.17514742548265],[-107.28647662648838,25.17522029008346],[-107.28640401659797,25.17528862277228],[-107.28633140672862,25.17535695544165],[-107.28630281377961,25.17593088254376],[-107.28632301826059,25.177014820017128],[-107.28629920583676,25.17758869718493],[-107.28622668619629,25.177657019193273],[-107.28615416657678,25.177729807093925],[-107.28607668606122,25.17779828561907],[-107.28600407628662,25.177866618374907],[-107.28593146653306,25.177934951111265],[-107.28559737173917,25.17797138966968],[-107.28500179295023,25.177980660500488],[-107.28466643662343,25.177954462174103],[-107.28459139191241,25.177888407623737],[-107.28451634722387,25.177822352976193],[-107.28444121235991,25.177756309037363],[-107.28436607751846,25.177685799058537],[-107.28429094269953,25.177619754922905],[-107.28421589810092,25.17755369988426],[-107.28414076332702,25.177487655554042],[-107.28406075789624,25.177421669219733],[-107.28398571336658,25.17735561388514],[-107.28391057866166,25.177289569258765],[-107.28383553417694,25.17722351372973],[-107.28376039951706,25.17715746890876],[-107.28368526487971,25.177086958028454],[-107.28361013026486,25.177020913010693],[-107.28353508587011,25.17695485709058],[-107.28327360323276,25.176927510000734],[-107.28282568293643,25.176934404614627],[-107.28256537360329,25.176969789467588],[-107.28249285504306,25.17703811015084],[-107.28246029385555,25.177141663217764],[-107.28246281937686,25.177276040680905],[-107.28242529734848,25.177379662540844],[-107.2823527788288,25.177447983208477],[-107.28228017013298,25.177516314661002],[-107.28220756145818,25.17758464609406],[-107.2821713924243,25.177755533397672],[-107.28217635326406,25.17802429889224],[-107.28214514507383,25.178195029647213],[-107.28207253643818,25.178263361087605],[-107.28173844678831,25.178304343406104],[-107.28114287717045,25.17831350846456],[-107.28080869856392,25.178350033215633],[-107.2807362707088,25.178422808598395],[-107.28065870167177,25.17849120835363],[-107.28058618366353,25.17855952850471],[-107.28051231272894,25.178560670464886],[-107.28043726926217,25.178494612568976],[-107.28036213562143,25.17842856537913],[-107.28028700200325,25.178358052088523],[-107.2802118684076,25.178292004701888],[-107.28013682503085,25.178225946414898],[-107.28009560530103,25.178127990041137],[-107.28009298960725,25.17798915644699],[-107.28005673068242,25.177891131194077],[-107.27997672655587,25.17782514131922],[-107.2798677694551,25.177790991351632],[-107.27972011822781,25.177793263121877],[-107.27960620044976,25.177759181595064],[-107.27953115725454,25.17769312252392],[-107.2794560238857,25.177627074157936],[-107.27938098073548,25.177561014892362],[-107.2793058474117,25.17749496633181],[-107.27922584352511,25.1774290631421],[-107.27915080044389,25.177363003580663],[-107.27907566718919,25.17729695472402],[-107.27900062415299,25.17723089496816],[-107.27892540074745,25.177160390676708],[-107.27885035775628,25.177094330724223],[-107.27877522459175,25.177028281476236],[-107.27870018164562,25.176962221329333],[-107.27862513872198,25.17689616108526],[-107.27854513505292,25.176830169405953],[-107.27847000198001,25.17676411976461],[-107.27839495912538,25.176698059224638],[-107.27831982609754,25.176632009388722],[-107.27828347723381,25.17652952710712],[-107.27828095175465,25.176395147118704],[-107.27823964213474,25.176292733346536],[-107.27816459934915,25.176226672380146],[-107.27797690228809,25.176193717301715],[-107.27768151195569,25.176198265083755],[-107.27749390545232,25.176169764447454],[-107.27741886289036,25.176103702769982],[-107.27734373015555,25.176037739365956],[-107.2772685974433,25.175967134638416],[-107.2766329918355,25.17594560157384],[-107.2754418783101,25.175963868060276],[-107.27481241056493,25.17600499239129],[-107.27473989425073,25.17607777647538],[-107.27466728776317,25.17614610521156],[-107.27459468129668,25.176214433928255],[-107.274334380523,25.176249801457704],[-107.27388647622242,25.176256661912262],[-107.27362626637999,25.176296483389514],[-107.27355366021578,25.176364811761392],[-107.27348114426663,25.17643312931604],[-107.27340853814455,25.17650145764897],[-107.27300068153777,25.17654354127502],[-107.27225739570017,25.176555019838673],[-107.27184818807119,25.17652545276489],[-107.27176818656983,25.17645945469568],[-107.27169305553267,25.17639339894387],[-107.27161801471141,25.17632733229837],[-107.2715428837194,25.176261276352037],[-107.27146784294322,25.176195209512155],[-107.27139280218957,25.176129142575125],[-107.27131758107211,25.17605863094738],[-107.27112997934304,25.176030207166903],[-107.27083459709839,25.176034738090774],[-107.27064690553902,25.176001770511775],[-107.27057186503193,25.17593570276437],[-107.27049673435448,25.17586964571527],[-107.27042169389249,25.175803577773493],[-107.27030778034963,25.175769485183423],[-107.27016013476604,25.175771744190875],[-107.27004631153517,25.175742106718904],[-107.26997127120846,25.1756760383223],[-107.26989623090431,25.175610057401414],[-107.26982110043005,25.175543999605438],[-107.269746060171,25.175477930917364],[-107.26966596915015,25.175407474976588],[-107.26959083874516,25.175341416882357],[-107.26951579855529,25.175275347896275],[-107.26944075838796,25.175209278813032],[-107.2693656280507,25.175143220427074],[-107.26929058792848,25.17507715114948],[-107.2692154576364,25.175011092569015],[-107.26914041755931,25.174945023097067],[-107.2690652873124,25.17487896432209],[-107.26898528670219,25.174808496647127],[-107.26891015650193,25.17474252524462],[-107.26872742696159,25.17471395140484],[-107.26842717718291,25.174718532428567],[-107.26824075012142,25.17475275274589],[-107.26816814552215,25.174821079150583],[-107.26809563113602,25.174893860997983],[-107.26802302657896,25.174962187364084],[-107.26795051223496,25.1750305029173],[-107.2678779077201,25.175098829244448],[-107.26780530322633,25.1751671555521],[-107.2677326987537,25.175235481840264],[-107.2676552239422,25.175303865503313],[-107.2675826195132,25.17537219175083],[-107.26751001510533,25.17544051797885],[-107.26743750091032,25.17551329965304],[-107.26732485141285,25.17554639680106],[-107.26717720759282,25.175548652053163],[-107.26706960894454,25.17558613630483],[-107.26699204414722,25.17565453054097],[-107.26691943991108,25.175722856588862],[-107.26684692588762,25.17579117182442],[-107.26677432169372,25.175859497833347],[-107.26670171752092,25.17592782382278],[-107.26667042107033,25.176367423702914],[-107.26668557324189,25.177182584921997],[-107.26665923732526,25.177622115188413],[-107.26658663318594,25.177690441277203],[-107.26651402906772,25.177758767346475],[-107.26644142497065,25.17782709339626],[-107.26636395055989,25.177895476816587],[-107.26629134650646,25.177963802825687],[-107.26621883266549,25.178036584269112],[-107.26614622865428,25.17810491023957],[-107.26607362466417,25.1781732361905],[-107.2660010206952,25.178241562121926],[-107.26588837184602,25.1782746590162],[-107.26574072887568,25.17827691403546],[-107.26562690765947,25.178247273188294],[-107.265551868661,25.178181202120808],[-107.26551552165424,25.178078711675237],[-107.2655129963041,25.1779443255012],[-107.26547168879456,25.17784199064516],[-107.26539664984277,25.1777759192486],[-107.26532161091356,25.177709847754894],[-107.26524648181592,25.177643786956327],[-107.26517144293186,25.177577715268253],[-107.26509631387943,25.17751165427518],[-107.26502127504052,25.177445582392743],[-107.26494118553545,25.17737512304334],[-107.26486605655235,25.177309061752023],[-107.2647910177827,25.177242989571567],[-107.26468215749233,25.177213279081396],[-107.26452955474602,25.177215687712167],[-107.26442060437904,25.177181433871148],[-107.26434556574337,25.177115448814543],[-107.26426556664582,25.177049444168045],[-107.26419043786618,25.17698338212991],[-107.26411539929974,25.176917309203212],[-107.26404027056532,25.176851246970568],[-107.26396514185353,25.176780718339177],[-107.26389010335487,25.17671464511879],[-107.26370241701652,25.176686132702798],[-107.26340713375039,25.17669072305003],[-107.26321935758523,25.17665775428468],[-107.26314431931092,25.176591680353376],[-107.26306928105922,25.176525606324926],[-107.26299415263989,25.176459542989672],[-107.26291415397577,25.17639353678084],[-107.2628391157933,25.176327462456612],[-107.26276398744332,25.17626139882535],[-107.26268885911597,25.176190868766025],[-107.26261382100128,25.17612479414812],[-107.26253869271918,25.17605873022296],[-107.26246365464968,25.17599274298594],[-107.26238852641282,25.175926678866333],[-107.26227470672613,25.175892566910914],[-107.26212697570476,25.175894826997045],[-107.26201324632729,25.175865170300614],[-107.26193811822613,25.1757991057259],[-107.26186308033738,25.1757330302646],[-107.26178795228145,25.175666965495413],[-107.26171291443791,25.17560097741537],[-107.26163778642724,25.17553035851892],[-107.26156265843922,25.175464381031507],[-107.26148266023436,25.17539837301904],[-107.2614076224827,25.175332296968357],[-107.2613325847536,25.175266220820543],[-107.26125745685755,25.175200155364315],[-107.26118241917366,25.175134079022182],[-107.2609208697309,25.1751022235252],[-107.26047289930561,25.175109130872578],[-107.26021766384858,25.175148856516703],[-107.26014010118197,25.175217248081406],[-107.26006749894032,25.17528557174645],[-107.25999489671983,25.175353895391993],[-107.25992112206278,25.175355013131444],[-107.25984599459217,25.17528894648218],[-107.2597709573332,25.175222868947987],[-107.25969592009685,25.175156791316663],[-107.25950814672697,25.175123815056484],[-107.25921286842865,25.17512839345811],[-107.25902518561152,25.175099871981313],[-107.25895014859972,25.175033793639162],[-107.25887502142186,25.17496325957536],[-107.2587950240797,25.17489724885418],[-107.25868607621871,25.1748675418792],[-107.25853843751294,25.17486978623794],[-107.25842461958446,25.174835757158796],[-107.25834949256506,25.174769688952054],[-107.25827445575678,25.17470360986161],[-107.25819932878268,25.174637541460406],[-107.2581193316575,25.17457152995933],[-107.25804429491855,25.17450545057315],[-107.25800794900624,25.17440295333418],[-107.25800542373213,25.174268649274836],[-107.25796420765478,25.174166208889737],[-107.25788908077425,25.174100139960686],[-107.25781404410466,25.17403406014847],[-107.25773900745767,25.173967980239144],[-107.25766388064507,25.173901911018458],[-107.25758884404331,25.17383583091483],[-107.25740116244971,25.173802926827147],[-107.25710579646075,25.173807421840802],[-107.25691811523114,25.17377442933929],[-107.25684298866615,25.173708359307867],[-107.25676795231172,25.17364227839415],[-107.25668795564627,25.173576265089828],[-107.25657909889476,25.17354663210242],[-107.2564314614379,25.17354887316284],[-107.25631881691301,25.173581960748898],[-107.25624621578505,25.173650282975366],[-107.25617361467826,25.17371860518232],[-107.25610101359266,25.173786839791855],[-107.25584082229823,25.173826710954188],[-107.25539286100829,25.173833509813146],[-107.25513131764416,25.173801639627353],[-107.25505628180561,25.17373555726133],[-107.2549811558024,25.1736695731603],[-107.25490612000908,25.173603490600033],[-107.2548310842384,25.173537407942664],[-107.25475595830316,25.173471335971744],[-107.2546759622842,25.173405320741065],[-107.2546009265829,25.173339325366527],[-107.25452580071712,25.17327325309974],[-107.25445067487402,25.17320271422628],[-107.25437563924065,25.173136630979673],[-107.25430051344286,25.173070558419077],[-107.25403906141347,25.173043140634906],[-107.25359119355295,25.173050008315627],[-107.25332965208212,25.173018133147295],[-107.25325461678675,25.17295204883251],[-107.2532182715737,25.172849547604937],[-107.25321574634819,25.172715152800123],[-107.25317444087717,25.172612806566622],[-107.25309940562862,25.172546721922984],[-107.25298559018663,25.172517064729067],[-107.25283795486122,25.172519300843778],[-107.25272900960701,25.17248512006899],[-107.2526539744928,25.172419034975043],[-107.25257397914955,25.172353104878756],[-107.25249885389572,25.172287030367944],[-107.25238990879002,25.172252849123144],[-107.25223731357318,25.172255151865798],[-107.25212845876823,25.17222542611431],[-107.25205342383515,25.17215934037153],[-107.25197838892471,25.17209334211138],[-107.25189830361258,25.172022867869096],[-107.25178944895599,25.17199314165675],[-107.25164172415441,25.17199538680558],[-107.25152790937932,25.171961261208754],[-107.25145278444144,25.171895185595766],[-107.2514116596351,25.171797282717783],[-107.25140904424194,25.17165843073216],[-107.25137278948448,25.171560383468325],[-107.25129775477936,25.171494296747994],[-107.25121775987229,25.171428277373096],[-107.25114263502806,25.171357734645195],[-107.25106751020654,25.171291745987592],[-107.25099247559353,25.17122565887237],[-107.25087866111558,25.171195998764706],[-107.2507310270407,25.171198231581535],[-107.25062208270934,25.171164047949148],[-107.25054208801961,25.17109811537281],[-107.25046705356513,25.171032027705962],[-107.2503919289477,25.170965950721737],[-107.25028298476492,25.170931766619358],[-107.2501304810263,25.170934055173802],[-107.25002153695807,25.170904337399023],[-107.24994650266069,25.170838336765467],[-107.24986641800288,25.170767859989656],[-107.24979138375232,25.170701771574755],[-107.2497169808219,25.170671515752915],[-107.24964311902572,25.170672636720653],[-107.24960929952931,25.170704529584054],[-107.24961047193842,25.170771739132206],[-107.24957241373713,25.170843987894063],[-107.24949981457777,25.170912307592264],[-107.24942721543965,25.170980627270946],[-107.2493546163227,25.171048946930135],[-107.24928201722697,25.17111726656981],[-107.24920454815317,25.17118564276667],[-107.24913194910127,25.171253962365665],[-107.24905935007057,25.171322281945162],[-107.24898675106107,25.171390513924255],[-107.24891424225783,25.171463376892824],[-107.24884164329073,25.17153169641418],[-107.24876904434481,25.171600015916024],[-107.2487314371973,25.17169909803475],[-107.2487339623773,25.171837962254873],[-107.2487013154094,25.17193706457379],[-107.24862871650448,25.17200538405944],[-107.2485512476343,25.17207376009229],[-107.24847873895811,25.172146535383124],[-107.24840614011819,25.172214854808946],[-107.2483335412995,25.172283174215263],[-107.24814703908977,25.1723173753398],[-107.24785168408751,25.172321846168945],[-107.24766527242403,25.17236050249116],[-107.24759267382176,25.17242882165493],[-107.2475200752407,25.172497140799177],[-107.24744747668083,25.172565459923916],[-107.2473748781422,25.172633779029134],[-107.24730227962478,25.172702098114836],[-107.24722977131302,25.17277487304068],[-107.24715230287892,25.172843248612317],[-107.24707970442654,25.172911567638174],[-107.24700710599535,25.17297988664451],[-107.24693450758538,25.17304820563133],[-107.24686190919662,25.173116524598615],[-107.2466754982757,25.17315518000924],[-107.24638014502267,25.17315964818553],[-107.24619364427917,25.173193847074767],[-107.24612104610694,25.173262165799486],[-107.24604844795589,25.173330484504675],[-107.24597594001008,25.173403259063896],[-107.24590334190147,25.173471577730417],[-107.24582578369706,25.173539963638717],[-107.24575318563232,25.17360828226449],[-107.24568058758881,25.17367660087074],[-107.24560681717627,25.17367770943799],[-107.24553169402807,25.17361162946233],[-107.2454566610864,25.17354553861244],[-107.2453816281674,25.17347953524703],[-107.24504623490395,25.17344876066414],[-107.24445066271785,25.173457745447163],[-107.24411662346165,25.1734987113096],[-107.24404393571328,25.173567040122077],[-107.24397133816946,25.17363535813898],[-107.24389874064687,25.173703588554346],[-107.2438261431455,25.17377190653218],[-107.24374867577306,25.173840280896503],[-107.24367607831556,25.17390859883361],[-107.24360339069618,25.173976927527008],[-107.24341707240421,25.174015568111923],[-107.24312172302658,25.174020116891388],[-107.24293396216981,25.173987111792805],[-107.24285893001318,25.17392101885079],[-107.24278389787922,25.173854925811696],[-107.24270877558513,25.17378884345065],[-107.24263374349658,25.17372283779974],[-107.24255871143069,25.17365674446937],[-107.24251740773101,25.17355430327694],[-107.24251497279697,25.17341989228354],[-107.24247862915463,25.173317383831762],[-107.2423986370871,25.173251444870925],[-107.2423236050923,25.173185351110458],[-107.24224848293753,25.17311926802752],[-107.24221213933421,25.173016759260832],[-107.24220970440317,25.17288243547417],[-107.24216840076157,25.172779993675206],[-107.24209336883638,25.1727138994889],[-107.24161044154343,25.172689880405763],[-107.24071457106741,25.172703455126285],[-107.24023281882302,25.17274208767324],[-107.24016022239408,25.172810404318447],[-107.24012883909971,25.172981174995265],[-107.24013379910286,25.173254368207083],[-107.24017131476633,25.173419623083902],[-107.2402464362922,25.173490174587986],[-107.2403215578408,25.173556171662437],[-107.24039658923019,25.17362226699639],[-107.24045637988488,25.17473706281934],[-107.2404959697833,25.17690508229134],[-107.24047703156229,25.178021040088932],[-107.24040443506188,25.17808935723142],[-107.24033183858272,25.178157586772286],[-107.24025924212481,25.178225903875642],[-107.24024391119852,25.179274602548144],[-107.24028115633284,25.181308262441874],[-107.24033472440509,25.18235590054361],[-107.24040984598045,25.182421980895874],[-107.24048487739653,25.182488071927164],[-107.24055999901736,25.182554064504117],[-107.24060364712442,25.182790922153696],[-107.24061113223446,25.18319850429503],[-107.24057614160151,25.183436526000932],[-107.24050345489007,25.183504854376448],[-107.24043085838194,25.183573171955725],[-107.24035826189504,25.183641489515413],[-107.24033310113002,25.184148172238775],[-107.24035041606481,25.18509775192213],[-107.24039415431696,25.185603380483123],[-107.24046927591031,25.18566945923356],[-107.24054430734438,25.185735548664027],[-107.24061933880114,25.185801637997383],[-107.24066064218488,25.185904075022304],[-107.24066307710072,25.186038482024195],[-107.24070438049172,25.186140831329563],[-107.2407794119969,25.18620692032962],[-107.2408545337069,25.18627299845483],[-107.2409295652575,25.18633908726054],[-107.24100468701297,25.186405165191264],[-107.24107980879118,25.186475709589573],[-107.24115484040992,25.186541798101615],[-107.2412299622336,25.186607875738435],[-107.24127243808874,25.18677743294397],[-107.24127739811476,25.187046234766907],[-107.24124114483595,25.187217056215502],[-107.24116845792967,25.187285385114688],[-107.24106078034342,25.18731831001082],[-107.24090819208512,25.18732060714024],[-107.24080051461182,25.187358085984993],[-107.24072791801673,25.187426403965638],[-107.24070032229797,25.188072097693844],[-107.24072259727335,25.18929046554211],[-107.24077373052396,25.189930424429896],[-107.24084876205012,25.189996423982176],[-107.24092388378112,25.190062500237293],[-107.24099891535268,25.190128587174136],[-107.24103525877831,25.190231089331128],[-107.24103778388005,25.190365483625733],[-107.24107899715122,25.19046792904899],[-107.24115411895193,25.190534004877428],[-107.24122915059311,25.1906000913879],[-107.2413042724393,25.19066607944326],[-107.2413793041259,25.190732165759396],[-107.24145938604721,25.190802640296635],[-107.24153450796308,25.19086871563232],[-107.2416095397193,25.190934801650414],[-107.24164579305196,25.191032847317274],[-107.2416483181599,25.191171707460562],[-107.24168953153247,25.19126968557842],[-107.24176465351803,25.19133567291137],[-107.24187846382041,25.191369798700396],[-107.24202618281684,25.19136755468646],[-107.24214008342176,25.191401669397155],[-107.24221511536108,25.19146775463131],[-107.24225145896484,25.191565788884397],[-107.24225398407894,25.191704648475],[-107.24229510736944,25.191802636705084],[-107.24237022953834,25.191868710831738],[-107.24244526154722,25.19193479564168],[-107.2425204739443,25.19200532526176],[-107.24259550599862,25.192071409875105],[-107.24267062825844,25.192137396032727],[-107.24274566035815,25.192203480451717],[-107.24282565253752,25.192269497285668],[-107.24286199623067,25.192371997245687],[-107.24286452135098,25.192506389711674],[-107.24290564474265,25.192604377151998],[-107.24298085727924,25.192674906032234],[-107.24308970807698,25.1927046308587],[-107.24324229767662,25.192702327896434],[-107.24335132895507,25.19273649732531],[-107.24342636126056,25.192802580863013],[-107.24350635365928,25.192868509199364],[-107.24358147619475,25.192934581756752],[-107.24369041743903,25.192968761496832],[-107.2438430074079,25.192966457627005],[-107.24395194876693,25.19299617064866],[-107.24402698125394,25.193062253537143],[-107.24410210394694,25.193128325546315],[-107.24418209656339,25.193194340679714],[-107.24425721930332,25.193264878912803],[-107.24433234206599,25.193330950623647],[-107.24436859579632,25.193428993442296],[-107.24437112093196,25.19356785110052],[-107.2444123347566,25.19366573863716],[-107.24448736738275,25.19373182080332],[-107.24456249021505,25.193797892089613],[-107.24463761307005,25.193868429687083],[-107.24468261464715,25.194172457151787],[-107.24469244465205,25.19470996469915],[-107.24473248614392,25.19501405880886],[-107.24480769923393,25.19508458487441],[-107.24514300199155,25.19511087502633],[-107.24573866602192,25.195101827588456],[-107.24607415040445,25.19513255983027],[-107.24614918353265,25.195198639842584],[-107.24622430686762,25.195264708973408],[-107.24630430016764,25.195330721103854],[-107.2463794235495,25.19539679003577],[-107.24645445676992,25.195462869654897],[-107.24652958019719,25.19552885081664],[-107.24660461346296,25.195594930241366],[-107.24667973693565,25.1956655527101],[-107.24675486043104,25.195731621153364],[-107.24682998394916,25.195797601923886],[-107.24690501730566,25.195863680957512],[-107.24701882996416,25.19589333246957],[-107.24716655201865,25.19589107968106],[-107.24728045498144,25.195925186453742],[-107.24735548847399,25.195991265032443],[-107.2474306121737,25.19605733272854],[-107.24750564571158,25.196123411112787],[-107.2475807694567,25.196189478614283],[-107.24766076319345,25.19625548904385],[-107.24773588698547,25.19632602267036],[-107.2478110108002,25.19639208987346],[-107.24788604445294,25.1964581677651],[-107.24796116831305,25.1965242347736],[-107.24803620201114,25.19659031247077],[-107.24811132591665,25.19665637928467],[-107.24818635966005,25.196722456787388],[-107.24826148361096,25.196788523406678],[-107.24830522325671,25.19702526080914],[-107.2483127085989,25.197432900847264],[-107.24835644825367,25.19766972520799],[-107.24843157225598,25.197735791225515],[-107.24850660609609,25.19780186793242],[-107.24858173014378,25.19786793375533],[-107.24861807467921,25.19797042729053],[-107.2486205096731,25.19810482523783],[-107.2486618143877,25.19820725080509],[-107.24873684829731,25.19827332708534],[-107.24881197241461,25.19833939248128],[-107.2488870965546,25.198405457779874],[-107.24896213053223,25.19847153376837],[-107.2490372547176,25.198537511298344],[-107.24911724892317,25.1986035192287],[-107.24919228297026,25.19866959492125],[-107.24922862759495,25.19877208768396],[-107.24923115277998,25.198906474197962],[-107.24927245759608,25.199008898952677],[-107.24934749169002,25.199074974315742],[-107.24942261599186,25.199141038793815],[-107.24949765013113,25.199207113962395],[-107.249498912725,25.199274307067476],[-107.24942640377239,25.199347084423174],[-107.24935380465568,25.199415406291518],[-107.249281115375,25.199483738927988],[-107.24920851630073,25.199552060756968],[-107.24913591724766,25.199620382566287],[-107.24905835803428,25.19968877223769],[-107.24898575902506,25.199757094005964],[-107.24891316003705,25.199825328180882],[-107.24884056107025,25.19989364990982],[-107.24876796212466,25.199966437878125],[-107.24869536320026,25.200034759568062],[-107.24865784624889,25.200133914368397],[-107.24866028124316,25.20026831142726],[-107.24862772446991,25.20037186457526],[-107.24855512558649,25.20044018624824],[-107.24848252672426,25.200508507901546],[-107.24840983769835,25.20057684032269],[-107.24833245908124,25.20064967448905],[-107.24825977009922,25.20071800686946],[-107.24818717132328,25.200786328442717],[-107.24811457256854,25.20085456242259],[-107.248041973835,25.200922883956483],[-107.24796937512268,25.200991205470697],[-107.24789668624688,25.201059537752542],[-107.24782408757699,25.201127859227366],[-107.24779035851273,25.20143305960446],[-107.24780027882527,25.201975004368677],[-107.24784528097533,25.202279018428452],[-107.2479203146384,25.202345093476858],[-107.2479954385089,25.202411157640235],[-107.24807056240208,25.20248168794437],[-107.24811303942737,25.202646849268984],[-107.2481180897748,25.20292008654974],[-107.24815560664469,25.20308978168263],[-107.2482307305863,25.20315584528378],[-107.24830576436577,25.203221919575842],[-107.24838088835277,25.203287982982324],[-107.24842219302757,25.203390406363308],[-107.24842462801952,25.203524802240853],[-107.24846584251668,25.203622682480965],[-107.24854105673698,25.20369328855418],[-107.24861609061014,25.203759362317825],[-107.24869121469094,25.203825425195507],[-107.24872746905737,25.20392346063207],[-107.24872999423732,25.20406231155095],[-107.24877120878513,25.204160191335067],[-107.24884633291279,25.204226253885167],[-107.24892136687812,25.204292327126943],[-107.24899658123627,25.20436293246365],[-107.24907161524693,25.20442900550864],[-107.2491467394654,25.204495067667132],[-107.24926055315056,25.20452462475277],[-107.24940827653754,25.204522452012682],[-107.24952218052772,25.204556551776538],[-107.24959721469703,25.20462262426917],[-107.24963851957394,25.204725046150394],[-107.24964095457783,25.204859440845883],[-107.24967738945345,25.2049619198028],[-107.24975242366962,25.205027991965814],[-107.24982754809383,25.20509405324166],[-107.24990754255367,25.205160057191677],[-107.24998266702474,25.205226118268524],[-107.25005770133305,25.205292190038136],[-107.25013282584949,25.20535825092028],[-107.2502078602031,25.20542432249536],[-107.25025042777916,25.205593935199772],[-107.25025547817002,25.20586716776328],[-107.25029290517693,25.20603231603537],[-107.25036802976446,25.206098376357392],[-107.25044324456029,25.206168979512658],[-107.25051827900757,25.20623505042843],[-107.25059827368963,25.206300965607443],[-107.2506733983694,25.206367113104974],[-107.25074852307188,25.206433172933632],[-107.25082355761128,25.20649924345598],[-107.25086116507525,25.20666892292494],[-107.25086612529273,25.206937611037336],[-107.25090860279569,25.2071072328811],[-107.2509837275692,25.207173292149584],[-107.25105885236543,25.207239351320673],[-107.25113388699847,25.207305421185914],[-107.25117519213065,25.20740784071739],[-107.25117762714956,25.207542233518712],[-107.25121406225037,25.207644710236902],[-107.25129405715627,25.207710711649593],[-107.25136909186025,25.207776781083588],[-107.25144421677288,25.207842839628395],[-107.25148056172675,25.207945414393077],[-107.25148308693466,25.20807970845332],[-107.25152430193882,25.208182138167693],[-107.25159942689832,25.208248196382552],[-107.25167455188053,25.208314342070615],[-107.2517495866993,25.20838041088295],[-107.25182471172685,25.208446468805633],[-107.25189983677708,25.208512526630916],[-107.25201374190854,25.208546621587526],[-107.25216137674482,25.208544366478687],[-107.25227519180976,25.20857400584238],[-107.25235040718235,25.208644518504432],[-107.25242553239134,25.208710575774617],[-107.25250056743667,25.208776643740364],[-107.25268824533542,25.20880514925773],[-107.25298856634252,25.208800557925024],[-107.25317146471905,25.2088336628818],[-107.25324649998934,25.208899730136064],[-107.25332658573548,25.208965718269916],[-107.25340162105256,25.20903178532528],[-107.25365829251254,25.20906367861338],[-107.25410634086771,25.209056816027683],[-107.25436788315481,25.209084184175172],[-107.25444300897294,25.20915032703782],[-107.25451822500082,25.209220837479723],[-107.2545932606772,25.20928690337044],[-107.2549286668196,25.209313135288294],[-107.25552444448056,25.20930408473122],[-107.25585985187762,25.20933477995367],[-107.25593497814599,25.209400833820435],[-107.25601010443704,25.209466887589787],[-107.25609010088472,25.20953288370414],[-107.25616522722258,25.20959893727442],[-107.25624026339537,25.209665001543186],[-107.25631538977854,25.209731054918702],[-107.25639051618437,25.209801574198156],[-107.25646564261285,25.209867627376703],[-107.25654076906402,25.209933768026403],[-107.25661580535,25.209999831806336],[-107.25669093184644,25.210065884692664],[-107.25677092851285,25.210131879885587],[-107.25684605505612,25.21019793257284],[-107.25692118162203,25.210263985162662],[-107.25699621802264,25.21033004845171],[-107.25707143482188,25.210400556032003],[-107.25714647126775,25.21046661912423],[-107.25722159792429,25.2105326713223],[-107.25729672460349,25.21059872342295],[-107.25737176111724,25.210664786223205],[-107.2574518481905,25.210730769697598],[-107.25752688475097,25.210796832298904],[-107.25760201152228,25.210862884005703],[-107.25767713831623,25.210928935615076],[-107.25775226513285,25.210999540657482],[-107.25782739197213,25.211065592069822],[-107.25790242864572,25.211131654182267],[-107.25801633652398,25.211161275326187],[-107.25816397492036,25.211159011452587],[-107.25827788291822,25.21119309825629],[-107.25835300991601,25.211259149115627],[-107.25842813693647,25.211325199877543],[-107.25850317379103,25.21139126134006],[-107.25861708194397,25.211425435222328],[-107.258764810885,25.211423159671867],[-107.25887736632743,25.21138560238682],[-107.25895005841102,25.211317265531513],[-107.2590226603271,25.211248939454805],[-107.25909526226432,25.211180613358376],[-107.2591678642227,25.211112287242234],[-107.25924046620224,25.211043961106387],[-107.25931306820294,25.21097563495082],[-107.25938567022479,25.21090284283953],[-107.2594594447233,25.210901715561825],[-107.25953962265662,25.210972152138478],[-107.25961465984592,25.211038300364688],[-107.2596897872468,25.211104350127517],[-107.25976491467031,25.211170399792913],[-107.25983995192745,25.21123646015982],[-107.25988252115069,25.211406059420625],[-107.25988748154793,25.211674821698264],[-107.25992509038119,25.21184448917694],[-107.26000021787564,25.21191053828172],[-107.26007525520365,25.211976598088405],[-107.26015038274336,25.212042646998395],[-107.26023038052065,25.212108638039386],[-107.26030550810711,25.21217468675026],[-107.26038063571625,25.212245288832037],[-107.26045576334803,25.212311337345856],[-107.26053089100245,25.212377385762238],[-107.26060592849021,25.212443444881043],[-107.2606810561899,25.212509493102626],[-107.2607561839122,25.21257554122677],[-107.2607574465632,25.212642728649215],[-107.2606847539524,25.21271106622825],[-107.26061215155211,25.21277939298754],[-107.26053963936224,25.21285217481817],[-107.26054090201214,25.212919362242538],[-107.26061602969222,25.212985410293054],[-107.26069106720561,25.21305146904623],[-107.26076619493095,25.21311751690194],[-107.26084132267894,25.21318356466021],[-107.26092132067798,25.213249554500713],[-107.26099644847271,25.21331560205985],[-107.26107148610063,25.21338166032204],[-107.26114670413013,25.213452250324778],[-107.26122183199278,25.21351829758941],[-107.26129686968855,25.213584355557302],[-107.26137199759647,25.21365040262712],[-107.26144712552703,25.213716449599488],[-107.2615221632906,25.213782507275333],[-107.26160225169778,25.21384848539315],[-107.26167728950806,25.213914542870025],[-107.26175241753062,25.213980589448436],[-107.26182763576556,25.214051178547376],[-107.26190267364365,25.21411723572994],[-107.26197780173412,25.21418328201384],[-107.26205292984723,25.214249328200278],[-107.26212796779313,25.2143153850908],[-107.26224187760272,25.214349465944455],[-107.26238960869217,25.214347271915713],[-107.2625034284313,25.214376897434864],[-107.26257855670279,25.21444294306816],[-107.2626536849969,25.21450898860401],[-107.26272872312357,25.214575044844437],[-107.26280394165303,25.21464554521242],[-107.26287907001505,25.21471159045377],[-107.26295410820956,25.214777646399913],[-107.26303419707665,25.214843622709438],[-107.26310923531783,25.214909766021698],[-107.26318436377181,25.214975810869017],[-107.26325949224842,25.215041855618885],[-107.26333453055739,25.21510791107393],[-107.26340965907923,25.21517395562896],[-107.26348487781405,25.215244455093444],[-107.26355991619081,25.215310510254188],[-107.26363504478056,25.215376642079523],[-107.2637150436759,25.215442628269464],[-107.26379017231235,25.215508672330785],[-107.26386530097145,25.21557471629465],[-107.26394033946265,25.215640770964274],[-107.26401546816697,25.215706814733295],[-107.26409059689392,25.215772858404865],[-107.26416581583408,25.215843444530297],[-107.26424085441569,25.215909498808198],[-107.26431598321051,25.215975542185195],[-107.26439598232422,25.216041527453225],[-107.26447111116576,25.216107570631056],[-107.26454624002992,25.216173613711423],[-107.26465519045176,25.21620775979969],[-107.26480779327493,25.216205416199298],[-107.26491674381097,25.216235183792158],[-107.26499187280933,25.216301226421017],[-107.26507187213977,25.216367210907723],[-107.26514700118483,25.216433253337417],[-107.26522213025251,25.216503761433327],[-107.26529725934282,25.216569803665948],[-107.26537238845573,25.2166358458011],[-107.26544751759127,25.216701975402664],[-107.26556133872568,25.216731596459503],[-107.26570898158988,25.216729320299006],[-107.26582289303472,25.21676339600992],[-107.26589802230589,25.216829437591855],[-107.26597315159968,25.216895479076314],[-107.2660482809161,25.216961520463304],[-107.26612332006381,25.217027660121584],[-107.26619853961675,25.2170981562477],[-107.26623975705525,25.217196105332402],[-107.26624228241276,25.21733047538201],[-107.26627862952537,25.217432948178836],[-107.26635375893375,25.217498989040575],[-107.26643375870076,25.217564971683288],[-107.26650888815581,25.217631012345844],[-107.26654776066785,25.217867942059762],[-107.26655524655833,25.21827552726088],[-107.26659907960833,25.218512299860578],[-107.26667420911313,25.218578427487056],[-107.26674924844905,25.21864447825918],[-107.26682437799906,25.218710518127754],[-107.26686694841439,25.21888010548726],[-107.26687190895055,25.219148854310937],[-107.26690951883698,25.219318510313595],[-107.26698464843523,25.219384637281212],[-107.2670597780561,25.219450676588636],[-107.26713490769959,25.219521181490265],[-107.26718000353485,25.219825136549055],[-107.2671899246197,25.2203627193456],[-107.26723502046491,25.220666673425686],[-107.26731015016114,25.22073271189892],[-107.26738527987996,25.22080321594531],[-107.2674604096214,25.220869341783544],[-107.26753553938543,25.22093537996213],[-107.26761057898025,25.221001428850702],[-107.26768570878949,25.22106746683437],[-107.26776083862134,25.221133504720555],[-107.26783596847578,25.22119954250924],[-107.2679159687178,25.22126552195124],[-107.26799109861892,25.221331647102527],[-107.26806622854265,25.221402150245673],[-107.268141358489,25.221468187637964],[-107.26821648845795,25.22153422493276],[-107.2682916184495,25.22160034969172],[-107.26836674846366,25.221666386791483],[-107.26844178830828,25.221732434602057],[-107.26851691836761,25.221798471506897],[-107.2685969188278,25.221864450026622],[-107.26867204893381,25.22193048673224],[-107.26874726925466,25.22200106572495],[-107.26882239940589,25.2220671022333],[-107.26889743938744,25.22213314945291],[-107.26897256958387,25.222199185766343],[-107.26904769980288,25.22226522198228],[-107.26912283004451,25.222331345661907],[-107.26919787011632,25.222397392491846],[-107.26927796098707,25.22246335928013],[-107.26931430854161,25.222565827723237],[-107.2693168339302,25.222700193968706],[-107.26935814207594,25.222802593136123],[-107.26943327241096,25.222868716285728],[-107.26950831257604,25.222934762586267],[-107.26958344295622,25.22300079797994],[-107.26965857335898,25.2230668332761],[-107.26973370378435,25.223132868474764],[-107.26980883423232,25.223203456734662],[-107.26988396470287,25.223269491736122],[-107.26992644544714,25.22343461824827],[-107.26993149623675,25.223707814919088],[-107.2698953289777,25.223878689906826],[-107.2698226337048,25.223947031490024],[-107.26975002864566,25.224015274682905],[-107.26967742360765,25.22408360541657],[-107.26964486408814,25.22418715170793],[-107.26964738948007,25.224321604682928],[-107.26968364689579,25.224419617280216],[-107.2697588675213,25.22449010657967],[-107.26983399797685,25.224556141007508],[-107.26990912845497,25.22462217533784],[-107.2699891293611,25.224688238735396],[-107.27006425988587,25.22475427286642],[-107.27013939043326,25.224820306899925],[-107.27021443081046,25.22488635164647],[-107.27025086869406,25.224988807566632],[-107.27025330389934,25.2251232707052],[-107.27029461219996,25.22522566807654],[-107.27036974281661,25.225291701682004],[-107.27044487345587,25.22535773518994],[-107.27052000411771,25.225423768600372],[-107.27056131246242,25.225526253198417],[-107.27056374767074,25.22566062839472],[-107.27060018560528,25.22576308373243],[-107.27068018673268,25.22582905836788],[-107.2707553174653,25.22589509134592],[-107.2708304482205,25.225961211786135],[-107.27083171092245,25.226028393826155],[-107.27075910557006,25.226096637524343],[-107.27068641004583,25.226164979573706],[-107.27060893431808,25.226233369241093],[-107.27057637467715,25.226336915030277],[-107.2705788098856,25.226471377450753],[-107.27054137983235,25.226574981653435],[-107.27046877456432,25.22664331285291],[-107.2703961693174,25.226711644032616],[-107.27032356409157,25.226779887632887],[-107.27032473659816,25.226847168013244],[-107.27039995741673,25.22691765554196],[-107.27047508806506,25.226983688243003],[-107.27055021873599,25.227049720846527],[-107.27059143689277,25.22714766239637],[-107.2705939622943,25.227286579200594],[-107.27063031004032,25.22738457908492],[-107.2707103111774,25.227450552884633],[-107.27078553211203,25.22752103977094],[-107.27086066287632,25.227587159403768],[-107.27089692046812,25.227685169791727],[-107.27089953606576,25.227823987832263],[-107.27094075428018,25.227921928787786],[-107.27101588509113,25.22798796053289],[-107.27109101592468,25.228053992180463],[-107.2711660565877,25.22812012210176],[-107.27120736503923,25.228222517430947],[-107.27120989044695,25.22835688038189],[-107.27124623828259,25.228459344898514],[-107.27132136918539,25.228525463676807],[-107.27140146073693,25.228591425461964],[-107.27147659168641,25.228657456481965],[-107.27151293956082,25.228759920681803],[-107.27151546497164,25.228894283252604],[-107.27155677348092,25.228996765529462],[-107.27163181428381,25.22906280703161],[-107.27174085799066,25.229096928330513],[-107.27189355533756,25.22909464514973],[-107.27200241877179,25.229124322304152],[-107.27207754990192,25.229190352541714],[-107.27215755150232,25.229256324114917],[-107.27223268267909,25.229322354153158],[-107.272307904072,25.22939292631308],[-107.27238303529397,25.229458956153994],[-107.27245816653853,25.229524985897367],[-107.27253320761207,25.229591113915045],[-107.27272099078182,25.22961955858579],[-107.2730164654498,25.229614952688554],[-107.27320424898258,25.229647949546898],[-107.27327929028007,25.229713989294158],[-107.27335442179401,25.229780018129723],[-107.27342955333052,25.229846134425575],[-107.27350964555757,25.22991209361823],[-107.27358477714071,25.229982587601683],[-107.27365990874645,25.230048703598268],[-107.27373504037477,25.230114731939572],[-107.27384886528564,25.23014433724083],[-107.27399660324248,25.230142032714134],[-107.2741056479809,25.23017623856243],[-107.27418565023032,25.230242207785263],[-107.27422208869288,25.23034465859747],[-107.27422452393685,25.23047902989924],[-107.2742658328938,25.23058150946155],[-107.27434096470418,25.23064753701601],[-107.27441609653712,25.230713564472932],[-107.27449122839266,25.23077959183229],[-107.27456636027074,25.230845706651298],[-107.27464149217143,25.23091173381552],[-107.27471653390025,25.23097777169783],[-107.27479166584604,25.231043798667027],[-107.27487175850938,25.231109843569694],[-107.27494689050178,25.231180335745403],[-107.27502202251678,25.231246362415444],[-107.27509715455433,25.231312476544822],[-107.27517228661445,25.231378503019712],[-107.27524741869715,25.231444529397045],[-107.27532255080241,25.231510555676834],[-107.2753975927356,25.231576680232088],[-107.27547272488597,25.231642706316794],[-107.2755528177674,25.231708662738836],[-107.27562804015913,25.23177914319411],[-107.27570308218397,25.23184526735277],[-107.2757782144261,25.23191129304075],[-107.27585334669078,25.231977318631174],[-107.27596717256577,25.232006920718753],[-107.27611491177392,25.232004700128954],[-107.27622395743589,25.232038815262985],[-107.27630396036288,25.232104781615327],[-107.27637909278548,25.23217089420832],[-107.27645422523064,25.23223691914745],[-107.27656327104052,25.232271033809912],[-107.27671588113711,25.23226875353999],[-107.27682483686586,25.23229841337297],[-107.27689996944487,25.232364437860223],[-107.27698006278324,25.232434945523707],[-107.27705519540885,25.23250096980933],[-107.27713032805703,25.232566993997388],[-107.27720546072776,25.232633018087892],[-107.2772418094349,25.23273556412822],[-107.27724433490357,25.232869922038315],[-107.2772855541639,25.23296785620733],[-107.2773607770766,25.23303833449157],[-107.27743590981652,25.233104445709316],[-107.2775109523836,25.233170480092088],[-107.27758608516862,25.233236503559077],[-107.27766617872658,25.233302457246964],[-107.27784900499603,25.233335512954092],[-107.27814944648172,25.233330908267483],[-107.27833588093232,25.233292172832254],[-107.27840848848452,25.233223838427],[-107.27848109605779,25.233155504001953],[-107.27855370365211,25.233087169557106],[-107.2786263112675,25.233018835092455],[-107.27869891890394,25.232946035289103],[-107.27877152656144,25.2328777007852],[-107.27884413423999,25.232809366261495],[-107.27891674193963,25.232741031718003],[-107.27899431043701,25.2326726274305],[-107.2790669181802,25.232604292845718],[-107.27913952594444,25.232536045796365],[-107.27921213372974,25.232467711171985],[-107.27928474153609,25.232399376527805],[-107.2793221728979,25.232295686441475],[-107.27931973760431,25.23216131858648],[-107.27935220818746,25.232057785747262],[-107.27942481603444,25.231989451085894],[-107.27949751409861,25.231921105585425],[-107.27957012198772,25.23185277088445],[-107.27964760049137,25.231784377248673],[-107.27972020842401,25.23171604250646],[-107.27979272618148,25.231643253246457],[-107.27986542435247,25.23157490764556],[-107.27993803234827,25.231506572844314],[-107.28001064036513,25.231438325578498],[-107.28019716639812,25.23140404315408],[-107.28049264989532,25.23139950458689],[-107.28068034884247,25.231427945339956],[-107.28075548257868,25.231493966866495],[-107.28075674533075,25.231561145143935],[-107.28068413709754,25.231629480230627],[-107.28061152888542,25.23170228060031],[-107.28053892069433,25.23177061564777],[-107.28050139895413,25.231869763680344],[-107.28050392445572,25.232004207759427],[-107.28054523444924,25.23210659445893],[-107.2806203681449,25.232172615777824],[-107.2806955018631,25.232238636999163],[-107.28077054540725,25.232304756498014],[-107.28081194564136,25.232407132043676],[-107.28081438094947,25.232541499005233],[-107.28085082037722,25.23264403176467],[-107.28092595416456,25.232710052557536],[-107.28100108797445,25.232776073252815],[-107.28108109242822,25.23284203485833],[-107.2811175318948,25.232944567300358],[-107.28111996720585,25.233078933881817],[-107.281161277301,25.233181319636454],[-107.28123641118147,25.2332474274534],[-107.28131154508448,25.233313447618364],[-107.28138667901003,25.23337946768577],[-107.28142798914915,25.2334819406611],[-107.28143051466006,25.23361629603864],[-107.2813930829831,25.23371989817979],[-107.28132047456545,25.233788233648106],[-107.28124777597208,25.233856579917802],[-107.28117516759653,25.233924915346513],[-107.28113773595773,25.234028517458803],[-107.28114026146572,25.234162872769573],[-107.28118157156422,25.23426534556617],[-107.28125670545077,25.23433136529004],[-107.28133183935985,25.234397384916335],[-107.28140688309469,25.234463415266518],[-107.28144828343397,25.234565876907926],[-107.28145071874826,25.234700242657055],[-107.28148715826859,25.234802686470026],[-107.28156229224682,25.234868793221644],[-107.28163742624757,25.23493481232181],[-107.28171256027086,25.23500083132439],[-107.28175513322084,25.23517048059669],[-107.28176009405234,25.235439200401004],[-107.28180266701038,25.235608849335634],[-107.28187780108324,25.235674867869417],[-107.28195293517862,25.235740886305614],[-107.28202806929653,25.23580699219764],[-107.28207073249719,25.23624541853061],[-107.28208597579896,25.23706063588228],[-107.28205972845741,25.237500062073174],[-107.28198711984653,25.237568398055334],[-107.28191442105968,25.237636744840493],[-107.28184181249091,25.23770508078299],[-107.2818106945393,25.238144653231295],[-107.2818258476283,25.238959877573457],[-107.28187347162826,25.239398229761818],[-107.28194860572233,25.239464246411725],[-107.28202373983895,25.239530262964028],[-107.28209887397811,25.239596366971153],[-107.28213648615468,25.239765995247687],[-107.28214153719081,25.240034787648295],[-107.28218411021368,25.240204345606017],[-107.28225924440093,25.240270449148166],[-107.28233437861071,25.24033646504048],[-107.28240960304021,25.24040702272096],[-107.28245334867206,25.240639301818785],[-107.28246092523587,25.24104691013788],[-107.28249989042484,25.241283789703267],[-107.2825798953573,25.241349745688296],[-107.28265502966325,25.241415760780427],[-107.28273016399172,25.241481863326676],[-107.28280529834271,25.241547878223543],[-107.28288052291359,25.241618434883435],[-107.28295565730967,25.241684449582795],[-107.2830307917283,25.241750464184552],[-107.283074627666,25.24198728321419],[-107.2830821140512,25.242390434574407],[-107.28312107933675,25.24262722468804],[-107.28319621380497,25.24269332624253],[-107.28327621895976,25.242759280885167],[-107.283351443672,25.242829836524354],[-107.28338905603658,25.24299499641115],[-107.28339410709798,25.243268249956852],[-107.28343668033366,25.24343780451971],[-107.2835118148965,25.243503905407255],[-107.28358694948187,25.24356991864619],[-107.28366208408977,25.243635931787505],[-107.28370465737098,25.24380557338945],[-107.28370970843872,25.24407427328592],[-107.28374732085709,25.24424398468514],[-107.28382245551305,25.244309997361547],[-107.28389759019154,25.244376097490903],[-107.28397768576798,25.244442039823475],[-107.28401412565582,25.244544565139595],[-107.28401656099504,25.244678925477114],[-107.28405796176553,25.244781292953054],[-107.28413309651462,25.24484739264897],[-107.28420823128624,25.244913404696838],[-107.28428327588253,25.244979427473837],[-107.28435841069916,25.245045526876766],[-107.2844335455383,25.245111538631747],[-107.2845086804,25.245177550289103],[-107.2845838152842,25.245243649398954],[-107.28466400127789,25.245314044895643],[-107.28473913620863,25.245380143803555],[-107.2849219676408,25.245408625675324],[-107.28522232741182,25.245404000609092],[-107.28541021029837,25.245436953211396],[-107.28548534545276,25.24550296385592],[-107.28552169536147,25.245605498485315],[-107.28552422091363,25.245739846761797],[-107.28556544153649,25.2458377692658],[-107.28564066693573,25.245908321333143],[-107.28571580215917,25.245974331548773],[-107.28579093740515,25.24604042921629],[-107.28583477382556,25.246277153483334],[-107.28584235049158,25.24668028437456],[-107.2858812260078,25.246917165844373],[-107.28595636130335,25.246983175363532],[-107.28607037216693,25.247017289829376],[-107.28621811733467,25.247014961009697],[-107.2863319479201,25.24704463183052],[-107.2864071735493,25.247115095065485],[-107.28648230900241,25.24718119157725],[-107.28655744447805,25.247247200442335],[-107.28667127521749,25.247276783233374],[-107.28681902073926,25.24727454108481],[-107.28693303199502,25.247308566915343],[-107.28700816760568,25.24737466287272],[-107.28708330323884,25.247440671183625],[-107.28715843889451,25.247506679396878],[-107.2872335745727,25.247572775061133],[-107.28730871027338,25.247638783079044],[-107.28738393619554,25.247709332694846],[-107.28746394268666,25.247775280991277],[-107.28779948315282,25.247801442551047],[-107.28839046842003,25.2477922911082],[-107.28872601012537,25.24782291491793],[-107.28880610724396,25.247888938643946],[-107.2888812434156,25.2479549451309],[-107.28895637960974,25.248020951520196],[-107.28914417509374,25.248053906518624],[-107.28943966913693,25.248049327591374],[-107.28962746498257,25.248077816817048],[-107.28970260140012,25.248143822492892],[-107.28977773784018,25.24820991561872],[-107.28985287430274,25.248275921099207],[-107.28996679673725,25.248309953954063],[-107.29011454419962,25.24830770720705],[-107.2902284667529,25.24834173976289],[-107.29030360335037,25.248407832332113],[-107.29037873997032,25.248473837256217],[-107.29045387661279,25.248539929629988],[-107.29056779932006,25.248569496784707],[-107.29071554713619,25.24856716161223],[-107.29082459915149,25.248601340603525],[-107.29090460673957,25.248667285298644],[-107.29097974353942,25.248733377117947],[-107.29105488036176,25.24879938129244],[-107.29116393252447,25.2488335598116],[-107.29131664171197,25.248831153233],[-107.29142551358755,25.24886088823742],[-107.29150074074373,25.24893134601715],[-107.29154205254892,25.24902933952969],[-107.29154457816168,25.249163683205147],[-107.29158588997409,25.24926605392035],[-107.29166102697783,25.24933214485356],[-107.29173616400404,25.249398148142344],[-107.29181130105275,25.249464238880094],[-107.2918865283245,25.24953469601601],[-107.29196166541821,25.24960078655607],[-107.29203680253438,25.249666789451865],[-107.29211193967303,25.249732879796454],[-107.2921532515788,25.249835249833286],[-107.29215577719769,25.249969592854995],[-107.29219212807271,25.250067656024154],[-107.29227222629726,25.250138052759468],[-107.29234736350637,25.25020414267046],[-107.29242250073794,25.250270144937474],[-107.29246399309635,25.250641434588605],[-107.29247671140757,25.251317775767752],[-107.29252307461852,25.25168891666133],[-107.29259821190267,25.25175491805912],[-107.29271213558285,25.251789033640087],[-107.29285988466073,25.251786694059305],[-107.2929738084596,25.25181634451373],[-107.2930489458786,25.25188234545487],[-107.2930853870839,25.251984861188156],[-107.29308791271218,25.25211920283789],[-107.29312922477847,25.252221658605343],[-107.29320436224394,25.252287659214947],[-107.2932794997319,25.25235365972688],[-107.29335463724233,25.25241974768647],[-107.29342977477523,25.25248574800298],[-107.29350491233062,25.252551835767076],[-107.29358014010965,25.252622289858905],[-107.29366023877685,25.252688306725428],[-107.29373537640117,25.252754306644565],[-107.29381051404795,25.252820394011106],[-107.2938856517172,25.252886393734826],[-107.29396078940894,25.252952480905865],[-107.29403592712315,25.253018480434168],[-107.29411106485982,25.253084567409694],[-107.29418620261896,25.253150566742576],[-107.294261430602,25.253221107473145],[-107.29433656840612,25.253287106608372],[-107.2944166673145,25.253353122447358],[-107.29449180516501,25.253419121382834],[-107.29456694303802,25.253485120220628],[-107.29460329426196,25.2535876450281],[-107.2946058199055,25.253721985215837],[-107.29464722242297,25.25382442829317],[-107.29472236034245,25.253890426799373],[-107.2947974982844,25.253956512752346],[-107.29487263624881,25.254022511063113],[-107.2949477742357,25.25408859682057],[-107.29502291224505,25.2541545949359],[-107.29510301137219,25.254220609710153],[-107.29517814942795,25.254286607625737],[-107.2952145007403,25.25438913165503],[-107.29521702639,25.254523471190357],[-107.29525842900816,25.25462591344875],[-107.29533356711039,25.25469191103271],[-107.29540870523509,25.254757996063045],[-107.29548384338224,25.254823993451563],[-107.29552641866889,25.254993615795435],[-107.29553146997455,25.255262381528606],[-107.29556917436655,25.255431975981164],[-107.29564431256168,25.255498060447945],[-107.29571945077927,25.255564057273176],[-107.29579964033042,25.255634524592413],[-107.29583590153065,25.255732506162392],[-107.29583842718658,25.255866932362547],[-107.29587982990712,25.255969286000806],[-107.29595496819513,25.25603536993592],[-107.29603010650558,25.256101366229736],[-107.29610524483853,25.256167449969308],[-107.29618038319391,25.256233446067665],[-107.29625561177393,25.256303983485168],[-107.29633075017425,25.25636997938584],[-107.29640588859705,25.256436062732092],[-107.29648598816493,25.25650198755021],[-107.29656112663413,25.256568070696602],[-107.2966362651258,25.25663406620202],[-107.2967114036399,25.256700149152863],[-107.29674784537634,25.256802572669066],[-107.29675037104143,25.256936997946173],[-107.29679168370983,25.257039361260276],[-107.29686682227039,25.257105443879272],[-107.29694196085342,25.257171438857554],[-107.2970170994589,25.257237521281],[-107.29709223808685,25.257303516063807],[-107.29717233787339,25.257369527360225],[-107.29735526856273,25.257402520981472],[-107.29765573341079,25.257397840648952],[-107.29784344519578,25.257426231958284],[-107.2979186742734,25.2574967672957],[-107.29799381317075,25.257562848705238],[-107.29806904229335,25.257628831634058],[-107.29818287825067,25.257658396808168],[-107.29833063054473,25.257656134825528],[-107.29843968586506,25.257690301215078],[-107.29851978608083,25.25775622353789],[-107.29857020954056,25.258602210930075],[-107.298600698149,25.26022367237143],[-107.2986560827904,25.261069669282975],[-107.29873122190806,25.261135660780425],[-107.29880645125125,25.261206193483204],[-107.29888159041384,25.26127218478291],[-107.29895672959888,25.261338263526053],[-107.29903186880637,25.261404254630243],[-107.29910700803629,25.261470333177783],[-107.29918223749186,25.261536400784983],[-107.2992573767667,25.2616023915958],[-107.29933738703963,25.261668322050834],[-107.29941252636081,25.261734400202837],[-107.29948784611106,25.261804921155825],[-107.29952798658599,25.26210894010431],[-107.29953817956152,25.262646440350625],[-107.2995832812282,25.262950387200917],[-107.2996585108262,25.263020918240468],[-107.2997336502433,25.263086995457865],[-107.29980887988627,25.263152974193567],[-107.29985271875336,25.263389753382224],[-107.29986029584225,25.26379292846414],[-107.29989926373169,25.26402976735501],[-107.29997440322069,25.264095756334044],[-107.30005450392517,25.26416176157863],[-107.30012964346054,25.2642277503578],[-107.30020487322192,25.264298280274275],[-107.30028001280218,25.264364356395614],[-107.30035515240492,25.264430344879216],[-107.3004303822337,25.264496409960596],[-107.30047169550659,25.26459876708628],[-107.30047422120906,25.26473318719205],[-107.30051057328701,25.264831150857717],[-107.30058580316229,25.26490168013365],[-107.30066094285633,25.264967755629392],[-107.30074104377935,25.265033672266416],[-107.30077739589585,25.265131723162128],[-107.30078001180519,25.265270509018972],[-107.30082123493166,25.26536849940055],[-107.300896374696,25.26543448692484],[-107.3009716046866,25.265505015555874],[-107.3010468346997,25.265571079576656],[-107.3011219745314,25.265637066805272],[-107.30119711438553,25.265703141475413],[-107.30127225426209,25.265769128508474],[-107.3013473941611,25.265835202982966],[-107.30138879778849,25.265937547971838],[-107.30139132350018,25.266071967040705],[-107.30143263693081,25.266174322733466],[-107.30150777687768,25.266240396871545],[-107.30158291684701,25.26630647091179],[-107.30165814704284,25.266372446469443],[-107.30173328705705,25.26643852031395],[-107.30180842709368,25.266504506521734],[-107.30188356715276,25.266570580170576],[-107.30195870723425,25.266636566182793],[-107.30200263668003,25.26687341630562],[-107.30201030403789,25.267280949757232],[-107.30204927226025,25.267517870574572],[-107.30212937362514,25.26758378465825],[-107.30220451378,25.267649857504207],[-107.30227965395731,25.2677158427139],[-107.30231735936086,25.267885510165197],[-107.30232241080292,25.268154258123175],[-107.30236507745144,25.268323853899712],[-107.30244021767666,25.268389926181367],[-107.30251535792432,25.268455910827022],[-107.30259049819442,25.268521982912993],[-107.30266572869137,25.26859250849422],[-107.30274086900634,25.26865849284423],[-107.30282097059128,25.268724493258777],[-107.30289611095259,25.268790477408878],[-107.30297134154087,25.26885653815158],[-107.30304648194705,25.268922522106],[-107.30312162237566,25.268988593500435],[-107.30319676282669,25.269054664797007],[-107.30327190330014,25.269120648458],[-107.3033471340007,25.26919117313177],[-107.30346106255047,25.269220715826858],[-107.30360881794357,25.26921844096053],[-107.30372283681656,25.26925252446654],[-107.303797977447,25.269318507570453],[-107.30383568307792,25.269488172523555],[-107.30384073455043,25.26975691754979],[-107.30388340145626,25.26992651073574],[-107.3039585421346,25.269992580910603],[-107.30403368283537,25.2700586509876],[-107.30410882355855,25.27012463342956],[-107.30418396430416,25.270190703310856],[-107.30426406634817,25.270256614093658],[-107.30433920714012,25.270322683774914],[-107.30441443815953,25.27039320689594],[-107.3044896692014,25.270459177993214],[-107.30456481006065,25.270525247378604],[-107.30463995094229,25.270591316666113],[-107.30471509184635,25.27065729831892],[-107.30475649602757,25.270759726140277],[-107.30475902177304,25.270894053901362],[-107.30479546467491,25.27099655308026],[-107.30487060562538,25.271062621937592],[-107.30495070788776,25.271128531652387],[-107.30502584888453,25.27119460030969],[-107.30506734332212,25.27156584140595],[-107.30508015247598,25.272242182428215],[-107.30512651801017,25.272613273876324],[-107.30520174926474,25.272679330811567],[-107.3052768903364,25.2727453984991],[-107.30535203143047,25.272811378552703],[-107.30542726275237,25.272881899530326],[-107.30550249409676,25.272947956071455],[-107.30557763525812,25.27301393582926],[-107.30565773774532,25.273079931451576],[-107.305732878953,25.27314591100942],[-107.30580802018306,25.273211978005246],[-107.30591707874292,25.273246128583075],[-107.30606979688831,25.273243689345673],[-107.30617876535578,25.27327338616813],[-107.30625390671884,25.273339452710943],[-107.30633400942105,25.273405360012895],[-107.30640924103618,25.27347587981597],[-107.30648438246797,25.273541946058597],[-107.30655952392215,25.273607924667903],[-107.3066347556046,25.273673979863208],[-107.30670989710363,25.273740045812136],[-107.30678503862508,25.27380602412785],[-107.30686018016891,25.273872089881028],[-107.30693541194114,25.273938057149202],[-107.30701542465398,25.274004061911935],[-107.30709074667858,25.274074569955197],[-107.30716588831358,25.274140635310207],[-107.30724102997097,25.27420661303227],[-107.30731617165075,25.27427267819153],[-107.30739131335297,25.27433865571793],[-107.30746654528373,25.274404709829035],[-107.30754168703076,25.27447077469457],[-107.3076168288002,25.27453675192736],[-107.30769693193561,25.274602744911384],[-107.30777216395761,25.274673262898787],[-107.30780977997702,25.27483846714087],[-107.3078150119418,25.275111646103205],[-107.30785758931435,25.275281242584228],[-107.30793273117797,25.275347306682743],[-107.30800796327033,25.27541327229576],[-107.30808310517877,25.275479336198433],[-107.30812829858226,25.275783245273352],[-107.30813849190594,25.276325256547416],[-107.30810484491876,25.276630422446445],[-107.30803222878214,25.276698770290665],[-107.30795961266644,25.2767671181149],[-107.30788699657164,25.276835465919145],[-107.30781438049777,25.276903813703406],[-107.30774176444481,25.276972161467683],[-107.30766418706975,25.277040580942185],[-107.30759157106007,25.27710892866479],[-107.30756162260006,25.27734686091191],[-107.30756929012713,25.277754459889735],[-107.30760825920952,25.27799127740194],[-107.30768349120504,25.278057329555228],[-107.30776359436165,25.278123320709856],[-107.30783873619724,25.278189295982802],[-107.3078764424329,25.278358951293978],[-107.30788149398643,25.278627772270504],[-107.30792416157654,25.278797355482084],[-107.30799930346,25.278863330288303],[-107.30807444536586,25.278929392530234],[-107.30814976770692,25.278999897174145],[-107.30815103059666,25.27906705846822],[-107.30807841444673,25.279135406506597],[-107.30800579831772,25.279203754524975],[-107.3079330920033,25.279272113377605],[-107.30790079813836,25.27964451507603],[-107.30791351722992,25.280320842662906],[-107.30795997349179,25.280691995320517],[-107.30803520559229,25.28075795832456],[-107.30811034750884,25.280824019618507],[-107.30818557965422,25.28089453414228],[-107.3082607216156,25.28096059523814],[-107.30833595380585,25.281026557848072],[-107.30841109581205,25.281092618748048],[-107.30848623784065,25.28115867955009],[-107.30856634125234,25.281224580876064],[-107.30864148332722,25.28129064147796],[-107.30871671563109,25.28135669112647],[-107.30879185775079,25.281422663999773],[-107.30886709009953,25.281493177615353],[-107.30894232247073,25.28155922696757],[-107.30920401222454,25.281586468671073],[-107.3096522501484,25.28157944239867],[-107.309914030846,25.28161122327845],[-107.30998926352954,25.281677271653596],[-107.31006440602846,25.281743243255054],[-107.31013954854976,25.281809302290753],[-107.31025357037751,25.281843371991744],[-107.31040132975315,25.2818410817974],[-107.31051030009297,25.28187068233108],[-107.31059040414763,25.28193666897186],[-107.31062811079477,25.28210631920197],[-107.31063325261073,25.282379587426888],[-107.31067583045918,25.28254462457825],[-107.31075097316263,25.28261068268936],[-107.31082629630319,25.282681183101698],[-107.31090143905146,25.282747241014615],[-107.31094401694517,25.2829122776611],[-107.31094915876757,25.283185544869678],[-107.31098686546835,25.283355193942594],[-107.31106209847191,25.283421240530583],[-107.31113724129041,25.283487297878317],[-107.31121238413132,25.283553267596826],[-107.31129248840892,25.283619252746625],[-107.31136763129608,25.283685309796237],[-107.31144286441318,25.283751268358607],[-107.3115180073451,25.2838173252123],[-107.31159315029942,25.28388338196804],[-107.31166847369144,25.28395388099171],[-107.31174361669058,25.284019850018247],[-107.31181875971208,25.284085906477884],[-107.31189390275597,25.28415196283956],[-107.31197400724996,25.284217859531143],[-107.31204924054788,25.284283904833902],[-107.31212438366042,25.284349960897377],[-107.31219952679533,25.28441601686289],[-107.31227476016048,25.2844819743408],[-107.3123886927454,25.284516051160544],[-107.31253654357957,25.284513746009107],[-107.31264560504967,25.284547883745248],[-107.3127257097823,25.284613779547257],[-107.31276206362767,25.284711813898408],[-107.31276467966141,25.28485067238949],[-107.31273202434564,25.284949749071515],[-107.31265453564359,25.285018160340893],[-107.31247285675447,25.285056836894526],[-107.31217237423138,25.285061585345083],[-107.31199069568942,25.28509579720327],[-107.31191320721503,25.28516867226307],[-107.31184058998183,25.285237022041507],[-107.31176797276953,25.285305371799904],[-107.31166017458607,25.285338392614833],[-107.3115074530544,25.28534084586924],[-107.31139974518983,25.285378319703653],[-107.31132712810442,25.285446669320557],[-107.31124954962631,25.28551509095343],[-107.31117693258413,25.285583440528583],[-107.31110431556287,25.2856517900837],[-107.31103169856249,25.285720139618782],[-107.31095917179044,25.28579294234556],[-107.31088655483184,25.285861291840934],[-107.31081393789415,25.285929641316283],[-107.31074132097737,25.28599799077159],[-107.31066870408151,25.286066340206872],[-107.3105911258059,25.286134761642668],[-107.31051850895327,25.286203111036176],[-107.31044589212152,25.28627146040965],[-107.3104133273131,25.286374990306914],[-107.31041585311526,25.286509396175],[-107.31037841712147,25.286612987194367],[-107.31030580033007,25.286681336549393],[-107.31023318355959,25.28674968588437],[-107.31016056681001,25.28681803519931],[-107.31008795008134,25.286886384494206],[-107.31001533337358,25.286954733769075],[-107.309937845506,25.287027608247207],[-107.30986522884145,25.287095957480638],[-107.30983906880594,25.287535447163897],[-107.30985440399884,25.288346147773048],[-107.30989725233691,25.28878459415425],[-107.30997239480838,25.2888506499284],[-107.3100525888993,25.288921086739364],[-107.31012773141707,25.2889870547808],[-107.31016408488809,25.28908508900212],[-107.31016670089488,25.289223947066635],[-107.31020801576452,25.289321821564876],[-107.31028315832859,25.289387876806],[-107.31035839112225,25.289453921090004],[-107.31043362393835,25.28952442930517],[-107.31047493885171,25.289622303476516],[-107.3104774646545,25.289756707975002],[-107.31051390838319,25.28985919479117],[-107.31058905103839,25.289925249503437],[-107.31066428392329,25.289991205728423],[-107.31074438802685,25.290057188144687],[-107.3107808317941,25.29015967464152],[-107.31078335759995,25.29029407875541],[-107.31082467257058,25.290396416340037],[-107.31089990552577,25.29046245965939],[-107.31100896628841,25.29049659601371],[-107.31116168751831,25.290494227952657],[-107.3112706581866,25.290523910877024],[-107.31134580106725,25.290589877073444],[-107.31142590538722,25.290655858562108],[-107.31150122872933,25.29072635436203],[-107.31157637167863,25.29079240778732],[-107.31165151465032,25.29085837358541],[-107.31168922145608,25.291028104516503],[-107.31169436329367,25.291296812612615],[-107.31173703152889,25.291466383520447],[-107.31181217454844,25.291532436380212],[-107.31188731759035,25.29159848914199],[-107.31196255086245,25.2916644434159],[-107.31203769394915,25.29173049598168],[-107.31211779848879,25.291796476260497],[-107.3121930318296,25.291862517764788],[-107.31226817498495,25.291928482503472],[-107.3123046189723,25.292030967107568],[-107.31230714479341,25.292165369637168],[-107.3123485502215,25.292267781901288],[-107.31242369342316,25.292333746307232],[-107.31249883664718,25.292399798143816],[-107.31257407010159,25.29246583902075],[-107.31261538536548,25.29256826181059],[-107.3126180013977,25.29270256556269],[-107.31265444543558,25.292805049578575],[-107.31272958872833,25.292871100984183],[-107.31280473204345,25.29293715229179],[-107.3128848368266,25.293003131258356],[-107.312921280903,25.293105614954836],[-107.31292389693839,25.293239918322016],[-107.31296521225954,25.29334234049524],[-107.31304044585298,25.293408380505323],[-107.31311558926066,25.293474431279627],[-107.31319073269071,25.29354039442791],[-107.31323213826377,25.293642805402964],[-107.31323466409417,25.293777206773083],[-107.3132711082211,25.293879689881273],[-107.31334634190571,25.29394572936196],[-107.31342148540448,25.294011692079437],[-107.31349671913392,25.29407773136395],[-107.31357682413669,25.294143709120384],[-107.31365196770406,25.294209759067325],[-107.31372584837614,25.294208564708693],[-107.31379846615182,25.294140213630598],[-107.3138710839484,25.29407186253243],[-107.31394370176585,25.29400351141419],[-107.31427810482964,25.29396245369013],[-107.31487420397123,25.29395307443107],[-107.3152099614015,25.293983623687573],[-107.31528510545495,25.294049672277804],[-107.31536033973977,25.294115709905885],[-107.31543548383799,25.294181758300038],[-107.31577115180542,25.294212316471143],[-107.31636734468088,25.294202918422105],[-107.31670292367735,25.29422902085423],[-107.31677815838451,25.294295057149117],[-107.31685339311409,25.29436555720109],[-107.31693349918172,25.294431444200256],[-107.31700873395755,25.294497480194302],[-107.3170838785462,25.294563526955706],[-107.31715902315717,25.294629573619112],[-107.31723425800017,25.294695609318833],[-107.3173094026559,25.294761568259826],[-107.31738463754368,25.294827603763352],[-107.31745978224413,25.294893650034613],[-107.31753501717668,25.29496414917752],[-107.31761025213164,25.295030184384476],[-107.31769035843926,25.295096157879787],[-107.31772671299942,25.295194096814864],[-107.31772932908459,25.29533294810704],[-107.31777064519197,25.29543090195021],[-107.31784579000724,25.29549694759002],[-107.31795485377044,25.295531074117285],[-107.318107669412,25.29552859598871],[-107.31821673328825,25.295562722227416],[-107.31829187823617,25.295628767411518],[-107.31833319443554,25.295726720717216],[-107.31833572031694,25.29586111850471],[-107.31837712673355,25.29596343708945],[-107.31845227172916,25.29602948193844],[-107.31852750695724,25.29609551582239],[-107.31860265199758,25.29616156047527],[-107.31863909689913,25.296264038790152],[-107.31864162278359,25.29639843619265],[-107.31868302925031,25.296500754302667],[-107.31875817433689,25.296566798622493],[-107.31883340965604,25.296632831976893],[-107.31890855478731,25.296698876100606],[-107.31894996129779,25.296801281399862],[-107.31895248718536,25.296935590889515],[-107.31898893213736,25.297038068615837],[-107.31906903888202,25.29710403983268],[-107.31917819338351,25.297138153387596],[-107.31932595798212,25.29713584376531],[-107.3194398937481,25.297165442408602],[-107.3195150390597,25.297231485741392],[-107.31959027460414,25.29729743058311],[-107.31966541996044,25.297363473719816],[-107.3199272110401,25.29739521427777],[-107.32037555821213,25.29738819819396],[-107.32063744023802,25.29741983869586],[-107.3207125859056,25.2974858808534],[-107.32078782180642,25.29755191204383],[-107.32086296751868,25.297617954005236],[-107.32097690397737,25.297647550762857],[-107.32112466962731,25.297645151133082],[-107.321238696415,25.297679200465122],[-107.32131384226125,25.297745241968766],[-107.32135028755367,25.29784771769283],[-107.32135290367634,25.297982102124507],[-107.32139431058715,25.29808450502799],[-107.32146945647965,25.298150546198404],[-107.32154460239448,25.298216499746793],[-107.32161983854286,25.29828252985129],[-107.32169498450237,25.29834857072757],[-107.32177022069547,25.298414600635773],[-107.32188415756292,25.298448659727047],[-107.32203201395436,25.298446335195642],[-107.32214595093973,25.298475930277206],[-107.32222109705555,25.298541883073863],[-107.32229642361662,25.29861236526094],[-107.32237156977716,25.298678405382944],[-107.32244671596001,25.2987444454069],[-107.32252691401175,25.298810401714324],[-107.3225646224408,25.29898002947208],[-107.32256976449973,25.299248806915156],[-107.32261243457184,25.29941836158278],[-107.32268758082624,25.299484401036302],[-107.32276272710298,25.299550440391766],[-107.3228379636137,25.299616468778016],[-107.3228392265769,25.299683621911857],[-107.32276660620312,25.2997519765038],[-107.32269398585017,25.29982033107567],[-107.32262145572965,25.299893138439312],[-107.32258392771524,25.299992273390096],[-107.32258645363913,25.300126667147197],[-107.32255397747699,25.300230269620428],[-107.322476395551,25.30029869692729],[-107.32240377528137,25.300367051438574],[-107.3223311550326,25.300435405929772],[-107.32225862501612,25.300508213210755],[-107.32218600480901,25.300576567662116],[-107.32211338462275,25.300644922093383],[-107.32204076445734,25.300713276504553],[-107.32196805410145,25.300781641766562],[-107.32189543397777,25.300849908614325],[-107.32181794246507,25.300918412375836],[-107.32174532238449,25.30098667918172],[-107.32167270232476,25.301055033490705],[-107.32160008228591,25.30112793898666],[-107.32152746226788,25.30119629325577],[-107.32145484227071,25.301264647504794],[-107.32142128372007,25.30156977119716],[-107.32143156779156,25.3021117876927],[-107.3214768537956,25.302415724111167],[-107.32155199971263,25.302481763108315],[-107.32173981949725,25.302510155018993],[-107.32203544198642,25.302505512473957],[-107.32222335234148,25.302538356338935],[-107.32229858869178,25.302604383749074],[-107.32237373485296,25.30267042193281],[-107.32244897124797,25.30273644914662],[-107.32256290842116,25.302770505183712],[-107.32271076520937,25.302768177412943],[-107.32282470250047,25.3027976819874],[-107.32289984881795,25.302863719615175],[-107.32294251894572,25.303033271522878],[-107.32294775122404,25.303306497971125],[-107.32298536950412,25.30347166963105],[-107.32306069629279,25.30354223619421],[-107.32313584268036,25.303608185731346],[-107.32321107930204,25.303674211819793],[-107.32325239630524,25.303772157958807],[-107.32325501244759,25.30391100254255],[-107.32329632945796,25.304008948542986],[-107.32337147591552,25.304074985168675],[-107.32344671260728,25.304140923301485],[-107.3235219493214,25.304211499989453],[-107.32356092086557,25.304443811613407],[-107.32356867909036,25.304851427483566],[-107.323612612298,25.305088216717053],[-107.32368784906146,25.305154241667616],[-107.3237629956353,25.30522018987213],[-107.32383823244348,25.305286214626374],[-107.32391337906199,25.305352250156126],[-107.32399357757862,25.30542266536774],[-107.32410255378144,25.305452327647778],[-107.32425041146942,25.305449996498094],[-107.32436443966606,25.30548403825802],[-107.32443958644082,25.305550073229455],[-107.32451482345016,25.305616097228572],[-107.32458997026959,25.30568213200379],[-107.32467007878834,25.305748093715206],[-107.32474531586621,25.305814029894556],[-107.32482046275406,25.305880064371195],[-107.32489569987662,25.30594608787514],[-107.32497093702156,25.306016574841728],[-107.32504617418886,25.306082598147057],[-107.32512132116605,25.306148632229007],[-107.32519655837804,25.306214655337968],[-107.32527170539989,25.30628068922368],[-107.32535181413441,25.306346650006383],[-107.32542705141492,25.306412672816485],[-107.32550219850519,25.30647861888308],[-107.32561135578288,25.306512808401337],[-107.32576408583805,25.306510325144075],[-107.3258730628032,25.306539985065577],[-107.32594839045139,25.30661045998409],[-107.32602849940005,25.306676419978196],[-107.32610364666887,25.30674245290881],[-107.32621262378018,25.306772112366072],[-107.32636048270075,25.30676977789834],[-107.32647451184795,25.306803816668484],[-107.32654965924914,25.30686984914538],[-107.32662489688565,25.306935870648033],[-107.32670004433146,25.307001902928686],[-107.32681407363158,25.307035941207065],[-107.32696193290337,25.30703360585617],[-107.32707587210827,25.307063103680296],[-107.32715101968792,25.307129135502933],[-107.32722634771632,25.307199696500447],[-107.32730149534062,25.307265640604864],[-107.32737673320051,25.307331661254125],[-107.32745684260108,25.30739761957092],[-107.3274932887782,25.307500086712064],[-107.32749581475106,25.307634474743264],[-107.32753713245366,25.307732416013607],[-107.32761237038353,25.307798436228882],[-107.32768760833578,25.30786891983563],[-107.32776284631036,25.307934939852256],[-107.32783799409387,25.308000970648006],[-107.32791323211313,25.308066990468227],[-107.32798711695237,25.308065783534328],[-107.3280597388239,25.307997426546688],[-107.32813732246122,25.3079289963899],[-107.3282099443758,25.307860639360303],[-107.32847039109043,25.3078206586921],[-107.32891388185182,25.30781365558459],[-107.3291756824989,25.307845363399267],[-107.32925092091547,25.30791138211874],[-107.32929223890434,25.308009322002885],[-107.32929485510911,25.308148161442542],[-107.32933121133671,25.30824617439222],[-107.32940644979946,25.308312192780175],[-107.329520480318,25.30834622742912],[-107.3296682509555,25.308343898914107],[-107.32978219137772,25.308373480694733],[-107.3298574299744,25.30844396206923],[-107.32993266859341,25.30850997989832],[-107.33000790723476,25.308575997629163],[-107.33012175759545,25.30860550228786],[-107.33026961879791,25.3086031620136],[-107.33038364970487,25.308637195573183],[-107.33045879826575,25.30870322372503],[-107.3305340370633,25.308769240899277],[-107.33060918566876,25.30883526885485],[-107.33068442451096,25.30890128583268],[-107.3307596633755,25.30896730271225],[-107.33083490226237,25.309037782913943],[-107.33091501275639,25.309103737189563],[-107.33162022075402,25.309123971213673],[-107.33296054536562,25.30910277995576],[-107.33367072090596,25.30912730425111],[-107.33374596065669,25.30919331839447],[-107.33382111021417,25.309259343321564],[-107.33389635000951,25.30932535726848],[-107.33401038254763,25.309359386519866],[-107.33415815580226,25.309357051947895],[-107.33427209824235,25.30938662842458],[-107.33434733817147,25.309452641912983],[-107.3344224879071,25.30951866618564],[-107.33449781809664,25.30958913194555],[-107.334833421129,25.30961516093565],[-107.3354296589016,25.309605721726832],[-107.33576544359906,25.309636277071537],[-107.33584059375474,25.30970230000872],[-107.33591583414899,25.309768311964145],[-107.33599098434922,25.309834334705023],[-107.33606622478806,25.309900346464005],[-107.33614137503282,25.30996636900857],[-107.33621661551626,25.310032380571098],[-107.336291856022,25.310098392035343],[-107.33637205845615,25.310168793182847],[-107.33644720879147,25.31023481532823],[-107.33652244936557,25.31030082649126],[-107.33659759974542,25.31036684844033],[-107.33671154328098,25.31039633427856],[-107.33685940832537,25.31039398493969],[-107.33696848027726,25.3104281714881],[-107.33704859270851,25.31049403190446],[-107.33712383346088,25.31056004241252],[-107.33719898401878,25.31062606370713],[-107.33727422481574,25.31069207401872],[-107.33734946563499,25.310762635033612],[-107.33742470647653,25.310828645146444],[-107.33749994734039,25.310894655161015],[-107.33757509800964,25.310960675962498],[-107.33765033891807,25.3110266857806],[-107.3377304515645,25.31109254526807],[-107.33780560230197,25.311158565770825],[-107.33791476487744,25.311192740052288],[-107.33806750234487,25.311190238548754],[-107.33817648459869,25.311219883531685],[-107.33825172568534,25.311285892694787],[-107.33832696679427,25.31135645253603],[-107.3384070796542,25.31142231123493],[-107.33848232080919,25.311488320096775],[-107.33855756198646,25.31155432886034],[-107.33859527280072,25.31172402037778],[-107.33860041518493,25.311992770135657],[-107.33864317817333,25.312162289263664],[-107.33871832918095,25.31222830844444],[-107.33879357042817,25.31229431664061],[-107.3388687214803,25.312360335625055],[-107.33894396277206,25.312426343624743],[-107.3390191138687,25.312492362412844],[-107.33909931716443,25.312558296529826],[-107.33917455852453,25.312628854974665],[-107.33921091616814,25.31272677177254],[-107.3392135324752,25.312861140491638],[-107.33925494230435,25.312963523313503],[-107.33933018371054,25.313029530680133],[-107.33940533492145,25.31309554883564],[-107.33948057637221,25.31316155600578],[-107.33952324929123,25.313331171863513],[-107.33952848191181,25.313604371619718],[-107.33956619287025,25.313769597651394],[-107.33964143436864,25.313840067557933],[-107.33971667588933,25.31390607415831],[-107.33979191743231,25.313972080660402],[-107.33987203075435,25.31403802420629],[-107.3399471821256,25.3141040413954],[-107.34002242373687,25.314170047598434],[-107.34009766537041,25.31423605370318],[-107.34013411336396,25.314338508994542],[-107.34013663946273,25.314472887439116],[-107.34017804944237,25.314575268828953],[-107.34025329112201,25.314641274599705],[-107.340367236298,25.3146708418256],[-107.34051501325317,25.31466849651577],[-107.34062904876453,25.31470251573784],[-107.34070429057773,25.31476852104995],[-107.3407794421952,25.314834537152443],[-107.34085468405294,25.31490054226804],[-107.34104260835853,25.314933431680597],[-107.34133825335876,25.31492872804687],[-107.34152482474742,25.314889931848587],[-107.34159745049425,25.31482156970866],[-107.34167007626185,25.314753207548602],[-107.3417427020502,25.314684845368404],[-107.34181659091705,25.314683628134123],[-107.34189679509595,25.314749558568483],[-107.3419719470661,25.314815573631975],[-107.34204718927697,25.314881577707713],[-107.34230900347447,25.31491324751744],[-107.34275251842308,25.314906181736376],[-107.34301424312828,25.314933397650506],[-107.34308957586656,25.315003940505235],[-107.34316481840827,25.31506994350612],[-107.34324493279372,25.315135795882046],[-107.34335391726849,25.315165433577675],[-107.34350178617943,25.315163073447053],[-107.34361573281193,25.315197187576956],[-107.34369097550936,25.315263190020943],[-107.34373238606817,25.315365568423893],[-107.3437350024218,25.315499933628274],[-107.34377136071792,25.31559793360323],[-107.34384669368055,25.315668387933616],[-107.34392680828087,25.315734326892237],[-107.34400196085117,25.3158003396925],[-107.34403840940467,25.315898328464712],[-107.34404102576146,25.31603715638528],[-107.34408234615806,25.316135081961445],[-107.3441575889936,25.316201083538623],[-107.34423292207065,25.31627153722062],[-107.34430807473143,25.31633754949059],[-107.34438331763376,25.31640355077067],[-107.34445856055835,25.316469551952444],[-107.34453371328583,25.316535563927776],[-107.34460895625492,25.316601564913004],[-107.34468907109539,25.31666750269898],[-107.34476431411044,25.31673350348332],[-107.34483946692828,25.316799515061525],[-107.34491480020733,25.31687005534335],[-107.34495648162402,25.31724123381677],[-107.3449694732358,25.317917526049925],[-107.34501602651686,25.318288727454124],[-107.34509126962864,25.3183547271619],[-107.34516651276269,25.318420726771357],[-107.34524166569938,25.318486737175473],[-107.34528307651071,25.318589112930823],[-107.34528569288028,25.318723475966706],[-107.34532214161779,25.31882592563866],[-107.3454023469026,25.318891850751704],[-107.34547749990898,25.318957860719358],[-107.34555274315728,25.319023859695452],[-107.34558919193306,25.31912630904696],[-107.34559180830578,25.319260671695822],[-107.34563321917412,25.31936304683168],[-107.3457083722487,25.3194291438775],[-107.34578361556531,25.319495142421083],[-107.34585885890417,25.319561140866337],[-107.34593401204543,25.319627150107102],[-107.34600925542878,25.319693148355775],[-107.34608937071033,25.319759083291654],[-107.34616461413964,25.319825081339413],[-107.34623985759119,25.319891079288837],[-107.346315101065,25.319961540149436],[-107.34639034456107,25.320027537900025],[-107.34646558807938,25.32009353555229],[-107.34654074139988,25.320159544000653],[-107.34661598496267,25.320225541456324],[-107.34669122854774,25.32029153881366],[-107.34677134404404,25.320357472819637],[-107.34684649745485,25.320423480870783],[-107.34692174110808,25.32048956543858],[-107.34703081737868,25.320523648761817],[-107.34718365054455,25.320521206971883],[-107.34729272692745,25.32055529000624],[-107.34736797071263,25.320621286607594],[-107.34744808642202,25.320687219824148],[-107.34752333025314,25.32075321622457],[-107.34759848388603,25.320819223422045],[-107.34767372776162,25.32088521962587],[-107.34774897165946,25.320951215731352],[-107.347824125359,25.321017222634104],[-107.34789936930129,25.32108330605216],[-107.34797461326583,25.321153764827784],[-107.34804985725262,25.321219760537765],[-107.3481299731767,25.321285692824382],[-107.34820521720941,25.321351688333433],[-107.34828046126438,25.321417683744144],[-107.34835561512085,25.32148368995265],[-107.34843085922029,25.32154968516674],[-107.34854489828149,25.32158369212558],[-107.34869277020987,25.32158140956662],[-107.34880175701865,25.321611038431804],[-107.34888187317937,25.321676969828697],[-107.3489572076553,25.321747416529334],[-107.34903245193256,25.321813411085653],[-107.34910760601105,25.321879416440428],[-107.34918285033277,25.32194541080013],[-107.34925809467673,25.322011405061495],[-107.34933324882182,25.32207741012152],[-107.34944728828728,25.322111415820352],[-107.34959516073982,25.32210913186145],[-107.34970911010139,25.3221385977268],[-107.34978426437962,25.3222046898366],[-107.34985950890132,25.322270683442486],[-107.34993484366653,25.322341128968183],[-107.35000999801142,25.32240713327272],[-107.35008524259982,25.322473126581382],[-107.35012656397795,25.32257104489393],[-107.3501292706187,25.32270985569147],[-107.35016562982854,25.322807848198327],[-107.35024583663984,25.322873766837198],[-107.35032108129793,25.322944310119922],[-107.35039632597825,25.32301030289325],[-107.3504715706808,25.323076295568214],[-107.35054672518409,25.323142299043038],[-107.35066067497146,25.323171850862337],[-107.35080854812864,25.32316947731742],[-107.35092258825482,25.323203480832692],[-107.35099783311287,25.32326947295047],[-107.35107298777143,25.323335563376045],[-107.35114823267392,25.32340155529715],[-107.35122347759862,25.323467547119883],[-107.35129863232378,25.323533549743136],[-107.3513400441206,25.32363591867737],[-107.35134266055243,25.323770276372667],[-107.35137911015731,25.323872719566978],[-107.35145435515022,25.323938710957066],[-107.35152960016536,25.32400478975597],[-107.35160971718432,25.32407071743234],[-107.35168496224536,25.324136708523053],[-107.35176029755056,25.324207151475374],[-107.35183545243412,25.324273153266592],[-107.35191069756182,25.324339144060048],[-107.35198594271176,25.324405134755132],[-107.35206109766187,25.324471223758444],[-107.35217513834881,25.32450522521795],[-107.3523230123852,25.324502849074218],[-107.3524369629672,25.324532398290035],[-107.35251220827257,25.32459838842785],[-107.35258736337794,25.32466438936743],[-107.35266260872773,25.324730379308598],[-107.35273794432202,25.324800908592362],[-107.35281309949396,25.324866909234856],[-107.35288834491041,25.324932898878707],[-107.35296846235667,25.324998824835216],[-107.353043707819,25.325064814278072],[-107.35311895330355,25.325130803622557],[-107.35319410858787,25.325196803769405],[-107.35326935411685,25.325262792917233],[-107.35338339534457,25.3252967926436],[-107.35353127008216,25.325294502084517],[-107.35364025896136,25.325324124122947],[-107.35372046686665,25.325394501098295],[-107.35375817992869,25.325559706126256],[-107.3537635030647,25.325832869170906],[-107.35373228603143,25.326003602351015],[-107.353654694578,25.32607204400642],[-107.35354696880856,25.32610518652538],[-107.35339909406187,25.32610747755641],[-107.35328640616426,25.326145157220413],[-107.3532137770813,25.326213524194205],[-107.35314123824149,25.326281880246786],[-107.35306860919991,25.326350247180255],[-107.35299598017905,25.32641861409354],[-107.3529183889498,25.32648705550218],[-107.35284575997176,25.32655542237341],[-107.3527732212367,25.32662824113302],[-107.35266540561764,25.326661394045537],[-107.35251265938359,25.32666383541481],[-107.35240493409697,25.32670135254498],[-107.35233230526528,25.326769719254468],[-107.35225480446024,25.326838149538002],[-107.35218217567135,25.326906516205458],[-107.35210954690318,25.326974882852717],[-107.35203691815569,25.32704324947981],[-107.35196428942892,25.327111616086718],[-107.35189166072286,25.32717998267343],[-107.35177897349195,25.327217661477114],[-107.35163118999324,25.327219940063234],[-107.35151850287757,25.327257618672196],[-107.35144587429859,25.32732598511563],[-107.35141330422208,25.327425039441476],[-107.35141592065466,25.32755939552062],[-107.35137847860472,25.32766306370827],[-107.35130585006567,25.327731430132165],[-107.3510453799351,25.3277714743271],[-107.35059688834627,25.327778579035744],[-107.3503412006767,25.32781401886296],[-107.35026370047751,25.327882448473076],[-107.35019116247777,25.327955353971],[-107.35011853427731,25.32802372000638],[-107.35001071978195,25.328056783795855],[-107.34985797513987,25.32805922261108],[-107.34975025097604,25.328096738152176],[-107.34967762290137,25.328165104045603],[-107.34967888599813,25.32823233160582],[-107.34975413048869,25.328298322368376],[-107.3498632079731,25.32833239868539],[-107.35001595261832,25.32832995970607],[-107.3501250302149,25.32835957290305],[-107.35020018461591,25.328425661617025],[-107.3502754292605,25.328491651826592],[-107.35035572632783,25.328562019413845],[-107.35061258689187,25.328589266715813],[-107.35106098828665,25.328582171476704],[-107.35132290198167,25.328613794589657],[-107.35139814695798,25.32867978371946],[-107.35143946854915,25.328777698270304],[-107.351442084982,25.328916516573347],[-107.35140464292819,25.3290157217269],[-107.3513320143817,25.329084088255573],[-107.35125947607766,25.32915690666459],[-107.35118684757254,25.32922527315322],[-107.3511881106768,25.329292500088926],[-107.3512633556133,25.3293584890066],[-107.351338600572,25.329424477825903],[-107.35141375533115,25.329490477447624],[-107.35145778357968,25.329727198663793],[-107.3514656328789,25.330134814070828],[-107.35150478915672,25.330371598279907],[-107.35157994396488,25.33043768479963],[-107.35165518901711,25.33050367281431],[-107.35173539629751,25.33056958618741],[-107.3517718459586,25.330672026054398],[-107.35177446239486,25.330806380588903],[-107.35181578404708,25.330904293902982],[-107.35189111939096,25.330974820852052],[-107.35196627431311,25.331040819232733],[-107.35204151947946,25.331106806613402],[-107.35211676466804,25.331172793895686],[-107.35219200987883,25.331238781079577],[-107.35226716488975,25.331304779067054],[-107.35234241014497,25.331370853559182],[-107.35242252741955,25.331436776762345],[-107.35249777272067,25.331502763548436],[-107.3526069416023,25.33153682444195],[-107.3527596878929,25.331534380143854],[-107.3528686764421,25.331563999812097],[-107.35294401209731,25.33163452548452],[-107.35301925755243,25.331700511715216],[-107.35309937503985,25.33176643412851],[-107.35328234615285,25.331794900915938],[-107.35358296761589,25.331790073860315],[-107.35376602929877,25.331822991657305],[-107.35384614702097,25.33188891332116],[-107.35392139274245,25.331954898633793],[-107.35399663848614,25.33202088384803],[-107.3540717940293,25.33208687986738],[-107.35414703981739,25.332152864884897],[-107.35418845207714,25.33225531519056],[-107.35419106853823,25.33238966777104],[-107.3542276087734,25.332492094207417],[-107.35430276438466,25.33255808979404],[-107.35437801024094,25.332624161882457],[-107.35445325611943,25.33269014636848],[-107.3544959315496,25.332859734000092],[-107.35450125470099,25.3331328900582],[-107.35454393013922,25.333298014652815],[-107.35461908584372,25.333364009568523],[-107.35469442201637,25.33343444526196],[-107.35476966798825,25.33350051657796],[-107.35480602786033,25.333598501239894],[-107.35480873455076,25.333737304703646],[-107.354850056695,25.333835214503374],[-107.35492530271283,25.33390119798338],[-107.35503934468147,25.333935191263386],[-107.35518722037976,25.333932893851518],[-107.35530117224238,25.333962435068923],[-107.35537650861657,25.33403286984974],[-107.35541945487098,25.33447123257413],[-107.35543515371369,25.335281975347428],[-107.35548306225688,25.335720261293773],[-107.35555830846154,25.335786243297225],[-107.35563355468841,25.33585222520227],[-107.35570889116082,25.335922746239387],[-107.35578413743212,25.33598872794529],[-107.35585929350223,25.336054720458783],[-107.35593950210571,25.33612062714778],[-107.35601474844506,25.33618660855415],[-107.35608990458316,25.33625268827075],[-107.35616515096689,25.336318669480313],[-107.35627919349008,25.33635266011592],[-107.35642706990741,25.336350272332542],[-107.35653606002462,25.336379885810807],[-107.35661626884095,25.336445879213674],[-107.35669160560369,25.336516311567845],[-107.35676676194124,25.33658230302596],[-107.3568420085247,25.336648283478894],[-107.35691725513034,25.33671435133541],[-107.35699250175819,25.336780331591445],[-107.35706774840824,25.336846311749056],[-107.35714290485663,25.33691230271544],[-107.35721815155104,25.336978282676263],[-107.35729836058188,25.337044275147107],[-107.35737360732216,25.337114717495915],[-107.35744885408464,25.337180697154906],[-107.3575241008693,25.337246676715463],[-107.3575605513581,25.33734473446999],[-107.3575631678538,25.337483545702046],[-107.35760458066835,25.33758144090901],[-107.35767973727492,25.33764743104477],[-107.35775507435176,25.33771794934248],[-107.35783032122676,25.337783928371348],[-107.35790556812394,25.337849907301774],[-107.35798081504332,25.33791588613377],[-107.35806093408979,25.337981800833223],[-107.358136181055,25.338047866965333],[-107.35821142804241,25.33811384549772],[-107.35828658482775,25.33817983484008],[-107.35836183185951,25.338245813175664],[-107.35843716913776,25.33831633056014],[-107.35851241621393,25.338382308696563],[-107.35858766331229,25.338448286734543],[-107.35866291043284,25.338514352175032],[-107.3587430296935,25.338580265943378],[-107.35881827685986,25.338646243681733],[-107.35889352404841,25.33871222132166],[-107.35896868103468,25.338778209772226],[-107.35904392826758,25.33884427471607],[-107.35911926574722,25.33891470368653],[-107.35919451302455,25.33898068093047],[-107.35926840695515,25.338979533746944],[-107.35934103776249,25.338911163784676],[-107.35941854072132,25.338838267166373],[-107.35949117157139,25.33876989716227],[-107.35959899007639,25.33873673519802],[-107.35975174055517,25.338734365400892],[-107.35986082231746,25.338763963360798],[-107.35993597958858,25.33882995093522],[-107.36001131733154,25.338900379111656],[-107.36009152724041,25.33896636803331],[-107.36027441314486,25.338994741133654],[-107.3605751330743,25.33898996508365],[-107.36076307193196,25.33902280139709],[-107.36083831969387,25.339088777141068],[-107.36091356747797,25.339154752786605],[-107.36098872505904,25.339220739244347],[-107.36106397288748,25.339286802193005],[-107.36113922073808,25.33935277754323],[-107.36121446861085,25.339418752795005],[-107.36128971650581,25.33948472794833],[-107.36136505464829,25.339555242080007],[-107.36144517475712,25.33962115283301],[-107.36152042272008,25.339687127684442],[-107.3615956707052,25.33975310243742],[-107.36167091871249,25.339819164591535],[-107.36174607651651,25.33988515005897],[-107.36182132456813,25.33995112451662],[-107.36189657264192,25.340017098875823],[-107.3619718207379,25.34008316063599],[-107.36204715908163,25.34015358635485],[-107.36212727940448,25.340219496176672],[-107.36220252756843,25.340285557634793],[-107.36245940006494,25.340312765825317],[-107.36290791251432,25.340305595814577],[-107.36316983837456,25.340337178735457],[-107.36324508684567,25.340403151718913],[-107.36328650058203,25.34050559144605],[-107.3632891171364,25.34063993570971],[-107.36332556844842,25.34074236300524],[-107.3634008169654,25.340808423152545],[-107.36347606550454,25.340874395702606],[-107.36355627650174,25.34094029293039],[-107.36359272785187,25.341042807403287],[-107.36359534440939,25.3411771512784],[-107.36363666797638,25.341275051372563],[-107.36371200681117,25.34134547499765],[-107.36378725544198,25.34141153451],[-107.36386250409495,25.34147750642538],[-107.36393775277008,25.3415434782423],[-107.3640130014674,25.341609449960746],[-107.36408815996056,25.341675519992656],[-107.36416340870217,25.341741491514213],[-107.36424361991516,25.341807387668954],[-107.36431886870254,25.341873358989243],[-107.36439411751208,25.34194388011318],[-107.36446936634378,25.342009851234316],[-107.36454461519764,25.34207582225699],[-107.36461986407367,25.34214188067919],[-107.36469511297186,25.34220785150488],[-107.36477036189221,25.342273822232116],[-107.3648456108347,25.342339880358722],[-107.36492573203526,25.34240578649579],[-107.36518269749656,25.342437437774365],[-107.36563121472665,25.34243025404333],[-107.36589305315162,25.342457464389508],[-107.36596839265162,25.34252788539399],[-107.36604364194686,25.34259385484378],[-107.36611889126425,25.342659911692447],[-107.3662328480065,25.342689436692044],[-107.36638073018875,25.34268703317559],[-107.36649477727488,25.342721009324194],[-107.36656993649788,25.342787076629072],[-107.3666153207693,25.34309097578522],[-107.36662587735047,25.343632879961422],[-107.36659240306463,25.34393809410667],[-107.36651977019531,25.344006466921883],[-107.36644713734664,25.344074839716843],[-107.36637450451859,25.344143212491556],[-107.36630187171117,25.34421158524601],[-107.36622436666367,25.34428002246067],[-107.36615173389892,25.34434839517295],[-107.36607919138181,25.344421219290716],[-107.36600655865831,25.34448959196283],[-107.36593392595545,25.344557964614694],[-107.36586129327323,25.344626337246297],[-107.36578866061164,25.344694709857645],[-107.36575130667944,25.34479836299042],[-107.36575392325905,25.34493279163552],[-107.3657213513561,25.345036303675347],[-107.36564880896114,25.34510466535135],[-107.36557121388483,25.34517311330922],[-107.36549858130567,25.34524148585883],[-107.36542594874716,25.34530985838818],[-107.3653533162093,25.345378230897275],[-107.36528068369208,25.34544660338611],[-107.3652080511955,25.345514975854673],[-107.36517069734813,25.345618628895355],[-107.36517331392182,25.345752970011443],[-107.36514074209285,25.345856569464207],[-107.36506819986269,25.345924930997544],[-107.36499556742648,25.34599330342631],[-107.36491797254851,25.346061751210893],[-107.36484534015501,25.346130123597423],[-107.36477270778217,25.34619849596368],[-107.36466497731932,25.34623611567934],[-107.36451222390171,25.34623849602562],[-107.3644044935487,25.346276115556385],[-107.36433186130115,25.346344487780826],[-107.36429432712916,25.346443612741705],[-107.36429703392021,25.346582492906368],[-107.36425949975333,25.346681705328866],[-107.364186867547,25.346750077531645],[-107.36411423536133,25.34681844971417],[-107.36404169342256,25.346891273304102],[-107.36400912173785,25.346990322841833],[-107.36401173829962,25.347124751502943],[-107.3639742944009,25.347228327785878],[-107.36390166227565,25.34729669992849],[-107.36382903017105,25.34736507205083],[-107.36375648831327,25.34743343323771],[-107.36368385624995,25.347501805319535],[-107.36360635199645,25.347574791654296],[-107.36349853179931,25.347607871974166],[-107.36335065128495,25.347610274706526],[-107.36323795899195,25.347647881607717],[-107.36316532707605,25.34771625352567],[-107.36312788330139,25.34781545492875],[-107.36313059008008,25.347954247648723],[-107.3630979282856,25.348053395507844],[-107.3630252964095,25.348121767405797],[-107.36294788258171,25.3481946551326],[-107.36287525074829,25.348263026988654],[-107.36284664915,25.348568176337494],[-107.3628572055755,25.349110079411208],[-107.36289762676434,25.349414052705054],[-107.36297287515526,25.349480108991987],[-107.36305299576851,25.34954601323464],[-107.3631282442052,25.34961198182369],[-107.3631712819901,25.350050382054494],[-107.36318707153565,25.350861049557807],[-107.36316117668147,25.35130498774079],[-107.3630885447874,25.3513733598871],[-107.36301104071453,25.351441796495706],[-107.36293840886314,25.35151016859975],[-107.36286577703241,25.35157854068348],[-107.36279314522234,25.35164691274691],[-107.36272051343293,25.351715284790057],[-107.36264788166417,25.35178365681288],[-107.36257524991606,25.351852028815415],[-107.36250270841433,25.351924852182748],[-107.36243007670751,25.351993224145012],[-107.36235744502133,25.352061596086976],[-107.36232126452451,25.352232478318246],[-107.36232649761351,25.352501158004863],[-107.36236926458625,25.352670713371282],[-107.36244451282151,25.352736768531297],[-107.36251976107894,25.352802736096855],[-107.36259500935853,25.3528687035639],[-107.36267025766028,25.352934758428205],[-107.36274550598422,25.353000725698188],[-107.36282075433031,25.353066692869664],[-107.36289609292446,25.35313719879952],[-107.36297134131493,25.35320316577167],[-107.36304649950165,25.353269231057357],[-107.36312671036394,25.353335122393947],[-107.36320195882236,25.353401089066253],[-107.36327720730293,25.353467143135475],[-107.36335245580565,25.353533109610705],[-107.36342770433056,25.353599075987425],[-107.36350295287762,25.35366504226563],[-107.36357829167297,25.353735547281367],[-107.36365354026441,25.35380151336024],[-107.363728788878,25.35386756683576],[-107.36380890972833,25.353933468156946],[-107.36384545134072,25.354035965673027],[-107.36384806790082,25.354170303972438],[-107.3638893915087,25.35426819796121],[-107.36396473041802,25.354338702326206],[-107.36403997912326,25.35440466776988],[-107.36411522785068,25.354470633115042],[-107.36419047660024,25.35453668585651],[-107.36426572537198,25.354602651004576],[-107.36434097416587,25.35466861605412],[-107.36441622298193,25.35473466849985],[-107.36449634404784,25.354800568747915],[-107.36457159290966,25.354866533497585],[-107.36464693202011,25.354937036948403],[-107.36472218092626,25.35500300149873],[-107.36479742985459,25.355069053445018],[-107.36487267880506,25.35513501779826],[-107.36498663499165,25.355164537565248],[-107.3651345164529,25.355162128610143],[-107.36524856298297,25.35519618686923],[-107.36532381206628,25.35526215076298],[-107.36539906117174,25.35532820205242],[-107.36547431029936,25.355394165749075],[-107.36554955944914,25.355460129347204],[-107.36562480862106,25.355526180340892],[-107.36566622274313,25.35562852370962],[-107.36566883932187,25.355762860365477],[-107.36570538120023,25.355865355757462],[-107.36578063041803,25.35593131892168],[-107.36586084213862,25.355997206386363],[-107.36593609140218,25.356063256843015],[-107.36601134068792,25.356129219707256],[-107.3660865899958,25.356199732148205],[-107.36616183932583,25.356265694813153],[-107.366237088678,25.35633174487324],[-107.36631233805234,25.35639770734108],[-107.36638758744883,25.356463669710386],[-107.36646283686746,25.356529719474693],[-107.36654304880211,25.356595606006596],[-107.36661829826652,25.35666156807592],[-107.36669354775306,25.356727617540116],[-107.36676888748899,25.356798030653774],[-107.36684413701985,25.356864079918516],[-107.36691938657286,25.356930041591344],[-107.36699463614804,25.356996003165644],[-107.36706988574535,25.35706205213459],[-107.3671451353648,25.35712801351177],[-107.3672203850064,25.357193974790405],[-107.3673005069513,25.357259958700407],[-107.36737575663862,25.357325919777658],[-107.36745109657556,25.35739641947034],[-107.36752634630722,25.357462380348213],[-107.36760159606101,25.357528341127544],[-107.36767684583694,25.35759438930118],[-107.36775209563503,25.35766034988338],[-107.36782734545524,25.357726397859807],[-107.36790259529761,25.35779235824488],[-107.36801664306253,25.35782632459352],[-107.36816452627647,25.35782399793069],[-107.36827848393044,25.35785351277888],[-107.36835373390554,25.35791947270441],[-107.36841635200722,25.359105726235878],[-107.3684611952393,25.36140789617518],[-107.36844486400095,25.362590919837476],[-107.36837223060544,25.362659294588543],[-107.36829959723057,25.362727669319263],[-107.36822696387631,25.36279604402963],[-107.36819087277628,25.362966821672757],[-107.36819619621322,25.363240112164863],[-107.36816488718742,25.363406373612364],[-107.36809225387142,25.363474748323018],[-107.36801465805351,25.363543198844653],[-107.36794211500785,25.36361602463846],[-107.3679108962408,25.363782275111884],[-107.3679162196719,25.364055477720406],[-107.36788012861572,25.36422634248043],[-107.3678074953806,25.36429471714927],[-107.3677348621661,25.364363091797742],[-107.36766222897226,25.364431466425856],[-107.36762740113754,25.36466945877192],[-107.36763525093407,25.365072541508287],[-107.36767928198113,25.3653092979572],[-107.36775453177992,25.365375342252822],[-107.36782987182848,25.365445750061124],[-107.36790512167158,25.365511794157204],[-107.36798037153683,25.365577750664006],[-107.36805562142422,25.365643707072234],[-107.36813583385853,25.365709674995653],[-107.36821108379166,25.36577563120234],[-107.36824762603338,25.365878120288055],[-107.36825024263854,25.366012451253617],[-107.36821776064532,25.36611603552369],[-107.36814512731432,25.366184410439047],[-107.36803234267971,25.366217575950866],[-107.3678844595422,25.36621999463092],[-107.36777176525015,25.366257611033703],[-107.36769913204581,25.36632598580484],[-107.36767747742988,25.36724034491972],[-107.36771185413353,25.369000506645254],[-107.36769516203276,25.36991469502859],[-107.36762252885018,25.369983070024144],[-107.36754989568821,25.3700514449993],[-107.36747230003488,25.370119895886404],[-107.3673996669156,25.370188270819064],[-107.36732703381696,25.370256645731327],[-107.36725440073894,25.370325020623184],[-107.36718185790895,25.370397934028645],[-107.36710922487217,25.370466308880047],[-107.36703659185602,25.370534683711064],[-107.36670193888423,25.370571353538704],[-107.36610544743974,25.370581018771052],[-107.36577088591375,25.370622224736383],[-107.36569825327786,25.370690599115942],[-107.3656256206626,25.37075897347511],[-107.36555298806799,25.37082734781386],[-107.36548035549403,25.37089572213221],[-107.36540276046885,25.370964172293128],[-107.36533021816432,25.371036997637347],[-107.36525758565365,25.37110537189311],[-107.36518495316363,25.371173746128473],[-107.36511232069425,25.37124212034341],[-107.36503968824552,25.37131049453796],[-107.36496705581743,25.371378868712092],[-107.36489442340998,25.371447242865806],[-107.36482179102316,25.371515616999115],[-107.36474419619796,25.371584066959503],[-107.36467156385386,25.371652441050294],[-107.36459902175687,25.37172526619243],[-107.36452638945401,25.37179364024273],[-107.36445375717183,25.371862014272615],[-107.3643811249103,25.37193038828208],[-107.36430849266938,25.37199876227115],[-107.36423586044913,25.372067136239796],[-107.3641631380232,25.372135521111208],[-107.3640856336243,25.372203959947836],[-107.36397781322488,25.37224151030595],[-107.36382993243309,25.372243927377088],[-107.3637171497025,25.372277091369178],[-107.3636446078765,25.372349916232608],[-107.36357197584496,25.372418289995956],[-107.3634993438341,25.37248666373889],[-107.36338656124946,25.372519827541417],[-107.3632386807999,25.372522244042855],[-107.36312598855629,25.372559858730835],[-107.36305335667224,25.3726282323294],[-107.36298072480882,25.37269660590755],[-107.36290809296607,25.37276497946527],[-107.36283546114396,25.37283335300258],[-107.36276273911668,25.37290173744188],[-107.36273332549862,25.3734129170969],[-107.36275164134015,25.374357955552206],[-107.36280108509624,25.37486789791919],[-107.3628763334587,25.374933941829656],[-107.36295158184335,25.374999898151657],[-107.36302683025016,25.37506594186478],[-107.36306598830276,25.37530276017852],[-107.36307383795919,25.375705836802062],[-107.3631178682204,25.375942589558857],[-107.36319311667621,25.376008545173807],[-107.36326845538018,25.376079039214023],[-107.36334370388033,25.37614508211877],[-107.36338511763269,25.376242955495933],[-107.36338782441412,25.376381823215052],[-107.36335029038081,25.376480943455494],[-107.36327765843296,25.376549317398588],[-107.36320493627979,25.37661770224512],[-107.36313239459923,25.37669052717566],[-107.36305976271336,25.376758901057734],[-107.36298713084813,25.376827274919357],[-107.36287434848963,25.376860439734823],[-107.36272646833662,25.376862858030556],[-107.362613776319,25.376900473679807],[-107.36254114458059,25.376968847396988],[-107.3625125430197,25.377273973430057],[-107.3625230994314,25.37781591601816],[-107.36256352056736,25.37811994619603],[-107.36263876885985,25.37818590123217],[-107.36271401717451,25.37825194365868],[-107.36278926551132,25.37831789849753],[-107.36283870927468,25.378827833831654],[-107.36285711534964,25.379772932375037],[-107.36290637867438,25.38027833744999],[-107.36298162706787,25.380344378614275],[-107.36305696570946,25.380414870657372],[-107.36313221414733,25.380480824133716],[-107.36317137221609,25.380717637571095],[-107.36317922187575,25.381120707163515],[-107.36322325215514,25.381357542427157],[-107.363298590868,25.38142348436931],[-107.36337383937702,25.38148943713821],[-107.36344908790822,25.38155547729631],[-107.36349447162542,25.38185942602712],[-107.36350502807767,25.382401358677516],[-107.36347146397455,25.382706555323853],[-107.36339883199224,25.38277492973084],[-107.36332629025662,25.382847755055984],[-107.36325365831561,25.382916129422348],[-107.36323326724023,25.38389767038872],[-107.36327016967431,25.385792194873066],[-107.36332872635936,25.386772389831062],[-107.36340397487727,25.386838427436132],[-107.36347931364342,25.38690436652876],[-107.36355456220569,25.386970403936303],[-107.36355582537121,25.387037615438583],[-107.36348319336491,25.387105902680553],[-107.36341065160535,25.387178815751057],[-107.36333801964034,25.387247190438696],[-107.36330580894943,25.387619496339113],[-107.3633189819486,25.38829583125013],[-107.36336562880722,25.38866698391928],[-107.363440877336,25.388732933075687],[-107.36351621611304,25.388798958691392],[-107.36359146468618,25.388864907650337],[-107.36363423187072,25.38903452440044],[-107.36363946498662,25.38930325914686],[-107.36367726974088,25.38947286420126],[-107.36375251836147,25.389538900173136],[-107.36383272944545,25.389604772413183],[-107.36390806833805,25.389675259015696],[-107.36394713629947,25.389907612594914],[-107.36395507620924,25.390315207579462],[-107.36399919684861,25.390551935194463],[-107.364074445564,25.390617882867414],[-107.36414969430156,25.390683917926843],[-107.36422494306127,25.390749865402384],[-107.36430019184317,25.39081590026431],[-107.3643756211,25.39088637490544],[-107.36445086992626,25.390952322082512],[-107.36453108122949,25.39101828044307],[-107.3645675327187,25.391116222340912],[-107.36457023951266,25.391255082901935],[-107.36461156323735,25.39135295938583],[-107.36468681213309,25.391418993610717],[-107.36476215127752,25.3914894785286],[-107.36483749044416,25.391555414139283],[-107.36491273940644,25.391621448065564],[-107.36498798839085,25.391687394408454],[-107.36506323739744,25.391753428137225],[-107.36513857665285,25.391819363352706],[-107.36521869794524,25.39188533156662],[-107.36529403724649,25.39195126658019],[-107.36536928634318,25.39201729990954],[-107.36544453546203,25.392083333140114],[-107.36551987482986,25.39215372955657],[-107.36559521421987,25.39221975165691],[-107.36567046340524,25.392285784588857],[-107.36574571261276,25.392351729937857],[-107.36578848015786,25.392521342128518],[-107.36579371331787,25.392790071610587],[-107.3657576225613,25.39296083852986],[-107.36568498992919,25.39302921441706],[-107.36561226709087,25.393097601214468],[-107.36553963450005,25.39316597706058],[-107.36550616035646,25.393471152242096],[-107.36551671689183,25.394013148192602],[-107.36556210097626,25.394317079919496],[-107.36563735015187,25.394383024366515],[-107.36571259934965,25.394449056198454],[-107.36578793879649,25.394514989516725],[-107.36583070634863,25.394684600179957],[-107.36583602973643,25.394957778505102],[-107.36587374458871,25.395122926946982],[-107.36595404656548,25.395193332585862],[-107.36602929585649,25.39525936374041],[-107.36610454516966,25.395325307312913],[-107.366179884732,25.395391327338064],[-107.36625513408949,25.395457270713038],[-107.36633038346913,25.39552330147243],[-107.36640563287094,25.39558933213302],[-107.36648097252203,25.39565526427964],[-107.36655622196815,25.395721294742614],[-107.36663643393211,25.395787161244982],[-107.3667117736512,25.395857642201744],[-107.3667482254514,25.395955667965417],[-107.36675084204123,25.39608998702281],[-107.36679234657296,25.39619238695399],[-107.36686759611075,25.396258329395717],[-107.36694284567066,25.396324359221442],[-107.36701809525273,25.39639038894836],[-107.36705959982785,25.396492701056946],[-107.36706221642085,25.396627107202228],[-107.36709875849839,25.39672958306426],[-107.36717400812634,25.396795524972045],[-107.36724925777644,25.396861554263577],[-107.36732946995782,25.396927419545094],[-107.36740471965368,25.39699344863472],[-107.36748014982665,25.397063917357286],[-107.36755539956685,25.39712985876469],[-107.36763064932919,25.39719588755561],[-107.3676734171896,25.397365407041306],[-107.3676786503882,25.397634130391967],[-107.36771654596745,25.397803802538117],[-107.36779179577722,25.397869830855665],[-107.36786704560912,25.397935771592458],[-107.36794238569081,25.39800178877851],[-107.36801763556703,25.398067729317738],[-107.36809784798943,25.398133680757006],[-107.3681730979114,25.398199708576193],[-107.36824843808324,25.398270186930954],[-107.3683237782773,25.398336116134267],[-107.36839902826574,25.398402143654728],[-107.36847427827631,25.39846808359477],[-107.36854952830902,25.398534110917648],[-107.36859103313269,25.398636508359893],[-107.36859364974137,25.39877082529219],[-107.36863019203773,25.398873299108484],[-107.36870544211631,25.39893932609467],[-107.36878565475442,25.399005188972943],[-107.36886090487874,25.39907121575721],[-107.36889744721329,25.399173689250084],[-107.36890006382508,25.399308005790108],[-107.36894147847765,25.399405864518684],[-107.36901681887582,25.399476341572285],[-107.36909206906815,25.399542367921057],[-107.3691674095107,25.399608383235723],[-107.36924265974731,25.39967432190577],[-107.36931791000606,25.399740347958055],[-107.36939325051512,25.39980636297602],[-107.3694734633689,25.399872224777376],[-107.3695112689859,25.40004190462896],[-107.3695165022221,25.400310623736132],[-107.36955927039783,25.400480139185063],[-107.36963452074971,25.400546164561934],[-107.369709861352,25.40061217890398],[-107.3697851117482,25.400678116602556],[-107.36978655540109,25.40074976316693],[-107.36971383139634,25.400818151903447],[-107.36964119764052,25.400886529683312],[-107.36956856390532,25.400954907442607],[-107.36949593019074,25.401023285181335],[-107.36941833394701,25.40109173949261],[-107.36934570027509,25.40116011718849],[-107.36927306662378,25.40122849486381],[-107.369200342765,25.40129688345439],[-107.36912779938304,25.401369711663616],[-107.36901501431514,25.401402889568203],[-107.36886704038146,25.40140525254873],[-107.36875434565646,25.401442968313578],[-107.36868171217306,25.4015113458032],[-107.3686090787103,25.40157972327224],[-107.36853644526815,25.40164810072071],[-107.36846372161881,25.40171640160333],[-107.36839108821795,25.40178477901062],[-107.3683184548377,25.401853156397333],[-107.36824582147811,25.401921533763474],[-107.3681330367991,25.401959260130155],[-107.36798515360336,25.401961611402957],[-107.36787245926693,25.401999239158044],[-107.36779973580639,25.402067627314732],[-107.3677671636428,25.402166754050533],[-107.36776987047065,25.402305607990872],[-107.3677323357938,25.402404723754064],[-107.36765970260066,25.402473100954143],[-107.36758706942815,25.402541478133646],[-107.36751452650378,25.402614305878778],[-107.3674782550493,25.402780716202617],[-107.36748357847141,25.403053885739755],[-107.36745244998782,25.40322465900047],[-107.36737485436406,25.40329311270837],[-107.36730222127245,25.403361489843785],[-107.3672294979741,25.40342987789373],[-107.36720098611585,25.403734966668896],[-107.36721154272122,25.404276941366795],[-107.3671780683587,25.404582106018115],[-107.36710534509564,25.40465049410636],[-107.36699256091964,25.404683671438736],[-107.36684467838347,25.404686022832376],[-107.36673189432246,25.404723661469163],[-107.36665926141352,25.404792038477055],[-107.36662804280309,25.40496282228573],[-107.36663336620748,25.405231529361128],[-107.36667117140463,25.405401208367937],[-107.36674642090672,25.40546714639055],[-107.36682663293037,25.405533095225294],[-107.3669019727055,25.405599022110476],[-107.36697722227555,25.40566504731254],[-107.36705256209508,25.405735522966154],[-107.36716660948088,25.405765090316677],[-107.3673145824307,25.405762639509504],[-107.36742375764977,25.405796733708137],[-107.3675039698859,25.405862681749362],[-107.36757921963311,25.40592861881097],[-107.36765446940245,25.405994643253678],[-107.36772980942153,25.406060656661268],[-107.36780505923518,25.406126593426446],[-107.36784656393804,25.40622898781062],[-107.36784918053911,25.406363389393377],[-107.3678857227291,25.406465860263037],[-107.36796097258863,25.406531796691514],[-107.36803622247032,25.406597820500785],[-107.36811156260185,25.406663833274475],[-107.36818681252785,25.406729769406514],[-107.36826702500332,25.406795716266835],[-107.36834227497505,25.40686165219697],[-107.36841770542456,25.406932115079872],[-107.36849295544063,25.406998138289403],[-107.36856820547884,25.40706416140008],[-107.36868225354057,25.407093638953384],[-107.36883022736735,25.407091273022218],[-107.36894427554591,25.40712529919551],[-107.36901961594494,25.407191223429002],[-107.36909486613807,25.407257245980222],[-107.36917011635336,25.40732326843259],[-107.36924545681889,25.407389192369408],[-107.36932070707846,25.40745521462404],[-107.36939613781652,25.40752567632537],[-107.36947138812042,25.40759169837996],[-107.36954663844644,25.40765763285694],[-107.36962685134833,25.40772357798806],[-107.36970219194836,25.40778958880357],[-107.3697774423423,25.407855522979744],[-107.36985269275833,25.407921544535736],[-107.36992803342488,25.407987555054433],[-107.37000328388523,25.408053488934133],[-107.3700785343677,25.408119510193536],[-107.37015396532918,25.408189970876016],[-107.37022921585597,25.40825599193536],[-107.37027063072368,25.40835384558144],[-107.37027333757801,25.408492695414214],[-107.37031466222437,25.408590647336474],[-107.37039000302694,25.408656569639682],[-107.37046525362315,25.408722590261203],[-107.37054059447006,25.408793061229076],[-107.37057704681592,25.40889099119004],[-107.37057966344491,25.40902539017548],[-107.37054718115593,25.409128965788177],[-107.37047454716354,25.409197344407442],[-107.37040191319177,25.409265723006097],[-107.37032918901212,25.409334112523275],[-107.3703306326681,25.40940575696604],[-107.37040588324685,25.409471777271122],[-107.37048122407627,25.409537699060085],[-107.3705564746993,25.409603719167418],[-107.37063172534445,25.409669739175875],[-107.37070706624039,25.409735660668126],[-107.37078231692982,25.40980168047882],[-107.37085765787008,25.40986768925097],[-107.37089907283949,25.409970003062494],[-107.37090168947178,25.410104401415442],[-107.37093823209779,25.410206868446323],[-107.3710184454359,25.410272810990236],[-107.37109378644568,25.410338731844355],[-107.37116903724883,25.410404751017108],[-107.37124428807411,25.41047077009099],[-107.37131962915035,25.410536690648378],[-107.37150766613682,25.410569526652925],[-107.37180361714387,25.410564783784316],[-107.37199165448587,25.41059753146665],[-107.3720669957821,25.41066353877932],[-107.37210832071807,25.410761488407953],[-107.37211102759184,25.41090024868587],[-107.37214748016137,25.41099826412384],[-107.37222282150347,25.411064271101534],[-107.37229807263854,25.41113020144442],[-107.37237837663201,25.411200592639613],[-107.37245362781282,25.411266610255083],[-107.37252896924501,25.411332616830336],[-107.37263805645976,25.41136216482578],[-107.37279090495963,25.41135972566721],[-107.37289881930374,25.41132660739387],[-107.37297145398405,25.4112582277953],[-107.37304408868496,25.41118984817611],[-107.37312159579847,25.411116941236333],[-107.37330349849924,25.4110826359308],[-107.3736043239834,25.41107773458891],[-107.37379227241816,25.41110611591425],[-107.37386770447397,25.411176571739375],[-107.37394295609246,25.41124258805313],[-107.37401820773306,25.41130851679172],[-107.37420624670142,25.4113368862927],[-107.37450211059763,25.411332059402035],[-107.3746902401513,25.411364878405486],[-107.37476549201143,25.411430893901038],[-107.37484083412377,25.411496898354667],[-107.37491608602818,25.411562826176468],[-107.37517811441452,25.41159446708467],[-107.3756269198559,25.411587183686297],[-107.3758888587388,25.411614285137873],[-107.3759642011815,25.411680288509505],[-107.37600074452996,25.41178275128808],[-107.37600336121437,25.411917146133572],[-107.37604486724652,25.412019531705646],[-107.37612011950456,25.412085458208637],[-107.3761953717847,25.412151472088137],[-107.37627071431753,25.41221747492448],[-107.37631213016236,25.41231987110036],[-107.37631483708057,25.41245416713026],[-107.37635138047902,25.412556629310252],[-107.37642663282708,25.41262264275372],[-107.37650684788429,25.412688491520797],[-107.376582100278,25.412754504762184],[-107.37665744292451,25.412820506959942],[-107.37673269536245,25.412886520003475],[-107.37680803805326,25.412952434528325],[-107.3768833807662,25.413022897646712],[-107.37695863327048,25.413088910391274],[-107.37703397602769,25.413154912091816],[-107.37710922857617,25.413220924638516],[-107.37718457137768,25.413286838666362],[-107.3772647866721,25.413352773869114],[-107.37734003928836,25.413418786114757],[-107.37744921878287,25.413452865845688],[-107.37760216038437,25.413450320953842],[-107.37771124975943,25.41347995014327],[-107.37778650250677,25.413545961932453],[-107.37782927206365,25.41371554742663],[-107.37783468593211,25.413988685271192],[-107.37779850324667,25.41415507692904],[-107.37772586719784,25.414227919575268],[-107.37765323116956,25.41429630101458],[-107.37758059516187,25.41436468243325],[-107.37750795917478,25.4144330638313],[-107.37743532320826,25.414501445208725],[-107.37736259703135,25.414569837511316],[-107.37728996110602,25.414638218847447],[-107.37721236250046,25.414706677332507],[-107.37713972661771,25.414775058625672],[-107.37706718098642,25.4148478901418],[-107.37699454514481,25.414916271394027],[-107.37696729543065,25.415288543414125],[-107.376980559364,25.415964858793117],[-107.37694843718647,25.416337195971497],[-107.37687571114772,25.416405588226617],[-107.37680307536036,25.416473969515053],[-107.3767304395936,25.416542350782834],[-107.37669696398629,25.416847584438276],[-107.37670761121402,25.417389505122433],[-107.37675299728294,25.4176933935563],[-107.37682833997971,25.41775939316838],[-107.37690359246781,25.417825403627887],[-107.37697884497803,25.417891326514972],[-107.37702035116817,25.417993708520406],[-107.37702296786298,25.418128100168214],[-107.3770595113624,25.41823055925751],[-107.3771348541493,25.418296558334088],[-107.37721010672739,25.41836248078517],[-107.37728544955853,25.41842847966374],[-107.37736566488455,25.418494412143563],[-107.37744100776142,25.41856487195116],[-107.37751635066043,25.41863087052605],[-107.37759160335054,25.41869687994913],[-107.37766694629383,25.418762790852938],[-107.37774219902815,25.418828800078142],[-107.37781745178455,25.418894809204417],[-107.37789279479422,25.418960807284243],[-107.37796804759483,25.419026728739755],[-107.37804826313443,25.419092660283212],[-107.37812369644318,25.419163108225383],[-107.37819894931158,25.419229116850353],[-107.37827429243335,25.419295114428472],[-107.37834954534596,25.41936112285551],[-107.37842488851199,25.419427032762957],[-107.37850014146879,25.419493040992123],[-107.37857548467908,25.41955903817415],[-107.37865073768009,25.419625046205386],[-107.37873095343329,25.419690889339865],[-107.37880629671142,25.419756886220515],[-107.37884545717849,25.419993733193106],[-107.37885348778192,25.420401254173065],[-107.37889761098953,25.420638023166788],[-107.37897286408507,25.420704030381938],[-107.37904820743428,25.420769939077207],[-107.37912346057402,25.420835946094467],[-107.37916758382809,25.421072714350803],[-107.3791756144416,25.421480233407653],[-107.37921477496508,25.421717078398277],[-107.3792900281537,25.421783084801604],[-107.3793653715961,25.421849080156512],[-107.37944558757286,25.42191492149375],[-107.37948474813754,25.422151765766166],[-107.379492778761,25.422559370378874],[-107.37953681184689,25.42279159904683],[-107.37961215536177,25.422862054721037],[-107.37972133582382,25.422891666103837],[-107.37987418854877,25.422889211299147],[-107.37998336912239,25.42292328342665],[-107.38005871276846,25.422989190135684],[-107.38013892896207,25.423055117720644],[-107.38021418242187,25.423121122648848],[-107.38032345337221,25.423155183349383],[-107.38047630645599,25.423152727628114],[-107.38058539705378,25.423182261455253],[-107.38066074087669,25.423248254976],[-107.38073599448956,25.42331425934858],[-107.38081630112718,25.42338017519066],[-107.38107346300102,25.423411855983087],[-107.38152218853014,25.42340454153895],[-107.38178431390072,25.423436143178936],[-107.38185965807571,25.42350213551575],[-107.38193491204025,25.423568138705317],[-107.38201025625946,25.423634130844015],[-107.38208551026817,25.423700046365397],[-107.3821608545316,25.423766038306017],[-107.38220497830812,25.424002800038025],[-107.38221291878405,25.42441040877485],[-107.38225695233682,25.42464263237486],[-107.38233238688332,25.42471307370908],[-107.38240764098647,25.424779075884278],[-107.38248298534448,25.42484506700787],[-107.38255823949181,25.424911068985086],[-107.38263358389405,25.42497697244087],[-107.38270883808552,25.42504297422014],[-107.38278418253195,25.4251089649475],[-107.38282568966159,25.42521133922004],[-107.38282830641565,25.425345724668983],[-107.38286485074222,25.425448176399893],[-107.38294506781315,25.42551401266489],[-107.38302041232893,25.425580002951143],[-107.38309566663384,25.42564600409161],[-107.38317101119382,25.42571199417972],[-107.3832462655429,25.425777995122196],[-107.38332161014708,25.42584398501215],[-107.38339695477339,25.42591443573085],[-107.3834464025162,25.426419864893038],[-107.38346499053878,25.427364896421775],[-107.3835095657052,25.427874937957306],[-107.38358491038666,25.4279408391109],[-107.38366512768262,25.42800676090367],[-107.38374038217653,25.4280727602779],[-107.38381572692575,25.428138748598535],[-107.38389098146381,25.42820474777474],[-107.38407911790546,25.428237536955525],[-107.38437508342605,25.428232743441818],[-107.38456312998893,25.428260994388356],[-107.38463838474605,25.428326992844724],[-107.38471381999237,25.42839743016233],[-107.38478907479366,25.428463428418393],[-107.38486441985062,25.428529415619987],[-107.38493967469606,25.42859541367802],[-107.38501998264894,25.428661322928516],[-107.38509523753996,25.42872723331634],[-107.38520442033472,25.42876138440247],[-107.38535736655916,25.42875882082336],[-107.38546645923154,25.42878843425489],[-107.38554180448723,25.428854420697757],[-107.38561705953116,25.428920417997638],[-107.3856973676959,25.42899078730124],[-107.38577135951033,25.428989587785352],[-107.3858439978367,25.428916741729935],[-107.38591663618362,25.428848356498445],[-107.38598927455108,25.428779971246257],[-107.38606326644961,25.428778771609856],[-107.38613852164632,25.42884476848692],[-107.38621386709917,25.428910666841016],[-107.38628930280824,25.428981189910044],[-107.38636455807118,25.42904718648773],[-107.38644477623544,25.429113017679015],[-107.38648267458947,25.429282650573473],[-107.38648799840632,25.429551403046144],[-107.38653076941347,25.429720968725615],[-107.38660611498136,25.42978695376795],[-107.38668137033712,25.429852949668348],[-107.38675671594918,25.42991884704554],[-107.38679822372094,25.43002121608484],[-107.38680084051548,25.43015559734342],[-107.38683738540745,25.430258044095],[-107.38691273106525,25.430324028601262],[-107.38698798651082,25.430390023965966],[-107.38706333221282,25.430456008274017],[-107.38710484003411,25.43055837683002],[-107.38710745683179,25.430692757693944],[-107.38714896466021,25.430795126104208],[-107.38722422017499,25.430861121027874],[-107.38729956594625,25.430927017428072],[-107.3873748215051,25.43099301215372],[-107.38745016732054,25.43105899582225],[-107.38752551315805,25.431124979391644],[-107.38771356202739,25.431157770950602],[-107.38800953173576,25.431152965236187],[-107.38819758095926,25.43118129517688],[-107.38827283678111,25.431247288984487],[-107.3883143447978,25.431349656268235],[-107.38831705184259,25.431483937719385],[-107.3883535969502,25.43158638280281],[-107.38842885281773,25.431652376272726],[-107.38850916186136,25.43171828073043],[-107.38858441777445,25.43178427399793],[-107.38865976394452,25.431850256207206],[-107.3887350199017,25.43191624927663],[-107.38881036611595,25.431982231287673],[-107.38888571235225,25.43205267394845],[-107.38892713023287,25.43215059060698],[-107.38892983728412,25.432284871385786],[-107.38896638247883,25.432387403139238],[-107.3890416385258,25.432453308207336],[-107.3891169848299,25.432519289682205],[-107.3891972038534,25.43258520401899],[-107.38927264043825,25.43265563506525],[-107.38934789657488,25.432721627196106],[-107.38942324296875,25.432787608267883],[-107.38949849914945,25.432853600200655],[-107.38957384558748,25.43291958107421],[-107.38964919204756,25.432985561848593],[-107.38972444829443,25.433051553484194],[-107.38979979479865,25.433117534060344],[-107.38988001403521,25.4331834474597],[-107.38995545082045,25.433253877586584],[-107.39006454544491,25.433283484006527],[-107.39021740432665,25.433280922602805],[-107.39032532600035,25.433247871471217],[-107.39039787537837,25.433174947195408],[-107.39047060524803,25.433106549149652],[-107.39054811762556,25.433038094942027],[-107.3906208475377,25.432969696853085],[-107.39069348723476,25.432901309704373],[-107.39076612695234,25.432833009999783],[-107.39083876669044,25.432764622809657],[-107.39102546444684,25.43272567578028],[-107.39132143796817,25.432720860169066],[-107.39150822631092,25.4326864496817],[-107.39158086625862,25.43261806224419],[-107.39165341599083,25.432545225052877],[-107.39172614621556,25.432476826612668],[-107.39179878622481,25.43240843911335],[-107.39187142625455,25.43234005159333],[-107.39194902929039,25.432271585946218],[-107.39202166936256,25.432203198383085],[-107.39212950155724,25.43216560898965],[-107.3922823616663,25.43216313307391],[-107.39239028420651,25.432129993220514],[-107.39246292440329,25.432061605513837],[-107.39253556462059,25.43199321778647],[-107.39261307762044,25.431920302186214],[-107.39268571788013,25.43185191441606],[-107.39275835816034,25.431783526625207],[-107.39283099846102,25.431715138813654],[-107.3929037290187,25.431646740019218],[-107.39297636936044,25.431578352166248],[-107.3930490097227,25.431509964292584],[-107.39308645786778,25.431406317763987],[-107.39308375077279,25.43127195137523],[-107.39311623591475,25.431168382940832],[-107.3931888763165,25.43109999504544],[-107.39326647974971,25.43103152899191],[-107.39333912019389,25.430963141053425],[-107.39337034205569,25.43079237839971],[-107.39336501809632,25.43052363437922],[-107.39340111273822,25.4303528043863],[-107.39347375322039,25.430284416445428],[-107.39354639372307,25.430216028483876],[-107.39361903424624,25.430147640501637],[-107.39369167478993,25.430079339963292],[-107.3937642251174,25.43000641474347],[-107.39383695593881,25.42993801573717],[-107.3939144693307,25.42986956049247],[-107.39394298415824,25.42956443095421],[-107.39393233621594,25.429022568561276],[-107.39396572383313,25.428717371166552],[-107.39403836447468,25.428648983136924],[-107.39411100513672,25.428580595086633],[-107.39418364581927,25.42851220701566],[-107.39421974057599,25.428341376519032],[-107.39421450683595,25.428072620347447],[-107.39424563856706,25.427901867808004],[-107.39431827928762,25.42783347973477],[-107.39439092002866,25.427765091640865],[-107.39446356079021,25.427696703526287],[-107.39450100914112,25.42759305643187],[-107.39449830203125,25.427458689168006],[-107.39453575038722,25.427355042033845],[-107.39460839118964,25.427286653895955],[-107.39468103201257,25.427218265737395],[-107.39475376309308,25.427149866596057],[-107.39482640395703,25.427081478396136],[-107.39489904484148,25.427013090175542],[-107.39497168574643,25.426944701934296],[-107.3950442364347,25.42687186391904],[-107.3950817751073,25.426772666479522],[-107.39507906799129,25.426638299176147],[-107.39511155338512,25.426534730072948],[-107.39518419435004,25.42646634178946],[-107.39526179838488,25.426397875352503],[-107.3953344393922,25.42632948702599],[-107.3954069901827,25.42625664892318],[-107.39547963123097,25.42618826055566],[-107.39555227229975,25.42611987216748],[-107.3956250036264,25.426051472796253],[-107.3956976447362,25.425983084366738],[-107.39577028586649,25.42591469591655],[-107.39584292701726,25.42584630744572],[-107.39592053125068,25.425777840805903],[-107.39599317244385,25.425709452292047],[-107.39606572341997,25.42563661400484],[-107.39617355730906,25.425603484200856],[-107.39632651005765,25.42560099597763],[-107.39643425381827,25.425563416235246],[-107.39650689515636,25.425495027557698],[-107.39658449958989,25.425426560690376],[-107.39665714097036,25.4253581719698],[-107.39676497510712,25.42532049362087],[-107.39691783796914,25.425318015772916],[-107.39702567221505,25.425284885406818],[-107.39709840395786,25.425216485579707],[-107.39717104548329,25.425148096695104],[-107.39724855987897,25.425079640563112],[-107.39732111120877,25.425006801896235],[-107.39739384303502,25.42493840198502],[-107.39746648464377,25.424870013016438],[-107.39753912627299,25.424801624027204],[-107.39761176792273,25.424733235017328],[-107.39768440959293,25.424664845986797],[-107.39775705128363,25.424596456935625],[-107.3978296929948,25.42452806786381],[-107.39790729782689,25.424459600565843],[-107.39797984934222,25.42438676171468],[-107.39805249111623,25.424318372579535],[-107.3981251329107,25.424249983423763],[-107.39823793076884,25.42421677423789],[-107.3983859216336,25.4242143624144],[-107.3984936662557,25.424176781521734],[-107.3985712712878,25.424108313996324],[-107.39864391322857,25.424039924674865],[-107.39871655518981,25.423971535332768],[-107.39878919717154,25.423903145970034],[-107.39886183917375,25.423834756586654],[-107.39886039535736,25.42376303613471],[-107.39878513643909,25.42369713544192],[-107.39870978730436,25.4236311581494],[-107.3986345284301,25.42356516979398],[-107.39858769468132,25.42319406173292],[-107.3985743393942,25.42251774374084],[-107.39860637403675,25.422145448924006],[-107.39867901598741,25.422077059719395],[-107.39875165795854,25.422008670494154],[-107.39882429995016,25.42194028124829],[-107.39886039535736,25.421769449803335],[-107.39885498104596,25.42149625418921],[-107.3988862035766,25.421329950531668],[-107.39895875536757,25.421257111520635],[-107.39903148765617,25.42118871128929],[-107.3991041297267,25.4211203220006],[-107.3991415787524,25.421021134844878],[-107.39913887159373,25.420882306532103],[-107.3991763206245,25.420783119339514],[-107.39924896273585,25.420714730027438],[-107.39932151462898,25.420641803463926],[-107.39939415678126,25.42057350157621],[-107.399466798954,25.420505112202605],[-107.39953944114721,25.420436722808375],[-107.39965232986329,25.420403502758177],[-107.39980023130155,25.420401014827863],[-107.39991293965407,25.420363355780964],[-107.39998558197306,25.420294966241784],[-107.4000582243125,25.420226576681983],[-107.40013086667243,25.42015818710157],[-107.40020350905283,25.420089797500534],[-107.40027606121468,25.42001695812148],[-107.40031360064972,25.41991775989842],[-107.40031089347875,25.41978339247233],[-107.40034337953236,25.41967982266875],[-107.40041602197266,25.419611433025775],[-107.40048866443342,25.419543043362182],[-107.4005662700663,25.4194745754564],[-107.40063882233027,25.41940173599022],[-107.40071146485381,25.419333346263407],[-107.40078410739784,25.419264956515992],[-107.40085674996233,25.419196566747974],[-107.40085539637398,25.41912938303407],[-107.40078013687317,25.41906339435151],[-107.40070478715515,25.418997416533802],[-107.4006295276983,25.418931427653234],[-107.40058801769553,25.41882906354796],[-107.40058531052166,25.418694695803886],[-107.4006227597626,25.41859104761273],[-107.40069540228163,25.418522657944987],[-107.40076804482112,25.41845426825665],[-107.40084068738109,25.418385878547703],[-107.40087678307069,25.41821504641931],[-107.40087145895615,25.417946387159635],[-107.40090259149183,25.417775633073603],[-107.4009752340897,25.417707243362972],[-107.40104787670806,25.41763885363174],[-107.40112051934688,25.41757046387991],[-107.40115796866557,25.417466815533256],[-107.40115526148571,25.417332447513285],[-107.40119271080945,25.417228799127127],[-107.40126535348908,25.417160409352338],[-107.40133799618918,25.41709201955694],[-107.40141063890975,25.417023629740953],[-107.40148328165078,25.416955239904368],[-107.40155583417283,25.416882312802645],[-107.40162847695476,25.416813922925204],[-107.40170111975716,25.41674553302717],[-107.40177376258004,25.416677143108547],[-107.40185127836017,25.416608685912465],[-107.40192392122536,25.416540295950977],[-107.40199656411099,25.41647190596891],[-107.4020692070171,25.416403515966238],[-107.40214184994367,25.416335125942975],[-107.40225455931993,25.41629746630616],[-107.40240255249088,25.416295053976548],[-107.4025152619811,25.416257306678723],[-107.40258790503333,25.41618891651093],[-107.40266054810598,25.416120526322537],[-107.40273319119913,25.416052136113557],[-107.40280583431274,25.415983745884],[-107.4028784774468,25.415915355633857],[-107.40291051262423,25.415543058982195],[-107.40289706687322,25.41486674718314],[-107.40292422909577,25.414494429266888],[-107.40299687226319,25.414426039074538],[-107.40306942521106,25.414353199073783],[-107.40314703162068,25.414284730610067],[-107.40321967485083,25.41421634035461],[-107.40329231810146,25.41414795007857],[-107.40336496137255,25.414079559781957],[-107.40343760466406,25.414011169464775],[-107.40351024797606,25.41394277912702],[-107.40358280106834,25.413874399732958],[-107.40365544442122,25.413806009354083],[-107.40372799755434,25.413733081704102],[-107.4038006409481,25.41366469128442],[-107.40387824757771,25.413596222596418],[-107.40395089101379,25.41352783213388],[-107.40402353447033,25.41345944165078],[-107.40409617794731,25.413391051147112],[-107.40416882144476,25.41332266062287],[-107.40442943580017,25.413282598146328],[-107.4048782020644,25.413275213840674],[-107.40513529774819,25.413306861849485],[-107.40521561200167,25.413372760262767],[-107.40529087279673,25.41343874783664],[-107.4053662238545,25.41350472434614],[-107.40562828327354,25.41353620521349],[-107.40607208836485,25.413528981812174],[-107.40633270464235,25.413488827832534],[-107.40640534876935,25.41342043652871],[-107.4064779929168,25.413352045204313],[-107.40655560035158,25.413283575507098],[-107.40673734622617,25.41324478366546],[-107.40703812058868,25.41323989478584],[-107.40722492032414,25.413205473659215],[-107.40729756470222,25.413137082065834],[-107.40737011885922,25.41306415325779],[-107.40744276327815,25.412995761623623],[-107.40785137723519,25.412957736330725],[-107.40859605256709,25.4129455148396],[-107.4090046683489,25.412902937710204],[-107.4090772229855,25.412834556489685],[-107.40914986788461,25.412766164280768],[-107.40922251280416,25.4126977720513],[-107.40930012106377,25.412629301348165],[-107.40937276602556,25.412560909075882],[-107.40944532076556,25.412492527751066],[-107.40951787552594,25.412419685737394],[-107.40959052054897,25.412351293403805],[-107.40966316559243,25.41228290104968],[-107.40970070639308,25.412183702179842],[-107.40969790888131,25.412044886794487],[-107.40973048635902,25.411945766346285],[-107.40980313144183,25.411877373970793],[-107.40987568630271,25.41180453187212],[-107.40995320451611,25.411736071960743],[-107.41002584966157,25.411667679522253],[-107.41009849482744,25.41159928706322],[-107.41028520653379,25.41156478606155],[-107.4105811119262,25.411559957749464],[-107.41076908737894,25.4115882765287],[-107.41084444003522,25.411654249111862],[-107.41091970247071,25.41172014510094],[-107.4109950551709,25.411786117486006],[-107.41125712030167,25.41181767469032],[-107.41170589843098,25.411810354892413],[-107.4119665203928,25.411770190998727],[-107.41203916610421,25.411701797862214],[-107.41211181183601,25.411633404705167],[-107.41218436734505,25.411565022497257],[-107.41229717134857,25.41153180600706],[-107.41244517027583,25.41152938400288],[-107.41255292076761,25.411491796218293],[-107.4126255666438,25.41142340289771],[-107.41270308568203,25.411354941957118],[-107.4127757316004,25.411286461130487],[-107.41288348222997,25.411248873167622],[-107.41303635464077,25.411246382990345],[-107.413144285866,25.411213233524546],[-107.41321675142125,25.411140401336016],[-107.41328939748396,25.41107200780951],[-107.4133670069648,25.411003535672233],[-107.41362275744211,25.41096798482929],[-107.41407153967788,25.410960570195385],[-107.41433216402424,25.410920402251232],[-107.41440481040028,25.41085200835401],[-107.41443955432648,25.410613996183475],[-107.41443152261326,25.41021098108809],[-107.4144613031242,25.409973047163337],[-107.41453394953652,25.409904653284784],[-107.41464657407694,25.409866909286666],[-107.41479457434883,25.409864485327596],[-107.41490728924688,25.409826817626175],[-107.41497984554027,25.409758434574425],[-107.41505249209821,25.409690040531064],[-107.41512513867657,25.40962164646718],[-107.41519778527532,25.409553252382768],[-107.41527043189447,25.40948485827784],[-107.41534795172547,25.409416309018635],[-107.41542059838679,25.409347914870974],[-107.41552835011828,25.40931032548043],[-107.4156812240924,25.409307833067157],[-107.41578906617688,25.40927469312421],[-107.41586162271759,25.409201849200898],[-107.41593426952316,25.40913345489013],[-107.41601178955305,25.409064992867638],[-107.41626763288993,25.409029339979618],[-107.41671632946932,25.40902201721706],[-107.41697695648001,25.408981845609972],[-107.41704960359868,25.40891345092862],[-107.41712225073775,25.408845056226763],[-107.4171948978972,25.40877666150438],[-107.41726745483207,25.408708277733904],[-107.41734010203228,25.40863988297053],[-107.41741762248331,25.408566959861144],[-107.41749017948064,25.40849857602786],[-107.41756282674335,25.408430181201588],[-107.41763547402644,25.408361786354803],[-107.41770812132995,25.40829330402505],[-107.4177806784087,25.408224920109884],[-107.41789339460743,25.408187250541612],[-107.41804139673636,25.408184823533325],[-107.41815411304863,25.408151614349176],[-107.41822676049767,25.40808321931681],[-107.4182994079671,25.408014824263937],[-107.41837196521158,25.407941892122437],[-107.41844452247639,25.407873508001877],[-107.41851717000692,25.40780511288783],[-107.41858981755784,25.40773671775329],[-107.41866246512915,25.407668322598244],[-107.41873998597616,25.407599859648037],[-107.41881263358961,25.407531464450297],[-107.41888528122342,25.407463069232055],[-107.4189578386321,25.407394684966512],[-107.41907055534332,25.40735701472048],[-107.41921846789953,25.407354510241895],[-107.41932631145777,25.407316907593813],[-107.41940383250352,25.407248444417498],[-107.41947648030322,25.407180049014038],[-107.41954903787753,25.40711166456362],[-107.41965697181922,25.407078511332333],[-107.41980975798585,25.407076025943383],[-107.4199176017903,25.407038422929944],[-107.41999015948821,25.406970038336944],[-107.42002761154171,25.406866302232096],[-107.42002490416418,25.406731939837417],[-107.42006226597678,25.406628302129192],[-107.42013491396118,25.40655990653995],[-107.42076546322318,25.40651812848217],[-107.42195879115249,25.40649851825182],[-107.42258925460659,25.406452281454207],[-107.42266181305271,25.406383895979616],[-107.42273446176601,25.406315499509017],[-107.4228120740785,25.406247024127737],[-107.42288463258701,25.40617863859008],[-107.42295728136277,25.406110242056332],[-107.42302993015889,25.40604175804082],[-107.4231023984814,25.40596892289252],[-107.4231750473182,25.405900526297682],[-107.42324769617535,25.405832129682345],[-107.42332034505287,25.405763733046527],[-107.42339290370367,25.405695347366063],[-107.4235056223445,25.405657586654513],[-107.42365353743274,25.405655165142907],[-107.4237663464341,25.405621941239602],[-107.42383899545699,25.405553544438828],[-107.42391155425295,25.405485158593713],[-107.42398420331652,25.405416761751997],[-107.42405676215313,25.405343915348688],[-107.42413428461418,25.405275450516147],[-107.42416686390915,25.405176330390887],[-107.424164066241,25.40503743249941],[-107.42420151889777,25.40493833184868],[-107.4242741680426,25.40486984748247],[-107.42434681720778,25.404801450556967],[-107.42441928589842,25.40472861504394],[-107.42449193510427,25.40466021807784],[-107.42456458433045,25.404591821091262],[-107.42463714332949,25.404523435060582],[-107.42470979259637,25.40445503803308],[-107.4247471550844,25.40435140032024],[-107.42474444765756,25.4042170393946],[-107.42478190039816,25.40411330320505],[-107.424854459458,25.40404491713158],[-107.42492710878577,25.403976520061295],[-107.42499975813391,25.403908122970535],[-107.42503215704228,25.40380456412161],[-107.42502953986013,25.403670192140243],[-107.4250669926419,25.40357100386394],[-107.42513955178151,25.403498157204407],[-107.42521211094143,25.40342977104899],[-107.42528476036941,25.403361373896704],[-107.4253574098177,25.403292976723943],[-107.42543493266761,25.40322442410453],[-107.42550749191018,25.40315603786572],[-107.4255801414209,25.403087640629916],[-107.42565279095196,25.40301924337365],[-107.42572535025546,25.402950857073552],[-107.42579790957927,25.40287801023157],[-107.42587055917133,25.402809612914258],[-107.42590801207457,25.40271042455455],[-107.4259053046356,25.402576063555422],[-107.42586379057494,25.402473710361633],[-107.42578852379495,25.402407735543754],[-107.42571316678891,25.402341771603375],[-107.42563790005262,25.402275796587524],[-107.42556254309035,25.402205371914224],[-107.42548718614997,25.40213940767443],[-107.42541191947927,25.402073432359394],[-107.42533168920326,25.402007535859955],[-107.42528972399566,25.401636379658576],[-107.42527618683336,25.4009601095715],[-107.42522925800955,25.40058911824806],[-107.42515399141372,25.40052314194168],[-107.42504479171518,25.400489105236122],[-107.4248919122145,25.40049160443054],[-107.4247828028739,25.40046201703186],[-107.4247074461601,25.400391590669468],[-107.42462721610205,25.400325692659045],[-107.42455185943348,25.400259814128763],[-107.42447659303426,25.4001938370622],[-107.42440132665689,25.400127859896717],[-107.42436333248669,25.39995825508504],[-107.42435800788844,25.399689518049634],[-107.42431514036431,25.399519980753876],[-107.4242398740338,25.399454003114],[-107.4241645174778,25.39938803634962],[-107.42408925119103,25.399322058511807],[-107.42404503000157,25.399085426405158],[-107.42403690774309,25.398677787526683],[-107.42407156271433,25.398439784990767],[-107.42414421182275,25.398371388569547],[-107.42421686095152,25.39830299212789],[-107.42428941985322,25.39823460663993],[-107.42431604283843,25.3975890406577],[-107.42429167603831,25.396370840975422],[-107.42423942279687,25.39573101379462],[-107.424164066241,25.395665132659314],[-107.42408879995436,25.39559915298811],[-107.42401353368959,25.39553317321799],[-107.42393808695208,25.395462754639606],[-107.4238578571321,25.39539685339879],[-107.42378259093435,25.395330873325236],[-107.42370723451128,25.39526490412559],[-107.42367068439778,25.39516246711393],[-107.42366797698217,25.395028189166503],[-107.42362664377404,25.39493026945341],[-107.42355119714914,25.39485985022092],[-107.42347593104044,25.394793869612368],[-107.4234005747065,25.39472789987732],[-107.42335509017542,25.394423981395974],[-107.42334426052633,25.39388205677829],[-107.42337765194578,25.393576856857457],[-107.42345021061261,25.39350847197798],[-107.4235228595469,25.393440076106042],[-107.42359541825438,25.393371691185816],[-107.4236315171214,25.39320085733965],[-107.42362610229102,25.392932124750804],[-107.42358332513506,25.392762571100228],[-107.4235079687699,25.392696687924452],[-107.42343270267374,25.39263070621316],[-107.42335743659943,25.392564724402963],[-107.42335608289328,25.39249754106896],[-107.42342864155407,25.392429156270044],[-107.42368927531906,25.3923889855975],[-107.4241330211513,25.392381654677457],[-107.424393565377,25.392341581056776],[-107.42446621457563,25.39227318493875],[-107.42454373715911,25.39220472107527],[-107.42461638639983,25.39213623745026],[-107.42468894541335,25.39206785224187],[-107.42476159469476,25.391999456040587],[-107.42483424399651,25.391931059818905],[-107.424906803071,25.39186267454941],[-107.42501952237001,25.391825004465975],[-107.42516743832192,25.391822501379483],[-107.42528015773422,25.391789291783756],[-107.42535271693347,25.39171644568765],[-107.42542536640084,25.3916480492813],[-107.42549792564073,25.391579663827486],[-107.42561073544454,25.391546443069576],[-107.42575865173364,25.391543939413438],[-107.42586640776553,25.391506347490186],[-107.42594393076757,25.391437883153337],[-107.42601658040054,25.391369486562],[-107.42608913980581,25.391301100923528],[-107.42616178947945,25.391232704291426],[-107.42623434892533,25.39116431861225],[-107.42630690839155,25.391091384773585],[-107.42637955812617,25.391022988080657],[-107.42645211763298,25.390954602340745],[-107.42652476740827,25.390886205607057],[-107.42660229060708,25.390817741070194],[-107.4266748501762,25.390749355267552],[-107.42674750001386,25.390680958471034],[-107.42682014987187,25.390612474189947],[-107.42685254900766,25.390508912977594],[-107.42684984155883,25.390374547304482],[-107.42688729460345,25.3902708963184],[-107.42695985425229,25.390202510454806],[-107.42703250416976,25.390134113597313],[-107.4271050638592,25.390065727693027],[-107.42714251694068,25.389962076674415],[-107.42713980948882,25.389827710925573],[-107.42717220866453,25.389724149601104],[-107.42724982230523,25.389655673941963],[-107.42732238205545,25.389587287995415],[-107.42739503207443,25.38951880359063],[-107.42746759186525,25.389450417603403],[-107.4275402419249,25.38938202062215],[-107.42761280175633,25.38931363459425],[-107.42768545185663,25.389245237572265],[-107.42772010731538,25.389007231648552],[-107.42771198494181,25.388599673260362],[-107.42766776313469,25.38836294868094],[-107.4275924958313,25.38829696850907],[-107.42751722854977,25.388231075702894],[-107.42744187104155,25.388165106306545],[-107.42739900300772,25.387995564206367],[-107.42739367834719,25.38772682028643],[-107.42742968749438,25.387555996570544],[-107.4275023375434,25.38748759973203],[-107.42761496772175,25.387449852471356],[-107.42776288515364,25.38744743611442],[-107.42787569594238,25.387414214875477],[-107.42794816561893,25.387341379141226],[-107.42802081581313,25.3872728946739],[-107.42809337577894,25.38720450862429],[-107.42816602601378,25.387136111580926],[-107.42823858602019,25.38706772549066],[-107.42831123629568,25.386999328406578],[-107.42838388659152,25.386930931302135],[-107.42845644665883,25.386862545150883],[-107.42853397043476,25.38679408021917],[-107.42860653054404,25.386721145865433],[-107.42867909067361,25.38665275965187],[-107.42875174107242,25.386584362444303],[-107.42882430124257,25.386515976190097],[-107.42889695168202,25.38644757894183],[-107.42896951189277,25.38637919264698],[-107.42908223295692,25.386341433593888],[-107.42923015122506,25.386339016056944],[-107.42934287240237,25.386305804961882],[-107.42941552298696,25.38623740754919],[-107.42948808334266,25.38616902109021],[-107.42956073396789,25.386100623636814],[-107.42963320411494,25.386027699959406],[-107.42970585478076,25.385959302465658],[-107.42977841521763,25.385890915925756],[-107.42985106592408,25.385822518391326],[-107.42992859011652,25.385754053012736],[-107.43000124086501,25.385685655435896],[-107.43007380138442,25.385617268813043],[-107.43014645217355,25.385548783731103],[-107.43021901273355,25.38548039706762],[-107.43029157331381,25.385407549699124],[-107.43036413391435,25.385339162995358],[-107.43043678478472,25.385270765296813],[-107.43050934542585,25.38520237855242],[-107.43058686981482,25.38513382550985],[-107.4306595207475,25.3850654277486],[-107.43073208145087,25.3849970409416],[-107.43083983954774,25.384959447205663],[-107.43099272255255,25.384956861994567],[-107.43110048075759,25.384923728750945],[-107.43117313183396,25.384855330827023],[-107.43125056617127,25.384782415321364],[-107.43132321728963,25.384714017355392],[-107.43158385898458,25.38467829813221],[-107.43202752806683,25.38467096207614],[-107.43228952422129,25.384698050852165],[-107.43236479288633,25.38476394118432],[-107.43244015182344,25.384834368561584],[-107.4325155107824,25.384900335181797],[-107.4325956530286,25.38496624476169],[-107.43267101203266,25.38503221117963],[-107.43270756341377,25.38513464651671],[-107.43271027092368,25.3852690112557],[-107.43275169582891,25.385366830419812],[-107.43282705487823,25.38543725714371],[-107.43290241394942,25.385503223125436],[-107.43297768279206,25.3855691999845],[-107.43305295165646,25.385635176744692],[-107.43312831079317,25.385701142429447],[-107.43324238742012,25.385735110488493],[-107.43339030805768,25.385732600721333],[-107.43350429454905,25.38576211883123],[-107.43357956356603,25.38582809503168],[-107.43365492285545,25.385893972693122],[-107.43373019191604,25.38595994869576],[-107.43384435905796,25.38599390498466],[-107.43399218978739,25.385991492773986],[-107.4341063570444,25.386025448761494],[-107.43418162623574,25.386091336838053],[-107.43425689544888,25.38615731227867],[-107.43433225493472,25.38622327664284],[-107.43444624183924,25.38625279348888],[-107.43459416316199,25.38625028195425],[-107.4347082404324,25.386284248125964],[-107.4347836000491,25.386350212028912],[-107.43485886943655,25.386416186810813],[-107.43493413884582,25.386482161493813],[-107.435009498528,25.386548037637255],[-107.43508476798088,25.38661401212243],[-107.43516012770672,25.386684436114297],[-107.43523548745442,25.386750399421047],[-107.43531075697271,25.386816373607175],[-107.43539099033217,25.38688226865006],[-107.43546625989549,25.386948155171797],[-107.43554161973195,25.38701411807827],[-107.43561688933887,25.387080091864426],[-107.43569224921897,25.38714605457287],[-107.43576751886951,25.38721202816115],[-107.43584287879327,25.387282451235546],[-107.43595695661162,25.38731186746967],[-107.43610478854247,25.387309451928655],[-107.43621760295403,25.38727622393039],[-107.43629007495784,25.38720338548141],[-107.43636272748505,25.387134898149377],[-107.43643528978095,25.3870665092382],[-107.43691786566433,25.387027218478426],[-107.43781515052677,25.387012339278115],[-107.4382975484657,25.38696842976467],[-107.43837020155364,25.386900029218463],[-107.43844276440956,25.386831639632586],[-107.43851541753806,25.38676323904571],[-107.43858798043448,25.386694849419218],[-107.43866063360352,25.38662644879168],[-107.43873310628801,25.386553522119726],[-107.43881063312976,25.386485053254916],[-107.43891848482812,25.38645190250416],[-107.43906640869466,25.386449472830538],[-107.43918039767418,25.386478897046846],[-107.43925566833411,25.38654486788398],[-107.43933111952109,25.386615277173107],[-107.4394063902246,25.38668124781009],[-107.43952037935306,25.386710759002405],[-107.43966830356173,25.386708328444723],[-107.43978247331047,25.386742190423217],[-107.43985774414455,25.386808160599283],[-107.43993301500039,25.386874130676443],[-107.44000837613088,25.386940089672873],[-107.44108879540731,25.386958004261217],[-107.4431741950877,25.386923398139526],[-107.44425814741811,25.38686948876966],[-107.44433071191503,25.386801097160077],[-107.44440336668654,25.38673269454533],[-107.4444759312239,25.38666430289516],[-107.44454858603592,25.386595900239783],[-107.44462115061374,25.386527421089745],[-107.44469362495727,25.386454579940132],[-107.44476627982998,25.386386177224153],[-107.44484019828647,25.386384964331363],[-107.44492043458351,25.386450763329677],[-107.4449957971572,25.386521266004387],[-107.4450711597527,25.3865871332419],[-107.44514643211537,25.38665309882492],[-107.44522179475442,25.38671905332354],[-107.44529706716058,25.386785018708647],[-107.44537233958847,25.386850983994826],[-107.44548651183776,25.386884927166932],[-107.44563434918031,25.386882412714186],[-107.44574707746672,25.386844727669388],[-107.44581964237825,25.386776335549282],[-107.44589220730997,25.386707943408915],[-107.44596486251683,25.3866395402623],[-107.44622542862399,25.386599340011713],[-107.4466740867053,25.386591867315122],[-107.44693474377661,25.386556202526307],[-107.44700730901874,25.38648772255894],[-107.44707987428109,25.386414869646558],[-107.44715243956361,25.386346477097465],[-107.44722635869678,25.386345262751963],[-107.44730172193717,25.38641121556419],[-107.44737708519935,25.386481628654646],[-107.44745235822785,25.38654759225354],[-107.44764036038318,25.38657578182517],[-107.44793621810615,25.386570813285743],[-107.44812286677518,25.38653637191918],[-107.44819552260364,25.386467968015484],[-107.44823288846617,25.38636432914536],[-107.4482301807948,25.386229973233682],[-107.44818866317053,25.386127628805436],[-107.4481132996738,25.386061676637368],[-107.4480380264545,25.385995713382975],[-107.44796266300132,25.38592976101683],[-107.44792114541964,25.385827416248134],[-107.4479184377515,25.3856930599411],[-107.44788188423436,25.385590635492715],[-107.44780661108186,25.385524671802216],[-107.447692528072,25.38549517980769],[-107.44754468956229,25.385497696007604],[-107.44743051641159,25.385463754315627],[-107.44735524338938,25.38539779016414],[-107.44731724586484,25.38522819775277],[-107.44731183054112,25.38495948392201],[-107.447342968654,25.384788734717368],[-107.44741553400975,25.38472034218947],[-107.4474880993857,25.384651862182476],[-107.44756075503732,25.384583458627596],[-107.44759405931171,25.384278283774137],[-107.44758313839742,25.383736405442924],[-107.4475374691244,25.383432534157794],[-107.44746219607133,25.383366569101476],[-107.44738683278455,25.383296154511438],[-107.44731146951956,25.383230200240888],[-107.44727500634288,25.38313222368617],[-107.44727220842607,25.38299341644915],[-107.44723078120968,25.38289551922057],[-107.44715550824515,25.382829553629303],[-107.44708014504702,25.382763598924694],[-107.44700478187067,25.382693183685475],[-107.44696335469679,25.38259528612558],[-107.4469606470386,25.38246092793452],[-107.44699801272417,25.38235728825789],[-107.44707057798391,25.382288896015933],[-107.44714323351917,25.382220492768294],[-107.44721579881934,25.38215210048581],[-107.44728836413968,25.382083620723506],[-107.44736092948023,25.38201076796176],[-107.44743349484098,25.38194237561886],[-107.44750606022191,25.38187398325573],[-107.44750470638999,25.381806804161215],[-107.44742943334637,25.38174083827633],[-107.44735407006907,25.38167488327794],[-107.44727879706893,25.381608917195177],[-107.44720352409053,25.381542951013508],[-107.44712816087852,25.381477083177927],[-107.4470140781655,25.381443127865452],[-107.44686614978522,25.381445564487336],[-107.44675206718685,25.381411608873638],[-107.44667679436051,25.381345642129887],[-107.44664024101743,25.381247762756434],[-107.44663744310745,25.381108866882453],[-107.44659601599193,25.381011055788793],[-107.44652074321064,25.38094508871028],[-107.44644547045111,25.38087912153287],[-107.44637001720317,25.380808715753204],[-107.44629474448713,25.38074274837566],[-107.44621947179286,25.380676780899215],[-107.44610547973247,25.380647361122318],[-107.44595755186778,25.380649796182457],[-107.44584346966704,25.38061583915168],[-107.4457681068482,25.380549882198345],[-107.44571566877994,25.379905644329973],[-107.44569111946417,25.37868750316673],[-107.44571765438646,25.378046420163418],[-107.44579030954466,25.37797793021488],[-107.44590294764362,25.37794025885595],[-107.44605078522237,25.37793783636627],[-107.44616360394389,25.37790451590022],[-107.44623616897137,25.37783612425249],[-107.44630873401904,25.377767732584534],[-107.44638129908694,25.37769488038171],[-107.44678979386337,25.37765671342961],[-107.44753421992742,25.377644307292],[-107.44794262625454,25.377601687140462],[-107.44801528203283,25.37753328391743],[-107.44808784757565,25.37746489165873],[-107.44816537720155,25.377396332527212],[-107.44823794278615,25.37732794022639],[-107.44831050839093,25.37725954790535],[-107.44838316427168,25.377191144579363],[-107.44845572991687,25.377122752217872],[-107.44852820532644,25.377049822873776],[-107.44860077101198,25.3769814304722],[-107.44867342697358,25.376913027065555],[-107.44874599269953,25.376844634623534],[-107.44882352252108,25.376776075293318],[-107.44889608828878,25.37670768280917],[-107.44892849017417,25.37660412170449],[-107.44892578249556,25.3764697620407],[-107.44896314846271,25.37636612148839],[-107.44903580452525,25.376297717999726],[-107.44910837035201,25.376229238015203],[-107.44918093619897,25.376160845471023],[-107.4492535020661,25.37609245290664],[-107.4493261582095,25.376024049337],[-107.44940007795879,25.376022836552412],[-107.44948031565906,25.376088724087232],[-107.4495249924545,25.37659422995368],[-107.4495442170173,25.37754363171698],[-107.44959385791377,25.378049055467535],[-107.44966913158206,25.3781150212568],[-107.44974440527204,25.37818098694717],[-107.44981976924002,25.378246941552558],[-107.44989504297348,25.378312819585346],[-107.44997040698496,25.37838323443653],[-107.45008449099107,25.378412727762473],[-107.4502323309403,25.378410299878347],[-107.45034650531737,25.3784442423604],[-107.45042177920278,25.378510119831343],[-107.45049705310993,25.378576084662935],[-107.45057241729528,25.37864203840888],[-107.45064769124586,25.3787080030426],[-107.45072296521818,25.378773967577427],[-107.45079832946877,25.378839921026387],[-107.4508784773424,25.378905729358895],[-107.45095393189457,25.37897613203727],[-107.45102920595521,25.379042096169865],[-107.45110448003754,25.379108060203556],[-107.45117984439833,25.37917401315101],[-107.4512938386764,25.37920342829631],[-107.45144176956757,25.379200987497608],[-107.45155450036397,25.379167760664867],[-107.45162706689118,25.379099367076293],[-107.45169963343857,25.379030973467508],[-107.45177229026305,25.378962568850792],[-107.45184621070526,25.378961266282897],[-107.4519214850232,25.379027229634964],[-107.45199684961989,25.379093181900227],[-107.4520721239813,25.37915914505442],[-107.45214604450838,25.37915792970638],[-107.45221870145716,25.37908952492705],[-107.45229614205334,25.379020975052065],[-107.45236879904387,25.37895257023055],[-107.45255048673724,25.378913746402283],[-107.45285113366504,25.37890871676958],[-107.45303922996763,25.37894144030416],[-107.45311450462957,25.37900731515413],[-107.45318986957064,25.379073266374935],[-107.453265144276,25.37913922848552],[-107.45397565191648,25.37915872184519],[-107.45531652373538,25.379136351907924],[-107.45602089938401,25.379093261117305],[-107.45609346715227,25.37902486599846],[-107.45616603494068,25.378956383401956],[-107.45623869300772,25.378887977251832],[-107.45635133561619,25.378850297277392],[-107.4564991791135,25.378847774002598],[-107.45661191209287,25.378810082842218],[-107.45668448002525,25.37874168753983],[-107.45675704797776,25.378673292217236],[-107.45682961595044,25.378604809417123],[-107.45690218394327,25.37853641405413],[-107.45697484221496,25.378468007679672],[-107.45705228422123,25.378399543490445],[-107.45712494253465,25.37833113707382],[-107.45730654327718,25.37829223062484],[-107.45760728593744,25.378287178845966],[-107.45779538566433,25.37831989481408],[-107.45787066169659,25.378385853228373],[-107.45794593775054,25.37845181154377],[-107.45802130408525,25.378517758768226],[-107.45813539160811,25.378551703732107],[-107.45828323611451,25.378549178436728],[-107.45839596986329,25.378511485948263],[-107.45846853829093,25.378443090053352],[-107.45854110673874,25.37837460668143],[-107.45861367520666,25.378306210746118],[-107.45868624369476,25.378237814790612],[-107.45875881220296,25.37816495851894],[-107.45883138073133,25.37809647506657],[-107.45890394927982,25.378028079050782],[-107.45897651784846,25.377959683014804],[-107.4590540507071,25.377891207108657],[-107.45912661931737,25.37782272357383],[-107.45919918794782,25.377754327475564],[-107.45927175659837,25.377685931357107],[-107.45934441552863,25.377617524225776],[-107.4594169842195,25.377549128066892],[-107.4594894626709,25.377476195130996],[-107.45960219693971,25.377442962313072],[-107.4597501325351,25.377440512304364],[-107.45986277665655,25.377402742534816],[-107.45993534549125,25.3773343462127],[-107.46000791434608,25.37726594987039],[-107.46008048322105,25.3771975535079],[-107.46015305211613,25.37712915712521],[-107.46022571129123,25.37706066227262],[-107.46026028081889,25.3768226803866],[-107.46025206717091,25.37641517052839],[-107.46028176266866,25.376177169692603],[-107.46035920565434,25.376108704434433],[-107.46043186488669,25.376040297038667],[-107.46050443387927,25.375971900615646],[-107.46057700289198,25.375903416715666],[-107.46064957192482,25.375835020252282],[-107.46072214097781,25.37576662376872],[-107.4607947100509,25.375698227264987],[-107.46082521795083,25.37525416655033],[-107.46080879061965,25.37444351698559],[-107.46083433421748,25.374004082356386],[-107.46090699358179,25.373935674944153],[-107.46116748433823,25.373895466601088],[-107.46161607782882,25.37388797089588],[-107.46187674981206,25.37385219947507],[-107.4619493192054,25.373783802707894],[-107.4620217983584,25.373710956613042],[-107.46209436779196,25.373642559805873],[-107.46220710318329,25.37360923868095],[-107.46235504025164,25.373606787627754],[-107.4624676854946,25.373569104457687],[-107.4625402550518,25.373500620050443],[-107.46261282462915,25.373432223079803],[-107.4626853942266,25.373363826089005],[-107.46275796384417,25.373295429078034],[-107.46283053348185,25.373227032046916],[-107.46290310313967,25.3731585475389],[-107.46297558255678,25.373085701168264],[-107.46305311660056,25.373017224154168],[-107.4631256863201,25.37294873958433],[-107.46319825605974,25.37288034245106],[-107.4632709160804,25.372811934303662],[-107.46334348586029,25.372743537130034],[-107.46341605566032,25.37267513993626],[-107.46348862548047,25.372606655265642],[-107.46356119532072,25.372538258031554],[-107.46363367492005,25.372465411481215],[-107.46371120915875,25.372396846812247],[-107.4637437031422,25.372297736060506],[-107.46374090504902,25.37215893327116],[-107.46377827313461,25.372059753539673],[-107.46385093331625,25.37199134525014],[-107.46392350325694,25.37192294793456],[-107.46399598295659,25.371850013843893],[-107.46406855293748,25.371781616488352],[-107.46414112293847,25.371713219112653],[-107.4642136929596,25.371644734260116],[-107.46428626300083,25.371576336844132],[-107.46436379743277,25.37150785945962],[-107.46443636751562,25.37143946200164],[-107.46450893761856,25.371371064523508],[-107.46458150774161,25.37130257956856],[-107.4646112037306,25.371064665936267],[-107.46460289968472,25.370657166824078],[-107.46456363599303,25.370420305971486]]]},"id":"00000000000000000000","properties":{"SqM":295746517.97,"SqMi":114.1884,"basin_id":1,"id":1,"layer":"pt_01"}}]}